ProteinGroupId	q-value	posterior_error_prob	score	numPeptides	proteinIds
DECOY_CUFF.15875.2_2+	0.111111	NA	4.242432	1	DECOY_CUFF.15875.2_2+,DECOY_CUFF.15875.7_3+
DECOY_ACOM031228-PA	0.136364	NA	3.877592	1	DECOY_ACOM031228-PA
DECOY_AGAP000617-RA_1+	0.166667	NA	3.613038	1	DECOY_AGAP000617-RA_1+,DECOY_AGAP000617-RB_1+,DECOY_CUFF.16512.1_1+
DECOY_CUFF.11993.2_2+	0.200000	NA	3.556645	1	DECOY_CUFF.11993.2_2+
DECOY_CUFF.1888.4_2+	0.240000	NA	3.467059	1	DECOY_CUFF.1888.4_2+
DECOY_AGAP001407-RA_3+	0.259259	NA	3.413222	1	DECOY_AGAP001407-RA_3+
DECOY_AGAP001724-RA_1+	0.296296	NA	3.288726	1	DECOY_AGAP001724-RA_1+,DECOY_CUFF.3500.1_1+,DECOY_CUFF.3500.2_2+,DECOY_CUFF.3500.3_3+,DECOY_CUFF.3500.4_3+,DECOY_CUFF.3500.5_2+,DECOY_CUFF.3500.6_1+
DECOY_AGAP006615-RA_1+	0.333333	NA	3.276515	1	DECOY_AGAP006615-RA_1+,DECOY_CUFF.2077.2_1+
DECOY_CUFF.7864.1_1+	0.370370	NA	3.223694	1	DECOY_CUFF.7864.1_1+
DECOY_CUFF.2873.2_1+	0.407407	NA	3.221119	1	DECOY_CUFF.2873.2_1+
DECOY_CUFF.8167.1_3+	0.444444	NA	3.203231	1	DECOY_CUFF.8167.1_3+
DECOY_AGAP003151-RA_3+	0.481481	NA	3.151142	1	DECOY_AGAP003151-RA_3+
DECOY_AGAP000747-RA_1+	0.518519	NA	3.141116	1	DECOY_AGAP000747-RA_1+,DECOY_AGAP000747-RB_1+,DECOY_CUFF.16811.1_3+
DECOY_AGAP001488-RA_1+	0.555556	NA	3.125543	1	DECOY_AGAP001488-RA_1+,DECOY_AGAP001488-RB_2+,DECOY_CUFF.3241.2_2+
DECOY_AGAP006943-PA	0.592593	NA	3.102424	1	DECOY_AGAP006943-PA,DECOY_AGAP006943-RA_1+,DECOY_CUFF.2412.1_3+
DECOY_AGAP002321-RA_3+	0.600000	NA	3.074646	1	DECOY_AGAP002321-RA_3+,DECOY_CUFF.4068.1_1+,DECOY_CUFF.4068.3_3+
DECOY_AGAP011169-RA_2+	0.600000	NA	3.066122	1	DECOY_AGAP011169-RA_2+,DECOY_CUFF.7877.1_1+
DECOY_CUFF.5868.1_3+	0.600000	NA	2.950610	1	DECOY_CUFF.5868.1_3+
DECOY_AGAP010564-RA_3+	0.600000	NA	2.939059	1	DECOY_AGAP010564-RA_3+,DECOY_CUFF.7123.1_2+,DECOY_CUFF.7123.2_1+,DECOY_CUFF.7123.3_2+,DECOY_CUFF.7123.4_2+,DECOY_CUFF.7123.5_3+
DECOY_CUFF.3890.7_3+	0.600000	NA	2.907861	2	DECOY_CUFF.3890.7_3+
DECOY_AGAP009975-RA_3+	0.621622	NA	2.837008	1	DECOY_AGAP009975-RA_3+,DECOY_CUFF.11839.1_1+,DECOY_CUFF.11839.2_2+
DECOY_ACOM022485-PA	0.621622	NA	2.806736	1	DECOY_ACOM022485-PA,DECOY_AGAP010146-PA,DECOY_AGAP010146-RA_1+
DECOY_CUFF.3874.5_1+	0.648649	NA	2.757662	1	DECOY_CUFF.3874.5_1+
DECOY_CUFF.6159.1_3+	0.675676	NA	2.756966	1	DECOY_CUFF.6159.1_3+,DECOY_CUFF.6159.2_1+,DECOY_CUFF.6159.3_3+,DECOY_CUFF.6159.4_2+,DECOY_CUFF.6159.5_1+
DECOY_TCONS_00026224_3+	0.702703	NA	2.753861	1	DECOY_TCONS_00026224_3+
DECOY_AGAP003024-PA	0.729730	NA	2.741516	1	DECOY_AGAP003024-PA,DECOY_AGAP003024-PB,DECOY_AGAP003024-PC,DECOY_AGAP003024-PD,DECOY_AGAP003024-RA_2+,DECOY_AGAP003024-RB_3+,DECOY_AGAP003024-RC_3+,DECOY_AGAP003024-RD_3+,DECOY_CUFF.4689.1_3+
DECOY_AGAP008291-RA_2+	0.756757	NA	2.728781	1	DECOY_AGAP008291-RA_2+
DECOY_AGAP005840-RA_3+	0.763158	NA	2.720434	2	DECOY_AGAP005840-RA_3+
DECOY_sp|P40033|RSM18_YEAST	0.764706	NA	2.706102	1	DECOY_sp|P40033|RSM18_YEAST
DECOY_CUFF.2476.3_1+	0.764706	NA	2.700205	1	DECOY_CUFF.2476.3_1+,DECOY_CUFF.2476.7_2+,DECOY_CUFF.2476.8_2+
DECOY_TCONS_00014211_3+	0.764706	NA	2.678455	1	DECOY_TCONS_00014211_3+
DECOY_CUFF.16134.1_1+	0.764706	NA	2.670494	1	DECOY_CUFF.16134.1_1+,DECOY_CUFF.16134.2_2+,DECOY_CUFF.16134.3_1+
DECOY_CUFF.6997.1_2+	0.764706	NA	2.659007	1	DECOY_CUFF.6997.1_2+,DECOY_CUFF.6997.2_2+
DECOY_ACOM041751-PA	0.764706	NA	2.653071	1	DECOY_ACOM041751-PA,DECOY_AGAP010574-PA,DECOY_AGAP010574-RA_1+,DECOY_CUFF.7059.1_2+
DECOY_CUFF.16688.3_1+	0.764706	NA	2.652726	1	DECOY_CUFF.16688.3_1+
DECOY_AGAP008268-RA_3+	0.764706	NA	2.615394	1	DECOY_AGAP008268-RA_3+,DECOY_CUFF.9828.1_2+,DECOY_CUFF.9828.2_1+
DECOY_CUFF.10872.1_1+	0.764706	NA	2.611525	1	DECOY_CUFF.10872.1_1+
DECOY_sp|Q08157|YOL19_YEAST	0.764706	NA	2.608924	1	DECOY_sp|Q08157|YOL19_YEAST
DECOY_TCONS_00000482_1+	0.767857	NA	2.598323	1	DECOY_TCONS_00000482_1+
DECOY_ACOM035653-PA	0.767857	NA	2.583507	1	DECOY_ACOM035653-PA,DECOY_AGAP003186-PA,DECOY_AGAP003186-RA_1+,DECOY_CUFF.4926.1_2+,DECOY_CUFF.4926.3_3+,DECOY_CUFF.4926.4_3+
DECOY_AGAP000581-RA_2+	0.767857	NA	2.572434	1	DECOY_AGAP000581-RA_2+,DECOY_AGAP029660-PA,DECOY_CUFF.17128.2_3+
DECOY_CUFF.16056.2_2+	0.767857	NA	2.561196	1	DECOY_CUFF.16056.2_2+
DECOY_sp|P53008|CWH41_YEAST	0.785714	NA	2.528094	1	DECOY_sp|P53008|CWH41_YEAST
DECOY_TCONS_00040240_2+	0.803571	NA	2.526633	1	DECOY_TCONS_00040240_2+
DECOY_AGAP000387-RA_3+	0.819672	NA	2.519943	1	DECOY_AGAP000387-RA_3+
DECOY_AGAP006461-RA_1+	0.819672	NA	2.518679	1	DECOY_AGAP006461-RA_1+,DECOY_CUFF.2057.2_2+
DECOY_CUFF.11276.1_1+	0.819672	NA	2.516679	1	DECOY_CUFF.11276.1_1+,DECOY_CUFF.11276.2_1+,DECOY_CUFF.11276.3_1+,DECOY_CUFF.11276.4_1+,DECOY_CUFF.11276.5_1+,DECOY_CUFF.11276.6_1+
DECOY_AGAP008231-PA	0.819672	NA	2.511591	1	DECOY_AGAP008231-PA,DECOY_AGAP008231-RA_1+
DECOY_AGAP001319-RA_2+	0.819672	NA	2.501654	1	DECOY_AGAP001319-RA_2+
DECOY_sp|Q05580|HEL2_YEAST	0.833663	NA	2.488141	1	DECOY_sp|Q05580|HEL2_YEAST
DECOY_AGAP002687-RA_3+	0.833663	NA	2.488126	1	DECOY_AGAP002687-RA_3+,DECOY_CUFF.4405.1_3+
DECOY_AGAP003914-RB_1+	0.833663	NA	2.482712	1	DECOY_AGAP003914-RB_1+,DECOY_CUFF.5680.1_1+,DECOY_CUFF.5680.4_1+
DECOY_AGAP002186-RA_2+	0.833663	NA	2.469006	1	DECOY_AGAP002186-RA_2+,DECOY_AGAP002186-RB_2+,DECOY_CUFF.4237.10_3+,DECOY_CUFF.4237.12_2+,DECOY_CUFF.4237.15_2+,DECOY_CUFF.4237.1_2+,DECOY_CUFF.4237.2_2+,DECOY_CUFF.4237.5_2+
DECOY_TCONS_00023368_1+	0.833663	NA	2.463166	1	DECOY_TCONS_00023368_1+
DECOY_AGAP006945-RA_2+	0.833663	NA	2.454220	1	DECOY_AGAP006945-RA_2+
DECOY_CUFF.9630.2_3+	0.833663	NA	2.453691	1	DECOY_CUFF.9630.2_3+
DECOY_AGAP010168-RA_2+	0.833663	NA	2.449029	1	DECOY_AGAP010168-RA_2+,DECOY_CUFF.12015.1_1+
DECOY_CUFF.3452.1_2+	0.833663	NA	2.441794	1	DECOY_CUFF.3452.1_2+
DECOY_ACOM023083-PA	0.833663	NA	2.426242	1	DECOY_ACOM023083-PA,DECOY_AGAP011097-PA,DECOY_CUFF.7839.1_3+,DECOY_CUFF.7839.2_3+,DECOY_CUFF.7839.3_2+,DECOY_CUFF.7839.4_2+,DECOY_CUFF.7839.5_3+,DECOY_CUFF.7839.6_2+,DECOY_CUFF.7839.7_2+,DECOY_CUFF.7839.8_3+
DECOY_CUFF.3252.1_2+	0.833663	NA	2.372868	1	DECOY_CUFF.3252.1_2+,DECOY_CUFF.3252.2_1+
DECOY_AGAP009786-RA_1+	0.833663	NA	2.371088	1	DECOY_AGAP009786-RA_1+,DECOY_CUFF.11595.1_1+,DECOY_CUFF.11595.3_2+
DECOY_AGAP003580-RA_1+	0.833663	NA	2.350541	1	DECOY_AGAP003580-RA_1+,DECOY_CUFF.5236.1_3+
DECOY_ACOM029402-PA	0.833663	NA	2.346904	1	DECOY_ACOM029402-PA
DECOY_CUFF.6326.3_1+	0.833663	NA	2.345189	1	DECOY_CUFF.6326.3_1+,DECOY_CUFF.6326.4_1+,DECOY_CUFF.6326.5_1+
DECOY_CUFF.1092.1_3+	0.833663	NA	2.342441	1	DECOY_CUFF.1092.1_3+
DECOY_AGAP000579-RA_2+	0.833663	NA	2.338441	1	DECOY_AGAP000579-RA_2+
DECOY_ACOM030115-PA	0.833663	NA	2.334283	1	DECOY_ACOM030115-PA,DECOY_AGAP008344-PA,DECOY_AGAP008344-PB,DECOY_AGAP008344-RA_1+,DECOY_AGAP008344-RB_1+,DECOY_CUFF.9936.2_3+
DECOY_AGAP028166-RA_2+	0.833663	NA	2.333368	1	DECOY_AGAP028166-RA_2+,DECOY_CUFF.8082.1_3+
DECOY_ACOM041338-PA	0.833663	NA	2.318953	1	DECOY_ACOM041338-PA
DECOY_CUFF.10176.3_3+	0.833663	NA	2.298888	1	DECOY_CUFF.10176.3_3+
DECOY_AGAP003374-RA_1+	0.833663	NA	2.293686	1	DECOY_AGAP003374-RA_1+,DECOY_CUFF.5193.1_1+
DECOY_AGAP002579-RA_3+	0.833663	NA	2.288554	1	DECOY_AGAP002579-RA_3+,DECOY_CUFF.4313.1_3+,DECOY_CUFF.4313.2_2+,DECOY_CUFF.4313.3_3+,DECOY_CUFF.4313.6_3+
DECOY_ACOM022424-PA	0.833663	NA	2.285774	1	DECOY_ACOM022424-PA
DECOY_CUFF.17492.1_1+	0.833663	NA	2.284162	1	DECOY_CUFF.17492.1_1+,DECOY_CUFF.17492.2_1+,DECOY_CUFF.17492.3_2+,DECOY_CUFF.17492.4_2+
DECOY_AGAP006101-RA_3+	0.833663	NA	2.267058	1	DECOY_AGAP006101-RA_3+,DECOY_CUFF.1651.1_2+,DECOY_CUFF.1651.2_3+,DECOY_CUFF.1651.3_1+
DECOY_sp|Q08816|YO352_YEAST	0.833663	NA	2.244702	1	DECOY_sp|Q08816|YO352_YEAST
DECOY_AGAP007563-PA	0.833663	NA	2.243245	1	DECOY_AGAP007563-PA,DECOY_AGAP007563-PB,DECOY_AGAP007563-RA_1+,DECOY_AGAP007563-RB_1+,DECOY_CUFF.3009.10_2+,DECOY_CUFF.3009.14_3+,DECOY_CUFF.3009.21_1+,DECOY_CUFF.3009.22_1+,DECOY_CUFF.3009.23_1+,DECOY_CUFF.3009.24_1+,DECOY_CUFF.3009.6_2+
DECOY_ACOM033946-PA	0.833663	NA	2.237948	1	DECOY_ACOM033946-PA,DECOY_AGAP001328-PA,DECOY_AGAP001328-RA_1+,DECOY_CUFF.3124.1_1+,DECOY_CUFF.3124.2_2+,DECOY_CUFF.3124.3_3+,DECOY_CUFF.3124.4_1+,DECOY_CUFF.3124.5_3+
DECOY_TCONS_00009699_1+	0.833663	NA	2.230394	1	DECOY_TCONS_00009699_1+
DECOY_AGAP001606-RA_2+	0.833663	NA	2.225483	1	DECOY_AGAP001606-RA_2+,DECOY_CUFF.3376.1_2+,DECOY_CUFF.3376.2_1+
DECOY_CUFF.4009.1_2+	0.833663	NA	2.219091	1	DECOY_CUFF.4009.1_2+
DECOY_AGAP008067-RA_3+	0.833663	NA	2.215023	1	DECOY_AGAP008067-RA_3+
DECOY_sp|Q12749|SMC6_YEAST	0.833663	NA	2.211458	1	DECOY_sp|Q12749|SMC6_YEAST
DECOY_AGAP000814-RA_3+	0.833663	NA	2.200816	1	DECOY_AGAP000814-RA_3+,DECOY_CUFF.16875.1_1+,DECOY_CUFF.16875.2_1+
DECOY_AGAP007940-RB_3+	0.833663	NA	2.176753	1	DECOY_AGAP007940-RB_3+,DECOY_CUFF.9567.1_3+
DECOY_AGAP011124-RA_2+	0.833663	NA	2.162360	1	DECOY_AGAP011124-RA_2+,DECOY_CUFF.7826.2_2+
DECOY_ACOM027237-PA	0.833663	NA	2.157481	1	DECOY_ACOM027237-PA,DECOY_AGAP009128-PA,DECOY_AGAP009128-RA_2+
DECOY_AGAP001009-RA_1+	0.833663	NA	2.139394	1	DECOY_AGAP001009-RA_1+,DECOY_CUFF.17220.1_1+
DECOY_AGAP002481-RA_3+	0.833663	NA	2.125051	1	DECOY_AGAP002481-RA_3+
DECOY_AGAP009746-RA_3+	0.833663	NA	2.123862	1	DECOY_AGAP009746-RA_3+,DECOY_CUFF.11500.1_1+,DECOY_CUFF.11500.2_1+
DECOY_CUFF.2520.1_2+	0.833663	NA	2.122009	1	DECOY_CUFF.2520.1_2+,DECOY_CUFF.2520.2_2+,DECOY_CUFF.2520.3_3+,DECOY_CUFF.8013.3_1+
DECOY_AGAP002223-RA_3+	0.833663	NA	2.119480	1	DECOY_AGAP002223-RA_3+
DECOY_AGAP000382-RA_2+	0.833663	NA	2.118024	1	DECOY_AGAP000382-RA_2+
DECOY_AGAP003271-RA_3+	0.833663	NA	2.105646	1	DECOY_AGAP003271-RA_3+,DECOY_CUFF.4943.1_1+
DECOY_CUFF.2884.1_3+	0.833663	NA	2.103368	1	DECOY_CUFF.2884.1_3+
DECOY_ACOM031716-PA	0.833663	NA	2.098996	1	DECOY_ACOM031716-PA,DECOY_AGAP006767-PA,DECOY_AGAP006767-RA_1+
DECOY_TCONS_00021483_1+	0.833663	NA	2.098985	1	DECOY_TCONS_00021483_1+,DECOY_TCONS_00021484_2+
DECOY_CUFF.9376.1_3+	0.833663	NA	2.076215	1	DECOY_CUFF.9376.1_3+,DECOY_CUFF.9376.2_1+,DECOY_CUFF.9376.3_2+
DECOY_CUFF.5188.1_3+	0.833663	NA	2.071365	1	DECOY_CUFF.5188.1_3+,DECOY_CUFF.5188.2_3+,DECOY_CUFF.5188.3_3+,DECOY_CUFF.5188.4_1+,DECOY_CUFF.5188.6_3+,DECOY_CUFF.5188.8_3+
DECOY_ACOM028910-PA	0.833663	NA	2.069611	1	DECOY_ACOM028910-PA,DECOY_AGAP000679-PA,DECOY_AGAP000679-RA_1+,DECOY_CUFF.16641.1_1+
DECOY_AGAP001157-RA_3+	0.833663	NA	2.063488	1	DECOY_AGAP001157-RA_3+
DECOY_AGAP007134-PA	0.833663	NA	2.052831	1	DECOY_AGAP007134-PA
DECOY_ACOM041035-PA	0.833663	NA	2.049085	1	DECOY_ACOM041035-PA,DECOY_AGAP004595-PA,DECOY_AGAP004595-RA_1+,DECOY_CUFF.6315.1_1+,DECOY_CUFF.6315.3_1+
DECOY_AGAP002411-RB_2+	0.833663	NA	2.047450	1	DECOY_AGAP002411-RB_2+,DECOY_CUFF.4167.2_2+
DECOY_sp|P38073|EDS1_YEAST	0.833663	NA	2.043660	1	DECOY_sp|P38073|EDS1_YEAST
DECOY_TCONS_00039638_1+	0.833663	NA	2.041320	1	DECOY_TCONS_00039638_1+
DECOY_ACOM026133-PA	0.833663	NA	2.036241	1	DECOY_ACOM026133-PA,DECOY_AGAP012403-PA,DECOY_AGAP012403-PB,DECOY_CUFF.9332.1_1+,DECOY_CUFF.9332.2_3+,DECOY_CUFF.9332.3_3+,DECOY_CUFF.9332.4_2+
DECOY_AGAP012403-RA_1+	0.833663	NA	2.036241	2	DECOY_AGAP012403-RA_1+
DECOY_ACOM034742-PA	0.833663	NA	2.033526	1	DECOY_ACOM034742-PA,DECOY_AGAP003872-PA,DECOY_AGAP003872-RA_1+,DECOY_CUFF.5555.1_1+
DECOY_ACOM037945-PA	0.833663	NA	2.025138	1	DECOY_ACOM037945-PA,DECOY_AGAP028143-RA_3+
DECOY_CUFF.624.1_2+	0.833663	NA	2.015687	1	DECOY_CUFF.624.1_2+,DECOY_CUFF.624.2_2+
DECOY_AGAP002181-RA_3+	0.833663	NA	2.010011	1	DECOY_AGAP002181-RA_3+,DECOY_AGAP002181-RB_3+,DECOY_AGAP002181-RC_1+,DECOY_CUFF.4241.1_2+,DECOY_CUFF.4241.2_1+,DECOY_CUFF.4241.3_1+,DECOY_CUFF.4241.4_2+,DECOY_CUFF.4241.5_2+,DECOY_CUFF.4241.8_1+
DECOY_AGAP000954-PA	0.833663	NA	2.005561	1	DECOY_AGAP000954-PA,DECOY_AGAP000954-PB,DECOY_AGAP000954-PC,DECOY_AGAP000954-PD,DECOY_AGAP000954-RA_3+,DECOY_AGAP000954-RB_3+,DECOY_AGAP000954-RC_2+,DECOY_AGAP000954-RD_3+,DECOY_CUFF.17521.12_2+,DECOY_CUFF.17521.13_1+,DECOY_CUFF.17521.14_3+,DECOY_CUFF.17521.1_3+,DECOY_CUFF.17521.2_1+,DECOY_CUFF.17521.3_3+,DECOY_CUFF.17521.4_2+,DECOY_CUFF.17521.5_3+,DECOY_CUFF.17521.6_1+,DECOY_CUFF.17521.7_1+,DECOY_CUFF.17521.8_3+
DECOY_TCONS_00031607_2+	0.833663	NA	1.997980	1	DECOY_TCONS_00031607_2+
DECOY_AGAP007994-PA	0.833663	NA	1.995584	1	DECOY_AGAP007994-PA,DECOY_AGAP007994-RA_1+,DECOY_CUFF.9600.1_1+
DECOY_ACOM041085-PA	0.833663	NA	1.994701	1	DECOY_ACOM041085-PA,DECOY_AGAP012543-PA,DECOY_AGAP012543-RA_3+,DECOY_CUFF.13376.1_1+
DECOY_sp|Q12252|PHM7_YEAST	0.833663	NA	1.965649	1	DECOY_sp|Q12252|PHM7_YEAST
DECOY_AGAP002200-RA_2+	0.833663	NA	1.965436	1	DECOY_AGAP002200-RA_2+,DECOY_CUFF.3959.1_2+,DECOY_CUFF.3959.2_3+,DECOY_CUFF.3959.3_3+,DECOY_CUFF.3959.4_2+
DECOY_AGAP010645-RA_1+	0.833663	NA	1.964160	1	DECOY_AGAP010645-RA_1+,DECOY_AGAP012577-RA_3+
DECOY_AGAP004071-RB_2+	0.833663	NA	1.959379	1	DECOY_AGAP004071-RB_2+
DECOY_ACOM038277-PA	0.833663	NA	1.956297	1	DECOY_ACOM038277-PA,DECOY_AGAP004833-PA,DECOY_AGAP004833-RA_1+,DECOY_AGAP012685-PA,DECOY_AGAP012685-RA_1+,DECOY_AGAP012699-PA,DECOY_AGAP012699-RA_1+,DECOY_CUFF.14075.1_1+,DECOY_CUFF.14075.2_2+,DECOY_CUFF.14131.1_1+,DECOY_CUFF.14131.2_1+,DECOY_CUFF.433.1_1+,DECOY_CUFF.433.2_1+,DECOY_CUFF.433.3_1+,DECOY_CUFF.433.4_1+,DECOY_CUFF.433.5_1+
DECOY_ACOM036577-PA	0.833663	NA	1.952162	1	DECOY_ACOM036577-PA,DECOY_AGAP002649-PA,DECOY_AGAP002649-RA_1+,DECOY_CUFF.4394.1_1+,DECOY_CUFF.4394.2_2+,DECOY_CUFF.4394.3_1+
DECOY_ACOM041384-PA	0.833663	NA	1.950892	1	DECOY_ACOM041384-PA,DECOY_AGAP011525-RA_2+,DECOY_AGAP029492-PA,DECOY_CUFF.8339.1_1+,DECOY_CUFF.8339.2_1+
DECOY_CUFF.2999.1_3+	0.833663	NA	1.950238	1	DECOY_CUFF.2999.1_3+
DECOY_ACOM028189-PA	0.833663	NA	1.949276	1	DECOY_ACOM028189-PA,DECOY_AGAP028014-PA,DECOY_AGAP028014-RA_1+
DECOY_ACOM033917-PA	0.833663	NA	1.941709	1	DECOY_ACOM033917-PA,DECOY_AGAP001298-PA,DECOY_AGAP001298-RA_1+,DECOY_CUFF.3100.1_2+,DECOY_CUFF.3100.2_2+,DECOY_CUFF.3100.3_2+,DECOY_CUFF.3100.4_2+,DECOY_CUFF.3100.5_3+
DECOY_CUFF.5252.1_1+	0.833663	NA	1.940009	1	DECOY_CUFF.5252.1_1+,DECOY_CUFF.5252.2_3+,DECOY_CUFF.5252.3_1+,DECOY_CUFF.5252.4_2+
DECOY_CUFF.12313.1_3+	0.833663	NA	1.939455	1	DECOY_CUFF.12313.1_3+,DECOY_CUFF.13942.1_3+
DECOY_ACOM037411-PA	0.833663	NA	1.936720	1	DECOY_ACOM037411-PA,DECOY_AGAP002955-PA,DECOY_AGAP002955-RA_1+
DECOY_AGAP000090-RA_2+	0.833663	NA	1.930089	1	DECOY_AGAP000090-RA_2+,DECOY_CUFF.15866.1_3+
DECOY_CUFF.11227.10_3+	0.833663	NA	1.929681	1	DECOY_CUFF.11227.10_3+
DECOY_CUFF.9695.1_2+	0.833663	NA	1.917996	1	DECOY_CUFF.9695.1_2+
DECOY_CUFF.8812.1_1+	0.833663	NA	1.914075	1	DECOY_CUFF.8812.1_1+
DECOY_AGAP006682-RA_1+	0.833663	NA	1.910001	1	DECOY_AGAP006682-RA_1+
DECOY_ACOM037052-PA	0.833663	NA	1.909514	1	DECOY_ACOM037052-PA,DECOY_AGAP002388-PA,DECOY_AGAP002388-RA_1+
DECOY_TCONS_00002319_2+	0.833663	NA	1.907006	1	DECOY_TCONS_00002319_2+
DECOY_AGAP013313-RA_2+	0.833663	NA	1.900616	1	DECOY_AGAP013313-RA_2+
DECOY_CUFF.15891.1_2+	0.833663	NA	1.895269	1	DECOY_CUFF.15891.1_2+,DECOY_CUFF.15891.2_2+
DECOY_CUFF.8043.2_2+	0.833663	NA	1.890009	1	DECOY_CUFF.8043.2_2+
DECOY_CUFF.5252.4_1+	0.833663	NA	1.879247	1	DECOY_CUFF.5252.4_1+
DECOY_ACOM042081-PA	0.833663	NA	1.878193	1	DECOY_ACOM042081-PA,DECOY_AGAP002183-PA,DECOY_AGAP002183-RA_1+
DECOY_AGAP012766-RA_1+	0.833663	NA	1.877647	1	DECOY_AGAP012766-RA_1+,DECOY_TCONS_00034234_3+
DECOY_AGAP011541-PA	0.833663	NA	1.862615	1	DECOY_AGAP011541-PA,DECOY_AGAP011541-RA_1+,DECOY_CUFF.8369.1_3+,DECOY_CUFF.8369.2_2+,DECOY_CUFF.8369.3_3+,DECOY_CUFF.8369.4_1+
DECOY_AGAP006771-RA_2+	0.833663	NA	1.828181	1	DECOY_AGAP006771-RA_2+
DECOY_CUFF.16660.2_3+	0.833663	NA	1.821152	1	DECOY_CUFF.16660.2_3+
DECOY_AGAP000847-PA	0.833663	NA	1.816297	1	DECOY_AGAP000847-PA,DECOY_AGAP000847-PC,DECOY_AGAP000847-RC_1+,DECOY_AGAP013275-PA,DECOY_AGAP013275-RA_1+,DECOY_CUFF.16371.1_2+,DECOY_CUFF.16371.2_2+,DECOY_CUFF.17097.2_2+,DECOY_CUFF.17097.3_1+,DECOY_CUFF.17097.4_3+
DECOY_AGAP004241-RA_2+	0.833663	NA	1.814473	1	DECOY_AGAP004241-RA_2+,DECOY_CUFF.5893.1_3+
DECOY_AGAP012332-RA_2+	0.833663	NA	1.797461	1	DECOY_AGAP012332-RA_2+,DECOY_CUFF.9247.1_1+,DECOY_CUFF.9247.2_3+,DECOY_CUFF.9247.3_2+,DECOY_CUFF.9247.4_1+
DECOY_TCONS_00026387_1+	0.833663	NA	1.792334	1	DECOY_TCONS_00026387_1+
DECOY_AGAP002061-RA_2+	0.833663	NA	1.783685	1	DECOY_AGAP002061-RA_2+,DECOY_CUFF.3755.1_3+
DECOY_ACOM031472-PA	0.833663	NA	1.778917	1	DECOY_ACOM031472-PA,DECOY_AGAP006968-PA,DECOY_AGAP006968-RA_1+
DECOY_CUFF.1560.1_3+	0.833663	NA	1.770098	1	DECOY_CUFF.1560.1_3+
DECOY_CUFF.3469.10_3+	0.833663	NA	1.762580	1	DECOY_CUFF.3469.10_3+,DECOY_CUFF.3469.11_3+,DECOY_CUFF.3469.12_3+,DECOY_CUFF.3469.13_3+,DECOY_CUFF.3469.14_3+,DECOY_CUFF.3469.15_3+,DECOY_CUFF.3469.16_1+
DECOY_CUFF.4083.2_2+	0.833663	NA	1.759002	1	DECOY_CUFF.4083.2_2+,DECOY_CUFF.4083.3_2+
DECOY_sp|P38164|SEA4_YEAST	0.833663	NA	1.757681	1	DECOY_sp|P38164|SEA4_YEAST
DECOY_AGAP008239-RA_2+	0.833663	NA	1.757423	1	DECOY_AGAP008239-RA_2+,DECOY_CUFF.9805.1_3+
DECOY_AGAP004437-RC_1+	0.833663	NA	1.755423	1	DECOY_AGAP004437-RC_1+,DECOY_CUFF.6102.11_1+,DECOY_CUFF.6102.1_3+,DECOY_CUFF.6102.3_3+,DECOY_CUFF.6102.4_3+,DECOY_CUFF.6102.5_3+,DECOY_CUFF.6102.6_2+,DECOY_CUFF.6102.7_2+
DECOY_ACOM023825-PA	0.833663	NA	1.753771	1	DECOY_ACOM023825-PA,DECOY_AGAP001791-PA,DECOY_AGAP001791-RA_1+,DECOY_CUFF.3539.1_1+
DECOY_ACOM036172-PA	0.833663	NA	1.731830	1	DECOY_ACOM036172-PA,DECOY_AGAP000865-PA,DECOY_AGAP000865-PB,DECOY_AGAP000865-RA_1+,DECOY_CUFF.17072.1_3+,DECOY_CUFF.17072.2_1+,DECOY_CUFF.17072.3_1+,DECOY_CUFF.17072.4_3+,DECOY_CUFF.17072.5_3+,DECOY_CUFF.17072.6_1+,DECOY_CUFF.17072.7_1+,DECOY_CUFF.17072.8_1+
DECOY_AGAP010516-RA_3+	0.833663	NA	1.728321	1	DECOY_AGAP010516-RA_3+
DECOY_AGAP003983-RA_3+	0.833663	NA	1.725865	1	DECOY_AGAP003983-RA_3+
DECOY_ACOM033680-PA	0.833663	NA	1.724206	1	DECOY_ACOM033680-PA,DECOY_AGAP001132-PA,DECOY_AGAP001132-RA_1+,DECOY_CUFF.3137.1_1+,DECOY_CUFF.3137.2_2+
DECOY_AGAP010459-RA_1+	0.833663	NA	1.719032	1	DECOY_AGAP010459-RA_1+
DECOY_CUFF.3035.10_2+	0.833663	NA	1.716903	1	DECOY_CUFF.3035.10_2+,DECOY_CUFF.3035.1_1+,DECOY_CUFF.3035.2_1+,DECOY_CUFF.3035.3_2+,DECOY_CUFF.3035.4_3+,DECOY_CUFF.3035.5_2+,DECOY_CUFF.3035.6_1+,DECOY_CUFF.3035.7_1+,DECOY_CUFF.3035.8_1+,DECOY_CUFF.3035.9_1+
DECOY_CUFF.17097.7_3+	0.833663	NA	1.701690	1	DECOY_CUFF.17097.7_3+
DECOY_sp|P36134|YK21_YEAST	0.833663	NA	1.697390	1	DECOY_sp|P36134|YK21_YEAST
DECOY_CUFF.4462.1_1+	0.833663	NA	1.695304	1	DECOY_CUFF.4462.1_1+
DECOY_CUFF.10833.1_1+	0.833663	NA	1.689724	1	DECOY_CUFF.10833.1_1+
DECOY_ACOM023062-PA	0.833663	NA	1.681919	1	DECOY_ACOM023062-PA,DECOY_AGAP028510-PA,DECOY_TCONS_00023218_1+
DECOY_AGAP008803-RB_2+	0.833663	NA	1.669498	1	DECOY_AGAP008803-RB_2+,DECOY_CUFF.10317.1_1+,DECOY_CUFF.10317.2_1+,DECOY_CUFF.10317.3_1+
DECOY_CUFF.519.1_3+	0.833663	NA	1.658815	1	DECOY_CUFF.519.1_3+
DECOY_ACOM032247-PA	0.833663	NA	1.643873	1	DECOY_ACOM032247-PA,DECOY_AGAP011975-PA,DECOY_AGAP011975-RA_3+
DECOY_AGAP005710-RA_3+	0.833663	NA	1.634563	1	DECOY_AGAP005710-RA_3+,DECOY_CUFF.1298.1_2+,DECOY_CUFF.1298.2_2+,DECOY_CUFF.1298.3_2+,DECOY_CUFF.1298.4_2+,DECOY_CUFF.1298.5_1+
DECOY_CUFF.7593.11_3+	0.833663	NA	1.630066	1	DECOY_CUFF.7593.11_3+,DECOY_CUFF.7593.16_3+,DECOY_CUFF.7593.1_3+
DECOY_CUFF.633.2_1+	0.833663	NA	1.629900	1	DECOY_CUFF.633.2_1+
DECOY_sp|Q04549|ARP10_YEAST	0.833663	NA	1.627134	1	DECOY_sp|Q04549|ARP10_YEAST
DECOY_CUFF.2906.1_2+	0.833663	NA	1.621944	1	DECOY_CUFF.2906.1_2+
DECOY_TCONS_00039521_1+	0.833663	NA	1.619716	1	DECOY_TCONS_00039521_1+
DECOY_CUFF.5272.1_1+	0.833663	NA	1.616329	1	DECOY_CUFF.5272.1_1+
DECOY_CUFF.1509.1_1+	0.833663	NA	1.616303	1	DECOY_CUFF.1509.1_1+,DECOY_CUFF.1509.2_3+,DECOY_CUFF.1509.3_3+
DECOY_CUFF.7596.1_1+	0.833663	NA	1.615033	1	DECOY_CUFF.7596.1_1+,DECOY_CUFF.7596.2_2+
DECOY_ACOM039563-PA	0.833663	NA	1.606510	1	DECOY_ACOM039563-PA
DECOY_AGAP012848-RA_2+	0.833663	NA	1.604927	1	DECOY_AGAP012848-RA_2+
DECOY_AGAP011441-RA_3+	0.833663	NA	1.604439	1	DECOY_AGAP011441-RA_3+
DECOY_CUFF.9354.1_2+	0.833663	NA	1.602980	1	DECOY_CUFF.9354.1_2+
DECOY_AGAP001460-RA_1+	0.833663	NA	1.598070	1	DECOY_AGAP001460-RA_1+,DECOY_CUFF.3215.1_3+,DECOY_CUFF.3215.2_3+,DECOY_CUFF.3215.3_3+,DECOY_CUFF.3215.4_2+,DECOY_CUFF.3215.5_3+,DECOY_CUFF.3215.6_3+
DECOY_AGAP013499-RA_2+	0.833663	NA	1.597093	1	DECOY_AGAP013499-RA_2+,DECOY_CUFF.4651.2_1+
DECOY_CUFF.709.10_2+	0.833663	NA	1.592430	1	DECOY_CUFF.709.10_2+,DECOY_CUFF.709.11_1+,DECOY_CUFF.709.15_2+
DECOY_AGAP011545-RA_1+	0.833663	NA	1.589827	1	DECOY_AGAP011545-RA_1+,DECOY_CUFF.8362.1_3+,DECOY_CUFF.8362.2_2+,DECOY_CUFF.8362.3_2+
DECOY_CUFF.10977.1_2+	0.833663	NA	1.586468	1	DECOY_CUFF.10977.1_2+
DECOY_CUFF.10540.1_3+	0.833663	NA	1.585881	1	DECOY_CUFF.10540.1_3+,DECOY_CUFF.10540.2_3+
DECOY_AGAP002498-RA_1+	0.833663	NA	1.585513	1	DECOY_AGAP002498-RA_1+,DECOY_CUFF.4202.1_3+
DECOY_TCONS_00040362_2+	0.833663	NA	1.583847	1	DECOY_TCONS_00040362_2+
DECOY_CUFF.9527.3_2+	0.833663	NA	1.578199	1	DECOY_CUFF.9527.3_2+
DECOY_AGAP009608-RA_3+	0.833663	NA	1.563936	1	DECOY_AGAP009608-RA_3+,DECOY_CUFF.11249.1_1+,DECOY_CUFF.11249.2_1+,DECOY_CUFF.11249.3_1+
DECOY_AGAP009382-RA_2+	0.833663	NA	1.563397	1	DECOY_AGAP009382-RA_2+
DECOY_AGAP009385-RB_1+	0.833663	NA	1.563397	2	DECOY_AGAP009385-RB_1+
DECOY_CUFF.4879.1_2+	0.833663	NA	1.560849	1	DECOY_CUFF.4879.1_2+,DECOY_CUFF.4879.2_3+,DECOY_CUFF.4879.3_2+,DECOY_CUFF.4879.4_3+,DECOY_CUFF.4879.5_2+,DECOY_CUFF.4879.6_1+,DECOY_CUFF.4879.7_3+,DECOY_CUFF.4879.8_1+
DECOY_CUFF.11140.1_1+	0.833663	NA	1.553271	1	DECOY_CUFF.11140.1_1+,DECOY_CUFF.11140.2_1+
DECOY_CUFF.16096.7_2+	0.833663	NA	1.550493	1	DECOY_CUFF.16096.7_2+
DECOY_AGAP010414-RA_2+	0.833663	NA	1.548537	1	DECOY_AGAP010414-RA_2+
DECOY_CUFF.16284.10_1+	0.833663	NA	1.548128	1	DECOY_CUFF.16284.10_1+,DECOY_CUFF.16284.1_1+,DECOY_CUFF.16284.2_3+,DECOY_CUFF.16284.3_1+,DECOY_CUFF.16284.4_3+,DECOY_CUFF.16284.5_2+,DECOY_CUFF.16284.6_2+,DECOY_CUFF.16284.7_2+,DECOY_CUFF.16284.9_2+
DECOY_ACOM022625-PA	0.833663	NA	1.544267	1	DECOY_ACOM022625-PA,DECOY_AGAP010267-PA,DECOY_AGAP010267-RA_1+
DECOY_ACOM026617-PA	0.833663	NA	1.542181	1	DECOY_ACOM026617-PA,DECOY_AGAP012066-PA,DECOY_AGAP012066-RA_1+,DECOY_AGAP012907-PA,DECOY_AGAP012907-RA_1+,DECOY_CUFF.8990.1_1+
DECOY_CUFF.5242.1_1+	0.833663	NA	1.537880	1	DECOY_CUFF.5242.1_1+,DECOY_CUFF.5242.2_1+,DECOY_CUFF.5242.3_1+,DECOY_CUFF.5242.4_3+,DECOY_CUFF.5242.6_1+,DECOY_CUFF.5242.7_1+,DECOY_CUFF.5242.8_1+
DECOY_AGAP007959-RA_1+	0.833663	NA	1.532011	1	DECOY_AGAP007959-RA_1+
DECOY_AGAP007977-RA_3+	0.833663	NA	1.530717	1	DECOY_AGAP007977-RA_3+
DECOY_AGAP002246-RA_3+	0.833663	NA	1.530441	1	DECOY_AGAP002246-RA_3+,DECOY_CUFF.3998.1_3+,DECOY_CUFF.3998.2_1+,DECOY_CUFF.3998.3_1+
DECOY_AGAP013363-RA_3+	0.833663	NA	1.522641	1	DECOY_AGAP013363-RA_3+,DECOY_CUFF.4451.1_1+
DECOY_sp|Q03305|RMT2_YEAST	0.833663	NA	1.520260	1	DECOY_sp|Q03305|RMT2_YEAST
DECOY_CUFF.2251.1_1+	0.833663	NA	1.518374	1	DECOY_CUFF.2251.1_1+,DECOY_CUFF.2251.2_2+,DECOY_CUFF.2251.3_2+,DECOY_CUFF.2251.4_2+
DECOY_sp|Q03266|PABC_YEAST	0.833663	NA	1.507135	1	DECOY_sp|Q03266|PABC_YEAST
DECOY_sp|Q03661|ESC1_YEAST	0.833663	NA	1.505434	1	DECOY_sp|Q03661|ESC1_YEAST
DECOY_CUFF.1594.1_3+	0.833663	NA	1.499643	1	DECOY_CUFF.1594.1_3+,DECOY_CUFF.1594.2_1+,DECOY_CUFF.1594.3_3+,DECOY_CUFF.1594.4_2+
DECOY_AGAP003901-RA_1+	0.833663	NA	1.499622	1	DECOY_AGAP003901-RA_1+,DECOY_CUFF.5574.1_3+
DECOY_AGAP009413-RA_3+	0.833663	NA	1.497903	1	DECOY_AGAP009413-RA_3+
DECOY_ACOM031514-PA	0.833663	NA	1.497126	1	DECOY_ACOM031514-PA,DECOY_AGAP006926-PA,DECOY_AGAP006926-RA_3+,DECOY_CUFF.2361.1_2+
DECOY_AGAP007954-RA_3+	0.833663	NA	1.496195	2	DECOY_AGAP007954-RA_3+
DECOY_CUFF.10534.1_3+	0.833663	NA	1.490312	1	DECOY_CUFF.10534.1_3+
DECOY_AGAP003769-RA_2+	0.833663	NA	1.486066	1	DECOY_AGAP003769-RA_2+
DECOY_CUFF.16863.1_3+	0.833663	NA	1.485750	1	DECOY_CUFF.16863.1_3+,DECOY_CUFF.16863.2_3+,DECOY_CUFF.16863.3_1+,DECOY_CUFF.16863.4_1+,DECOY_CUFF.16863.5_3+,DECOY_CUFF.16863.6_1+
DECOY_AGAP010207-RA_1+	0.833663	NA	1.483460	1	DECOY_AGAP010207-RA_1+,DECOY_AGAP029493-PA,DECOY_CUFF.12056.1_2+,DECOY_CUFF.12056.2_1+,DECOY_CUFF.12056.3_1+
DECOY_AGAP003765-RA_3+	0.833663	NA	1.481215	1	DECOY_AGAP003765-RA_3+
DECOY_AGAP011557-RA_3+	0.833663	NA	1.478546	1	DECOY_AGAP011557-RA_3+
DECOY_AGAP001916-RA_3+	0.833663	NA	1.473902	1	DECOY_AGAP001916-RA_3+,DECOY_CUFF.3656.1_3+,DECOY_CUFF.3656.2_1+,DECOY_CUFF.3656.4_1+,DECOY_CUFF.3656.5_3+
DECOY_AGAP001253-RA_3+	0.833663	NA	1.471826	1	DECOY_AGAP001253-RA_3+,DECOY_CUFF.3051.1_1+
DECOY_ACOM033802-PA	0.833663	NA	1.468831	1	DECOY_ACOM033802-PA,DECOY_AGAP001209-PA,DECOY_AGAP001209-RA_1+,DECOY_CUFF.3036.1_2+,DECOY_CUFF.3036.2_1+,DECOY_CUFF.3036.3_1+,DECOY_CUFF.3036.4_3+,DECOY_CUFF.3036.5_1+,DECOY_CUFF.3036.6_1+,DECOY_CUFF.3036.7_1+,DECOY_CUFF.3036.8_1+
DECOY_ACOM027772-PA	0.833663	NA	1.466046	1	DECOY_ACOM027772-PA,DECOY_AGAP010327-PA,DECOY_AGAP010327-RA_1+,DECOY_CUFF.6703.1_3+,DECOY_CUFF.6703.2_3+,DECOY_CUFF.6703.3_1+
DECOY_AGAP008544-RA_3+	0.833663	NA	1.456174	1	DECOY_AGAP008544-RA_3+,DECOY_CUFF.10050.1_3+
DECOY_AGAP013178-RA_2+	0.833663	NA	1.455866	1	DECOY_AGAP013178-RA_2+,DECOY_CUFF.3792.1_1+,DECOY_CUFF.3792.2_1+,DECOY_CUFF.3792.3_2+,DECOY_CUFF.3792.4_3+,DECOY_CUFF.3792.5_2+
DECOY_CUFF.822.1_1+	0.833663	NA	1.455436	1	DECOY_CUFF.822.1_1+
DECOY_AGAP001535-RA_1+	0.833663	NA	1.454000	1	DECOY_AGAP001535-RA_1+,DECOY_CUFF.3317.1_1+,DECOY_CUFF.3317.2_3+,DECOY_CUFF.3317.4_1+,DECOY_CUFF.3317.5_3+
DECOY_ACOM040185-PA	0.833663	NA	1.450872	1	DECOY_ACOM040185-PA,DECOY_AGAP009022-PA,DECOY_AGAP009022-RA_1+
DECOY_sp|P32494|NGG1_YEAST	0.833663	NA	1.449609	1	DECOY_sp|P32494|NGG1_YEAST
DECOY_AGAP004156-PA	0.833663	NA	1.445250	1	DECOY_AGAP004156-PA,DECOY_AGAP004156-PB,DECOY_AGAP004156-RA_2+,DECOY_AGAP004156-RB_3+,DECOY_CUFF.5836.3_3+
DECOY_AGAP010438-RA_2+	0.833663	NA	1.445014	1	DECOY_AGAP010438-RA_2+,DECOY_CUFF.6912.1_3+
DECOY_AGAP009000-RA_3+	0.833663	NA	1.441779	1	DECOY_AGAP009000-RA_3+,DECOY_CUFF.10552.1_2+
DECOY_CUFF.1261.1_2+	0.833663	NA	1.441774	1	DECOY_CUFF.1261.1_2+,DECOY_CUFF.1261.2_2+
DECOY_CUFF.2832.1_1+	0.833663	NA	1.439994	1	DECOY_CUFF.2832.1_1+,DECOY_CUFF.2832.2_3+,DECOY_CUFF.2832.3_3+,DECOY_CUFF.2832.4_3+,DECOY_CUFF.2832.5_3+
DECOY_sp|P47061|VPS53_YEAST	0.833663	NA	1.438837	1	DECOY_sp|P47061|VPS53_YEAST
DECOY_CUFF.10053.2_2+	0.833663	NA	1.436436	1	DECOY_CUFF.10053.2_2+,DECOY_CUFF.10053.3_1+,DECOY_CUFF.10053.5_1+
DECOY_AGAP006789-RA_2+	0.833663	NA	1.433610	1	DECOY_AGAP006789-RA_2+,DECOY_AGAP006789-RB_3+
DECOY_CUFF.9400.1_2+	0.833663	NA	1.426024	1	DECOY_CUFF.9400.1_2+
DECOY_AGAP009131-PA	0.833663	NA	1.416478	1	DECOY_AGAP009131-PA,DECOY_AGAP009131-RA_1+,DECOY_CUFF.10731.1_1+
DECOY_AGAP011620-RA_3+	0.833663	NA	1.410717	1	DECOY_AGAP011620-RA_3+,DECOY_CUFF.8519.1_1+
DECOY_AGAP009177-PA	0.833663	NA	1.394642	1	DECOY_AGAP009177-PA
DECOY_ACOM039272-PA	0.833663	NA	1.394347	1	DECOY_ACOM039272-PA,DECOY_AGAP008800-RA_1+,DECOY_AGAP008801-RB_1+,DECOY_AGAP029905-PB,DECOY_CUFF.10359.1_3+,DECOY_CUFF.10359.2_1+
DECOY_ACOM023289-PA	0.833663	NA	1.385749	1	DECOY_ACOM023289-PA,DECOY_AGAP000196-PA,DECOY_AGAP000196-RA_1+
DECOY_sp|P38187|UBP13_YEAST	0.833663	NA	1.385629	1	DECOY_sp|P38187|UBP13_YEAST
DECOY_ACOM027766-PA	0.833663	NA	1.384100	1	DECOY_ACOM027766-PA,DECOY_AGAP000939-PA,DECOY_AGAP000939-RA_2+
DECOY_TCONS_00035029_2+	0.833663	NA	1.378062	1	DECOY_TCONS_00035029_2+,DECOY_TCONS_00035030_2+
DECOY_CUFF.3254.10_1+	0.833663	NA	1.376138	1	DECOY_CUFF.3254.10_1+,DECOY_CUFF.3254.11_3+,DECOY_CUFF.3254.12_3+,DECOY_CUFF.3254.2_2+,DECOY_CUFF.3254.3_2+,DECOY_CUFF.3254.4_2+,DECOY_CUFF.3254.5_1+,DECOY_CUFF.3254.6_1+,DECOY_CUFF.3254.9_1+
DECOY_sp|P25588|MRC1_YEAST	0.833663	NA	1.376041	1	DECOY_sp|P25588|MRC1_YEAST
DECOY_CUFF.11615.1_2+	0.833663	NA	1.375898	1	DECOY_CUFF.11615.1_2+
DECOY_AGAP000163-RA_2+	0.833663	NA	1.368788	1	DECOY_AGAP000163-RA_2+,DECOY_CUFF.16004.1_1+,DECOY_CUFF.16004.2_1+
DECOY_CUFF.11311.3_1+	0.833663	NA	1.366399	1	DECOY_CUFF.11311.3_1+
DECOY_CUFF.2286.1_2+	0.833663	NA	1.359918	1	DECOY_CUFF.2286.1_2+,DECOY_CUFF.2286.2_2+,DECOY_CUFF.2286.3_1+,DECOY_CUFF.2286.4_3+,DECOY_CUFF.2286.5_1+,DECOY_CUFF.2286.6_3+,DECOY_CUFF.2286.7_3+
DECOY_CUFF.9975.1_3+	0.833663	NA	1.351061	1	DECOY_CUFF.9975.1_3+,DECOY_CUFF.9975.2_1+,DECOY_CUFF.9975.3_2+,DECOY_CUFF.9975.4_2+
DECOY_AGAP009673-RA_3+	0.833663	NA	1.350522	1	DECOY_AGAP009673-RA_3+,DECOY_CUFF.11510.2_3+
DECOY_AGAP013287-RA_2+	0.833663	NA	1.348372	1	DECOY_AGAP013287-RA_2+,DECOY_CUFF.16909.1_3+,DECOY_CUFF.16909.2_1+,DECOY_CUFF.16909.3_2+,DECOY_CUFF.16909.4_2+
DECOY_CUFF.9831.1_2+	0.833663	NA	1.346113	1	DECOY_CUFF.9831.1_2+,DECOY_CUFF.9831.2_2+
DECOY_CUFF.11820.3_2+	0.833663	NA	1.343880	1	DECOY_CUFF.11820.3_2+
DECOY_ACOM037647-PA	0.833663	NA	1.336096	1	DECOY_ACOM037647-PA
DECOY_AGAP002523-RA_3+	0.833663	NA	1.334073	1	DECOY_AGAP002523-RA_3+,DECOY_CUFF.4259.1_2+,DECOY_CUFF.5196.1_2+,DECOY_CUFF.5196.2_3+
DECOY_AGAP010314-RA_2+	0.833663	NA	1.334031	1	DECOY_AGAP010314-RA_2+,DECOY_CUFF.7032.1_1+,DECOY_CUFF.7032.3_3+
DECOY_CUFF.7498.1_1+	0.833663	NA	1.332041	1	DECOY_CUFF.7498.1_1+
DECOY_CUFF.774.1_1+	0.833663	NA	1.325509	1	DECOY_CUFF.774.1_1+,DECOY_CUFF.774.2_3+,DECOY_CUFF.774.3_3+
DECOY_ACOM036726-PA	0.833663	NA	1.323822	1	DECOY_ACOM036726-PA
DECOY_AGAP013180-RA_3+	0.833663	NA	1.321758	1	DECOY_AGAP013180-RA_3+,DECOY_CUFF.5399.1_3+
DECOY_CUFF.349.1_3+	0.833663	NA	1.319240	1	DECOY_CUFF.349.1_3+,DECOY_CUFF.349.2_3+,DECOY_CUFF.349.3_3+,DECOY_CUFF.349.4_3+,DECOY_CUFF.349.5_1+
DECOY_AGAP007675-RA_2+	0.833663	NA	1.316630	1	DECOY_AGAP007675-RA_2+
DECOY_sp|Q03338|PRP3_YEAST	0.833663	NA	1.314133	1	DECOY_sp|Q03338|PRP3_YEAST
DECOY_ACOM023729-PA	0.833663	NA	1.312692	1	DECOY_ACOM023729-PA,DECOY_AGAP001863-PA,DECOY_AGAP001863-PB,DECOY_AGAP001863-RA_1+,DECOY_AGAP001863-RB_1+
DECOY_CUFF.10250.1_2+	0.833663	NA	1.309795	1	DECOY_CUFF.10250.1_2+,DECOY_CUFF.10250.2_1+,DECOY_CUFF.10250.3_2+
DECOY_AGAP001569-RA_2+	0.833663	NA	1.305517	1	DECOY_AGAP001569-RA_2+,DECOY_AGAP001569-RB_2+,DECOY_CUFF.3322.1_2+
DECOY_AGAP001441-RA_3+	0.833663	NA	1.297396	1	DECOY_AGAP001441-RA_3+,DECOY_CUFF.3410.1_3+,DECOY_CUFF.3410.2_2+,DECOY_CUFF.3410.3_3+,DECOY_CUFF.3410.4_3+,DECOY_CUFF.3410.5_1+
DECOY_AGAP008805-RA_2+	0.833663	NA	1.296851	1	DECOY_AGAP008805-RA_2+,DECOY_CUFF.10319.1_3+
DECOY_AGAP010720-RA_1+	0.833663	NA	1.291818	1	DECOY_AGAP010720-RA_1+,DECOY_CUFF.7359.1_3+
DECOY_AGAP005263-RA_3+	0.833663	NA	1.291548	1	DECOY_AGAP005263-RA_3+,DECOY_CUFF.904.1_1+
DECOY_AGAP008644-RA_3+	0.833663	NA	1.288085	1	DECOY_AGAP008644-RA_3+,DECOY_CUFF.10153.1_2+,DECOY_CUFF.10153.2_2+,DECOY_CUFF.10153.3_3+,DECOY_CUFF.10153.4_3+,DECOY_CUFF.10153.7_1+
DECOY_ACOM041604-PA	0.833663	NA	1.282927	1	DECOY_ACOM041604-PA
DECOY_CUFF.8917.5_3+	0.833663	NA	1.281390	1	DECOY_CUFF.8917.5_3+
DECOY_ACOM032062-PA	0.833663	NA	1.277593	1	DECOY_ACOM032062-PA,DECOY_AGAP011823-PA,DECOY_AGAP011823-RA_3+,DECOY_CUFF.8797.1_3+
DECOY_CUFF.1747.1_3+	0.833663	NA	1.277490	1	DECOY_CUFF.1747.1_3+,DECOY_CUFF.1747.3_3+,DECOY_CUFF.1747.4_3+,DECOY_CUFF.1747.5_1+
DECOY_ACOM025699-PA	0.833663	NA	1.269010	1	DECOY_ACOM025699-PA,DECOY_AGAP007452-PB,DECOY_AGAP007452-PC,DECOY_AGAP007452-RA_1+,DECOY_CUFF.2781.1_2+,DECOY_CUFF.2781.2_1+,DECOY_CUFF.2781.4_3+,DECOY_CUFF.2781.6_1+
DECOY_AGAP000666-RA_2+	0.833663	NA	1.268791	1	DECOY_AGAP000666-RA_2+
DECOY_ACOM029522-PA	0.833663	NA	1.267933	1	DECOY_ACOM029522-PA,DECOY_AGAP000301-PA,DECOY_AGAP000301-RA_1+,DECOY_CUFF.16260.2_1+
DECOY_CUFF.977.3_1+	0.833663	NA	1.265459	1	DECOY_CUFF.977.3_1+
DECOY_AGAP009338-RA_3+	0.833663	NA	1.262644	1	DECOY_AGAP009338-RA_3+
DECOY_ACOM036894-PA	0.833663	NA	1.262412	1	DECOY_ACOM036894-PA
DECOY_AGAP013190-RA_3+	0.833663	NA	1.261605	1	DECOY_AGAP013190-RA_3+,DECOY_CUFF.4316.1_3+,DECOY_CUFF.4316.2_3+,DECOY_CUFF.4316.3_3+
DECOY_AGAP009960-RA_3+	0.833663	NA	1.261450	1	DECOY_AGAP009960-RA_3+
DECOY_AGAP009081-RA_2+	0.833663	NA	1.259197	1	DECOY_AGAP009081-RA_2+
DECOY_CUFF.3264.16_1+	0.833663	NA	1.257372	1	DECOY_CUFF.3264.16_1+,DECOY_CUFF.3264.5_2+,DECOY_CUFF.3264.8_1+
DECOY_ACOM037548-PA	0.833663	NA	1.251970	1	DECOY_ACOM037548-PA,DECOY_AGAP002884-RA_2+,DECOY_CUFF.4559.1_2+
DECOY_CUFF.11154.10_1+	0.833663	NA	1.251434	1	DECOY_CUFF.11154.10_1+,DECOY_CUFF.11154.11_3+,DECOY_CUFF.11154.7_2+,DECOY_CUFF.11154.8_1+,DECOY_CUFF.11154.9_2+
DECOY_sp|P53166|MRH4_YEAST	0.833663	NA	1.247605	1	DECOY_sp|P53166|MRH4_YEAST
DECOY_CUFF.16074.5_1+	0.833663	NA	1.247400	1	DECOY_CUFF.16074.5_1+
DECOY_CUFF.2545.2_2+	0.833663	NA	1.238354	1	DECOY_CUFF.2545.2_2+,DECOY_CUFF.2545.5_2+,DECOY_CUFF.2545.6_2+,DECOY_CUFF.2545.7_3+
DECOY_AGAP005636-PA	0.833663	NA	1.237505	1	DECOY_AGAP005636-PA,DECOY_AGAP005636-RA_3+
DECOY_AGAP001984-RA_2+	0.833663	NA	1.236306	1	DECOY_AGAP001984-RA_2+
DECOY_TCONS_00028645_2+	0.833663	NA	1.235526	1	DECOY_TCONS_00028645_2+
DECOY_sp|P50273|ATP22_YEAST	0.833663	NA	1.235182	1	DECOY_sp|P50273|ATP22_YEAST
DECOY_AGAP005334-RA_1+	0.833663	NA	1.233995	1	DECOY_AGAP005334-RA_1+
DECOY_AGAP008262-RA_3+	0.833663	NA	1.229701	1	DECOY_AGAP008262-RA_3+
DECOY_ACOM032216-PA	0.833663	NA	1.227303	1	DECOY_ACOM032216-PA,DECOY_AGAP028539-PA,DECOY_TCONS_00024494_1+,DECOY_TCONS_00024496_1+
DECOY_ACOM028289-PA	0.833663	NA	1.226423	1	DECOY_ACOM028289-PA,DECOY_AGAP003364-PA,DECOY_AGAP003364-RA_1+
DECOY_AGAP007637-RA_3+	0.833663	NA	1.225324	1	DECOY_AGAP007637-RA_3+
DECOY_CUFF.7107.1_2+	0.833663	NA	1.223407	1	DECOY_CUFF.7107.1_2+,DECOY_CUFF.7107.2_1+
DECOY_AGAP012163-RA_3+	0.833663	NA	1.213644	1	DECOY_AGAP012163-RA_3+,DECOY_CUFF.9130.1_3+,DECOY_CUFF.9130.2_1+,DECOY_CUFF.9130.3_2+,DECOY_CUFF.9130.4_2+,DECOY_CUFF.9130.6_2+
DECOY_CUFF.10548.2_1+	0.833663	NA	1.207182	1	DECOY_CUFF.10548.2_1+
DECOY_sp|Q00362|2ABA_YEAST	0.833663	NA	1.197244	1	DECOY_sp|Q00362|2ABA_YEAST
DECOY_sp|P40077|DSE1_YEAST	0.833663	NA	1.196232	1	DECOY_sp|P40077|DSE1_YEAST
DECOY_AGAP006610-RA_2+	0.833663	NA	1.192947	1	DECOY_AGAP006610-RA_2+,DECOY_CUFF.2075.1_2+
DECOY_AGAP004152-RA_3+	0.833663	NA	1.186043	1	DECOY_AGAP004152-RA_3+,DECOY_CUFF.5832.1_1+
DECOY_CUFF.9134.1_2+	0.833663	NA	1.183393	1	DECOY_CUFF.9134.1_2+,DECOY_CUFF.9134.2_2+,DECOY_CUFF.9134.3_1+,DECOY_CUFF.9134.4_1+,DECOY_CUFF.9134.5_1+,DECOY_CUFF.9134.6_3+
DECOY_ACOM038214-PA	0.833663	NA	1.177036	1	DECOY_ACOM038214-PA,DECOY_AGAP028515-PA
DECOY_AGAP029074-PA	0.833663	NA	1.170734	1	DECOY_AGAP029074-PA,DECOY_TCONS_00022667_1+
DECOY_AGAP001957-RA_1+	0.833663	NA	1.169327	1	DECOY_AGAP001957-RA_1+,DECOY_AGAP001957-RB_1+
DECOY_AGAP000037-PA	0.833663	NA	1.166888	1	DECOY_AGAP000037-PA,DECOY_AGAP000037-RA_1+,DECOY_CUFF.15832.1_2+,DECOY_CUFF.15832.2_2+,DECOY_CUFF.15832.4_1+
DECOY_gi|9790345|ref|NP_062908.1|	0.833663	NA	1.166403	1	DECOY_gi|9790345|ref|NP_062908.1|
DECOY_AGAP009636-RA_2+	0.833663	NA	1.164089	1	DECOY_AGAP009636-RA_2+
DECOY_AGAP013193-RA_3+	0.833663	NA	1.162774	1	DECOY_AGAP013193-RA_3+,DECOY_CUFF.5577.1_3+,DECOY_CUFF.5577.2_2+,DECOY_CUFF.5577.3_3+,DECOY_CUFF.5577.4_1+
DECOY_sp|Q06625|GDE_YEAST	0.833663	NA	1.157012	1	DECOY_sp|Q06625|GDE_YEAST
DECOY_ACOM032729-PA	0.833663	NA	1.148991	1	DECOY_ACOM032729-PA
DECOY_AGAP000601-RA_1+	0.833663	NA	1.148213	1	DECOY_AGAP000601-RA_1+,DECOY_AGAP000601-RB_2+,DECOY_CUFF.16486.1_3+,DECOY_CUFF.16486.2_1+,DECOY_CUFF.16486.5_3+
DECOY_CUFF.7322.2_1+	0.833663	NA	1.143094	1	DECOY_CUFF.7322.2_1+
DECOY_CUFF.9881.1_3+	0.833663	NA	1.142147	1	DECOY_CUFF.9881.1_3+,DECOY_CUFF.9881.2_1+,DECOY_CUFF.9881.4_3+,DECOY_CUFF.9881.6_1+,DECOY_CUFF.9881.7_1+
DECOY_ACOM041454-PA	0.833663	NA	1.133525	1	DECOY_ACOM041454-PA
DECOY_ACOM025360-PA	0.833663	NA	1.132728	1	DECOY_ACOM025360-PA,DECOY_AGAP007172-PA,DECOY_AGAP007172-PB,DECOY_AGAP007172-RA_1+,DECOY_AGAP007172-RB_3+,DECOY_CUFF.2541.1_2+,DECOY_CUFF.2541.2_1+,DECOY_CUFF.2541.4_2+
DECOY_AGAP003815-RA_1+	0.833663	NA	1.127474	1	DECOY_AGAP003815-RA_1+
DECOY_TCONS_00024926_1+	0.833663	NA	1.122758	1	DECOY_TCONS_00024926_1+,DECOY_TCONS_00024933_1+
DECOY_AGAP003323-RA_3+	0.833663	NA	1.122362	1	DECOY_AGAP003323-RA_3+,DECOY_CUFF.5055.1_2+,DECOY_CUFF.5055.2_3+,DECOY_CUFF.5055.3_2+
DECOY_CUFF.8854.1_2+	0.833663	NA	1.121424	2	DECOY_CUFF.8854.1_2+
DECOY_ACOM037283-PA	0.833663	NA	1.116980	1	DECOY_ACOM037283-PA
DECOY_ACOM036081-PA	0.833663	NA	1.108452	1	DECOY_ACOM036081-PA,DECOY_AGAP000219-PA,DECOY_AGAP000219-RA_1+,DECOY_CUFF.16086.2_1+,DECOY_CUFF.16086.3_1+
DECOY_ACOM031425-PA	0.833663	NA	1.104965	1	DECOY_ACOM031425-PA,DECOY_AGAP007006-PA,DECOY_AGAP007006-PB,DECOY_AGAP007006-PC,DECOY_AGAP007006-RA_1+,DECOY_AGAP007006-RB_3+,DECOY_AGAP007006-RC_1+,DECOY_CUFF.2444.10_3+,DECOY_CUFF.2444.1_1+,DECOY_CUFF.2444.2_3+,DECOY_CUFF.2444.3_2+,DECOY_CUFF.2444.4_1+,DECOY_CUFF.2444.5_1+,DECOY_CUFF.2444.6_3+,DECOY_CUFF.2444.7_1+,DECOY_CUFF.2444.8_1+,DECOY_CUFF.2444.9_1+
DECOY_CUFF.10086.1_1+	0.833663	NA	1.102994	1	DECOY_CUFF.10086.1_1+
DECOY_sp|Q06673|ECM30_YEAST	0.833663	NA	1.094663	1	DECOY_sp|Q06673|ECM30_YEAST
DECOY_ACOM030838-PA	0.833663	NA	1.092478	1	DECOY_ACOM030838-PA,DECOY_AGAP007892-PA,DECOY_AGAP007892-PB,DECOY_AGAP007892-RA_1+,DECOY_AGAP007892-RB_1+,DECOY_CUFF.9888.11_3+,DECOY_CUFF.9888.1_2+,DECOY_CUFF.9888.2_1+,DECOY_CUFF.9888.3_1+,DECOY_CUFF.9888.4_3+,DECOY_CUFF.9888.5_3+,DECOY_CUFF.9888.6_1+,DECOY_CUFF.9888.7_2+,DECOY_CUFF.9888.8_2+,DECOY_CUFF.9888.9_1+
DECOY_AGAP010026-RA_2+	0.833663	NA	1.092270	1	DECOY_AGAP010026-RA_2+,DECOY_CUFF.12095.1_1+,DECOY_CUFF.12095.2_1+,DECOY_CUFF.12095.3_1+,DECOY_CUFF.12095.4_1+,DECOY_CUFF.12095.5_1+
DECOY_AGAP011084-RA_2+	0.833663	NA	1.091033	1	DECOY_AGAP011084-RA_2+,DECOY_CUFF.7864.1_3+
DECOY_AGAP003038-RA_3+	0.833663	NA	1.088105	1	DECOY_AGAP003038-RA_3+,DECOY_CUFF.4709.1_3+
DECOY_AGAP009290-RA_3+	0.833663	NA	1.086701	1	DECOY_AGAP009290-RA_3+,DECOY_CUFF.10998.1_3+,DECOY_CUFF.10998.2_3+,DECOY_CUFF.10998.3_3+
DECOY_CUFF.2486.1_1+	0.833663	NA	1.078522	1	DECOY_CUFF.2486.1_1+,DECOY_CUFF.2486.2_1+
DECOY_ACOM026817-PA	0.833663	NA	1.077731	1	DECOY_ACOM026817-PA,DECOY_AGAP009835-PA,DECOY_AGAP009835-PB,DECOY_AGAP009835-RA_1+,DECOY_CUFF.11658.10_3+,DECOY_CUFF.11658.11_1+,DECOY_CUFF.11658.13_3+,DECOY_CUFF.11658.1_1+,DECOY_CUFF.11658.2_1+,DECOY_CUFF.11658.3_3+,DECOY_CUFF.11658.5_3+,DECOY_CUFF.11658.6_1+,DECOY_CUFF.11658.7_1+,DECOY_CUFF.11658.8_3+,DECOY_CUFF.11658.9_3+
DECOY_ACOM027707-PA	0.833663	NA	1.073464	1	DECOY_ACOM027707-PA,DECOY_AGAP010883-PA,DECOY_AGAP010883-RA_1+,DECOY_CUFF.7555.1_1+
DECOY_AGAP008870-RA_2+	0.833663	NA	1.067035	1	DECOY_AGAP008870-RA_2+
DECOY_CUFF.2158.1_1+	0.833663	NA	1.062680	1	DECOY_CUFF.2158.1_1+
DECOY_AGAP000747-RA_2+	0.833663	NA	1.057192	1	DECOY_AGAP000747-RA_2+,DECOY_AGAP000747-RB_2+,DECOY_CUFF.16811.1_1+
DECOY_AGAP003540-RA_2+	0.833663	NA	1.051196	1	DECOY_AGAP003540-RA_2+
DECOY_ACOM036569-PA	0.833663	NA	1.047130	1	DECOY_ACOM036569-PA,DECOY_AGAP002652-PA,DECOY_AGAP002652-PB,DECOY_AGAP002652-RA_1+,DECOY_AGAP002652-RB_1+,DECOY_CUFF.4400.1_3+,DECOY_CUFF.4400.2_3+,DECOY_CUFF.4400.3_3+
DECOY_CUFF.2078.1_2+	0.833663	NA	1.046286	1	DECOY_CUFF.2078.1_2+
DECOY_ACOM025493-PA	0.833663	NA	1.046021	1	DECOY_ACOM025493-PA,DECOY_AGAP007279-PA,DECOY_CUFF.2610.1_2+,DECOY_CUFF.2610.3_2+,DECOY_CUFF.2610.4_2+,DECOY_CUFF.2610.6_2+
DECOY_CUFF.6542.1_2+	0.833663	NA	1.045641	1	DECOY_CUFF.6542.1_2+
DECOY_AGAP008306-RA_1+	0.833663	NA	1.039382	1	DECOY_AGAP008306-RA_1+,DECOY_AGAP008306-RB_3+
DECOY_AGAP001672-RA_2+	0.833663	NA	1.035982	1	DECOY_AGAP001672-RA_2+,DECOY_CUFF.3427.1_1+,DECOY_CUFF.3427.2_2+,DECOY_CUFF.3427.3_2+
DECOY_AGAP028007-PA	0.833663	NA	1.034242	2	DECOY_AGAP028007-PA,DECOY_AGAP028007-RA_1+,DECOY_CUFF.8967.2_3+
DECOY_AGAP012092-RA_2+	0.833663	NA	1.033527	1	DECOY_AGAP012092-RA_2+,DECOY_CUFF.9022.1_3+,DECOY_CUFF.9029.1_1+,DECOY_CUFF.9029.2_1+
DECOY_ACOM037091-PA	0.833663	NA	1.033360	1	DECOY_ACOM037091-PA,DECOY_AGAP002370-PA,DECOY_AGAP002370-RA_1+,DECOY_CUFF.4107.1_2+,DECOY_CUFF.4107.3_3+,DECOY_CUFF.4107.4_2+,DECOY_CUFF.4107.5_2+
DECOY_ACOM038875-PA	0.833663	NA	1.032670	1	DECOY_ACOM038875-PA,DECOY_AGAP005644-PA,DECOY_AGAP005644-RA_1+,DECOY_CUFF.1184.1_2+,DECOY_CUFF.1184.2_3+,DECOY_CUFF.1184.3_3+,DECOY_CUFF.1184.4_3+
DECOY_AGAP006691-RA_3+	0.833663	NA	1.027864	1	DECOY_AGAP006691-RA_3+
DECOY_CUFF.3410.1_2+	0.833663	NA	1.022316	1	DECOY_CUFF.3410.1_2+,DECOY_CUFF.3410.2_1+,DECOY_CUFF.3410.3_2+,DECOY_CUFF.3410.4_2+,DECOY_CUFF.3410.5_3+
DECOY_AGAP006264-RA_1+	0.833663	NA	1.019406	1	DECOY_AGAP006264-RA_1+,DECOY_AGAP006264-RB_3+,DECOY_CUFF.1802.1_1+,DECOY_CUFF.1802.2_2+
DECOY_sp|P38185|YBH1_YEAST	0.833663	NA	1.019167	1	DECOY_sp|P38185|YBH1_YEAST
DECOY_AGAP001673-RA_3+	0.833663	NA	1.016189	1	DECOY_AGAP001673-RA_3+,DECOY_CUFF.3420.1_3+
DECOY_sp|Q12025|EMC10_YEAST	0.833663	NA	1.015651	1	DECOY_sp|Q12025|EMC10_YEAST
DECOY_CUFF.16570.1_1+	0.833663	NA	1.005553	1	DECOY_CUFF.16570.1_1+
DECOY_AGAP001043-RA_3+	0.833663	NA	1.001668	1	DECOY_AGAP001043-RA_3+,DECOY_CUFF.17506.1_3+,DECOY_CUFF.17506.2_3+,DECOY_CUFF.17506.3_3+,DECOY_CUFF.17506.5_3+,DECOY_CUFF.17506.6_3+,DECOY_CUFF.17506.7_1+,DECOY_CUFF.17506.8_2+
DECOY_ACOM032032-PA	0.833663	NA	0.999511	1	DECOY_ACOM032032-PA,DECOY_AGAP011811-PA,DECOY_AGAP011811-RA_1+,DECOY_CUFF.8806.1_2+,DECOY_CUFF.8806.2_3+,DECOY_CUFF.8806.3_2+
DECOY_CUFF.3871.1_2+	0.833663	NA	0.999124	1	DECOY_CUFF.3871.1_2+,DECOY_CUFF.3871.2_3+
DECOY_ACOM032668-PA	0.833663	NA	0.985724	1	DECOY_ACOM032668-PA,DECOY_AGAP009661-PA,DECOY_AGAP009661-RA_1+,DECOY_CUFF.11341.1_1+
DECOY_CUFF.4834.11_1+	0.833663	NA	0.979724	1	DECOY_CUFF.4834.11_1+,DECOY_CUFF.4834.12_1+,DECOY_CUFF.4834.13_1+,DECOY_CUFF.4834.14_1+,DECOY_CUFF.4834.1_2+,DECOY_CUFF.4834.2_3+,DECOY_CUFF.4834.4_1+,DECOY_CUFF.4834.5_2+,DECOY_CUFF.4834.6_2+,DECOY_CUFF.4834.8_3+,DECOY_CUFF.4834.9_3+
DECOY_ACOM040709-PA	0.833663	NA	0.978944	1	DECOY_ACOM040709-PA,DECOY_AGAP008899-PA,DECOY_AGAP008899-RA_1+,DECOY_CUFF.10436.1_2+
DECOY_TCONS_00034607_3+	0.833663	NA	0.976573	1	DECOY_TCONS_00034607_3+
DECOY_AGAP001996-RA_3+	0.833663	NA	0.970590	1	DECOY_AGAP001996-RA_3+
DECOY_AGAP000951-RA_2+	0.833663	NA	0.968729	1	DECOY_AGAP000951-RA_2+,DECOY_AGAP000951-RB_2+,DECOY_AGAP000951-RC_2+,DECOY_CUFF.17148.1_2+
DECOY_ACOM025632-PA	0.833663	NA	0.967334	1	DECOY_ACOM025632-PA,DECOY_AGAP007374-PA,DECOY_AGAP007374-RA_2+,DECOY_CUFF.2732.1_3+,DECOY_CUFF.2732.2_2+
DECOY_CUFF.10838.1_1+	0.833663	NA	0.967205	1	DECOY_CUFF.10838.1_1+,DECOY_CUFF.10838.2_2+
DECOY_TCONS_00019648_2+	0.833663	NA	0.966427	1	DECOY_TCONS_00019648_2+,DECOY_TCONS_00019649_1+,DECOY_TCONS_00019650_2+
DECOY_CUFF.8106.1_1+	0.833663	NA	0.965412	2	DECOY_CUFF.8106.1_1+,DECOY_CUFF.8106.2_3+
DECOY_AGAP003699-PA	0.833663	NA	0.963194	1	DECOY_AGAP003699-PA,DECOY_AGAP003699-RA_2+
DECOY_AGAP013051-RA_3+	0.833663	NA	0.962277	1	DECOY_AGAP013051-RA_3+
DECOY_TCONS_00010131_1+	0.833663	NA	0.962042	1	DECOY_TCONS_00010131_1+
DECOY_ACOM040250-PA	0.833663	NA	0.961495	1	DECOY_ACOM040250-PA,DECOY_AGAP000812-PA,DECOY_AGAP000812-RA_1+,DECOY_CUFF.16946.1_3+,DECOY_CUFF.16946.2_1+,DECOY_CUFF.16946.3_1+,DECOY_CUFF.16946.4_2+,DECOY_CUFF.16946.5_1+,DECOY_CUFF.16946.6_2+
DECOY_CUFF.11244.1_1+	0.833663	NA	0.959219	1	DECOY_CUFF.11244.1_1+
DECOY_CUFF.5202.2_2+	0.833663	NA	0.956593	1	DECOY_CUFF.5202.2_2+
DECOY_CUFF.985.1_1+	0.833663	NA	0.956356	1	DECOY_CUFF.985.1_1+,DECOY_CUFF.985.4_3+
DECOY_sp|P18963|IRA1_YEAST	0.833663	NA	0.949869	1	DECOY_sp|P18963|IRA1_YEAST
DECOY_CUFF.8607.1_1+	0.833663	NA	0.940892	1	DECOY_CUFF.8607.1_1+,DECOY_CUFF.8607.2_3+
DECOY_AGAP008863-RA_1+	0.833663	NA	0.939860	1	DECOY_AGAP008863-RA_1+,DECOY_AGAP008863-RB_2+
DECOY_AGAP002807-RA_3+	0.833663	NA	0.939606	1	DECOY_AGAP002807-RA_3+,DECOY_AGAP002807-RB_3+,DECOY_CUFF.4534.10_1+,DECOY_CUFF.4534.1_1+,DECOY_CUFF.4534.2_3+,DECOY_CUFF.4534.3_2+,DECOY_CUFF.4534.4_1+,DECOY_CUFF.4534.5_1+,DECOY_CUFF.4534.7_1+,DECOY_CUFF.4534.8_3+,DECOY_CUFF.4534.9_1+
DECOY_CUFF.9414.1_2+	0.833663	NA	0.939108	1	DECOY_CUFF.9414.1_2+,DECOY_CUFF.9414.2_3+,DECOY_CUFF.9414.3_2+,DECOY_CUFF.9414.4_3+
DECOY_AGAP007788-PA	0.833663	NA	0.919932	1	DECOY_AGAP007788-PA,DECOY_AGAP007788-PB,DECOY_AGAP007788-PC,DECOY_AGAP007788-RA_1+,DECOY_AGAP007788-RB_3+,DECOY_AGAP007788-RC_1+,DECOY_CUFF.9452.1_2+,DECOY_CUFF.9452.2_1+,DECOY_CUFF.9452.3_2+,DECOY_CUFF.9452.4_2+,DECOY_CUFF.9452.5_3+,DECOY_CUFF.9452.6_3+,DECOY_CUFF.9452.7_3+
DECOY_AGAP006652-RA_3+	0.833663	NA	0.918501	1	DECOY_AGAP006652-RA_3+,DECOY_CUFF.2122.1_2+,DECOY_CUFF.2122.2_3+,DECOY_CUFF.2122.3_3+,DECOY_CUFF.2122.6_3+
DECOY_ACOM034850-PA	0.833663	NA	0.917078	1	DECOY_ACOM034850-PA
DECOY_TCONS_00018491_1+	0.833663	NA	0.909925	1	DECOY_TCONS_00018491_1+
DECOY_AGAP000783-RA_2+	0.833663	NA	0.907071	1	DECOY_AGAP000783-RA_2+,DECOY_CUFF.16847.1_3+,DECOY_CUFF.16847.2_1+,DECOY_CUFF.16847.3_2+,DECOY_CUFF.16847.4_1+,DECOY_CUFF.16847.5_3+
DECOY_CUFF.5480.12_2+	0.833663	NA	0.906888	1	DECOY_CUFF.5480.12_2+,DECOY_CUFF.5480.13_2+,DECOY_CUFF.5480.14_3+,DECOY_CUFF.5480.15_1+,DECOY_CUFF.5480.1_3+,DECOY_CUFF.5480.2_1+,DECOY_CUFF.5480.3_3+,DECOY_CUFF.5480.4_1+,DECOY_CUFF.5480.5_2+
DECOY_ACOM040013-PA	0.833663	NA	0.905765	1	DECOY_ACOM040013-PA,DECOY_AGAP006234-PA,DECOY_AGAP006234-RA_3+
DECOY_AGAP002303-RA_2+	0.833663	NA	0.905507	1	DECOY_AGAP002303-RA_2+,DECOY_CUFF.4025.1_3+,DECOY_CUFF.4025.2_1+
DECOY_AGAP006638-RA_1+	0.833663	NA	0.905024	1	DECOY_AGAP006638-RA_1+,DECOY_CUFF.2100.2_2+,DECOY_CUFF.2100.3_1+,DECOY_CUFF.2100.4_3+,DECOY_CUFF.2100.5_3+
DECOY_CUFF.15867.2_1+	0.833663	NA	0.898831	2	DECOY_CUFF.15867.2_1+
DECOY_AGAP008372-RA_2+	0.833663	NA	0.893633	1	DECOY_AGAP008372-RA_2+,DECOY_CUFF.9910.1_3+
DECOY_ACOM034584-PA	0.833663	NA	0.893312	1	DECOY_ACOM034584-PA
DECOY_ACOM030055-PA	0.833663	NA	0.891847	2	DECOY_ACOM030055-PA
DECOY_AGAP028115-PA	0.833663	NA	0.891847	1	DECOY_AGAP028115-PA,DECOY_AGAP028115-RA_1+
DECOY_AGAP007396-RA_2+	0.833663	NA	0.889242	1	DECOY_AGAP007396-RA_2+,DECOY_AGAP007396-RB_3+,DECOY_AGAP007396-RC_2+,DECOY_AGAP007396-RD_1+,DECOY_CUFF.2796.10_2+,DECOY_CUFF.2796.11_1+,DECOY_CUFF.2796.1_3+,DECOY_CUFF.2796.2_1+,DECOY_CUFF.2796.3_3+,DECOY_CUFF.2796.4_3+,DECOY_CUFF.2796.5_3+,DECOY_CUFF.2796.6_2+
DECOY_AGAP000262-RA_2+	0.833663	NA	0.889112	1	DECOY_AGAP000262-RA_2+
DECOY_sp|P40367|GPI7_YEAST	0.833663	NA	0.884243	1	DECOY_sp|P40367|GPI7_YEAST
DECOY_CUFF.2635.10_3+	0.833663	NA	0.876437	1	DECOY_CUFF.2635.10_3+,DECOY_CUFF.2635.11_3+,DECOY_CUFF.2635.12_1+,DECOY_CUFF.2635.13_1+,DECOY_CUFF.2635.1_3+,DECOY_CUFF.2635.2_3+,DECOY_CUFF.2635.3_3+,DECOY_CUFF.2635.5_1+,DECOY_CUFF.2635.6_1+,DECOY_CUFF.2635.7_2+,DECOY_CUFF.2635.8_2+,DECOY_CUFF.2635.9_3+
DECOY_CUFF.6838.1_2+	0.833663	NA	0.874739	1	DECOY_CUFF.6838.1_2+,DECOY_CUFF.6838.2_1+,DECOY_CUFF.6838.3_1+,DECOY_CUFF.6838.4_2+,DECOY_CUFF.6838.5_1+
DECOY_AGAP001015-RA_2+	0.833663	NA	0.872360	1	DECOY_AGAP001015-RA_2+,DECOY_CUFF.17267.1_2+,DECOY_CUFF.17267.2_1+,DECOY_CUFF.17267.3_1+,DECOY_CUFF.17267.4_2+
DECOY_CUFF.1580.1_2+	0.833663	NA	0.864425	1	DECOY_CUFF.1580.1_2+
DECOY_AGAP003979-RA_2+	0.833663	NA	0.859337	1	DECOY_AGAP003979-RA_2+,DECOY_CUFF.5656.1_2+
DECOY_CUFF.11772.1_2+	0.833663	NA	0.858674	1	DECOY_CUFF.11772.1_2+,DECOY_CUFF.11772.2_2+,DECOY_CUFF.11772.3_3+
DECOY_CUFF.10109.1_2+	0.833663	NA	0.858404	1	DECOY_CUFF.10109.1_2+
DECOY_CUFF.9025.12_1+	0.833663	NA	0.857688	1	DECOY_CUFF.9025.12_1+,DECOY_CUFF.9025.3_1+,DECOY_CUFF.9025.5_1+,DECOY_CUFF.9025.8_3+
DECOY_AGAP003442-RA_3+	0.833663	NA	0.851469	1	DECOY_AGAP003442-RA_3+
DECOY_CUFF.4684.1_2+	0.833663	NA	0.850530	1	DECOY_CUFF.4684.1_2+
DECOY_AGAP001135-RA_3+	0.835141	NA	0.846514	1	DECOY_AGAP001135-RA_3+
DECOY_CUFF.17573.1_1+	0.835141	NA	0.845859	1	DECOY_CUFF.17573.1_1+
DECOY_AGAP008859-RA_3+	0.835141	NA	0.845556	1	DECOY_AGAP008859-RA_3+,DECOY_AGAP008859-RB_3+,DECOY_CUFF.10525.1_2+,DECOY_CUFF.10525.3_2+,DECOY_CUFF.10525.4_2+,DECOY_CUFF.10525.5_2+,DECOY_CUFF.10525.6_2+
DECOY_AGAP012375-PA	0.835141	NA	0.844888	2	DECOY_AGAP012375-PA
DECOY_AGAP012375-RA_3+	0.835141	NA	0.844888	1	DECOY_AGAP012375-RA_3+
DECOY_AGAP005302-RA_3+	0.835141	NA	0.841597	1	DECOY_AGAP005302-RA_3+,DECOY_CUFF.910.1_3+
DECOY_AGAP000657-RA_2+	0.835141	NA	0.841175	1	DECOY_AGAP000657-RA_2+
DECOY_AGAP007923-RA_3+	0.835141	NA	0.838266	1	DECOY_AGAP007923-RA_3+,DECOY_CUFF.9530.2_3+,DECOY_CUFF.9530.3_1+
DECOY_AGAP007474-RA_3+	0.835141	NA	0.834634	1	DECOY_AGAP007474-RA_3+,DECOY_CUFF.2838.1_3+,DECOY_CUFF.2838.2_2+,DECOY_CUFF.2838.3_1+,DECOY_CUFF.2838.4_1+,DECOY_CUFF.2838.5_3+
DECOY_CUFF.9740.1_1+	0.835141	NA	0.830782	1	DECOY_CUFF.9740.1_1+,DECOY_CUFF.9740.2_2+
DECOY_AGAP004571-PA	0.835141	NA	0.825120	1	DECOY_AGAP004571-PA
DECOY_AGAP005101-RA_3+	0.835141	NA	0.821050	1	DECOY_AGAP005101-RA_3+
DECOY_TCONS_00040707_3+	0.835141	NA	0.820048	1	DECOY_TCONS_00040707_3+
DECOY_CUFF.3429.4_3+	0.835141	NA	0.819879	1	DECOY_CUFF.3429.4_3+
DECOY_TCONS_00000012_3+	0.835141	NA	0.817380	1	DECOY_TCONS_00000012_3+
DECOY_AGAP002649-RA_3+	0.835141	NA	0.814675	2	DECOY_AGAP002649-RA_3+,DECOY_CUFF.4394.1_3+,DECOY_CUFF.4394.2_1+,DECOY_CUFF.4394.3_3+
DECOY_ACOM028471-PA	0.835141	NA	0.813064	1	DECOY_ACOM028471-PA,DECOY_AGAP013468-PA,DECOY_AGAP013468-RA_1+
DECOY_TCONS_00040953_3+	0.835141	NA	0.811471	1	DECOY_TCONS_00040953_3+
DECOY_TCONS_00028279_1+	0.835141	NA	0.809056	1	DECOY_TCONS_00028279_1+
DECOY_ACOM031133-PA	0.835141	NA	0.807682	1	DECOY_ACOM031133-PA,DECOY_AGAP000483-PA,DECOY_AGAP000483-PB,DECOY_AGAP000483-PC,DECOY_AGAP000483-RA_1+,DECOY_AGAP000483-RB_1+,DECOY_AGAP000483-RC_1+,DECOY_CUFF.16614.1_2+,DECOY_CUFF.16614.2_2+
DECOY_sp|Q12207|NCE2_YEAST	0.835141	NA	0.806030	1	DECOY_sp|Q12207|NCE2_YEAST
DECOY_ACOM022849-PA	0.835141	NA	0.805350	1	DECOY_ACOM022849-PA,DECOY_AGAP010960-PA,DECOY_AGAP010960-RA_1+,DECOY_CUFF.7665.1_2+
DECOY_ACOM034058-PA	0.835141	NA	0.802442	1	DECOY_ACOM034058-PA,DECOY_AGAP001399-PA,DECOY_AGAP001399-RA_2+
DECOY_sp|P53131|PRP43_YEAST	0.835141	NA	0.800035	1	DECOY_sp|P53131|PRP43_YEAST
DECOY_sp|Q12080|NOP53_YEAST	0.835141	NA	0.788722	1	DECOY_sp|Q12080|NOP53_YEAST
DECOY_AGAP010774-PA	0.835141	NA	0.788026	1	DECOY_AGAP010774-PA,DECOY_AGAP010774-RA_1+
DECOY_CUFF.9038.11_2+	0.835141	NA	0.787529	1	DECOY_CUFF.9038.11_2+
DECOY_TCONS_00014671_2+	0.835141	NA	0.785346	1	DECOY_TCONS_00014671_2+
DECOY_sp|P39518|LCF2_YEAST	0.835141	NA	0.783668	1	DECOY_sp|P39518|LCF2_YEAST
DECOY_AGAP008349-RA_3+	0.835141	NA	0.783410	1	DECOY_AGAP008349-RA_3+
DECOY_AGAP006428-RA_3+	0.835141	NA	0.782197	1	DECOY_AGAP006428-RA_3+
DECOY_AGAP013148-RA_1+	0.835141	NA	0.781069	1	DECOY_AGAP013148-RA_1+
DECOY_AGAP013315-RA_3+	0.835141	NA	0.777392	1	DECOY_AGAP013315-RA_3+,DECOY_CUFF.5769.1_3+
DECOY_AGAP009385-RA_1+	0.835141	NA	0.775742	1	DECOY_AGAP009385-RA_1+
DECOY_CUFF.9903.10_2+	0.835141	NA	0.774805	1	DECOY_CUFF.9903.10_2+,DECOY_CUFF.9903.1_3+,DECOY_CUFF.9903.2_3+,DECOY_CUFF.9903.3_3+,DECOY_CUFF.9903.4_1+,DECOY_CUFF.9903.6_1+,DECOY_CUFF.9903.7_3+,DECOY_CUFF.9903.8_3+
DECOY_CUFF.5533.1_1+	0.835141	NA	0.774499	1	DECOY_CUFF.5533.1_1+
DECOY_CUFF.16940.2_1+	0.835141	NA	0.773277	1	DECOY_CUFF.16940.2_1+
DECOY_ACOM034024-PA	0.835141	NA	0.772267	1	DECOY_ACOM034024-PA,DECOY_AGAP001373-PA,DECOY_AGAP001373-RA_1+
DECOY_ACOM027453-PA	0.835141	NA	0.768501	1	DECOY_ACOM027453-PA,DECOY_AGAP010710-PA,DECOY_AGAP010710-PB,DECOY_AGAP010710-PC,DECOY_AGAP010710-RA_1+,DECOY_CUFF.7389.1_3+,DECOY_CUFF.7389.2_2+,DECOY_CUFF.7389.3_3+,DECOY_CUFF.7389.4_2+,DECOY_CUFF.7389.5_1+
DECOY_ACOM034730-PA	0.835141	NA	0.768218	1	DECOY_ACOM034730-PA,DECOY_AGAP003879-PA,DECOY_AGAP003879-RA_1+
DECOY_sp|P40072|SLX8_YEAST	0.835141	NA	0.766456	1	DECOY_sp|P40072|SLX8_YEAST
DECOY_AGAP004907-RA_2+	0.835141	NA	0.764323	1	DECOY_AGAP004907-RA_2+,DECOY_CUFF.505.1_3+
DECOY_AGAP008692-RA_3+	0.835141	NA	0.758564	1	DECOY_AGAP008692-RA_3+
DECOY_ACOM026655-PA	0.835141	NA	0.756960	1	DECOY_ACOM026655-PA,DECOY_AGAP012843-PA,DECOY_AGAP012843-RA_1+
DECOY_AGAP007121-RA_1+	0.835141	NA	0.756713	1	DECOY_AGAP007121-RA_1+
DECOY_AGAP000330-RA_3+	0.835141	NA	0.755801	1	DECOY_AGAP000330-RA_3+,DECOY_AGAP006454-RA_3+,DECOY_CUFF.16245.1_2+,DECOY_CUFF.16245.2_2+,DECOY_CUFF.2013.2_2+,DECOY_CUFF.2013.4_1+,DECOY_CUFF.2871.1_1+,DECOY_CUFF.930.10_3+,DECOY_CUFF.930.1_2+,DECOY_CUFF.930.2_2+,DECOY_CUFF.930.7_1+,DECOY_CUFF.930.8_3+
DECOY_AGAP013051-RA_2+	0.835141	NA	0.755043	1	DECOY_AGAP013051-RA_2+
DECOY_AGAP004957-RA_2+	0.835141	NA	0.753289	1	DECOY_AGAP004957-RA_2+
DECOY_AGAP001986-RA_1+	0.835141	NA	0.751926	1	DECOY_AGAP001986-RA_1+,DECOY_CUFF.3726.1_3+
DECOY_sp|P48361|ASK10_YEAST	0.835141	NA	0.751374	1	DECOY_sp|P48361|ASK10_YEAST
DECOY_AGAP010189-RA_3+	0.835141	NA	0.751254	1	DECOY_AGAP010189-RA_3+,DECOY_CUFF.12088.1_2+,DECOY_CUFF.12088.2_1+,DECOY_CUFF.12088.3_2+,DECOY_CUFF.12088.4_2+,DECOY_CUFF.12088.5_3+,DECOY_CUFF.12088.6_3+
DECOY_AGAP009336-RA_3+	0.835141	NA	0.750431	1	DECOY_AGAP009336-RA_3+
DECOY_ACOM030724-PA	0.835141	NA	0.750363	1	DECOY_ACOM030724-PA,DECOY_AGAP007975-PA,DECOY_AGAP007975-PB,DECOY_AGAP007975-RA_2+,DECOY_AGAP007975-RB_3+,DECOY_CUFF.9614.1_3+,DECOY_CUFF.9614.2_3+,DECOY_CUFF.9614.3_2+
DECOY_AGAP003372-RA_3+	0.835141	NA	0.749765	1	DECOY_AGAP003372-RA_3+,DECOY_AGAP003372-RB_3+,DECOY_CUFF.5097.10_2+,DECOY_CUFF.5097.11_1+,DECOY_CUFF.5097.1_2+,DECOY_CUFF.5097.3_3+,DECOY_CUFF.5097.4_1+,DECOY_CUFF.5097.5_1+,DECOY_CUFF.5097.6_1+,DECOY_CUFF.5097.7_3+,DECOY_CUFF.5097.8_2+,DECOY_CUFF.5097.9_3+
DECOY_CUFF.16609.1_1+	0.835141	NA	0.749419	1	DECOY_CUFF.16609.1_1+,DECOY_CUFF.16609.2_1+
DECOY_CUFF.6302.1_3+	0.835141	NA	0.747463	1	DECOY_CUFF.6302.1_3+,DECOY_CUFF.6302.7_2+,DECOY_CUFF.6302.9_2+
DECOY_AGAP013391-RA_2+	0.835141	NA	0.745460	1	DECOY_AGAP013391-RA_2+,DECOY_CUFF.5486.1_2+,DECOY_CUFF.5486.2_3+
DECOY_TCONS_00004070_1+	0.835141	NA	0.743501	1	DECOY_TCONS_00004070_1+
DECOY_ACOM029598-PA	0.835141	NA	0.741206	1	DECOY_ACOM029598-PA,DECOY_AGAP004517-PA,DECOY_AGAP004517-RA_1+
DECOY_ACOM030623-PA	0.835141	NA	0.740159	1	DECOY_ACOM030623-PA,DECOY_AGAP028427-RA_1+,DECOY_AGAP029774-PA,DECOY_CUFF.9681.1_2+,DECOY_CUFF.9681.3_2+,DECOY_CUFF.9681.4_3+
DECOY_sp|P09959|SWI6_YEAST	0.835141	NA	0.732668	1	DECOY_sp|P09959|SWI6_YEAST
DECOY_AGAP005149-RA_3+	0.835141	NA	0.730334	1	DECOY_AGAP005149-RA_3+
DECOY_ACOM025083-PA	0.835141	NA	0.729717	1	DECOY_ACOM025083-PA,DECOY_AGAP029512-PA,DECOY_AGAP029512-PB,DECOY_AGAP029512-PC,DECOY_CUFF.1473.10_2+,DECOY_CUFF.1473.11_1+,DECOY_CUFF.1473.12_1+,DECOY_CUFF.1473.13_1+,DECOY_CUFF.1473.14_1+,DECOY_CUFF.1473.15_1+,DECOY_CUFF.1473.16_3+,DECOY_CUFF.1473.18_2+,DECOY_CUFF.1473.2_3+,DECOY_CUFF.1473.3_3+,DECOY_CUFF.1473.4_3+,DECOY_CUFF.1473.5_1+,DECOY_CUFF.1473.6_1+,DECOY_CUFF.1473.7_1+,DECOY_CUFF.1473.8_1+,DECOY_CUFF.1473.9_1+
DECOY_AGAP007833-RA_3+	0.835141	NA	0.727524	1	DECOY_AGAP007833-RA_3+,DECOY_CUFF.9461.1_1+
DECOY_AGAP008785-RA_2+	0.835141	NA	0.724457	1	DECOY_AGAP008785-RA_2+
DECOY_AGAP006792-RA_3+	0.835141	NA	0.721564	1	DECOY_AGAP006792-RA_3+
DECOY_AGAP007805-RA_3+	0.835141	NA	0.721437	1	DECOY_AGAP007805-RA_3+
DECOY_sp|P19524|MYO2_YEAST	0.835141	NA	0.716751	1	DECOY_sp|P19524|MYO2_YEAST
DECOY_CUFF.16181.1_1+	0.835141	NA	0.707161	1	DECOY_CUFF.16181.1_1+
DECOY_AGAP010081-RA_2+	0.835141	NA	0.705110	1	DECOY_AGAP010081-RA_2+
DECOY_ACOM028717-PA	0.835141	NA	0.702645	1	DECOY_ACOM028717-PA,DECOY_AGAP003638-PA,DECOY_AGAP003638-RA_1+,DECOY_CUFF.5342.1_2+
DECOY_sp|P12945|NAT1_YEAST	0.835141	NA	0.697479	1	DECOY_sp|P12945|NAT1_YEAST
DECOY_sp|Q12136|SAS10_YEAST	0.835141	NA	0.696290	1	DECOY_sp|Q12136|SAS10_YEAST
DECOY_TCONS_00002777_1+	0.835141	NA	0.694905	1	DECOY_TCONS_00002777_1+
DECOY_AGAP004417-RA_2+	0.835141	NA	0.693597	1	DECOY_AGAP004417-RA_2+
DECOY_AGAP012408-RA_3+	0.835141	NA	0.692679	1	DECOY_AGAP012408-RA_3+,DECOY_CUFF.9311.1_1+
DECOY_ACOM035054-PA	0.835141	NA	0.692035	1	DECOY_ACOM035054-PA,DECOY_AGAP005058-PB,DECOY_AGAP005058-RA_1+,DECOY_CUFF.683.1_2+
DECOY_AGAP013449-RA_3+	0.835141	NA	0.680665	1	DECOY_AGAP013449-RA_3+
DECOY_AGAP000139-RA_3+	0.835141	NA	0.680663	1	DECOY_AGAP000139-RA_3+,DECOY_CUFF.15975.1_2+
DECOY_CUFF.16393.2_3+	0.835141	NA	0.679540	1	DECOY_CUFF.16393.2_3+,DECOY_CUFF.16393.7_3+,DECOY_CUFF.16393.9_3+
DECOY_AGAP000629-PA	0.835141	NA	0.678565	1	DECOY_AGAP000629-PA,DECOY_AGAP000629-RA_1+,DECOY_AGAP013491-PA,DECOY_AGAP013491-RA_1+,DECOY_CUFF.16538.1_2+,DECOY_CUFF.16538.2_2+
DECOY_TCONS_00039699_3+	0.835141	NA	0.676804	1	DECOY_TCONS_00039699_3+
DECOY_AGAP009061-RA_3+	0.835141	NA	0.675379	1	DECOY_AGAP009061-RA_3+,DECOY_CUFF.10700.1_3+,DECOY_CUFF.10700.2_1+,DECOY_CUFF.10700.3_3+
DECOY_ACOM039903-PA	0.835141	NA	0.673756	1	DECOY_ACOM039903-PA,DECOY_AGAP006324-PA,DECOY_AGAP006324-RA_1+,DECOY_CUFF.1810.1_1+
DECOY_CUFF.16469.1_3+	0.835141	NA	0.672086	1	DECOY_CUFF.16469.1_3+,DECOY_CUFF.16469.2_3+
DECOY_CUFF.9747.1_1+	0.835141	NA	0.669558	1	DECOY_CUFF.9747.1_1+
DECOY_CUFF.4671.1_1+	0.835141	NA	0.665747	1	DECOY_CUFF.4671.1_1+,DECOY_CUFF.4671.2_2+
DECOY_TCONS_00007781_3+	0.835141	NA	0.665636	1	DECOY_TCONS_00007781_3+
DECOY_CUFF.9520.1_3+	0.835141	NA	0.661957	2	DECOY_CUFF.9520.1_3+,DECOY_CUFF.9520.2_3+
DECOY_AGAP001499-RA_1+	0.835141	NA	0.661587	1	DECOY_AGAP001499-RA_1+,DECOY_AGAP001499-RB_2+,DECOY_CUFF.3284.1_2+,DECOY_CUFF.3284.2_2+,DECOY_CUFF.3284.3_3+
DECOY_CUFF.2829.4_3+	0.835141	NA	0.660299	1	DECOY_CUFF.2829.4_3+,DECOY_CUFF.2829.5_3+
DECOY_ACOM043071-PA	0.835141	NA	0.652599	1	DECOY_ACOM043071-PA
DECOY_AGAP002272-PA	0.835141	NA	0.650849	1	DECOY_AGAP002272-PA,DECOY_AGAP002272-PB,DECOY_AGAP002272-PC,DECOY_AGAP002272-RA_1+,DECOY_AGAP002272-RB_1+,DECOY_AGAP002272-RC_1+,DECOY_CUFF.4117.1_1+,DECOY_CUFF.4117.3_1+,DECOY_CUFF.4117.6_1+,DECOY_CUFF.4117.8_3+,DECOY_CUFF.4117.9_1+
DECOY_CUFF.8960.1_2+	0.835141	NA	0.648718	1	DECOY_CUFF.8960.1_2+
DECOY_AGAP012389-RA_2+	0.835141	NA	0.647972	1	DECOY_AGAP012389-RA_2+
DECOY_AGAP000932-PA	0.835141	NA	0.647810	1	DECOY_AGAP000932-PA,DECOY_CUFF.17150.5_3+
DECOY_AGAP000183-RA_1+	0.835141	NA	0.645632	1	DECOY_AGAP000183-RA_1+,DECOY_CUFF.16090.1_2+
DECOY_AGAP004631-RA_3+	0.835141	NA	0.641390	1	DECOY_AGAP004631-RA_3+,DECOY_CUFF.6351.1_2+,DECOY_CUFF.6351.2_2+
DECOY_ACOM039513-PA	0.835141	NA	0.641001	1	DECOY_ACOM039513-PA,DECOY_AGAP006570-PA,DECOY_AGAP006570-RA_1+
DECOY_CUFF.16018.1_1+	0.835141	NA	0.639588	1	DECOY_CUFF.16018.1_1+
DECOY_sp|P32944|SWE1_YEAST	0.835141	NA	0.639386	1	DECOY_sp|P32944|SWE1_YEAST
DECOY_AGAP001458-RA_1+	0.835141	NA	0.636502	1	DECOY_AGAP001458-RA_1+
DECOY_AGAP011485-RA_3+	0.835141	NA	0.635610	1	DECOY_AGAP011485-RA_3+,DECOY_CUFF.8491.1_1+
DECOY_ACOM038110-PA	0.835141	NA	0.634146	1	DECOY_ACOM038110-PA,DECOY_AGAP011232-PA,DECOY_AGAP011232-RA_1+,DECOY_CUFF.7972.1_1+
DECOY_TCONS_00006725_2+	0.835141	NA	0.632675	1	DECOY_TCONS_00006725_2+,DECOY_TCONS_00006726_2+,DECOY_TCONS_00006727_2+
DECOY_AGAP000073-PA	0.835141	NA	0.630600	1	DECOY_AGAP000073-PA,DECOY_AGAP000073-RA_1+,DECOY_CUFF.15857.1_3+,DECOY_CUFF.15857.2_2+
DECOY_ACOM031249-PA	0.835141	NA	0.626738	1	DECOY_ACOM031249-PA,DECOY_AGAP005743-PA,DECOY_AGAP005743-RA_3+
DECOY_CUFF.4441.3_2+	0.835141	NA	0.612496	1	DECOY_CUFF.4441.3_2+,DECOY_CUFF.4441.8_3+
DECOY_CUFF.3064.1_2+	0.835141	NA	0.611191	1	DECOY_CUFF.3064.1_2+,DECOY_CUFF.3064.2_1+,DECOY_CUFF.3064.3_1+
DECOY_ACOM034870-PA	0.835141	NA	0.610254	1	DECOY_ACOM034870-PA,DECOY_AGAP028486-PA,DECOY_CUFF.5544.4_1+
DECOY_ACOM039978-PA	0.835141	NA	0.607698	1	DECOY_ACOM039978-PA,DECOY_AGAP006252-PA,DECOY_AGAP006252-RA_1+
DECOY_ACOM033578-PA	0.835141	NA	0.606055	1	DECOY_ACOM033578-PA,DECOY_AGAP000911-PA,DECOY_AGAP000911-RA_3+
DECOY_ACOM041442-PA	0.835141	NA	0.604917	1	DECOY_ACOM041442-PA,DECOY_AGAP011492-PA,DECOY_AGAP011492-RA_1+,DECOY_CUFF.8318.1_2+,DECOY_CUFF.8318.2_3+
DECOY_CUFF.8827.10_2+	0.835141	NA	0.596850	1	DECOY_CUFF.8827.10_2+,DECOY_CUFF.8827.11_1+,DECOY_CUFF.8827.1_2+,DECOY_CUFF.8827.2_2+
DECOY_CUFF.9405.1_3+	0.835141	NA	0.594462	1	DECOY_CUFF.9405.1_3+
DECOY_CUFF.457.1_2+	0.835141	NA	0.592813	1	DECOY_CUFF.457.1_2+,DECOY_CUFF.457.2_2+,DECOY_CUFF.457.3_2+
DECOY_AGAP002048-RA_2+	0.835141	NA	0.592708	1	DECOY_AGAP002048-RA_2+,DECOY_AGAP002048-RB_2+,DECOY_CUFF.3759.1_3+,DECOY_CUFF.3759.2_3+,DECOY_CUFF.3759.3_2+
DECOY_ACOM029926-PA	0.835141	NA	0.589037	1	DECOY_ACOM029926-PA,DECOY_AGAP008467-PA,DECOY_AGAP008467-RA_2+,DECOY_CUFF.10006.1_1+,DECOY_CUFF.10006.2_1+
DECOY_ACOM031730-PA	0.835141	NA	0.588282	1	DECOY_ACOM031730-PA,DECOY_AGAP006765-PA,DECOY_AGAP006765-PB,DECOY_AGAP006765-RA_3+,DECOY_AGAP006765-RB_1+
DECOY_AGAP011087-RA_2+	0.835141	NA	0.587892	1	DECOY_AGAP011087-RA_2+,DECOY_CUFF.7787.1_1+
DECOY_AGAP008217-RA_3+	0.835141	NA	0.586683	1	DECOY_AGAP008217-RA_3+
DECOY_CUFF.934.1_3+	0.835141	NA	0.582466	1	DECOY_CUFF.934.1_3+,DECOY_CUFF.934.2_3+,DECOY_CUFF.934.4_2+,DECOY_CUFF.934.5_1+
DECOY_AGAP011900-RA_2+	0.835141	NA	0.582044	1	DECOY_AGAP011900-RA_2+
DECOY_AGAP006623-RA_2+	0.835141	NA	0.581257	1	DECOY_AGAP006623-RA_2+
DECOY_ACOM035393-PA	0.835141	NA	0.580410	1	DECOY_ACOM035393-PA
DECOY_sp|P39958|GDI1_YEAST	0.835141	NA	0.577017	2	DECOY_sp|P39958|GDI1_YEAST
DECOY_AGAP007881-RA_2+	0.835141	NA	0.574560	1	DECOY_AGAP007881-RA_2+
DECOY_ACOM034768-PA	0.835141	NA	0.572924	1	DECOY_ACOM034768-PA
DECOY_CUFF.2050.1_1+	0.835141	NA	0.569150	1	DECOY_CUFF.2050.1_1+,DECOY_CUFF.2050.2_1+
DECOY_AGAP002874-RA_2+	0.835141	NA	0.564729	1	DECOY_AGAP002874-RA_2+,DECOY_CUFF.4552.1_3+,DECOY_CUFF.4552.2_2+
DECOY_AGAP012245-RA_3+	0.835141	NA	0.561651	1	DECOY_AGAP012245-RA_3+,DECOY_CUFF.9180.1_3+,DECOY_CUFF.9180.2_2+,DECOY_CUFF.9180.3_1+,DECOY_CUFF.9180.4_2+
DECOY_ACOM033015-PA	0.835141	NA	0.561107	1	DECOY_ACOM033015-PA,DECOY_AGAP004290-RA_2+,DECOY_AGAP013168-PA,DECOY_AGAP013168-RA_1+
DECOY_AGAP008223-RA_3+	0.835141	NA	0.559140	1	DECOY_AGAP008223-RA_3+
DECOY_AGAP011057-RA_2+	0.835141	NA	0.557662	1	DECOY_AGAP011057-RA_2+,DECOY_CUFF.7754.1_2+,DECOY_TCONS_00035333_1+
DECOY_AGAP005300-RA_3+	0.835141	NA	0.556531	1	DECOY_AGAP005300-RA_3+,DECOY_AGAP005300-RB_1+,DECOY_AGAP005300-RC_3+,DECOY_CUFF.967.1_1+,DECOY_CUFF.967.2_2+
DECOY_AGAP012011-RA_3+	0.835141	NA	0.556504	1	DECOY_AGAP012011-RA_3+,DECOY_CUFF.8942.1_1+
DECOY_ACOM029122-PA	0.835141	NA	0.554488	1	DECOY_ACOM029122-PA,DECOY_AGAP009027-PA,DECOY_AGAP009027-RA_1+,DECOY_CUFF.10624.1_1+
DECOY_sp|P06776|PDE2_YEAST	0.835141	NA	0.554469	1	DECOY_sp|P06776|PDE2_YEAST
DECOY_AGAP001699-RA_3+	0.835141	NA	0.551244	1	DECOY_AGAP001699-RA_3+
DECOY_ACOM035408-PA	0.835141	NA	0.547952	1	DECOY_ACOM035408-PA,DECOY_AGAP013426-PA
DECOY_CUFF.3848.1_2+	0.835141	NA	0.547765	1	DECOY_CUFF.3848.1_2+
DECOY_sp|P33301|XRS2_YEAST	0.835141	NA	0.543604	1	DECOY_sp|P33301|XRS2_YEAST
DECOY_TCONS_00037596_2+	0.835141	NA	0.536298	1	DECOY_TCONS_00037596_2+,DECOY_TCONS_00037597_3+
DECOY_AGAP001826-RA_3+	0.835141	NA	0.536197	1	DECOY_AGAP001826-RA_3+,DECOY_CUFF.3604.1_1+
DECOY_sp|P25300|BUD5_YEAST	0.835141	NA	0.535799	1	DECOY_sp|P25300|BUD5_YEAST
DECOY_AGAP000926-RA_2+	0.835141	NA	0.532830	1	DECOY_AGAP000926-RA_2+,DECOY_AGAP000926-RB_2+,DECOY_CUFF.17140.10_1+,DECOY_CUFF.17140.11_1+,DECOY_CUFF.17140.13_2+,DECOY_CUFF.17140.14_2+,DECOY_CUFF.17140.15_1+,DECOY_CUFF.17140.3_3+,DECOY_CUFF.17140.4_2+,DECOY_CUFF.17140.5_2+,DECOY_CUFF.17140.6_2+,DECOY_CUFF.17140.7_2+,DECOY_CUFF.17140.8_1+,DECOY_CUFF.17140.9_2+
DECOY_AGAP003652-PA	0.835141	NA	0.531266	1	DECOY_AGAP003652-PA,DECOY_AGAP003652-PB,DECOY_AGAP003652-RA_2+,DECOY_AGAP003652-RB_3+
DECOY_CUFF.5382.1_2+	0.835141	NA	0.531098	1	DECOY_CUFF.5382.1_2+
DECOY_ACOM039846-PA	0.835141	NA	0.527370	1	DECOY_ACOM039846-PA,DECOY_AGAP006373-PA,DECOY_AGAP006373-RA_1+,DECOY_CUFF.1856.1_3+,DECOY_CUFF.1856.2_2+,DECOY_CUFF.1856.3_3+,DECOY_CUFF.1856.4_3+
DECOY_CUFF.11868.1_2+	0.835141	NA	0.525283	1	DECOY_CUFF.11868.1_2+,DECOY_CUFF.11868.2_1+,DECOY_CUFF.11868.3_2+
DECOY_AGAP008763-RA_2+	0.835141	NA	0.524686	1	DECOY_AGAP008763-RA_2+,DECOY_AGAP008763-RB_1+,DECOY_CUFF.10286.3_1+
DECOY_AGAP006908-RA_3+	0.835141	NA	0.521815	1	DECOY_AGAP006908-RA_3+,DECOY_CUFF.2357.1_2+,DECOY_CUFF.2357.2_3+,DECOY_CUFF.2357.3_3+,DECOY_CUFF.2357.5_3+
DECOY_sp|P32660|ATC5_YEAST	0.835141	NA	0.519971	1	DECOY_sp|P32660|ATC5_YEAST
DECOY_AGAP000217-RA_3+	0.835141	NA	0.519209	1	DECOY_AGAP000217-RA_3+,DECOY_CUFF.16127.1_3+,DECOY_CUFF.16127.2_1+
DECOY_CUFF.5451.1_1+	0.835141	NA	0.517033	1	DECOY_CUFF.5451.1_1+,DECOY_CUFF.5451.2_2+,DECOY_CUFF.5451.3_2+,DECOY_CUFF.5451.6_3+,DECOY_CUFF.5451.7_3+
DECOY_CUFF.7699.2_3+	0.835141	NA	0.512996	1	DECOY_CUFF.7699.2_3+,DECOY_CUFF.7699.3_3+
DECOY_AGAP002797-RA_2+	0.835141	NA	0.510752	1	DECOY_AGAP002797-RA_2+,DECOY_AGAP002797-RB_2+,DECOY_CUFF.4475.1_2+,DECOY_CUFF.4475.2_1+,DECOY_CUFF.4475.3_3+
DECOY_AGAP000368-PA	0.835141	NA	0.505171	1	DECOY_AGAP000368-PA,DECOY_AGAP000368-RA_3+
DECOY_AGAP012027-RA_3+	0.835141	NA	0.500443	1	DECOY_AGAP012027-RA_3+,DECOY_CUFF.8958.1_2+,DECOY_CUFF.8958.2_2+,DECOY_CUFF.8958.3_3+,DECOY_CUFF.8958.4_3+,DECOY_CUFF.8958.6_2+,DECOY_CUFF.8958.7_2+
DECOY_AGAP000214-PA	0.835141	NA	0.499607	1	DECOY_AGAP000214-PA,DECOY_AGAP000214-RA_1+,DECOY_CUFF.16101.10_3+,DECOY_CUFF.16101.1_2+,DECOY_CUFF.16101.2_1+,DECOY_CUFF.16101.3_1+,DECOY_CUFF.16101.4_3+,DECOY_CUFF.16101.5_2+,DECOY_CUFF.16101.6_1+,DECOY_CUFF.16101.7_1+,DECOY_CUFF.16101.8_3+,DECOY_CUFF.16101.9_3+
DECOY_AGAP012175-RA_3+	0.835141	NA	0.499158	1	DECOY_AGAP012175-RA_3+,DECOY_CUFF.9097.1_1+,DECOY_CUFF.9097.2_3+,DECOY_CUFF.9097.3_3+
DECOY_AGAP003513-PA	0.835141	NA	0.497212	1	DECOY_AGAP003513-PA,DECOY_AGAP003513-RA_2+
DECOY_ACOM033621-PA	0.835141	NA	0.497139	1	DECOY_ACOM033621-PA
DECOY_CUFF.11276.1_3+	0.835141	NA	0.494764	1	DECOY_CUFF.11276.1_3+,DECOY_CUFF.11276.2_3+,DECOY_CUFF.11276.3_3+,DECOY_CUFF.11276.4_3+,DECOY_CUFF.11276.5_3+,DECOY_CUFF.11276.6_3+
DECOY_CUFF.915.1_2+	0.835141	NA	0.494280	1	DECOY_CUFF.915.1_2+,DECOY_CUFF.915.2_1+
DECOY_ACOM036764-PA	0.835141	NA	0.493545	1	DECOY_ACOM036764-PA
DECOY_AGAP008411-RA_2+	0.835141	NA	0.492433	1	DECOY_AGAP008411-RA_2+,DECOY_CUFF.9947.1_3+
DECOY_sp|Q12402|YOP1_YEAST	0.835141	NA	0.490408	1	DECOY_sp|Q12402|YOP1_YEAST
DECOY_CUFF.571.4_2+	0.835141	NA	0.487815	1	DECOY_CUFF.571.4_2+
DECOY_sp|P40884|IMA5_YEAST	0.835141	NA	0.484963	1	DECOY_sp|P40884|IMA5_YEAST
DECOY_ACOM036763-PA	0.835141	NA	0.484097	1	DECOY_ACOM036763-PA,DECOY_AGAP002579-RA_1+,DECOY_AGAP029605-PA,DECOY_AGAP029605-PB,DECOY_CUFF.4313.1_1+,DECOY_CUFF.4313.2_3+,DECOY_CUFF.4313.3_1+,DECOY_CUFF.4313.6_1+
DECOY_TCONS_00007563_3+	0.835141	NA	0.482963	1	DECOY_TCONS_00007563_3+
DECOY_CUFF.16527.1_1+	0.835141	NA	0.480739	1	DECOY_CUFF.16527.1_1+
DECOY_AGAP003276-RA_2+	0.835141	NA	0.476181	1	DECOY_AGAP003276-RA_2+,DECOY_CUFF.4989.1_3+,DECOY_CUFF.4989.2_1+,DECOY_CUFF.4989.3_2+,DECOY_CUFF.4989.4_2+,DECOY_CUFF.4989.5_1+,DECOY_CUFF.4989.6_2+,DECOY_CUFF.4989.7_3+,DECOY_CUFF.4989.8_2+
DECOY_ACOM029104-PA	0.835141	NA	0.476175	1	DECOY_ACOM029104-PA,DECOY_AGAP008683-PA,DECOY_AGAP008683-RA_1+,DECOY_CUFF.10303.1_1+,DECOY_CUFF.10303.2_1+
DECOY_CUFF.8713.1_3+	0.835141	NA	0.470561	1	DECOY_CUFF.8713.1_3+
DECOY_CUFF.576.1_3+	0.835141	NA	0.466971	1	DECOY_CUFF.576.1_3+,DECOY_CUFF.576.2_1+,DECOY_CUFF.576.4_2+,DECOY_CUFF.576.5_2+,DECOY_CUFF.576.6_1+,DECOY_CUFF.576.7_1+
DECOY_CUFF.2668.10_2+	0.835141	NA	0.464682	1	DECOY_CUFF.2668.10_2+,DECOY_CUFF.2668.7_3+
DECOY_AGAP004584-RA_2+	0.835141	NA	0.459566	1	DECOY_AGAP004584-RA_2+,DECOY_CUFF.6267.1_2+,DECOY_CUFF.6267.2_2+
DECOY_ACOM041687-PA	0.835141	NA	0.459090	1	DECOY_ACOM041687-PA,DECOY_AGAP010500-PA,DECOY_AGAP010500-RA_3+
DECOY_sp|P42940|ETFB_YEAST	0.835141	NA	0.457051	1	DECOY_sp|P42940|ETFB_YEAST
DECOY_sp|Q08438|VHS3_YEAST	0.835141	NA	0.455674	1	DECOY_sp|Q08438|VHS3_YEAST
DECOY_TCONS_00039521_2+	0.835141	NA	0.454531	1	DECOY_TCONS_00039521_2+
DECOY_ACOM030124-PA	0.835141	NA	0.453993	1	DECOY_ACOM030124-PA,DECOY_AGAP008335-PA,DECOY_AGAP008335-RA_1+
DECOY_CUFF.16934.1_2+	0.835141	NA	0.452241	1	DECOY_CUFF.16934.1_2+,DECOY_CUFF.16934.3_2+,DECOY_CUFF.16934.4_1+,DECOY_CUFF.16934.5_1+,DECOY_CUFF.16934.6_2+,DECOY_CUFF.16934.7_1+
DECOY_AGAP000558-PB	0.835141	NA	0.450176	1	DECOY_AGAP000558-PB,DECOY_AGAP000558-RB_1+,DECOY_CUFF.16455.2_1+
DECOY_CUFF.700.2_1+	0.835141	NA	0.446804	1	DECOY_CUFF.700.2_1+,DECOY_CUFF.700.5_2+,DECOY_CUFF.700.6_1+
DECOY_CUFF.8488.10_2+	0.835141	NA	0.442122	1	DECOY_CUFF.8488.10_2+
DECOY_sp|P53037|PSD2_YEAST	0.835141	NA	0.438810	1	DECOY_sp|P53037|PSD2_YEAST
DECOY_AGAP006039-RA_2+	0.835141	NA	0.437512	1	DECOY_AGAP006039-RA_2+
DECOY_AGAP003803-RA_2+	0.835141	NA	0.435287	1	DECOY_AGAP003803-RA_2+
DECOY_CUFF.3645.10_3+	0.835141	NA	0.432581	1	DECOY_CUFF.3645.10_3+,DECOY_CUFF.3645.4_2+,DECOY_CUFF.3645.5_1+,DECOY_CUFF.3645.6_3+,DECOY_CUFF.3645.7_3+,DECOY_CUFF.3645.8_1+,DECOY_CUFF.3645.9_3+
DECOY_CUFF.2055.1_2+	0.835141	NA	0.431324	1	DECOY_CUFF.2055.1_2+,DECOY_CUFF.2055.2_2+,DECOY_CUFF.2055.3_1+,DECOY_CUFF.2055.4_1+,DECOY_CUFF.2055.5_3+,DECOY_CUFF.2925.1_3+,DECOY_CUFF.2925.2_3+,DECOY_CUFF.2925.3_1+,DECOY_CUFF.2925.4_1+,DECOY_CUFF.2925.5_1+
DECOY_sp|P07271|PIF1_YEAST	0.835141	NA	0.431131	1	DECOY_sp|P07271|PIF1_YEAST
DECOY_AGAP006398-PA	0.835141	NA	0.424827	1	DECOY_AGAP006398-PA,DECOY_AGAP006398-RA_2+
DECOY_CUFF.15954.3_2+	0.835141	NA	0.421312	1	DECOY_CUFF.15954.3_2+
DECOY_ACOM026450-PA	0.835141	NA	0.410611	1	DECOY_ACOM026450-PA
DECOY_ACOM037180-PA	0.835141	NA	0.410415	1	DECOY_ACOM037180-PA,DECOY_AGAP002323-PA,DECOY_AGAP002323-RA_1+
DECOY_CUFF.4478.1_2+	0.835141	NA	0.407759	1	DECOY_CUFF.4478.1_2+,DECOY_CUFF.4478.2_3+,DECOY_CUFF.4478.3_3+,DECOY_CUFF.4478.4_2+,DECOY_CUFF.4478.6_2+
DECOY_sp|P40086|COX15_YEAST	0.835141	NA	0.406297	1	DECOY_sp|P40086|COX15_YEAST
DECOY_CUFF.14291.1_3+	0.835141	NA	0.405351	1	DECOY_CUFF.14291.1_3+
DECOY_TCONS_00034022_1+	0.835141	NA	0.401315	1	DECOY_TCONS_00034022_1+
DECOY_TCONS_00022932_2+	0.835141	NA	0.400956	1	DECOY_TCONS_00022932_2+
DECOY_AGAP012213-RA_1+	0.835141	NA	0.399282	1	DECOY_AGAP012213-RA_1+,DECOY_AGAP028635-PA,DECOY_CUFF.9141.1_2+
DECOY_CUFF.16358.1_3+	0.835141	NA	0.398539	1	DECOY_CUFF.16358.1_3+
DECOY_ACOM027659-PA	0.835141	NA	0.393683	1	DECOY_ACOM027659-PA,DECOY_AGAP010849-PA,DECOY_AGAP010849-RA_2+,DECOY_CUFF.7517.1_1+
DECOY_AGAP009007-RA_3+	0.835141	NA	0.393498	1	DECOY_AGAP009007-RA_3+,DECOY_CUFF.10591.1_2+,DECOY_CUFF.10591.3_3+
DECOY_ACOM033049-PA	0.835141	NA	0.392941	1	DECOY_ACOM033049-PA,DECOY_AGAP004271-PA,DECOY_AGAP004271-RA_2+
DECOY_TCONS_00031946_3+	0.835141	NA	0.392918	1	DECOY_TCONS_00031946_3+
DECOY_CUFF.1651.2_2+	0.835141	NA	0.390515	1	DECOY_CUFF.1651.2_2+
DECOY_CUFF.9886.1_2+	0.835141	NA	0.388810	1	DECOY_CUFF.9886.1_2+,DECOY_CUFF.9886.2_3+,DECOY_CUFF.9886.3_1+,DECOY_CUFF.9886.4_2+
DECOY_CUFF.2762.1_3+	0.835141	NA	0.386632	1	DECOY_CUFF.2762.1_3+
DECOY_AGAP000249-RA_1+	0.835141	NA	0.386523	1	DECOY_AGAP000249-RA_1+
DECOY_CUFF.5114.5_2+	0.835141	NA	0.383550	1	DECOY_CUFF.5114.5_2+
DECOY_AGAP003610-RA_3+	0.835141	NA	0.381700	1	DECOY_AGAP003610-RA_3+
DECOY_CUFF.4260.1_3+	0.835141	NA	0.371398	1	DECOY_CUFF.4260.1_3+
DECOY_AGAP004604-PA	0.835141	NA	0.369811	1	DECOY_AGAP004604-PA,DECOY_AGAP004604-RA_1+,DECOY_CUFF.6454.1_3+,DECOY_CUFF.6454.2_2+,DECOY_CUFF.6454.6_1+
DECOY_AGAP029065-PA	0.835141	NA	0.361478	1	DECOY_AGAP029065-PA
DECOY_ACOM037496-PA	0.835141	NA	0.358087	1	DECOY_ACOM037496-PA,DECOY_AGAP002903-PA,DECOY_AGAP002903-RA_1+
DECOY_AGAP010849-RA_1+	0.835141	NA	0.356854	1	DECOY_AGAP010849-RA_1+,DECOY_CUFF.7517.1_3+
DECOY_CUFF.1455.1_1+	0.835141	NA	0.351513	1	DECOY_CUFF.1455.1_1+
DECOY_AGAP000984-PA	0.835141	NA	0.349554	1	DECOY_AGAP000984-PA,DECOY_AGAP000984-RA_1+,DECOY_CUFF.17231.1_1+,DECOY_CUFF.17231.2_3+,DECOY_CUFF.17231.3_1+
DECOY_CUFF.17231.5_1+	0.835141	NA	0.349554	2	DECOY_CUFF.17231.5_1+
DECOY_AGAP005901-RA_2+	0.835141	NA	0.348144	1	DECOY_AGAP005901-RA_2+,DECOY_CUFF.1535.10_2+,DECOY_CUFF.1535.1_2+,DECOY_CUFF.1535.2_2+,DECOY_CUFF.1535.3_3+,DECOY_CUFF.1535.4_1+,DECOY_CUFF.1535.5_3+,DECOY_CUFF.1535.8_3+,DECOY_CUFF.1535.9_2+
DECOY_AGAP009550-PA	0.835141	NA	0.346660	1	DECOY_AGAP009550-PA,DECOY_AGAP009550-PB
DECOY_AGAP008943-RA_2+	0.835141	NA	0.342068	1	DECOY_AGAP008943-RA_2+,DECOY_CUFF.10488.1_3+,DECOY_CUFF.10488.2_3+
DECOY_AGAP001098-RA_1+	0.835141	NA	0.341779	1	DECOY_AGAP001098-RA_1+,DECOY_CUFF.2977.2_2+
DECOY_AGAP008438-RA_1+	0.835141	NA	0.327600	1	DECOY_AGAP008438-RA_1+,DECOY_AGAP012637-RA_3+,DECOY_CUFF.13934.1_2+,DECOY_CUFF.13934.2_1+
DECOY_AGAP004192-RA_3+	0.835141	NA	0.323826	1	DECOY_AGAP004192-RA_3+,DECOY_CUFF.6126.1_1+,DECOY_CUFF.6126.3_3+
DECOY_AGAP006688-RA_1+	0.835141	NA	0.322308	1	DECOY_AGAP006688-RA_1+
DECOY_AGAP010819-PA	0.835141	NA	0.319941	1	DECOY_AGAP010819-PA,DECOY_AGAP010819-RA_1+,DECOY_AGAP010831-PA,DECOY_AGAP010831-RA_3+,DECOY_AGAP010832-PA,DECOY_AGAP010832-RA_1+
DECOY_AGAP002287-RA_1+	0.835141	NA	0.319740	1	DECOY_AGAP002287-RA_1+,DECOY_CUFF.4044.1_3+
DECOY_CUFF.7531.1_1+	0.835141	NA	0.318930	1	DECOY_CUFF.7531.1_1+,DECOY_CUFF.7531.2_3+,DECOY_CUFF.7531.3_3+
DECOY_sp|P53969|SAM50_YEAST	0.835141	NA	0.312771	1	DECOY_sp|P53969|SAM50_YEAST
DECOY_ACOM036475-PA	0.835141	NA	0.293058	1	DECOY_ACOM036475-PA
DECOY_ACOM035905-PA	0.835141	NA	0.287597	1	DECOY_ACOM035905-PA,DECOY_AGAP000019-PA,DECOY_AGAP000019-RA_1+,DECOY_CUFF.15782.1_3+
DECOY_AGAP006935-RC_2+	0.835141	NA	0.281227	1	DECOY_AGAP006935-RC_2+,DECOY_CUFF.2398.1_1+,DECOY_CUFF.2398.4_1+,DECOY_CUFF.2398.8_2+
DECOY_CUFF.1633.1_1+	0.835141	NA	0.280004	1	DECOY_CUFF.1633.1_1+,DECOY_CUFF.1633.2_1+,DECOY_CUFF.1633.3_1+
DECOY_CUFF.16784.1_2+	0.835141	NA	0.279441	1	DECOY_CUFF.16784.1_2+,DECOY_CUFF.16784.2_1+,DECOY_CUFF.16784.3_3+,DECOY_CUFF.16784.4_3+,DECOY_CUFF.16784.6_1+
DECOY_ACOM022501-PA	0.835141	NA	0.276626	1	DECOY_ACOM022501-PA
DECOY_AGAP002091-RA_1+	0.835141	NA	0.275474	1	DECOY_AGAP002091-RA_1+
DECOY_AGAP007645-RA_3+	0.835141	NA	0.274615	1	DECOY_AGAP007645-RA_3+,DECOY_CUFF.2902.1_3+
DECOY_CUFF.1806.1_2+	0.835141	NA	0.273747	1	DECOY_CUFF.1806.1_2+,DECOY_CUFF.1806.2_2+,DECOY_CUFF.1806.3_1+,DECOY_CUFF.1806.4_3+
DECOY_CUFF.9891.1_3+	0.835141	NA	0.273221	1	DECOY_CUFF.9891.1_3+
DECOY_CUFF.6862.3_1+	0.835141	NA	0.272913	1	DECOY_CUFF.6862.3_1+
DECOY_CUFF.1324.1_3+	0.835141	NA	0.268429	1	DECOY_CUFF.1324.1_3+,DECOY_CUFF.1324.2_2+,DECOY_CUFF.1324.3_3+,DECOY_CUFF.1324.4_2+,DECOY_CUFF.1324.5_3+
DECOY_AGAP002262-RA_3+	0.835141	NA	0.268388	1	DECOY_AGAP002262-RA_3+,DECOY_CUFF.4047.10_1+,DECOY_CUFF.4047.11_3+,DECOY_CUFF.4047.12_3+,DECOY_CUFF.4047.1_2+,DECOY_CUFF.4047.2_3+,DECOY_CUFF.4047.3_2+,DECOY_CUFF.4047.4_2+,DECOY_CUFF.4047.5_2+,DECOY_CUFF.4047.6_2+,DECOY_CUFF.4047.7_1+,DECOY_CUFF.4047.8_2+,DECOY_CUFF.4047.9_3+
DECOY_AGAP007314-RA_3+	0.835141	NA	0.267858	1	DECOY_AGAP007314-RA_3+
DECOY_CUFF.11099.1_2+	0.835141	NA	0.264930	1	DECOY_CUFF.11099.1_2+,DECOY_CUFF.11099.2_2+,DECOY_CUFF.11099.3_3+
DECOY_AGAP013032-RA_3+	0.835141	NA	0.263333	1	DECOY_AGAP013032-RA_3+,DECOY_CUFF.5636.1_2+,DECOY_CUFF.5636.2_2+,DECOY_CUFF.5636.3_2+
DECOY_AGAP006219-RA_2+	0.835141	NA	0.259965	1	DECOY_AGAP006219-RA_2+,DECOY_CUFF.1777.1_3+,DECOY_CUFF.1777.2_2+,DECOY_CUFF.1777.3_2+
DECOY_sp|P07257|QCR2_YEAST	0.835141	NA	0.255946	1	DECOY_sp|P07257|QCR2_YEAST
DECOY_TCONS_00009794_1+	0.835141	NA	0.254579	1	DECOY_TCONS_00009794_1+
DECOY_CUFF.5550.1_2+	0.835141	NA	0.253486	1	DECOY_CUFF.5550.1_2+,DECOY_CUFF.5550.2_1+,DECOY_CUFF.5550.3_1+
DECOY_ACOM035685-PA	0.835141	NA	0.251405	1	DECOY_ACOM035685-PA,DECOY_AGAP003206-PA,DECOY_AGAP003206-PB,DECOY_AGAP003206-PC,DECOY_AGAP003206-RA_1+,DECOY_AGAP003206-RB_1+,DECOY_CUFF.4942.10_1+,DECOY_CUFF.4942.1_1+,DECOY_CUFF.4942.2_2+,DECOY_CUFF.4942.3_1+,DECOY_CUFF.4942.4_3+,DECOY_CUFF.4942.5_3+,DECOY_CUFF.4942.6_1+,DECOY_CUFF.4942.7_1+,DECOY_CUFF.4942.8_3+,DECOY_CUFF.4942.9_2+
DECOY_AGAP028072-RA_2+	0.835141	NA	0.247320	1	DECOY_AGAP028072-RA_2+,DECOY_CUFF.8067.1_2+,DECOY_CUFF.8067.4_1+
DECOY_AGAP002996-RA_3+	0.835141	NA	0.244977	1	DECOY_AGAP002996-RA_3+,DECOY_AGAP002996-RB_1+,DECOY_AGAP002996-RC_2+,DECOY_AGAP002996-RD_2+,DECOY_CUFF.4699.1_2+,DECOY_CUFF.4699.2_3+,DECOY_CUFF.4699.7_1+
DECOY_AGAP001208-RC_3+	0.835141	NA	0.242369	1	DECOY_AGAP001208-RC_3+,DECOY_CUFF.3035.10_3+,DECOY_CUFF.3035.1_3+,DECOY_CUFF.3035.2_3+,DECOY_CUFF.3035.3_1+,DECOY_CUFF.3035.4_2+,DECOY_CUFF.3035.5_3+,DECOY_CUFF.3035.6_3+,DECOY_CUFF.3035.7_3+,DECOY_CUFF.3035.8_2+,DECOY_CUFF.3035.9_2+
DECOY_ACOM038203-PA	0.835141	NA	0.241360	1	DECOY_ACOM038203-PA,DECOY_AGAP011192-PA,DECOY_AGAP011192-PB,DECOY_CUFF.7935.1_1+,DECOY_CUFF.7935.2_1+
DECOY_AGAP003090-RA_2+	0.835141	NA	0.239645	1	DECOY_AGAP003090-RA_2+,DECOY_AGAP003090-RB_2+,DECOY_CUFF.4744.1_2+,DECOY_CUFF.4744.2_2+
DECOY_ACOM035541-PA	0.835141	NA	0.239212	1	DECOY_ACOM035541-PA,DECOY_AGAP003111-PA,DECOY_AGAP003111-RA_1+,DECOY_CUFF.4764.1_3+
DECOY_AGAP000909-RA_2+	0.835141	NA	0.233388	1	DECOY_AGAP000909-RA_2+,DECOY_CUFF.17170.1_2+
DECOY_ACOM039502-PA	0.835141	NA	0.225347	1	DECOY_ACOM039502-PA,DECOY_AGAP006551-PA,DECOY_AGAP006551-RA_3+
DECOY_ACOM024631-PA	0.835141	NA	0.219717	1	DECOY_ACOM024631-PA,DECOY_AGAP006129-PA,DECOY_CUFF.1674.1_3+
DECOY_ACOM025386-PA	0.835141	NA	0.219696	1	DECOY_ACOM025386-PA
DECOY_AGAP011427-RA_1+	0.835141	NA	0.218179	1	DECOY_AGAP011427-RA_1+,DECOY_AGAP029747-PA,DECOY_CUFF.8303.12_2+
DECOY_ACOM039444-PA	0.835141	NA	0.217064	1	DECOY_ACOM039444-PA,DECOY_AGAP006623-PA,DECOY_AGAP006623-RA_1+
DECOY_AGAP007666-RA_2+	0.835141	NA	0.216476	1	DECOY_AGAP007666-RA_2+,DECOY_CUFF.2879.1_3+,DECOY_CUFF.2879.2_3+,DECOY_CUFF.2879.4_3+,DECOY_CUFF.2879.5_3+
DECOY_ACOM038434-PA	0.835141	NA	0.215546	1	DECOY_ACOM038434-PA,DECOY_AGAP004756-PA,DECOY_AGAP004756-RA_1+,DECOY_CUFF.395.1_2+,DECOY_CUFF.395.2_3+
DECOY_sp|P22219|VPS15_YEAST	0.835141	NA	0.209011	1	DECOY_sp|P22219|VPS15_YEAST
DECOY_AGAP007126-RA_3+	0.835141	NA	0.206196	1	DECOY_AGAP007126-RA_3+
DECOY_AGAP010875-PA	0.835141	NA	0.200040	1	DECOY_AGAP010875-PA,DECOY_AGAP010875-RA_1+,DECOY_CUFF.7544.1_2+
DECOY_AGAP013410-RA_3+	0.835141	NA	0.195322	1	DECOY_AGAP013410-RA_3+,DECOY_CUFF.16475.1_3+
DECOY_CUFF.3183.1_2+	0.835141	NA	0.195047	1	DECOY_CUFF.3183.1_2+,DECOY_CUFF.3183.2_3+,DECOY_CUFF.3183.3_3+,DECOY_CUFF.3183.4_2+,DECOY_CUFF.3183.5_3+,DECOY_CUFF.3183.6_1+,DECOY_CUFF.3183.7_2+,DECOY_CUFF.3183.8_1+
DECOY_sp|P53170|PDK2_YEAST	0.835141	NA	0.186022	1	DECOY_sp|P53170|PDK2_YEAST
DECOY_CUFF.17072.6_2+	0.835141	NA	0.183193	1	DECOY_CUFF.17072.6_2+,DECOY_CUFF.17072.8_2+
DECOY_AGAP006936-RA_1+	0.835141	NA	0.182982	1	DECOY_AGAP006936-RA_1+,DECOY_AGAP006936-RB_2+
DECOY_AGAP008604-RA_2+	0.835141	NA	0.175691	1	DECOY_AGAP008604-RA_2+,DECOY_AGAP008604-RB_3+,DECOY_CUFF.10115.1_1+
DECOY_AGAP013523-RA_3+	0.835141	NA	0.173967	1	DECOY_AGAP013523-RA_3+
DECOY_CUFF.417.1_1+	0.835141	NA	0.173342	1	DECOY_CUFF.417.1_1+
DECOY_AGAP012092-RA_1+	0.835141	NA	0.170081	1	DECOY_AGAP012092-RA_1+
DECOY_AGAP011892-RA_3+	0.835141	NA	0.168905	1	DECOY_AGAP011892-RA_3+
DECOY_AGAP003475-RA_2+	0.835141	NA	0.167368	1	DECOY_AGAP003475-RA_2+,DECOY_AGAP003475-RB_3+
DECOY_sp|P16861|PFKA1_YEAST	0.835141	NA	0.166283	1	DECOY_sp|P16861|PFKA1_YEAST
DECOY_CUFF.9706.1_2+	0.835141	NA	0.165160	1	DECOY_CUFF.9706.1_2+
DECOY_sp|P26793|FEN1_YEAST	0.835141	NA	0.162518	1	DECOY_sp|P26793|FEN1_YEAST
DECOY_ACOM024951-PA	0.835141	NA	0.155675	1	DECOY_ACOM024951-PA,DECOY_AGAP005915-PA,DECOY_AGAP005915-RA_1+,DECOY_CUFF.1490.1_3+
DECOY_CUFF.11547.1_3+	0.835141	NA	0.150898	1	DECOY_CUFF.11547.1_3+,DECOY_CUFF.11547.2_3+
DECOY_CUFF.4236.3_2+	0.835141	NA	0.144277	1	DECOY_CUFF.4236.3_2+,DECOY_CUFF.4236.5_2+,DECOY_CUFF.4236.6_1+,DECOY_CUFF.4236.7_1+,DECOY_CUFF.4236.8_1+,DECOY_CUFF.4236.9_2+
DECOY_AGAP009264-RA_2+	0.835141	NA	0.139462	1	DECOY_AGAP009264-RA_2+,DECOY_AGAP009264-RB_2+,DECOY_CUFF.10886.1_2+
DECOY_CUFF.4910.1_2+	0.835141	NA	0.134981	1	DECOY_CUFF.4910.1_2+
DECOY_ACOM036683-PA	0.835141	NA	0.127655	1	DECOY_ACOM036683-PA
DECOY_sp|Q05043|RSF1_YEAST	0.835141	NA	0.123303	1	DECOY_sp|Q05043|RSF1_YEAST
DECOY_AGAP006645-RA_1+	0.835141	NA	0.122438	1	DECOY_AGAP006645-RA_1+,DECOY_AGAP006645-RB_2+,DECOY_AGAP006645-RC_1+,DECOY_AGAP006645-RD_2+,DECOY_CUFF.2156.1_1+
DECOY_AGAP003532-RA_1+	0.835141	NA	0.117897	1	DECOY_AGAP003532-RA_1+
DECOY_CUFF.9731.1_3+	0.835141	NA	0.109998	1	DECOY_CUFF.9731.1_3+
DECOY_AGAP001265-PA	0.835141	NA	0.108747	1	DECOY_AGAP001265-PA,DECOY_AGAP001265-RA_1+,DECOY_CUFF.3052.1_1+
DECOY_AGAP005039-RA_3+	0.835141	NA	0.104315	1	DECOY_AGAP005039-RA_3+,DECOY_CUFF.733.10_2+,DECOY_CUFF.733.17_3+,DECOY_CUFF.733.18_3+,DECOY_CUFF.733.19_1+,DECOY_CUFF.733.7_1+
DECOY_AGAP002084-RA_1+	0.835141	NA	0.094392	1	DECOY_AGAP002084-RA_1+,DECOY_AGAP002084-RB_1+,DECOY_CUFF.3820.1_2+
DECOY_CUFF.4197.10_3+	0.835141	NA	0.091273	1	DECOY_CUFF.4197.10_3+,DECOY_CUFF.4197.1_2+,DECOY_CUFF.4197.3_1+,DECOY_CUFF.4197.4_1+,DECOY_CUFF.4197.5_2+,DECOY_CUFF.4197.6_1+,DECOY_CUFF.4197.7_2+,DECOY_CUFF.4197.8_3+,DECOY_CUFF.4197.9_1+
DECOY_sp|P32317|AFG1_YEAST	0.835141	NA	0.082542	1	DECOY_sp|P32317|AFG1_YEAST
DECOY_AGAP012225-RA_3+	0.835141	NA	0.082198	1	DECOY_AGAP012225-RA_3+,DECOY_CUFF.9139.1_2+
DECOY_AGAP012261-RA_2+	0.835141	NA	0.081973	1	DECOY_AGAP012261-RA_2+
DECOY_AGAP002137-RA_2+	0.835141	NA	0.081035	1	DECOY_AGAP002137-RA_2+,DECOY_CUFF.3865.1_1+
DECOY_AGAP006669-RA_3+	0.835141	NA	0.080232	1	DECOY_AGAP006669-RA_3+,DECOY_CUFF.2162.1_3+,DECOY_CUFF.2162.2_1+,DECOY_CUFF.2162.3_3+,DECOY_CUFF.2162.4_3+,DECOY_CUFF.2162.5_3+
DECOY_sp|P38931|SSN2_YEAST	0.835141	NA	0.072222	1	DECOY_sp|P38931|SSN2_YEAST
DECOY_ACOM027816-PA	0.835141	NA	0.071368	1	DECOY_ACOM027816-PA,DECOY_AGAP005288-PA,DECOY_AGAP005288-RA_1+,DECOY_CUFF.939.3_1+,DECOY_CUFF.939.7_3+,DECOY_CUFF.939.9_1+
DECOY_CUFF.939.2_3+	0.835141	NA	0.071368	2	DECOY_CUFF.939.2_3+
DECOY_sp|P32794|AFG2_YEAST	0.835141	NA	0.068859	1	DECOY_sp|P32794|AFG2_YEAST
DECOY_CUFF.1049.1_2+	0.835141	NA	0.067468	1	DECOY_CUFF.1049.1_2+
DECOY_AGAP004497-RA_1+	0.835141	NA	0.064215	1	DECOY_AGAP004497-RA_1+
DECOY_TCONS_00022088_3+	0.835141	NA	0.064083	1	DECOY_TCONS_00022088_3+
DECOY_CUFF.4303.1_3+	0.835141	NA	0.055080	1	DECOY_CUFF.4303.1_3+
DECOY_sp|P53741|BRE5_YEAST	0.835141	NA	0.052482	1	DECOY_sp|P53741|BRE5_YEAST
DECOY_AGAP004095-RA_1+	0.835141	NA	0.048625	1	DECOY_AGAP004095-RA_1+
DECOY_AGAP000112-RA_2+	0.835141	NA	0.048195	1	DECOY_AGAP000112-RA_2+,DECOY_CUFF.15951.1_3+,DECOY_CUFF.15951.2_3+
DECOY_CUFF.8917.1_2+	0.835141	NA	0.042560	1	DECOY_CUFF.8917.1_2+,DECOY_CUFF.8917.2_2+,DECOY_CUFF.8917.3_1+,DECOY_CUFF.8917.5_2+
DECOY_AGAP002546-RA_1+	0.835141	NA	0.035428	1	DECOY_AGAP002546-RA_1+,DECOY_CUFF.4258.1_2+,DECOY_CUFF.4258.2_3+
DECOY_AGAP000579-RA_3+	0.835141	NA	0.034917	1	DECOY_AGAP000579-RA_3+
DECOY_ACOM041676-PA	0.835141	NA	0.034492	1	DECOY_ACOM041676-PA,DECOY_AGAP010488-PA,DECOY_AGAP010488-RA_3+,DECOY_CUFF.7177.1_3+
DECOY_ACOM039824-PA	0.835141	NA	0.030315	1	DECOY_ACOM039824-PA,DECOY_AGAP006381-PA,DECOY_CUFF.1901.1_1+
DECOY_ACOM042280-PA	0.835141	NA	0.023492	1	DECOY_ACOM042280-PA,DECOY_AGAP002075-PA,DECOY_AGAP002075-RA_1+,DECOY_CUFF.3785.1_3+
DECOY_CUFF.770.1_3+	0.835141	NA	0.020079	1	DECOY_CUFF.770.1_3+,DECOY_CUFF.770.6_3+
DECOY_AGAP011528-RA_3+	0.835141	NA	0.012184	1	DECOY_AGAP011528-RA_3+,DECOY_CUFF.8384.1_3+,DECOY_CUFF.8384.2_1+,DECOY_CUFF.8384.3_3+,DECOY_CUFF.8384.4_1+
DECOY_TCONS_00034694_1+	0.835141	NA	0.005672	1	DECOY_TCONS_00034694_1+
DECOY_TCONS_00034795_3+	0.835141	NA	0.004553	1	DECOY_TCONS_00034795_3+
DECOY_CUFF.7806.1_3+	0.835141	NA	0.003447	1	DECOY_CUFF.7806.1_3+
DECOY_AGAP012121-RA_3+	0.835141	NA	0.000207	1	DECOY_AGAP012121-RA_3+
DECOY_AGAP013496-RA_2+	0.835141	NA	-0.001611	1	DECOY_AGAP013496-RA_2+
DECOY_CUFF.5096.1_2+	0.835141	NA	-0.003468	1	DECOY_CUFF.5096.1_2+,DECOY_CUFF.5096.2_1+,DECOY_CUFF.5096.3_3+
DECOY_CUFF.12301.2_1+	0.835141	NA	-0.004974	1	DECOY_CUFF.12301.2_1+
DECOY_sp|Q00578|RAD25_YEAST	0.835141	NA	-0.007202	1	DECOY_sp|Q00578|RAD25_YEAST
DECOY_AGAP004984-PA	0.835141	NA	-0.007441	1	DECOY_AGAP004984-PA,DECOY_AGAP004984-RA_2+
DECOY_AGAP000138-RA_3+	0.835141	NA	-0.010637	1	DECOY_AGAP000138-RA_3+,DECOY_AGAP000138-RB_3+,DECOY_CUFF.16021.10_2+,DECOY_CUFF.16021.1_1+,DECOY_CUFF.16021.2_1+,DECOY_CUFF.16021.3_1+,DECOY_CUFF.16021.4_3+,DECOY_CUFF.16021.5_3+,DECOY_CUFF.16021.8_3+,DECOY_CUFF.16021.9_1+
DECOY_AGAP007867-RA_1+	0.835141	NA	-0.015579	1	DECOY_AGAP007867-RA_1+
DECOY_sp|P31376|SWC3_YEAST	0.835141	NA	-0.018866	1	DECOY_sp|P31376|SWC3_YEAST
DECOY_sp|P04821|CDC25_YEAST	0.835141	NA	-0.025643	1	DECOY_sp|P04821|CDC25_YEAST
DECOY_CUFF.10018.2_2+	0.835141	NA	-0.035303	1	DECOY_CUFF.10018.2_2+,DECOY_CUFF.10018.3_2+,DECOY_CUFF.10018.4_3+,DECOY_CUFF.10018.5_2+,DECOY_CUFF.10018.6_1+
DECOY_CUFF.5785.2_2+	0.835141	NA	-0.040892	1	DECOY_CUFF.5785.2_2+,DECOY_CUFF.5785.5_3+
DECOY_AGAP009349-RA_3+	0.835141	NA	-0.041366	1	DECOY_AGAP009349-RA_3+,DECOY_CUFF.10958.1_1+
DECOY_AGAP010580-RA_2+	0.835141	NA	-0.048451	1	DECOY_AGAP010580-RA_2+,DECOY_CUFF.7134.1_3+
DECOY_CUFF.7805.1_3+	0.835141	NA	-0.048723	1	DECOY_CUFF.7805.1_3+,DECOY_CUFF.7805.2_3+,DECOY_CUFF.7805.3_3+,DECOY_CUFF.7805.4_3+,DECOY_CUFF.7805.5_3+
DECOY_AGAP005934-RA_2+	0.835141	NA	-0.051126	1	DECOY_AGAP005934-RA_2+,DECOY_CUFF.1506.1_2+
DECOY_AGAP012017-RA_2+	0.835141	NA	-0.053688	1	DECOY_AGAP012017-RA_2+
DECOY_ACOM023378-PA	0.835141	NA	-0.061123	1	DECOY_ACOM023378-PA
DECOY_AGAP005919-PA	0.835141	NA	-0.067368	1	DECOY_AGAP005919-PA,DECOY_AGAP005919-RA_1+
DECOY_ACOM035867-PA	0.835141	NA	-0.068461	1	DECOY_ACOM035867-PA
DECOY_AGAP008315-RA_3+	0.835141	NA	-0.069785	1	DECOY_AGAP008315-RA_3+
DECOY_sp|Q04066|KFA_YEAST	0.835141	NA	-0.075258	1	DECOY_sp|Q04066|KFA_YEAST
DECOY_sp|P38748|ETP1_YEAST	0.836226	NA	-0.078589	1	DECOY_sp|P38748|ETP1_YEAST
DECOY_AGAP003426-RA_3+	0.836344	NA	-0.081866	1	DECOY_AGAP003426-RA_3+,DECOY_AGAP004927-RA_3+,DECOY_AGAP006801-RA_3+,DECOY_AGAP007268-RA_3+,DECOY_AGAP010868-RA_3+
DECOY_CUFF.6207.1_3+	0.836344	NA	-0.082684	1	DECOY_CUFF.6207.1_3+
DECOY_CUFF.3890.1_3+	0.836344	NA	-0.093171	1	DECOY_CUFF.3890.1_3+,DECOY_CUFF.3890.2_1+,DECOY_CUFF.3890.3_3+,DECOY_CUFF.3890.4_1+,DECOY_CUFF.3890.5_2+,DECOY_CUFF.3890.6_2+,DECOY_CUFF.3890.8_2+
DECOY_AGAP000484-RA_3+	0.836344	NA	-0.093534	1	DECOY_AGAP000484-RA_3+,DECOY_CUFF.16619.1_3+
DECOY_CUFF.3644.1_2+	0.836344	NA	-0.099064	1	DECOY_CUFF.3644.1_2+
DECOY_sp|P17065|SEC2_YEAST	0.836344	NA	-0.107033	1	DECOY_sp|P17065|SEC2_YEAST
DECOY_AGAP013245-RA_2+	0.836344	NA	-0.109370	1	DECOY_AGAP013245-RA_2+,DECOY_CUFF.4048.2_3+
DECOY_sp|P53935|NST1_YEAST	0.836344	NA	-0.110482	1	DECOY_sp|P53935|NST1_YEAST
DECOY_AGAP003506-RA_2+	0.836344	NA	-0.116334	1	DECOY_AGAP003506-RA_2+,DECOY_CUFF.5160.1_1+
DECOY_CUFF.10439.1_2+	0.836344	NA	-0.128440	1	DECOY_CUFF.10439.1_2+
DECOY_ACOM023140-PA	0.836344	NA	-0.128734	1	DECOY_ACOM023140-PA,DECOY_AGAP011123-PA,DECOY_AGAP011123-PB,DECOY_CUFF.7837.2_3+
DECOY_AGAP005939-RA_3+	0.836344	NA	-0.141368	1	DECOY_AGAP005939-RA_3+
DECOY_AGAP002741-RA_2+	0.836344	NA	-0.144612	1	DECOY_AGAP002741-RA_2+,DECOY_CUFF.4544.1_3+
DECOY_ACOM034230-PA	0.836344	NA	-0.146457	1	DECOY_ACOM034230-PA,DECOY_AGAP001507-PA,DECOY_AGAP001507-RA_3+
DECOY_ACOM022778-PA	0.836344	NA	-0.147166	1	DECOY_ACOM022778-PA,DECOY_AGAP011360-PA,DECOY_AGAP011360-RA_2+,DECOY_AGAP011360-RB_3+,DECOY_CUFF.8208.1_2+,DECOY_CUFF.8208.2_2+,DECOY_CUFF.8208.3_2+,DECOY_CUFF.8208.4_2+,DECOY_CUFF.8208.5_2+,DECOY_CUFF.8208.6_3+
DECOY_AGAP002886-RB_3+	0.836344	NA	-0.150743	1	DECOY_AGAP002886-RB_3+,DECOY_CUFF.4602.1_2+,DECOY_CUFF.4602.2_2+,DECOY_CUFF.4602.3_1+,DECOY_CUFF.4602.4_1+,DECOY_CUFF.4602.5_1+,DECOY_CUFF.4602.6_3+,DECOY_CUFF.4602.7_2+
DECOY_TCONS_00007490_1+	0.837407	NA	-0.158018	1	DECOY_TCONS_00007490_1+
DECOY_ACOM030218-PA	0.838470	NA	-0.160747	1	DECOY_ACOM030218-PA,DECOY_AGAP008275-PA,DECOY_AGAP008275-RA_1+
DECOY_ACOM036244-PA	0.838641	NA	-0.161247	1	DECOY_ACOM036244-PA,DECOY_AGAP000662-PA,DECOY_AGAP000662-PB,DECOY_AGAP000662-PC,DECOY_AGAP000662-RA_1+,DECOY_AGAP000662-RB_2+,DECOY_AGAP000662-RC_1+,DECOY_CUFF.16667.2_3+,DECOY_CUFF.16667.4_3+,DECOY_CUFF.16667.6_2+,DECOY_CUFF.16667.7_1+
DECOY_AGAP002623-PA	0.839703	NA	-0.165101	1	DECOY_AGAP002623-PA,DECOY_AGAP002623-RA_1+,DECOY_CUFF.4365.1_1+,DECOY_CUFF.4365.2_3+
DECOY_AGAP009166-RA_3+	0.839873	NA	-0.166112	1	DECOY_AGAP009166-RA_3+,DECOY_CUFF.10780.1_1+,DECOY_CUFF.10780.2_3+
DECOY_TCONS_00013518_3+	0.840717	NA	-0.171044	1	DECOY_TCONS_00013518_3+,DECOY_TCONS_00013519_2+
DECOY_CUFF.626.1_3+	0.840717	NA	-0.176724	1	DECOY_CUFF.626.1_3+,DECOY_CUFF.626.2_2+,DECOY_CUFF.626.3_1+,DECOY_CUFF.626.4_1+
DECOY_AGAP008080-RA_2+	0.840717	NA	-0.178538	1	DECOY_AGAP008080-RA_2+
DECOY_AGAP001242-PA	0.840717	NA	-0.178964	1	DECOY_AGAP001242-PA,DECOY_CUFF.3033.1_2+,DECOY_CUFF.3033.2_3+,DECOY_CUFF.3033.3_3+,DECOY_CUFF.3033.4_2+
DECOY_CUFF.10794.1_1+	0.840717	NA	-0.179347	1	DECOY_CUFF.10794.1_1+,DECOY_CUFF.10794.2_3+
DECOY_CUFF.450.1_3+	0.841772	NA	-0.206911	1	DECOY_CUFF.450.1_3+,DECOY_CUFF.450.2_3+,DECOY_CUFF.450.3_3+,DECOY_CUFF.450.4_3+,DECOY_CUFF.450.5_3+,DECOY_CUFF.450.6_3+
DECOY_AGAP000051-RA_2+	0.841996	NA	-0.208522	1	DECOY_AGAP000051-RA_2+,DECOY_CUFF.15823.1_3+,DECOY_CUFF.15823.3_2+
DECOY_ACOM023063-PA	0.841996	NA	-0.211015	1	DECOY_ACOM023063-PA
DECOY_AGAP010981-PA	0.841996	NA	-0.214266	1	DECOY_AGAP010981-PA,DECOY_CUFF.7698.1_1+,DECOY_CUFF.7698.2_1+,DECOY_CUFF.7698.3_3+,DECOY_CUFF.7698.4_1+,DECOY_CUFF.7698.5_2+
DECOY_AGAP012442-PA	0.841996	NA	-0.214671	1	DECOY_AGAP012442-PA,DECOY_AGAP012442-RA_1+
DECOY_ACOM042361-PA	0.841996	NA	-0.220577	1	DECOY_ACOM042361-PA,DECOY_AGAP000773-PA,DECOY_AGAP000773-PB,DECOY_AGAP000773-RA_1+,DECOY_CUFF.16820.1_2+,DECOY_CUFF.16820.2_1+
DECOY_CUFF.3326.1_3+	0.841996	NA	-0.227079	1	DECOY_CUFF.3326.1_3+
DECOY_CUFF.3006.6_1+	0.841996	NA	-0.227599	1	DECOY_CUFF.3006.6_1+
DECOY_ACOM043177-PA	0.841996	NA	-0.233697	1	DECOY_ACOM043177-PA,DECOY_AGAP006436-PA,DECOY_AGAP006436-PB,DECOY_CUFF.1945.1_2+,DECOY_CUFF.1945.2_1+,DECOY_CUFF.1945.3_1+,DECOY_CUFF.1945.6_1+,DECOY_CUFF.1945.7_3+
DECOY_AGAP001854-RA_2+	0.841996	NA	-0.236063	1	DECOY_AGAP001854-RA_2+
DECOY_CUFF.16856.10_1+	0.841996	NA	-0.249684	1	DECOY_CUFF.16856.10_1+,DECOY_CUFF.16856.11_1+,DECOY_CUFF.16856.12_1+,DECOY_CUFF.16856.14_1+,DECOY_CUFF.16856.15_2+,DECOY_CUFF.16856.16_2+,DECOY_CUFF.16856.3_3+,DECOY_CUFF.16856.4_3+,DECOY_CUFF.16856.8_2+,DECOY_CUFF.16856.9_3+
DECOY_CUFF.4454.1_3+	0.841996	NA	-0.257260	1	DECOY_CUFF.4454.1_3+,DECOY_CUFF.4454.2_1+,DECOY_CUFF.4454.3_3+,DECOY_CUFF.4454.4_2+,DECOY_CUFF.4454.6_2+
DECOY_AGAP007723-RA_1+	0.841996	NA	-0.264003	1	DECOY_AGAP007723-RA_1+,DECOY_CUFF.2965.1_1+,DECOY_CUFF.2965.2_3+,DECOY_CUFF.2965.3_1+,DECOY_CUFF.2965.4_1+,DECOY_CUFF.2965.5_1+
DECOY_ACOM022815-PA	0.843035	NA	-0.272097	1	DECOY_ACOM022815-PA,DECOY_AGAP010930-PA,DECOY_AGAP010930-RA_1+
DECOY_sp|Q04370|PEX12_YEAST	0.844075	NA	-0.275896	1	DECOY_sp|Q04370|PEX12_YEAST
DECOY_ACOM022873-PA	0.844169	NA	-0.280737	1	DECOY_ACOM022873-PA
DECOY_AGAP000054-RA_2+	0.844169	NA	-0.283539	1	DECOY_AGAP000054-RA_2+,DECOY_CUFF.15931.10_2+,DECOY_CUFF.15931.11_2+,DECOY_CUFF.15931.12_2+,DECOY_CUFF.15931.13_2+,DECOY_CUFF.15931.15_2+,DECOY_CUFF.15931.1_2+,DECOY_CUFF.15931.2_2+,DECOY_CUFF.15931.3_1+,DECOY_CUFF.15931.4_3+,DECOY_CUFF.15931.5_2+,DECOY_CUFF.15931.6_2+,DECOY_CUFF.15931.7_2+,DECOY_CUFF.15931.8_2+,DECOY_CUFF.15931.9_2+
DECOY_sp|Q05468|RQC1_YEAST	0.844169	NA	-0.284585	1	DECOY_sp|Q05468|RQC1_YEAST
DECOY_AGAP000041-RA_3+	0.844169	NA	-0.285990	1	DECOY_AGAP000041-RA_3+
DECOY_CUFF.2363.1_2+	0.844169	NA	-0.293266	1	DECOY_CUFF.2363.1_2+
DECOY_AGAP006139-RA_2+	0.844169	NA	-0.309280	1	DECOY_AGAP006139-RA_2+,DECOY_AGAP006139-RB_2+,DECOY_CUFF.1718.1_3+,DECOY_CUFF.1718.2_1+,DECOY_CUFF.761.1_3+
DECOY_ACOM022514-PA	0.845201	NA	-0.311507	1	DECOY_ACOM022514-PA,DECOY_AGAP010174-PA,DECOY_AGAP010174-RA_1+
DECOY_sp|Q12161|PSH1_YEAST	0.846233	NA	-0.312292	1	DECOY_sp|Q12161|PSH1_YEAST
DECOY_AGAP002929-RA_2+	0.846550	NA	-0.313901	1	DECOY_AGAP002929-RA_2+
DECOY_AGAP001362-RA_3+	0.846550	NA	-0.314305	1	DECOY_AGAP001362-RA_3+,DECOY_CUFF.3123.1_3+
DECOY_AGAP009601-RA_3+	0.847580	NA	-0.320485	1	DECOY_AGAP009601-RA_3+,DECOY_CUFF.11232.1_1+,DECOY_CUFF.11232.2_1+
DECOY_AGAP000629-RA_2+	0.848610	NA	-0.322730	1	DECOY_AGAP000629-RA_2+,DECOY_CUFF.16538.1_3+,DECOY_CUFF.16538.2_3+
DECOY_CUFF.10580.1_2+	0.848765	NA	-0.323328	1	DECOY_CUFF.10580.1_2+,DECOY_CUFF.10580.2_2+,DECOY_CUFF.10580.3_2+
DECOY_AGAP001804-RA_3+	0.849021	NA	-0.325355	1	DECOY_AGAP001804-RA_3+
DECOY_ACOM027170-PA	0.849021	NA	-0.329819	1	DECOY_ACOM027170-PA
DECOY_AGAP000534-RA_2+	0.849021	NA	-0.334690	1	DECOY_AGAP000534-RA_2+,DECOY_AGAP000534-RB_2+,DECOY_CUFF.16908.1_2+,DECOY_CUFF.16908.2_2+,DECOY_CUFF.16908.3_2+,DECOY_CUFF.16908.6_2+,DECOY_CUFF.16908.7_2+
DECOY_AGAP013145-RA_2+	0.849021	NA	-0.336607	1	DECOY_AGAP013145-RA_2+,DECOY_AGAP013145-RB_2+,DECOY_AGAP013145-RC_3+,DECOY_CUFF.3512.1_3+,DECOY_CUFF.3512.2_3+,DECOY_CUFF.3512.3_2+,DECOY_CUFF.3512.4_2+,DECOY_CUFF.3512.5_3+,DECOY_CUFF.3512.7_3+,DECOY_TCONS_00033814_1+
DECOY_AGAP006016-RA_3+	0.849021	NA	-0.337891	1	DECOY_AGAP006016-RA_3+,DECOY_CUFF.1564.1_3+
DECOY_AGAP009304-RA_3+	0.849021	NA	-0.341811	1	DECOY_AGAP009304-RA_3+
DECOY_AGAP000017-RA_3+	0.849021	NA	-0.342724	1	DECOY_AGAP000017-RA_3+
DECOY_gi|114721|sp|P02701|AVID_CHICK	0.849021	NA	-0.346801	1	DECOY_gi|114721|sp|P02701|AVID_CHICK
DECOY_AGAP007505-RA_3+	0.849021	NA	-0.355277	1	DECOY_AGAP007505-RA_3+,DECOY_CUFF.2768.1_1+,DECOY_CUFF.2768.2_3+
DECOY_AGAP001899-RA_2+	0.849021	NA	-0.360246	1	DECOY_AGAP001899-RA_2+
DECOY_sp|P38700|APM2_YEAST	0.849021	NA	-0.364225	1	DECOY_sp|P38700|APM2_YEAST
DECOY_AGAP007185-RA_1+	0.849021	NA	-0.365360	1	DECOY_AGAP007185-RA_1+,DECOY_AGAP029504-PA,DECOY_AGAP029504-PB,DECOY_CUFF.2635.12_2+,DECOY_CUFF.2635.6_2+,DECOY_CUFF.2635.8_3+
DECOY_AGAP029269-PA	0.849021	NA	-0.366284	1	DECOY_AGAP029269-PA,DECOY_TCONS_00021048_3+,DECOY_TCONS_00021049_3+
DECOY_AGAP008400-RA_3+	0.849021	NA	-0.367624	1	DECOY_AGAP008400-RA_3+,DECOY_CUFF.9953.1_1+,DECOY_CUFF.9953.2_3+,DECOY_CUFF.9953.3_2+,DECOY_CUFF.9953.4_1+
DECOY_CUFF.16631.10_2+	0.849021	NA	-0.372518	1	DECOY_CUFF.16631.10_2+,DECOY_CUFF.16631.3_3+,DECOY_CUFF.16631.4_3+,DECOY_CUFF.16631.5_2+,DECOY_CUFF.16631.6_3+,DECOY_CUFF.16631.7_3+,DECOY_CUFF.16631.8_1+,DECOY_CUFF.16631.9_1+
DECOY_AGAP002242-RA_3+	0.849021	NA	-0.378307	1	DECOY_AGAP002242-RA_3+
DECOY_ACOM039653-PA	0.849021	NA	-0.380814	1	DECOY_ACOM039653-PA,DECOY_AGAP006479-PA,DECOY_AGAP006479-RA_1+,DECOY_CUFF.1981.1_2+,DECOY_CUFF.1981.2_1+,DECOY_CUFF.1981.3_1+,DECOY_CUFF.1981.4_2+
DECOY_ACOM034728-PA	0.849021	NA	-0.384674	1	DECOY_ACOM034728-PA,DECOY_AGAP013454-PA,DECOY_AGAP013454-RA_1+,DECOY_CUFF.5561.7_1+
DECOY_AGAP002539-RA_3+	0.849021	NA	-0.394713	1	DECOY_AGAP002539-RA_3+,DECOY_AGAP002539-RB_3+,DECOY_CUFF.4385.1_2+
DECOY_CUFF.15883.5_3+	0.849021	NA	-0.398263	1	DECOY_CUFF.15883.5_3+
DECOY_AGAP006766-RA_2+	0.849021	NA	-0.403014	1	DECOY_AGAP006766-RA_2+,DECOY_CUFF.2207.2_1+
DECOY_AGAP007316-RA_2+	0.849021	NA	-0.404714	1	DECOY_AGAP007316-RA_2+,DECOY_CUFF.2626.1_2+,DECOY_CUFF.2626.2_3+,DECOY_CUFF.2626.3_3+
DECOY_CUFF.1028.1_1+	0.849021	NA	-0.405562	1	DECOY_CUFF.1028.1_1+
DECOY_AGAP012540-RA_1+	0.849021	NA	-0.422648	1	DECOY_AGAP012540-RA_1+
DECOY_CUFF.15967.1_1+	0.849021	NA	-0.429026	1	DECOY_CUFF.15967.1_1+
DECOY_CUFF.9604.3_1+	0.849021	NA	-0.429165	1	DECOY_CUFF.9604.3_1+
DECOY_AGAP002877-RA_3+	0.849021	NA	-0.444769	1	DECOY_AGAP002877-RA_3+
DECOY_AGAP010313-RA_3+	0.849021	NA	-0.446561	1	DECOY_AGAP010313-RA_3+,DECOY_CUFF.7028.1_2+,DECOY_CUFF.7028.2_3+,DECOY_CUFF.7028.3_3+
DECOY_CUFF.2928.10_1+	0.849021	NA	-0.449681	1	DECOY_CUFF.2928.10_1+,DECOY_CUFF.2928.11_2+,DECOY_CUFF.2928.12_2+,DECOY_CUFF.2928.1_1+,DECOY_CUFF.2928.2_1+,DECOY_CUFF.2928.5_2+,DECOY_CUFF.2928.7_3+
DECOY_AGAP008035-RA_2+	0.849021	NA	-0.456281	1	DECOY_AGAP008035-RA_2+
DECOY_TCONS_00023791_1+	0.849021	NA	-0.460704	1	DECOY_TCONS_00023791_1+
DECOY_AGAP009550-RA_3+	0.849021	NA	-0.462597	1	DECOY_AGAP009550-RA_3+
DECOY_AGAP009432-RA_3+	0.849021	NA	-0.464841	1	DECOY_AGAP009432-RA_3+
DECOY_TCONS_00032806_3+	0.849021	NA	-0.484116	1	DECOY_TCONS_00032806_3+,DECOY_sp|P13259|PCY1_YEAST
DECOY_AGAP006766-RA_3+	0.849021	NA	-0.485301	1	DECOY_AGAP006766-RA_3+,DECOY_CUFF.2207.2_2+
DECOY_AGAP010396-PA	0.849021	NA	-0.488599	1	DECOY_AGAP010396-PA,DECOY_AGAP010396-RA_3+
DECOY_AGAP013535-RA_3+	0.849021	NA	-0.503456	1	DECOY_AGAP013535-RA_3+,DECOY_CUFF.3850.1_1+,DECOY_CUFF.3850.2_3+
DECOY_AGAP007888-PA	0.849021	NA	-0.505913	1	DECOY_AGAP007888-PA,DECOY_AGAP007888-PB,DECOY_AGAP007888-RA_1+,DECOY_CUFF.9887.1_2+,DECOY_CUFF.9887.2_2+,DECOY_CUFF.9887.3_2+
DECOY_AGAP005536-RA_3+	0.849021	NA	-0.506921	1	DECOY_AGAP005536-RA_3+,DECOY_CUFF.1137.1_1+,DECOY_CUFF.1137.2_1+,DECOY_CUFF.1137.3_1+,DECOY_CUFF.1137.4_1+,DECOY_CUFF.1137.5_3+,DECOY_CUFF.1137.6_2+
DECOY_AGAP000996-RA_3+	0.849021	NA	-0.511369	1	DECOY_AGAP000996-RA_3+,DECOY_CUFF.17548.2_3+
DECOY_ACOM034182-PA	0.849021	NA	-0.514304	1	DECOY_ACOM034182-PA,DECOY_AGAP001468-PA,DECOY_AGAP001468-RA_1+,DECOY_CUFF.3214.1_2+,DECOY_CUFF.3214.2_2+
DECOY_CUFF.16909.2_2+	0.849021	NA	-0.537995	1	DECOY_CUFF.16909.2_2+
DECOY_TCONS_00031127_3+	0.849021	NA	-0.542244	1	DECOY_TCONS_00031127_3+
DECOY_AGAP008738-RA_3+	0.849021	NA	-0.548934	1	DECOY_AGAP008738-RA_3+
DECOY_sp|P39535|PHO90_YEAST	0.849021	NA	-0.554203	1	DECOY_sp|P39535|PHO90_YEAST
DECOY_AGAP011757-PA	0.849021	NA	-0.556251	1	DECOY_AGAP011757-PA
DECOY_AGAP011930-RA_3+	0.849021	NA	-0.580547	1	DECOY_AGAP011930-RA_3+
DECOY_AGAP010191-RA_2+	0.849021	NA	-0.585370	1	DECOY_AGAP010191-RA_2+,DECOY_sp|Q08446|SGT1_YEAST
DECOY_AGAP010135-RA_3+	0.849021	NA	-0.588209	1	DECOY_AGAP010135-RA_3+,DECOY_CUFF.11941.1_2+,DECOY_CUFF.11941.2_3+
DECOY_AGAP009074-RA_2+	0.849021	NA	-0.625094	1	DECOY_AGAP009074-RA_2+,DECOY_CUFF.10732.1_2+,DECOY_CUFF.10732.2_2+,DECOY_CUFF.10732.3_1+,DECOY_CUFF.10732.4_1+,DECOY_CUFF.10732.5_1+,DECOY_CUFF.10732.6_1+,DECOY_CUFF.10732.7_1+,DECOY_CUFF.10732.8_1+
DECOY_CUFF.1869.1_1+	0.849021	NA	-0.627839	1	DECOY_CUFF.1869.1_1+,DECOY_CUFF.1869.2_1+,DECOY_CUFF.1869.3_3+,DECOY_CUFF.1869.4_2+
DECOY_AGAP005482-RA_2+	0.849021	NA	-0.634939	1	DECOY_AGAP005482-RA_2+
DECOY_CUFF.4658.1_3+	0.849021	NA	-0.641245	1	DECOY_CUFF.4658.1_3+,DECOY_CUFF.4658.2_1+,DECOY_CUFF.4658.4_2+,DECOY_CUFF.4658.5_1+
DECOY_CUFF.9413.1_1+	0.849021	NA	-0.643932	1	DECOY_CUFF.9413.1_1+,DECOY_CUFF.9413.4_1+
DECOY_AGAP006909-RA_2+	0.849021	NA	-0.654631	1	DECOY_AGAP006909-RA_2+,DECOY_CUFF.2358.1_3+
DECOY_sp|Q03210|NGL3_YEAST	0.849021	NA	-0.667206	1	DECOY_sp|Q03210|NGL3_YEAST
DECOY_CUFF.9937.1_3+	0.849021	NA	-0.669715	1	DECOY_CUFF.9937.1_3+
DECOY_AGAP004739-RA_3+	0.849021	NA	-0.674321	1	DECOY_AGAP004739-RA_3+
DECOY_CUFF.17522.1_2+	0.849021	NA	-0.704606	1	DECOY_CUFF.17522.1_2+
DECOY_CUFF.7873.2_1+	0.849021	NA	-0.747333	1	DECOY_CUFF.7873.2_1+
DECOY_CUFF.5376.1_1+	0.849021	NA	-0.749529	1	DECOY_CUFF.5376.1_1+,DECOY_CUFF.5376.4_1+
DECOY_TCONS_00033792_3+	0.849021	NA	-0.771005	1	DECOY_TCONS_00033792_3+
DECOY_AGAP002758-RA_2+	0.849021	NA	-0.775238	1	DECOY_AGAP002758-RA_2+,DECOY_CUFF.4452.1_2+
DECOY_TCONS_00014673_3+	0.849021	NA	-0.785888	1	DECOY_TCONS_00014673_3+
DECOY_AGAP013392-RA_2+	0.849021	NA	-0.815947	1	DECOY_AGAP013392-RA_2+,DECOY_CUFF.16162.1_1+,DECOY_CUFF.16162.2_2+,DECOY_CUFF.16162.3_1+
DECOY_CUFF.8685.1_3+	0.849021	NA	-0.820784	1	DECOY_CUFF.8685.1_3+
DECOY_CUFF.11522.1_2+	0.849021	NA	-0.837595	1	DECOY_CUFF.11522.1_2+,DECOY_CUFF.11522.3_2+,DECOY_CUFF.11522.4_2+
DECOY_sp|P40054|SERA_YEAST	0.849021	NA	-0.843368	1	DECOY_sp|P40054|SERA_YEAST,DECOY_sp|P40510|SER33_YEAST
DECOY_sp|P23493|MBR1_YEAST	0.849021	NA	-0.861002	1	DECOY_sp|P23493|MBR1_YEAST
DECOY_ACOM040639-PA	0.849021	NA	-0.865291	1	DECOY_ACOM040639-PA,DECOY_AGAP008935-PA,DECOY_AGAP008935-RA_1+,DECOY_CUFF.10487.1_3+
DECOY_CUFF.5955.3_2+	0.849021	NA	-0.877699	1	DECOY_CUFF.5955.3_2+
DECOY_sp|P47025|MDV1_YEAST	0.849021	NA	-0.893441	1	DECOY_sp|P47025|MDV1_YEAST
DECOY_CUFF.6908.10_3+	0.849021	NA	-0.894154	1	DECOY_CUFF.6908.10_3+,DECOY_CUFF.6908.11_2+,DECOY_CUFF.6908.13_2+,DECOY_CUFF.6908.16_1+,DECOY_CUFF.6908.17_1+,DECOY_CUFF.6908.18_2+,DECOY_CUFF.6908.1_3+,DECOY_CUFF.6908.21_2+,DECOY_CUFF.6908.24_2+,DECOY_CUFF.6908.2_2+,DECOY_CUFF.6908.7_1+,DECOY_CUFF.6908.8_1+
DECOY_AGAP010164-RB_2+	0.849021	NA	-0.899579	1	DECOY_AGAP010164-RB_2+,DECOY_CUFF.12098.1_2+,DECOY_CUFF.12098.2_3+,DECOY_CUFF.12098.3_3+
DECOY_AGAP011333-RA_2+	0.849021	NA	-0.905527	1	DECOY_AGAP011333-RA_2+,DECOY_AGAP011333-RB_2+,DECOY_CUFF.8586.10_1+,DECOY_CUFF.8586.11_1+,DECOY_CUFF.8586.12_3+,DECOY_CUFF.8586.13_3+,DECOY_CUFF.8586.1_2+,DECOY_CUFF.8586.2_1+,DECOY_CUFF.8586.3_3+,DECOY_CUFF.8586.4_3+,DECOY_CUFF.8586.5_3+,DECOY_CUFF.8586.6_2+,DECOY_CUFF.8586.7_2+,DECOY_CUFF.8586.8_1+,DECOY_CUFF.8586.9_1+
DECOY_AGAP010997-RA_2+	0.849021	NA	-0.909237	1	DECOY_AGAP010997-RA_2+
DECOY_CUFF.3414.1_3+	0.849021	NA	-0.912422	1	DECOY_CUFF.3414.1_3+
DECOY_CUFF.3009.10_1+	0.849021	NA	-0.955459	1	DECOY_CUFF.3009.10_1+,DECOY_CUFF.3009.11_1+,DECOY_CUFF.3009.1_2+,DECOY_CUFF.3009.4_2+,DECOY_CUFF.3009.7_1+,DECOY_CUFF.3009.8_1+,DECOY_CUFF.3009.9_1+
DECOY_ACOM040496-PA	0.849021	NA	-0.956961	1	DECOY_ACOM040496-PA,DECOY_AGAP008996-PA,DECOY_AGAP008996-RA_1+
DECOY_AGAP000553-RA_2+	0.849021	NA	-0.974040	1	DECOY_AGAP000553-RA_2+,DECOY_CUFF.16445.1_1+,DECOY_CUFF.16445.3_3+
DECOY_AGAP002869-RA_1+	0.849021	NA	-0.976626	1	DECOY_AGAP002869-RA_1+,DECOY_CUFF.4781.1_1+
DECOY_CUFF.11509.11_2+	0.849021	NA	-0.986796	1	DECOY_CUFF.11509.11_2+,DECOY_CUFF.11509.1_3+,DECOY_CUFF.11509.2_1+,DECOY_CUFF.11509.3_1+,DECOY_CUFF.11509.4_2+,DECOY_CUFF.11509.5_2+,DECOY_CUFF.11509.6_2+,DECOY_CUFF.11509.7_1+,DECOY_CUFF.11509.8_1+
DECOY_AGAP005376-RA_1+	0.849021	NA	-0.986857	1	DECOY_AGAP005376-RA_1+,DECOY_CUFF.989.4_3+
DECOY_AGAP011123-RA_1+	0.849021	NA	-0.989847	1	DECOY_AGAP011123-RA_1+,DECOY_CUFF.7837.1_3+,DECOY_CUFF.7837.2_2+
DECOY_CUFF.17231.1_3+	0.849021	NA	-1.075299	1	DECOY_CUFF.17231.1_3+,DECOY_CUFF.17231.2_2+,DECOY_CUFF.17231.3_3+,DECOY_TCONS_00022149_1+
DECOY_CUFF.939.1_3+	0.849021	NA	-1.076373	1	DECOY_CUFF.939.1_3+
DECOY_AGAP011336-RA_3+	0.849631	NA	-1.111113	1	DECOY_AGAP011336-RA_3+
DECOY_ACOM029263-PA	0.849631	NA	-1.113701	1	DECOY_ACOM029263-PA,DECOY_AGAP009917-PA,DECOY_AGAP009917-RA_1+,DECOY_CUFF.11720.1_1+
DECOY_TCONS_00039546_1+	0.849631	NA	-1.138588	1	DECOY_TCONS_00039546_1+
DECOY_CUFF.1093.2_2+	0.849631	NA	-1.140352	1	DECOY_CUFF.1093.2_2+,DECOY_CUFF.1093.3_3+
DECOY_ACOM031460-PA	0.849631	NA	-1.164072	1	DECOY_ACOM031460-PA,DECOY_AGAP011162-PA,DECOY_AGAP011162-PB,DECOY_AGAP011162-RA_1+,DECOY_CUFF.7981.3_2+,DECOY_CUFF.7981.4_1+,DECOY_CUFF.7981.5_3+,DECOY_CUFF.7981.6_1+
DECOY_CUFF.9014.1_1+	0.849631	NA	-1.232147	1	DECOY_CUFF.9014.1_1+,DECOY_CUFF.9014.2_2+,DECOY_CUFF.9014.3_2+,DECOY_CUFF.9014.4_2+
DECOY_CUFF.9617.2_1+	0.849631	NA	-1.234917	1	DECOY_CUFF.9617.2_1+
DECOY_AGAP011211-RA_3+	0.849631	NA	-1.325841	1	DECOY_AGAP011211-RA_3+
DECOY_ACOM034555-PA	0.849631	NA	-1.332531	1	DECOY_ACOM034555-PA,DECOY_AGAP001723-PA,DECOY_AGAP001723-RA_1+
DECOY_AGAP009073-RA_3+	0.849631	NA	-1.402115	1	DECOY_AGAP009073-RA_3+,DECOY_CUFF.10733.1_2+
DECOY_AGAP007769-RA_2+	0.850554	NA	-1.434116	1	DECOY_AGAP007769-RA_2+
DECOY_AGAP007819-RA_2+	0.851476	NA	-1.446934	1	DECOY_AGAP007819-RA_2+,DECOY_CUFF.9464.1_1+,DECOY_CUFF.9464.2_1+
DECOY_CUFF.5561.1_3+	0.851613	NA	-1.488059	1	DECOY_CUFF.5561.1_3+,DECOY_CUFF.5561.2_2+,DECOY_CUFF.5561.3_3+
DECOY_AGAP028183-RA_3+	0.852535	NA	-1.531911	1	DECOY_AGAP028183-RA_3+
DECOY_AGAP008185-RA_2+	0.853456	NA	-1.538602	1	DECOY_AGAP008185-RA_2+,DECOY_CUFF.9749.1_3+
DECOY_CUFF.2318.1_2+	0.854378	NA	-1.548065	1	DECOY_CUFF.2318.1_2+,DECOY_CUFF.2318.4_1+
DECOY_AGAP013017-RA_3+	0.855179	NA	-1.571244	1	DECOY_AGAP013017-RA_3+
DECOY_AGAP006133-RA_2+	0.855179	NA	-1.583883	1	DECOY_AGAP006133-RA_2+,DECOY_CUFF.1728.10_1+,DECOY_CUFF.1728.1_1+,DECOY_CUFF.1728.2_1+,DECOY_CUFF.1728.3_1+,DECOY_CUFF.1728.4_1+,DECOY_CUFF.1728.5_2+,DECOY_CUFF.1728.6_3+,DECOY_CUFF.1728.7_2+,DECOY_CUFF.1728.8_2+,DECOY_CUFF.1728.9_2+
DECOY_ACOM034600-PA	0.855179	NA	-1.600895	1	DECOY_ACOM034600-PA,DECOY_AGAP001743-PA,DECOY_AGAP001743-RA_1+,DECOY_CUFF.3480.1_1+,DECOY_CUFF.3480.2_1+
DECOY_CUFF.4316.1_2+	0.855179	NA	-1.697111	1	DECOY_CUFF.4316.1_2+,DECOY_CUFF.4316.2_2+,DECOY_CUFF.4316.3_2+
DECOY_AGAP010337-RB_3+	0.855179	NA	-1.729856	1	DECOY_AGAP010337-RB_3+
DECOY_ACOM040091-PA	0.855179	NA	-1.747918	1	DECOY_ACOM040091-PA
DECOY_CUFF.5196.1_1+	0.855311	NA	-1.828248	1	DECOY_CUFF.5196.1_1+
DECOY_AGAP012078-RA_2+	0.856227	NA	-2.073838	1	DECOY_AGAP012078-RA_2+,DECOY_CUFF.9003.1_1+,DECOY_CUFF.9003.2_1+
DECOY_AGAP013368-RA_2+	0.857143	NA	-2.121014	1	DECOY_AGAP013368-RA_2+
DECOY_TCONS_00001938_1+	0.857274	NA	-2.282858	1	DECOY_TCONS_00001938_1+
DECOY_CUFF.4267.1_2+	0.858188	NA	-2.639680	1	DECOY_CUFF.4267.1_2+
DECOY_TCONS_00028200_3+	0.859103	NA	-2.658147	1	DECOY_TCONS_00028200_3+
DECOY_AGAP012134-RA_2+	0.860018	NA	-2.771122	1	DECOY_AGAP012134-RA_2+,DECOY_CUFF.9059.1_1+,DECOY_CUFF.9059.2_1+
