PSMId	score	q-value	posterior_error_prob	peptide	proteinIds
./crux_output/comet_9906_2_1	4.242432	0.014085	0.008547	K.TNNATFATRR.C	DECOY_CUFF.15875.2_2+	DECOY_CUFF.15875.7_3+
./crux_output/comet_6633_3_1	3.877592	0.019481	0.040000	S.GQQSSGAMLAVNK.Q	DECOY_ACOM031228-PA
./crux_output/comet_6608_4_1	3.613038	0.025316	0.083333	R.AAQCDGSICLVAGER.K	DECOY_AGAP000617-RA_1+	DECOY_AGAP000617-RB_1+	DECOY_CUFF.16512.1_1+
./crux_output/comet_9723_2_1	3.556645	0.030675	0.173913	K.LDCLFYCCF.X	DECOY_CUFF.11993.2_2+
./crux_output/comet_8928_3_2	3.467059	0.035928	0.173913	R.DASVVNQVCANVVR.I	DECOY_CUFF.1888.4_2+
./crux_output/comet_5771_2_2	3.413222	0.039548	0.173913	R.VASLGEPAYYR.T	DECOY_AGAP001407-RA_3+
./crux_output/comet_8916_2_1	3.288726	0.044693	0.173913	S.DDDYRLGR.R	DECOY_AGAP001724-RA_1+	DECOY_CUFF.3500.6_1+	DECOY_CUFF.3500.5_2+	DECOY_CUFF.3500.4_3+	DECOY_CUFF.3500.3_3+	DECOY_CUFF.3500.2_2+	DECOY_CUFF.3500.1_1+
./crux_output/comet_9893_4_1	3.276515	0.050279	0.500000	F.FSSGSSSTHGKPLCAMGVGSDFSK.I	DECOY_AGAP006615-RA_1+	DECOY_CUFF.2077.2_1+
./crux_output/comet_9841_4_1	3.256928	0.055866	0.500000	F.FSSGSSSTHGKPLCAMGVGSDFSK.I	DECOY_AGAP006615-RA_1+	DECOY_CUFF.2077.2_1+
./crux_output/comet_9955_4_1	3.248258	0.061453	0.500000	F.FSSGSSSTHGKPLCAMGVGSDFSK.I	DECOY_AGAP006615-RA_1+	DECOY_CUFF.2077.2_1+
./crux_output/comet_6408_3_1	3.223694	0.067039	0.500000	K.DAFAFCGDSGTVCCK.F	DECOY_CUFF.7864.1_1+
./crux_output/comet_9340_2_2	3.221119	0.072626	0.500000	K.QLIMSLIPK.L	DECOY_CUFF.2873.2_1+
./crux_output/comet_10063_2_1	3.203231	0.077778	0.500000	R.ATSTDFNR.N	DECOY_CUFF.8167.1_3+
./crux_output/comet_8338_2_1	3.151142	0.083333	0.791667	R.AAAATASEPAR.R	DECOY_AGAP003151-RA_3+
./crux_output/comet_10174_2_2	3.141116	0.087912	0.791667	R.TTSTSSSTTTR.T	DECOY_CUFF.16811.1_3+	DECOY_AGAP000747-RA_1+	DECOY_AGAP000747-RB_1+
./crux_output/comet_9602_3_3	3.125543	0.092391	0.791667	R.EACMCVCMCER.A	DECOY_AGAP001488-RB_2+	DECOY_AGAP001488-RA_1+	DECOY_CUFF.3241.2_2+
./crux_output/comet_7584_3_1	3.102424	0.097826	0.791667	K.DSCDNDTSNSCRG.A	DECOY_AGAP006943-PA	DECOY_CUFF.2412.1_3+	DECOY_AGAP006943-RA_1+
./crux_output/comet_7253_4_2	3.074646	0.103261	0.791667	R.DDDAHHVNPETASHTHGR.N	DECOY_CUFF.4068.1_1+	DECOY_CUFF.4068.3_3+	DECOY_AGAP002321-RA_3+
./crux_output/comet_7687_3_1	3.066122	0.108696	0.791667	R.CCCSSCWAVGTR.L	DECOY_CUFF.7877.1_1+	DECOY_AGAP011169-RA_2+
./crux_output/comet_5824_2_1	3.031960	0.112903	0.791667	R.VASLGEPAYYR.T	DECOY_AGAP001407-RA_3+
./crux_output/comet_6421_2_1	2.950610	0.117647	0.791667	K.ESTFLNHR.F	DECOY_CUFF.5868.1_3+
./crux_output/comet_5535_2_1	2.939059	0.119171	0.791667	R.DAPEAPGLG.A	DECOY_CUFF.7123.4_2+	DECOY_CUFF.7123.5_3+	DECOY_CUFF.7123.2_1+	DECOY_CUFF.7123.3_2+	DECOY_CUFF.7123.1_2+	DECOY_AGAP010564-RA_3+
./crux_output/comet_5873_2_2	2.924206	0.124352	0.791667	R.VASLGEPAYYR.T	DECOY_AGAP001407-RA_3+
./crux_output/comet_9732_3_2	2.907861	0.127551	0.791667	K.HTHTHTDTHTPTR.R	DECOY_CUFF.3890.7_3+
./crux_output/comet_8377_2_1	2.837008	0.132653	0.791667	R.CHCMKTFR.G	DECOY_AGAP009975-RA_3+	DECOY_CUFF.11839.2_2+	DECOY_CUFF.11839.1_1+
./crux_output/comet_6896_2_1	2.806736	0.133005	0.791667	C.TSSVSSFEVR.C	DECOY_AGAP010146-PA	DECOY_ACOM022485-PA	DECOY_AGAP010146-RA_1+
./crux_output/comet_9938_2_2	2.757662	0.137931	0.791667	R.HNADNITVMMR.T	DECOY_CUFF.3874.5_1+
./crux_output/comet_10218_3_2	2.756966	0.142857	0.791667	K.NTGTYNSLSFIIK.S	DECOY_CUFF.6159.2_1+	DECOY_CUFF.6159.3_3+	DECOY_CUFF.6159.1_3+	DECOY_CUFF.6159.4_2+	DECOY_CUFF.6159.5_1+
./crux_output/comet_7790_2_2	2.753861	0.147783	0.791667	K.CCCCCVW.V	DECOY_TCONS_00026224_3+
./crux_output/comet_6183_3_5	2.741516	0.151961	0.791667	K.MEPECLCQDEPR.H	DECOY_AGAP003024-PA	DECOY_AGAP003024-PB	DECOY_AGAP003024-PC	DECOY_AGAP003024-PD	DECOY_AGAP003024-RB_3+	DECOY_AGAP003024-RC_3+	DECOY_AGAP003024-RA_2+	DECOY_AGAP003024-RD_3+	DECOY_CUFF.4689.1_3+
./crux_output/comet_8766_3_3	2.728781	0.156863	0.793103	R.AYSAACYSSCTHGNR.X	DECOY_AGAP008291-RA_2+
./crux_output/comet_8432_2_1	2.723900	0.161765	0.793103	R.CHCMKTFR.G	DECOY_AGAP009975-RA_3+	DECOY_CUFF.11839.2_2+	DECOY_CUFF.11839.1_1+
./crux_output/comet_4877_3_2	2.720434	0.165854	0.793103	R.DNSNQKRHNQTK.K	DECOY_AGAP005840-RA_3+
./crux_output/comet_5088_2_1	2.706102	0.169082	0.793103	R.ASLGTIDK.N	DECOY_sp|P40033|RSM18_YEAST
./crux_output/comet_9707_3_1	2.700205	0.173077	0.793103	N.HTGHCDDDDDDDDDR.F	DECOY_CUFF.2476.3_1+	DECOY_CUFF.2476.7_2+	DECOY_CUFF.2476.8_2+
./crux_output/comet_8780_2_1	2.678455	0.176190	0.793103	N.GGENLYMELVK.R	DECOY_TCONS_00014211_3+
./crux_output/comet_9206_2_3	2.670494	0.180095	0.793103	R.TTGTNCEPSNTR.N	DECOY_CUFF.16134.2_2+	DECOY_CUFF.16134.3_1+	DECOY_CUFF.16134.1_1+
./crux_output/comet_5418_2_3	2.659007	0.183099	0.793103	R.TLDDDVCECMK.T	DECOY_CUFF.6997.1_2+	DECOY_CUFF.6997.2_2+
./crux_output/comet_9149_3_1	2.653071	0.187793	0.793103	L.TETGSQYYPFGGK.S	DECOY_AGAP010574-PA	DECOY_ACOM041751-PA	DECOY_CUFF.7059.1_2+	DECOY_AGAP010574-RA_1+
./crux_output/comet_8188_3_1	2.652726	0.188073	0.793103	K.YLFSDQAGTDF.F	DECOY_CUFF.16688.3_1+
./crux_output/comet_10490_2_2	2.615394	0.191781	0.793103	R.CSLDQGTDESAEGR.X	DECOY_AGAP008268-RA_3+	DECOY_CUFF.9828.2_1+	DECOY_CUFF.9828.1_2+
./crux_output/comet_8874_2_1	2.612278	0.196347	0.793103	S.DDDYRLGR.R	DECOY_AGAP001724-RA_1+	DECOY_CUFF.3500.6_1+	DECOY_CUFF.3500.5_2+	DECOY_CUFF.3500.4_3+	DECOY_CUFF.3500.3_3+	DECOY_CUFF.3500.2_2+	DECOY_CUFF.3500.1_1+
./crux_output/comet_9553_2_2	2.611525	0.200000	0.793103	K.TLELQSFMR.L	DECOY_CUFF.10872.1_1+
./crux_output/comet_8537_2_1	2.608924	0.202703	0.793103	R.AYPRINAPGAATEG.Q	DECOY_sp|Q08157|YOL19_YEAST
./crux_output/comet_7969_2_2	2.598323	0.207207	0.793103	-.SVGVAFQSTAR.S	DECOY_TCONS_00000482_1+
./crux_output/comet_6386_2_2	2.583507	0.209821	0.793103	K.TIYECAR.L	DECOY_AGAP003186-PA	DECOY_ACOM035653-PA	DECOY_CUFF.4926.3_3+	DECOY_CUFF.4926.1_2+	DECOY_CUFF.4926.4_3+	DECOY_AGAP003186-RA_1+
./crux_output/comet_4650_2_1	2.572434	0.212389	0.793103	K.ESDELQTAGAK.S	DECOY_AGAP029660-PA	DECOY_AGAP000581-RA_2+	DECOY_CUFF.17128.2_3+
./crux_output/comet_8415_3_1	2.561196	0.213974	0.793103	K.DRYDPCVFTIER.V	DECOY_CUFF.16056.2_2+
./crux_output/comet_9996_2_2	2.540532	0.218341	0.793103	R.HNADNITVMMR.T	DECOY_CUFF.3874.5_1+
./crux_output/comet_6870_2_1	2.528094	0.222707	0.793103	L.QYEEFEQK.F	DECOY_sp|P53008|CWH41_YEAST
./crux_output/comet_7667_3_1	2.526633	0.225108	0.793103	R.KSMGSADQVYAVER.G	DECOY_TCONS_00040240_2+
./crux_output/comet_5990_3_2	2.519943	0.229437	0.793103	R.GDWQGRGDAGAPRER.D	DECOY_AGAP000387-RA_3+
./crux_output/comet_6708_4_2	2.518679	0.232759	0.793103	R.ENRNMADMIPDPSSSTTMMDSSR.F	DECOY_AGAP006461-RA_1+	DECOY_CUFF.2057.2_2+
./crux_output/comet_9961_3_2	2.516679	0.237069	0.793103	K.NEKDNVNSKITK.K	DECOY_CUFF.11276.6_1+	DECOY_CUFF.11276.5_1+	DECOY_CUFF.11276.2_1+	DECOY_CUFF.11276.1_1+	DECOY_CUFF.11276.4_1+	DECOY_CUFF.11276.3_1+
./crux_output/comet_8228_2_2	2.511591	0.240343	0.793103	K.AAAVLFDTR.R	DECOY_AGAP008231-PA	DECOY_AGAP008231-RA_1+
./crux_output/comet_9036_3_5	2.501654	0.241525	0.793103	R.TCTRYSITAWTCIAR.R	DECOY_AGAP001319-RA_2+
./crux_output/comet_7254_4_2	2.488141	0.245763	0.793103	K.FYQPSAPNMKDCIHCK.D	DECOY_sp|Q05580|HEL2_YEAST
./crux_output/comet_9635_3_2	2.488126	0.250000	0.793103	R.VNVGGPAMTQCCGR.A	DECOY_AGAP002687-RA_3+	DECOY_CUFF.4405.1_3+
./crux_output/comet_8924_3_1	2.482712	0.252101	0.793103	K.QEDDCPEADDSR.R	DECOY_AGAP003914-RB_1+	DECOY_CUFF.5680.4_1+	DECOY_CUFF.5680.1_1+
./crux_output/comet_9879_2_3	2.472823	0.256303	0.793103	R.HNADNITVMMR.T	DECOY_CUFF.3874.5_1+
./crux_output/comet_9135_3_3	2.469006	0.259414	0.793103	R.ECHNDDDDDDDTAE.R	DECOY_AGAP002186-RA_2+	DECOY_CUFF.4237.5_2+	DECOY_CUFF.4237.2_2+	DECOY_CUFF.4237.1_2+	DECOY_CUFF.4237.12_2+	DECOY_CUFF.4237.10_3+	DECOY_CUFF.4237.15_2+	DECOY_AGAP002186-RB_2+
./crux_output/comet_10065_4_1	2.463166	0.262500	0.793103	-.TSNNSNCVCVSVCRSPPPQHK.X	DECOY_TCONS_00023368_1+
./crux_output/comet_6075_2_1	2.454220	0.266667	0.793103	R.VEAPCKSR.C	DECOY_AGAP006945-RA_2+
./crux_output/comet_8929_2_2	2.453691	0.270833	0.793103	K.YTLFTDER.K	DECOY_CUFF.9630.2_3+
./crux_output/comet_7840_2_3	2.449029	0.272000	0.793103	R.FSSNSSSSSSSR.D	DECOY_AGAP010168-RA_2+	DECOY_CUFF.12015.1_1+
./crux_output/comet_6128_3_1	2.441794	0.272000	0.793103	R.EAIGEASCGRLK.X	DECOY_CUFF.3452.1_2+
./crux_output/comet_7664_2_3	2.426242	0.272000	0.793103	R.NDYKPFEK.A	DECOY_AGAP011097-PA	DECOY_ACOM023083-PA	DECOY_CUFF.7839.8_3+	DECOY_CUFF.7839.6_2+	DECOY_CUFF.7839.7_2+	DECOY_CUFF.7839.4_2+	DECOY_CUFF.7839.5_3+	DECOY_CUFF.7839.2_3+	DECOY_CUFF.7839.3_2+	DECOY_CUFF.7839.1_3+
./crux_output/comet_5601_2_3	2.372868	0.274510	0.793103	R.EENQMADEK.R	DECOY_CUFF.3252.1_2+	DECOY_CUFF.3252.2_1+
./crux_output/comet_7684_2_1	2.371088	0.274510	0.793103	R.ILGQAFPK.L	DECOY_CUFF.11595.3_2+	DECOY_CUFF.11595.1_1+	DECOY_AGAP009786-RA_1+
./crux_output/comet_5290_2_2	2.350541	0.278431	0.793103	R.GVPSVGSHVR.W	DECOY_AGAP003580-RA_1+	DECOY_CUFF.5236.1_3+
./crux_output/comet_10463_2_2	2.346904	0.282353	0.793103	V.EGLLLDDEQEEDR.D	DECOY_ACOM029402-PA
./crux_output/comet_10230_2_4	2.345189	0.286275	0.793103	R.SDNAHITTNR.N	DECOY_CUFF.6326.5_1+	DECOY_CUFF.6326.4_1+	DECOY_CUFF.6326.3_1+
./crux_output/comet_7705_4_3	2.342441	0.289062	0.793103	R.SFYMQRSCYYCYDISS.I	DECOY_CUFF.1092.1_3+
./crux_output/comet_9689_3_1	2.338441	0.292969	0.793103	C.NTRTRPPECAAR.S	DECOY_AGAP000579-RA_2+
./crux_output/comet_9549_3_1	2.334283	0.296875	0.793103	-.SDESHTGDMDDQMS.C	DECOY_AGAP008344-PA	DECOY_AGAP008344-PB	DECOY_ACOM030115-PA	DECOY_AGAP008344-RB_1+	DECOY_AGAP008344-RA_1+	DECOY_CUFF.9936.2_3+
./crux_output/comet_7359_2_2	2.333368	0.298450	0.793103	K.NSTTVPFER.C	DECOY_CUFF.8082.1_3+	DECOY_AGAP028166-RA_2+
./crux_output/comet_7312_2_1	2.318953	0.300000	0.793103	T.KGGGGGGSPGSGPK.S	DECOY_ACOM041338-PA
./crux_output/comet_9288_2_3	2.298888	0.302682	0.793103	R.TAEIFPPLPK.A	DECOY_CUFF.10176.3_3+
./crux_output/comet_5839_2_1	2.293686	0.305344	0.793103	G.AGDPTPEAR.Q	DECOY_AGAP003374-RA_1+	DECOY_CUFF.5193.1_1+
./crux_output/comet_7990_4_4	2.288554	0.309160	0.793103	R.GAGGGWAGPLSHLLHGGR.R	DECOY_CUFF.4313.1_3+	DECOY_CUFF.4313.2_2+	DECOY_CUFF.4313.3_3+	DECOY_CUFF.4313.6_3+	DECOY_AGAP002579-RA_3+
./crux_output/comet_6341_2_1	2.285774	0.312977	0.793103	K.ACACRGSSRLT.L	DECOY_ACOM022424-PA
./crux_output/comet_7529_3_5	2.284162	0.316794	0.793103	R.EHAQETNDFFR.F	DECOY_CUFF.17492.1_1+	DECOY_CUFF.17492.3_2+	DECOY_CUFF.17492.2_1+	DECOY_CUFF.17492.4_2+
./crux_output/comet_8252_3_1	2.280809	0.317164	0.793103	K.YLFSDQAGTDF.F	DECOY_CUFF.16688.3_1+
./crux_output/comet_9395_4_1	2.267058	0.317164	0.793103	R.LQVSHVTSVAPPLQTDRR.S	DECOY_AGAP006101-RA_3+	DECOY_CUFF.1651.1_2+	DECOY_CUFF.1651.2_3+	DECOY_CUFF.1651.3_1+
./crux_output/comet_7236_3_2	2.244702	0.320896	0.793103	R.TASSFPSSVNIK.L	DECOY_sp|Q08816|YO352_YEAST
./crux_output/comet_8240_2_5	2.243245	0.322222	0.793103	K.EEPVEEQPK.Q	DECOY_AGAP007563-PA	DECOY_AGAP007563-PB	DECOY_CUFF.3009.6_2+	DECOY_AGAP007563-RA_1+	DECOY_AGAP007563-RB_1+	DECOY_CUFF.3009.22_1+	DECOY_CUFF.3009.23_1+	DECOY_CUFF.3009.21_1+	DECOY_CUFF.3009.24_1+	DECOY_CUFF.3009.14_3+	DECOY_CUFF.3009.10_2+
./crux_output/comet_10256_3_1	2.237948	0.325926	0.793103	K.GALGNTGAPESNAAEKPK.N	DECOY_AGAP001328-PA	DECOY_ACOM033946-PA	DECOY_AGAP001328-RA_1+	DECOY_CUFF.3124.1_1+	DECOY_CUFF.3124.3_3+	DECOY_CUFF.3124.2_2+	DECOY_CUFF.3124.5_3+	DECOY_CUFF.3124.4_1+
./crux_output/comet_6760_2_2	2.230394	0.328413	0.793103	R.ATAAPSGGEDR.X	DECOY_TCONS_00009699_1+
./crux_output/comet_6334_3_3	2.225483	0.332103	0.793103	R.RVCVSCGCSFPTR.R	DECOY_CUFF.3376.2_1+	DECOY_CUFF.3376.1_2+	DECOY_AGAP001606-RA_2+
./crux_output/comet_5958_2_1	2.219091	0.335664	0.793103	K.IEDVFPK.R	DECOY_CUFF.4009.1_2+
./crux_output/comet_6454_3_1	2.215023	0.335664	0.793103	R.DAALAAQGSAGGAGDF.R	DECOY_AGAP008067-RA_3+
./crux_output/comet_10088_4_4	2.211458	0.335664	0.793103	R.FGSDEDLTNSNFQTMPAFQHRR.S	DECOY_sp|Q12749|SMC6_YEAST
./crux_output/comet_6901_2_4	2.200816	0.335664	0.793103	R.AECPWR.D	DECOY_CUFF.16875.2_1+	DECOY_CUFF.16875.1_1+	DECOY_AGAP000814-RA_3+
./crux_output/comet_6908_2_3	2.176753	0.335664	0.793103	R.TSLIYSGGRK.A	DECOY_CUFF.9567.1_3+	DECOY_AGAP007940-RB_3+
./crux_output/comet_10179_2_1	2.162360	0.335664	0.793103	R.TEAAFSHGWCSGVN.R	DECOY_AGAP011124-RA_2+	DECOY_CUFF.7826.2_2+
./crux_output/comet_9233_3_3	2.139394	0.336806	0.793103	K.QRTCSGSSTSPR.L	DECOY_CUFF.17220.1_1+	DECOY_AGAP001009-RA_1+
./crux_output/comet_8443_3_3	2.125051	0.340278	0.793103	R.GDSGAVPPVAGRK.L	DECOY_AGAP002481-RA_3+
./crux_output/comet_7629_3_5	2.123862	0.342561	0.793103	R.ASQPLTHRPNEYHWSENGDGGGTGYR.H	DECOY_CUFF.11500.1_1+	DECOY_AGAP009746-RA_3+	DECOY_CUFF.11500.2_1+
./crux_output/comet_8566_2_2	2.122009	0.344828	0.793103	K.INQNTPK.S	DECOY_CUFF.2520.2_2+	DECOY_CUFF.2520.3_3+	DECOY_CUFF.2520.1_2+	DECOY_CUFF.8013.3_1+
./crux_output/comet_7431_3_1	2.119480	0.347079	0.793103	R.QGLVTGDAAAAGDDDR.S	DECOY_AGAP002223-RA_3+
./crux_output/comet_6644_3_2	2.118024	0.349315	0.793103	R.ATCARSPTSTR.T	DECOY_AGAP000382-RA_2+
./crux_output/comet_9582_2_2	2.105646	0.350993	0.793103	R.GSQALDPDDGAR.R	DECOY_CUFF.4943.1_1+	DECOY_AGAP003271-RA_3+
./crux_output/comet_7033_2_1	2.103368	0.350993	0.793103	K.TTVVVMKR.R	DECOY_CUFF.2884.1_3+
./crux_output/comet_10131_2_2	2.098996	0.350993	0.793103	R.KGNSLFFPSAK.T	DECOY_AGAP006767-PA	DECOY_ACOM031716-PA	DECOY_AGAP006767-RA_1+
./crux_output/comet_5540_4_2	2.098985	0.350993	0.793103	K.GFNSEAQFHSHNEFLK.S	DECOY_TCONS_00021484_2+	DECOY_TCONS_00021483_1+
./crux_output/comet_6812_2_3	2.076554	0.354305	0.793103	R.ATAAPSGGEDR.X	DECOY_TCONS_00009699_1+
./crux_output/comet_6546_3_1	2.076215	0.357616	0.793103	L.FSTMLCQFNR.A	DECOY_CUFF.9376.2_1+	DECOY_CUFF.9376.1_3+	DECOY_CUFF.9376.3_2+
./crux_output/comet_9305_2_2	2.071365	0.360927	0.793103	R.TNAWYCLVIR.N	DECOY_CUFF.5188.4_1+	DECOY_CUFF.5188.6_3+	DECOY_CUFF.5188.1_3+	DECOY_CUFF.5188.3_3+	DECOY_CUFF.5188.2_3+	DECOY_CUFF.5188.8_3+
./crux_output/comet_8327_2_3	2.069834	0.364238	0.793103	R.CHCMKTFR.G	DECOY_AGAP009975-RA_3+	DECOY_CUFF.11839.2_2+	DECOY_CUFF.11839.1_1+
./crux_output/comet_5879_3_5	2.069611	0.366337	0.793103	K.FAVWYINSGDLK.D	DECOY_AGAP000679-PA	DECOY_ACOM028910-PA	DECOY_CUFF.16641.1_1+	DECOY_AGAP000679-RA_1+
./crux_output/comet_6685_3_1	2.063488	0.369637	0.793103	R.KDCPMQSVPVCEL.R	DECOY_AGAP001157-RA_3+
./crux_output/comet_10425_3_1	2.052831	0.371711	0.793103	E.SALEALQTSGTRTEEGHG.-	DECOY_AGAP007134-PA
./crux_output/comet_10596_3_5	2.049085	0.375000	0.793103	K.AHSLTHTDWLDSQSVVFNGK.Q	DECOY_AGAP004595-PA	DECOY_ACOM041035-PA	DECOY_CUFF.6315.1_1+	DECOY_CUFF.6315.3_1+	DECOY_AGAP004595-RA_1+
./crux_output/comet_10003_4_2	2.047450	0.378289	0.793103	R.DIRARPEASAVVECSR.S	DECOY_CUFF.4167.2_2+	DECOY_AGAP002411-RB_2+
./crux_output/comet_8572_2_3	2.043660	0.380328	0.793103	K.IDDYPVK.R	DECOY_sp|P38073|EDS1_YEAST
./crux_output/comet_9953_2_3	2.041320	0.383607	0.793103	R.HNNSFINIQN.-	DECOY_TCONS_00039638_1+
./crux_output/comet_10625_4_1	2.036241	0.386885	0.793103	R.SSSGTPTTPTITTTTTTTATTTN.R	DECOY_AGAP012403-PA	DECOY_AGAP012403-PB	DECOY_ACOM026133-PA	DECOY_CUFF.9332.1_1+	DECOY_CUFF.9332.2_3+	DECOY_CUFF.9332.3_3+	DECOY_CUFF.9332.4_2+	DECOY_AGAP012403-RA_1+
./crux_output/comet_8632_2_4	2.033791	0.390164	0.793103	K.IDDYPVK.R	DECOY_sp|P38073|EDS1_YEAST
./crux_output/comet_6020_3_1	2.033526	0.392157	0.793103	K.QGDEKGDDGSDSSIR.H	DECOY_AGAP003872-PA	DECOY_ACOM034742-PA	DECOY_CUFF.5555.1_1+	DECOY_AGAP003872-RA_1+
./crux_output/comet_10201_3_1	2.025138	0.394137	0.793103	I.THSFYVGFAGPPPLK.E	DECOY_ACOM037945-PA	DECOY_AGAP028143-RA_3+
./crux_output/comet_10148_3_1	2.015687	0.397394	0.793103	K.YERDENNAAYSR.G	DECOY_CUFF.624.2_2+	DECOY_CUFF.624.1_2+
./crux_output/comet_8284_2_2	2.014994	0.398058	0.793103	R.AAAATASEPAR.R	DECOY_AGAP003151-RA_3+
./crux_output/comet_7205_3_1	2.010011	0.401294	0.793103	R.TCCTCYTWCP.A	DECOY_CUFF.4241.8_1+	DECOY_CUFF.4241.1_2+	DECOY_CUFF.4241.2_1+	DECOY_CUFF.4241.4_2+	DECOY_CUFF.4241.5_2+	DECOY_AGAP002181-RA_3+	DECOY_AGAP002181-RC_1+	DECOY_AGAP002181-RB_3+	DECOY_CUFF.4241.3_1+
./crux_output/comet_9510_2_2	2.005561	0.403226	0.793103	R.VSDGIEVMTER.G	DECOY_AGAP000954-PA	DECOY_AGAP000954-PB	DECOY_AGAP000954-PC	DECOY_AGAP000954-PD	DECOY_CUFF.17521.13_1+	DECOY_CUFF.17521.12_2+	DECOY_CUFF.17521.14_3+	DECOY_AGAP000954-RD_3+	DECOY_AGAP000954-RA_3+	DECOY_AGAP000954-RC_2+	DECOY_AGAP000954-RB_3+	DECOY_CUFF.17521.8_3+	DECOY_CUFF.17521.2_1+	DECOY_CUFF.17521.3_3+	DECOY_CUFF.17521.6_1+	DECOY_CUFF.17521.7_1+	DECOY_CUFF.17521.5_3+	DECOY_CUFF.17521.1_3+	DECOY_CUFF.17521.4_2+
./crux_output/comet_9797_2_4	1.997980	0.403785	0.793103	R.ATAATPPVPR.T	DECOY_TCONS_00031607_2+
./crux_output/comet_10241_4_2	1.995584	0.403785	0.793103	R.SSSSASGGSGNHPLAPGHGPSGSHRSGHGGQS.S	DECOY_AGAP007994-PA	DECOY_AGAP007994-RA_1+	DECOY_CUFF.9600.1_1+
./crux_output/comet_10503_2_3	1.994701	0.403785	0.793103	R.LFADNDSLK.N	DECOY_AGAP012543-PA	DECOY_ACOM041085-PA	DECOY_CUFF.13376.1_1+	DECOY_AGAP012543-RA_3+
./crux_output/comet_7498_2_1	1.965649	0.406940	0.793103	K.SSYSLTNVK.R	DECOY_sp|Q12252|PHM7_YEAST
./crux_output/comet_9687_2_1	1.965436	0.409375	0.793103	Q.GGGVPGAEPR.A	DECOY_AGAP002200-RA_2+	DECOY_CUFF.3959.3_3+	DECOY_CUFF.3959.2_3+	DECOY_CUFF.3959.4_2+	DECOY_CUFF.3959.1_2+
./crux_output/comet_9773_3_1	1.964160	0.409375	0.793103	Q.QEDPKADHGPGAEPR.D	DECOY_AGAP012577-RA_3+	DECOY_AGAP010645-RA_1+
./crux_output/comet_10561_2_1	1.959379	0.409938	0.793103	K.VITTTVTHGCPVP.X	DECOY_AGAP004071-RB_2+
./crux_output/comet_7156_3_1	1.956297	0.413043	0.793103	R.SSSEQDDEEGE.G	DECOY_AGAP004833-PA	DECOY_AGAP012685-PA	DECOY_AGAP012699-PA	DECOY_ACOM038277-PA	DECOY_CUFF.433.1_1+	DECOY_CUFF.433.2_1+	DECOY_CUFF.433.3_1+	DECOY_CUFF.433.4_1+	DECOY_CUFF.433.5_1+	DECOY_CUFF.14075.2_2+	DECOY_AGAP012699-RA_1+	DECOY_AGAP004833-RA_1+	DECOY_CUFF.14131.1_1+	DECOY_CUFF.14131.2_1+	DECOY_CUFF.14075.1_1+	DECOY_AGAP012685-RA_1+
./crux_output/comet_7456_2_2	1.952162	0.414861	0.793103	K.TNEEEVR.Q	DECOY_AGAP002649-PA	DECOY_ACOM036577-PA	DECOY_AGAP002649-RA_1+	DECOY_CUFF.4394.3_1+	DECOY_CUFF.4394.2_2+	DECOY_CUFF.4394.1_1+
./crux_output/comet_9681_3_1	1.950892	0.416667	0.793103	E.RTQPFGYSEVDDDDSR.N	DECOY_AGAP029492-PA	DECOY_ACOM041384-PA	DECOY_AGAP011525-RA_2+	DECOY_CUFF.8339.1_1+	DECOY_CUFF.8339.2_1+
./crux_output/comet_7540_2_1	1.950238	0.417683	0.793103	A.ATDPQTDNR.W	DECOY_CUFF.2999.1_3+
./crux_output/comet_8998_2_2	1.949276	0.417683	0.793103	K.NSVHEAAR.V	DECOY_AGAP028014-PA	DECOY_ACOM028189-PA	DECOY_AGAP028014-RA_1+
./crux_output/comet_9397_2_1	1.941709	0.420732	0.793103	R.EFEMTEPDLGEDI.A	DECOY_AGAP001298-PA	DECOY_ACOM033917-PA	DECOY_CUFF.3100.3_2+	DECOY_CUFF.3100.2_2+	DECOY_CUFF.3100.1_2+	DECOY_CUFF.3100.5_3+	DECOY_CUFF.3100.4_2+	DECOY_AGAP001298-RA_1+
./crux_output/comet_9192_3_1	1.940009	0.423780	0.793103	K.ITESHEVNTTW.R	DECOY_CUFF.5252.3_1+	DECOY_CUFF.5252.2_3+	DECOY_CUFF.5252.1_1+	DECOY_CUFF.5252.4_2+
./crux_output/comet_10530_3_3	1.939455	0.426829	0.793103	R.SNNTAAKSANSSVASK.F	DECOY_CUFF.12313.1_3+	DECOY_CUFF.13942.1_3+
./crux_output/comet_8437_3_4	1.936720	0.428571	0.793103	R.SHHTQAGSCKLEDR.T	DECOY_AGAP002955-PA	DECOY_ACOM037411-PA	DECOY_AGAP002955-RA_1+
./crux_output/comet_5392_2_5	1.930089	0.431611	0.793103	R.AVIVSEAATR.A	DECOY_CUFF.15866.1_3+	DECOY_AGAP000090-RA_2+
./crux_output/comet_9717_2_1	1.929681	0.432024	0.793103	V.TVVIGGTGK.T	DECOY_CUFF.11227.10_3+
./crux_output/comet_8309_2_1	1.917996	0.433735	0.793103	R.DDDDDNDDMD.W	DECOY_CUFF.9695.1_2+
./crux_output/comet_8476_2_1	1.914075	0.435435	0.793103	R.ESSQTALNFFK.W	DECOY_CUFF.8812.1_1+
./crux_output/comet_6438_2_2	1.910001	0.438438	0.793103	R.TTTTATSKR.S	DECOY_AGAP006682-RA_1+
./crux_output/comet_9094_2_2	1.909514	0.441441	0.793103	K.TNEPNKTER.Q	DECOY_AGAP002388-PA	DECOY_ACOM037052-PA	DECOY_AGAP002388-RA_1+
./crux_output/comet_10002_2_3	1.907881	0.441791	0.793103	K.TNNATFATRR.C	DECOY_CUFF.15875.2_2+	DECOY_CUFF.15875.7_3+
./crux_output/comet_8552_2_5	1.907006	0.442577	0.793103	R.EMSVAACK.S	DECOY_TCONS_00002319_2+
./crux_output/comet_5636_2_5	1.900616	0.442577	0.793103	R.WMTGSSSR.A	DECOY_AGAP013313-RA_2+
./crux_output/comet_6013_2_1	1.896682	0.442577	0.793103	K.IEDVFPK.R	DECOY_CUFF.4009.1_2+
./crux_output/comet_7638_4_1	1.895269	0.442577	0.793103	K.ILAHVCGCVCVCMCLCD.V	DECOY_CUFF.15891.1_2+	DECOY_CUFF.15891.2_2+
./crux_output/comet_9506_4_2	1.890009	0.442577	0.793103	K.AQETQKGFRSLPDFNSLR.S	DECOY_CUFF.8043.2_2+
./crux_output/comet_8961_2_1	1.879247	0.442577	0.793103	R.SSSASFLSTGS.V	DECOY_CUFF.5252.4_1+
./crux_output/comet_8453_2_3	1.878193	0.442577	0.793103	K.DAEVDERGVEAK.E	DECOY_AGAP002183-PA	DECOY_ACOM042081-PA	DECOY_AGAP002183-RA_1+
./crux_output/comet_4441_2_1	1.877647	0.442577	0.793103	R.VNHVLARCR.D	DECOY_TCONS_00034234_3+	DECOY_AGAP012766-RA_1+
./crux_output/comet_8148_3_1	1.862615	0.442577	0.793103	K.HDDESMDMGDEDPFDDLQVCS.V	DECOY_AGAP011541-PA	DECOY_AGAP011541-RA_1+	DECOY_CUFF.8369.3_3+	DECOY_CUFF.8369.2_2+	DECOY_CUFF.8369.1_3+	DECOY_CUFF.8369.4_1+
./crux_output/comet_6986_2_2	1.853557	0.442577	0.793103	K.TTVVVMKR.R	DECOY_CUFF.2884.1_3+
./crux_output/comet_10630_2_5	1.828181	0.445378	0.793103	R.LVNEGPVHR.R	DECOY_AGAP006771-RA_2+
./crux_output/comet_8206_3_1	1.821152	0.448179	0.793103	R.THTNGDAWRMK.A	DECOY_CUFF.16660.2_3+
./crux_output/comet_7469_2_3	1.816297	0.448753	0.793103	K.EEGEEEEEK.E	DECOY_AGAP000847-PA	DECOY_AGAP000847-PC	DECOY_AGAP013275-PA	DECOY_CUFF.17097.4_3+	DECOY_CUFF.17097.2_2+	DECOY_AGAP013275-RA_1+	DECOY_AGAP000847-RC_1+	DECOY_CUFF.16371.1_2+	DECOY_CUFF.16371.2_2+	DECOY_CUFF.17097.3_1+
./crux_output/comet_9404_3_5	1.814473	0.448753	0.793103	R.RPSEAHHVNWER.L	DECOY_AGAP004241-RA_2+	DECOY_CUFF.5893.1_3+
./crux_output/comet_902_2_1	1.797461	0.451524	0.793103	R.EAGPGATQAGGGAAAADA.R	DECOY_CUFF.9247.1_1+	DECOY_CUFF.9247.3_2+	DECOY_CUFF.9247.2_3+	DECOY_CUFF.9247.4_1+	DECOY_AGAP012332-RA_2+
./crux_output/comet_9580_2_3	1.796013	0.454294	0.793103	R.VSDGIEVMTER.G	DECOY_AGAP000954-PA	DECOY_AGAP000954-PB	DECOY_AGAP000954-PC	DECOY_AGAP000954-PD	DECOY_CUFF.17521.13_1+	DECOY_CUFF.17521.12_2+	DECOY_CUFF.17521.14_3+	DECOY_AGAP000954-RD_3+	DECOY_AGAP000954-RA_3+	DECOY_AGAP000954-RC_2+	DECOY_AGAP000954-RB_3+	DECOY_CUFF.17521.8_3+	DECOY_CUFF.17521.2_1+	DECOY_CUFF.17521.3_3+	DECOY_CUFF.17521.6_1+	DECOY_CUFF.17521.7_1+	DECOY_CUFF.17521.5_3+	DECOY_CUFF.17521.1_3+	DECOY_CUFF.17521.4_2+
./crux_output/comet_6322_4_1	1.792334	0.454545	0.793103	R.CPLLVMPAGEWQSW.R	DECOY_TCONS_00026387_1+
./crux_output/comet_7698_2_1	1.783685	0.456044	0.793103	R.CDAPPFSAT.A	DECOY_CUFF.3755.1_3+	DECOY_AGAP002061-RA_2+
./crux_output/comet_6679_2_1	1.778917	0.456284	0.793103	R.AVMQEVVR.E	DECOY_AGAP006968-PA	DECOY_ACOM031472-PA	DECOY_AGAP006968-RA_1+
./crux_output/comet_9064_2_2	1.762580	0.456464	0.793103	K.TNFRYIR.W	DECOY_CUFF.3469.15_3+	DECOY_CUFF.3469.14_3+	DECOY_CUFF.3469.16_1+	DECOY_CUFF.3469.11_3+	DECOY_CUFF.3469.10_3+	DECOY_CUFF.3469.13_3+	DECOY_CUFF.3469.12_3+
./crux_output/comet_10321_3_1	1.759002	0.456464	0.793103	R.VCVCVACVSDDC.V	DECOY_CUFF.4083.3_2+	DECOY_CUFF.4083.2_2+
./crux_output/comet_10650_4_2	1.757681	0.456464	0.793103	R.RPFSSGCHPCCYKHC.A	DECOY_sp|P38164|SEA4_YEAST
./crux_output/comet_10400_3_1	1.757423	0.456464	0.793103	R.SSVATCRCTTAYR.A	DECOY_AGAP008239-RA_2+	DECOY_CUFF.9805.1_3+
./crux_output/comet_4796_3_1	1.755423	0.456464	0.793103	R.GSFKELCYVIS.L	DECOY_CUFF.6102.11_1+	DECOY_CUFF.6102.3_3+	DECOY_CUFF.6102.1_3+	DECOY_CUFF.6102.6_2+	DECOY_CUFF.6102.7_2+	DECOY_CUFF.6102.4_3+	DECOY_CUFF.6102.5_3+	DECOY_AGAP004437-RC_1+
./crux_output/comet_9740_2_3	1.753771	0.456464	0.793103	K.AKELYATR.C	DECOY_AGAP001791-PA	DECOY_ACOM023825-PA	DECOY_AGAP001791-RA_1+	DECOY_CUFF.3539.1_1+
./crux_output/comet_6298_2_1	1.731830	0.459103	0.793103	K.HVINIPSAEL.K	DECOY_AGAP000865-PA	DECOY_AGAP000865-PB	DECOY_ACOM036172-PA	DECOY_CUFF.17072.8_1+	DECOY_CUFF.17072.3_1+	DECOY_CUFF.17072.1_3+	DECOY_CUFF.17072.7_1+	DECOY_CUFF.17072.6_1+	DECOY_CUFF.17072.5_3+	DECOY_CUFF.17072.4_3+	DECOY_CUFF.17072.2_1+	DECOY_AGAP000865-RA_1+
./crux_output/comet_9615_2_4	1.728321	0.459318	0.793103	R.TTPPPASPR.T	DECOY_AGAP010516-RA_3+
./crux_output/comet_7400_3_3	1.725865	0.459530	0.793103	R.QNWCHEACQLDW.S	DECOY_AGAP003983-RA_3+
./crux_output/comet_8842_2_1	1.724206	0.460938	0.793103	K.TVVVNLVEYD.L	DECOY_AGAP001132-PA	DECOY_ACOM033680-PA	DECOY_AGAP001132-RA_1+	DECOY_CUFF.3137.1_1+	DECOY_CUFF.3137.2_2+
./crux_output/comet_10187_2_1	1.719032	0.462338	0.793103	K.VCIAHIQN.Q	DECOY_AGAP010459-RA_1+
./crux_output/comet_7298_2_1	1.716903	0.462532	0.793103	M.LCSNLQDHVNK.Q	DECOY_CUFF.3035.8_1+	DECOY_CUFF.3035.9_1+	DECOY_CUFF.3035.6_1+	DECOY_CUFF.3035.7_1+	DECOY_CUFF.3035.4_3+	DECOY_CUFF.3035.5_2+	DECOY_CUFF.3035.2_1+	DECOY_CUFF.3035.3_2+	DECOY_CUFF.3035.1_1+	DECOY_CUFF.3035.10_2+
./crux_output/comet_4919_3_4	1.711217	0.462725	0.793103	R.DNSNQKRHNQTK.K	DECOY_AGAP005840-RA_3+
./crux_output/comet_9576_2_5	1.701690	0.462916	0.793103	R.SSGAGPSSTFSPR.C	DECOY_CUFF.17097.7_3+
./crux_output/comet_6246_4_2	1.697390	0.463054	0.793103	R.KEQCKPTNMAVPVLK.K	DECOY_sp|P36134|YK21_YEAST
./crux_output/comet_5492_2_1	1.695304	0.463054	0.793103	R.LMDSSWR.D	DECOY_CUFF.4462.1_1+
./crux_output/comet_4820_2_2	1.689724	0.463054	0.793103	R.SAATPCGWCY.T	DECOY_CUFF.10833.1_1+
./crux_output/comet_7077_2_1	1.685900	0.463054	0.793103	K.TTVVVMKR.R	DECOY_CUFF.2884.1_3+
./crux_output/comet_7123_3_1	1.681919	0.463054	0.793103	R.ASGEELRLSSSTSRSGLGEG.R	DECOY_AGAP028510-PA	DECOY_ACOM023062-PA	DECOY_TCONS_00023218_1+
./crux_output/comet_10271_3_4	1.669498	0.463054	0.793103	R.KACAIFKDSLAR.L	DECOY_AGAP008803-RB_2+	DECOY_CUFF.10317.2_1+	DECOY_CUFF.10317.3_1+	DECOY_CUFF.10317.1_1+
./crux_output/comet_9532_2_1	1.658815	0.463054	0.793103	P.GASAECCEGTHSK.V	DECOY_CUFF.519.1_3+
./crux_output/comet_6061_3_4	1.643873	0.465517	0.793103	R.ECVLTLTCQLQ.T	DECOY_AGAP011975-PA	DECOY_ACOM032247-PA	DECOY_AGAP011975-RA_3+
./crux_output/comet_8379_4_5	1.634563	0.466830	0.793103	R.GASESHEAARDAAAHEETR.F	DECOY_CUFF.1298.3_2+	DECOY_CUFF.1298.2_2+	DECOY_CUFF.1298.1_2+	DECOY_CUFF.1298.5_1+	DECOY_CUFF.1298.4_2+	DECOY_AGAP005710-RA_3+
./crux_output/comet_4525_2_3	1.630066	0.468293	0.800000	G.ARWANAAAR.H	DECOY_CUFF.7593.11_3+	DECOY_CUFF.7593.1_3+	DECOY_CUFF.7593.16_3+
./crux_output/comet_7004_2_5	1.629900	0.468293	0.800000	K.SNTSPPKPTR.A	DECOY_CUFF.633.2_1+
./crux_output/comet_6963_2_4	1.627134	0.468447	0.800000	R.IFQQLPK.Y	DECOY_sp|Q04549|ARP10_YEAST
./crux_output/comet_9788_2_5	1.623543	0.470874	0.800000	K.AKELYATR.C	DECOY_AGAP001791-PA	DECOY_ACOM023825-PA	DECOY_AGAP001791-RA_1+	DECOY_CUFF.3539.1_1+
./crux_output/comet_7550_2_1	1.621944	0.471154	0.800000	-.GFYPLSSSSSSSSV.R	DECOY_CUFF.2906.1_2+
./crux_output/comet_9824_2_4	1.619716	0.471154	0.800000	R.ATVFRVER.H	DECOY_TCONS_00039521_1+
./crux_output/comet_8975_2_1	1.616329	0.473558	0.800000	D.CQYVVNAYSDR.C	DECOY_CUFF.5272.1_1+
./crux_output/comet_8112_2_1	1.616303	0.474940	0.800000	R.NSFATVPADA.S	DECOY_CUFF.1509.1_1+	DECOY_CUFF.1509.2_3+	DECOY_CUFF.1509.3_3+
./crux_output/comet_6771_2_2	1.615033	0.474940	0.800000	K.SSEDQLRQCFFGK.X	DECOY_CUFF.7596.2_2+	DECOY_CUFF.7596.1_1+
./crux_output/comet_9287_2_1	1.606510	0.477327	0.805627	K.ASGLGSYLVP.F	DECOY_ACOM039563-PA
./crux_output/comet_9867_3_5	1.604927	0.479714	0.805627	R.APPWSSTSRTCRGSAPR.R	DECOY_AGAP012848-RA_2+
./crux_output/comet_8446_4_1	1.604439	0.482100	0.805627	G.ASLAISRVAPGGAQHAVATR.D	DECOY_AGAP011441-RA_3+
./crux_output/comet_7635_2_1	1.602980	0.482353	0.805627	R.FIIGPSFC.L	DECOY_CUFF.9354.1_2+
./crux_output/comet_6205_2_5	1.598070	0.482353	0.805627	R.ATTAFTPR.H	DECOY_CUFF.3215.6_3+	DECOY_CUFF.3215.4_2+	DECOY_CUFF.3215.5_3+	DECOY_CUFF.3215.2_3+	DECOY_CUFF.3215.3_3+	DECOY_CUFF.3215.1_3+	DECOY_AGAP001460-RA_1+
./crux_output/comet_6156_2_5	1.597093	0.482353	0.805627	R.TTSTSFRR.K	DECOY_CUFF.4651.2_1+	DECOY_AGAP013499-RA_2+
./crux_output/comet_10147_2_1	1.592430	0.483568	0.805627	K.SLSKLER.L	DECOY_CUFF.709.15_2+	DECOY_CUFF.709.10_2+	DECOY_CUFF.709.11_1+
./crux_output/comet_7368_2_1	1.589827	0.485915	0.805627	R.QGHQDGHV.L	DECOY_CUFF.8362.1_3+	DECOY_CUFF.8362.2_2+	DECOY_CUFF.8362.3_2+	DECOY_AGAP011545-RA_1+
./crux_output/comet_8866_2_1	1.586468	0.488263	0.805627	R.CNCDMQC.Q	DECOY_CUFF.10977.1_2+
./crux_output/comet_6945_2_1	1.585881	0.490610	0.805627	K.YPLCFQAIG.L	DECOY_CUFF.10540.1_3+	DECOY_CUFF.10540.2_3+
./crux_output/comet_6458_3_4	1.585513	0.491879	0.805627	R.DPRPDCKGAGER.L	DECOY_AGAP002498-RA_1+	DECOY_CUFF.4202.1_3+
./crux_output/comet_9613_4_2	1.583847	0.491879	0.805627	R.VLTLWCCARTGPYYHNC.L	DECOY_TCONS_00040362_2+
./crux_output/comet_6700_2_5	1.578199	0.491879	0.805627	R.WREVTGGPSR.A	DECOY_CUFF.9527.3_2+
./crux_output/comet_4776_3_2	1.563936	0.494200	0.805627	R.QPAATVIGASAAFR.C	DECOY_CUFF.11249.1_1+	DECOY_CUFF.11249.3_1+	DECOY_CUFF.11249.2_1+	DECOY_AGAP009608-RA_3+
./crux_output/comet_9003_2_1	1.563397	0.494226	0.805627	L.TGSTSTTSTTTCAR.S	DECOY_AGAP009382-RA_2+	DECOY_AGAP009385-RB_1+
./crux_output/comet_9563_4_1	1.560849	0.494253	0.805627	K.SLSVDRSDSGAAGGTGNAGYAALSALDS.G	DECOY_CUFF.4879.8_1+	DECOY_CUFF.4879.3_2+	DECOY_CUFF.4879.2_3+	DECOY_CUFF.4879.1_2+	DECOY_CUFF.4879.7_3+	DECOY_CUFF.4879.6_1+	DECOY_CUFF.4879.5_2+	DECOY_CUFF.4879.4_3+
./crux_output/comet_6911_2_1	1.555998	0.495413	0.805627	R.ILGQAFPK.L	DECOY_CUFF.11595.3_2+	DECOY_CUFF.11595.1_1+	DECOY_AGAP009786-RA_1+
./crux_output/comet_9589_3_1	1.553271	0.496568	0.805627	R.FDGRCGGTASLCLK.K	DECOY_CUFF.11140.2_1+	DECOY_CUFF.11140.1_1+
./crux_output/comet_10489_3_1	1.550493	0.498856	0.805627	R.QKSSNNFIQLTK.K	DECOY_CUFF.16096.7_2+
./crux_output/comet_10158_3_1	1.548537	0.500000	0.805627	W.MAILWGNCVTVK.C	DECOY_AGAP010414-RA_2+
./crux_output/comet_8800_2_1	1.548128	0.501139	0.805627	R.ECACDIC.V	DECOY_CUFF.16284.9_2+	DECOY_CUFF.16284.1_1+	DECOY_CUFF.16284.3_1+	DECOY_CUFF.16284.2_3+	DECOY_CUFF.16284.5_2+	DECOY_CUFF.16284.4_3+	DECOY_CUFF.16284.7_2+	DECOY_CUFF.16284.6_2+	DECOY_CUFF.16284.10_1+
./crux_output/comet_6048_3_4	1.544536	0.503417	0.805627	R.GDWQGRGDAGAPRER.D	DECOY_AGAP000387-RA_3+
./crux_output/comet_10018_3_3	1.544267	0.505695	0.805627	K.DNAAAYAFNINIAG.I	DECOY_AGAP010267-PA	DECOY_ACOM022625-PA	DECOY_AGAP010267-RA_1+
./crux_output/comet_8743_2_1	1.542181	0.506579	0.805627	K.LGPISCVV.S	DECOY_AGAP012066-PA	DECOY_AGAP012907-PA	DECOY_ACOM026617-PA	DECOY_AGAP012907-RA_1+	DECOY_CUFF.8990.1_1+	DECOY_AGAP012066-RA_1+
./crux_output/comet_7729_2_5	1.537880	0.506579	0.805627	R.NGIAGHTR.A	DECOY_CUFF.5242.4_3+	DECOY_CUFF.5242.6_1+	DECOY_CUFF.5242.7_1+	DECOY_CUFF.5242.1_1+	DECOY_CUFF.5242.2_1+	DECOY_CUFF.5242.3_1+	DECOY_CUFF.5242.8_1+
./crux_output/comet_9606_2_3	1.532011	0.506579	0.805627	R.SIVIGTNK.R	DECOY_AGAP007959-RA_1+
./crux_output/comet_10303_2_4	1.530717	0.506579	0.805627	R.TTSTTITNR.S	DECOY_AGAP007977-RA_3+
./crux_output/comet_5705_3_4	1.530441	0.506579	0.805627	R.VPETEYRPGSR.G	DECOY_AGAP002246-RA_3+	DECOY_CUFF.3998.1_3+	DECOY_CUFF.3998.2_1+	DECOY_CUFF.3998.3_1+
./crux_output/comet_9886_2_1	1.522641	0.506579	0.805627	F.NGGTCTAGHRHR.R	DECOY_CUFF.4451.1_1+	DECOY_AGAP013363-RA_3+
./crux_output/comet_9887_2_1	1.520260	0.506579	0.805627	F.FTIRPHYYYNCNA.-	DECOY_sp|Q03305|RMT2_YEAST
./crux_output/comet_7657_2_1	1.518374	0.506579	0.805627	T.GFSVDFCSCCEK.R	DECOY_CUFF.2251.1_1+	DECOY_CUFF.2251.3_2+	DECOY_CUFF.2251.2_2+	DECOY_CUFF.2251.4_2+
./crux_output/comet_6074_3_1	1.512592	0.506579	0.805627	K.TDCTNTNFMQQQHGTVS.N	DECOY_AGAP012403-RA_1+
./crux_output/comet_5554_2_1	1.507135	0.507625	0.805627	K.EHYESNGEK.I	DECOY_sp|Q03266|PABC_YEAST
./crux_output/comet_7929_2_2	1.505434	0.507625	0.805627	K.KTNSAASSGETIR.R	DECOY_sp|Q03661|ESC1_YEAST
./crux_output/comet_6689_2_2	1.499643	0.509804	0.805627	R.MDLVSKK.S	DECOY_CUFF.1594.4_2+	DECOY_CUFF.1594.2_1+	DECOY_CUFF.1594.3_3+	DECOY_CUFF.1594.1_3+
./crux_output/comet_7139_3_5	1.499622	0.511983	0.805627	R.GRQHAPGSVDHQAMK.L	DECOY_CUFF.5574.1_3+	DECOY_AGAP003901-RA_1+
./crux_output/comet_6404_2_1	1.497903	0.514161	0.805627	R.NETGHSSATGMPVG.G	DECOY_AGAP009413-RA_3+
./crux_output/comet_8912_2_2	1.497126	0.515217	0.805627	R.CNEFMRTR.S	DECOY_AGAP006926-PA	DECOY_ACOM031514-PA	DECOY_CUFF.2361.1_2+	DECOY_AGAP006926-RA_3+
./crux_output/comet_7919_2_4	1.496195	0.517316	0.805627	R.SVYRSTANAR.A	DECOY_AGAP007954-RA_3+
./crux_output/comet_9971_4_3	1.490312	0.517316	0.805627	-.PVCFCCYCCCCSTCYP.R	DECOY_CUFF.10534.1_3+
./crux_output/comet_5044_2_4	1.486066	0.519481	0.805627	K.AGSLTFGR.R	DECOY_AGAP003769-RA_2+
./crux_output/comet_7231_4_2	1.485750	0.520518	0.805627	Q.FSIHTHTHAYTQTCHR.D	DECOY_CUFF.16863.2_3+	DECOY_CUFF.16863.3_1+	DECOY_CUFF.16863.6_1+	DECOY_CUFF.16863.4_1+	DECOY_CUFF.16863.1_3+	DECOY_CUFF.16863.5_3+
./crux_output/comet_10586_3_1	1.483460	0.522678	0.805627	K.NLESLYEEAATSLP.L	DECOY_AGAP029493-PA	DECOY_CUFF.12056.2_1+	DECOY_AGAP010207-RA_1+	DECOY_CUFF.12056.3_1+	DECOY_CUFF.12056.1_2+
./crux_output/comet_7983_3_4	1.481215	0.524838	0.805627	R.QQSLIFGCSLTRYK.Q	DECOY_AGAP003765-RA_3+
./crux_output/comet_4603_2_4	1.478546	0.526998	0.805627	R.VKGQADAAAR.A	DECOY_AGAP011557-RA_3+
./crux_output/comet_8442_2_1	1.473902	0.529158	0.805627	R.FEEEGGATR.A	DECOY_CUFF.3656.1_3+	DECOY_CUFF.3656.2_1+	DECOY_CUFF.3656.5_3+	DECOY_CUFF.3656.4_1+	DECOY_AGAP001916-RA_3+
./crux_output/comet_10066_2_5	1.471826	0.531317	0.805627	R.TDIQPPHDAQRR.K	DECOY_AGAP001253-RA_3+	DECOY_CUFF.3051.1_1+
./crux_output/comet_9705_2_1	1.468831	0.533477	0.805627	K.DDSDGGDSSGC.G	DECOY_AGAP001209-PA	DECOY_ACOM033802-PA	DECOY_CUFF.3036.1_2+	DECOY_CUFF.3036.3_1+	DECOY_CUFF.3036.2_1+	DECOY_CUFF.3036.5_1+	DECOY_CUFF.3036.4_3+	DECOY_CUFF.3036.7_1+	DECOY_CUFF.3036.6_1+	DECOY_CUFF.3036.8_1+	DECOY_AGAP001209-RA_1+
./crux_output/comet_5907_3_2	1.466046	0.535637	0.805627	K.QSAEKVTTNIK.H	DECOY_AGAP010327-PA	DECOY_ACOM027772-PA	DECOY_AGAP010327-RA_1+	DECOY_CUFF.6703.1_3+	DECOY_CUFF.6703.3_1+	DECOY_CUFF.6703.2_3+
./crux_output/comet_4443_2_5	1.460986	0.536638	0.805627	R.VKGQADAAAR.A	DECOY_AGAP011557-RA_3+
./crux_output/comet_8789_2_2	1.457664	0.537634	0.805627	K.TVVVNLVEYD.L	DECOY_AGAP001132-PA	DECOY_ACOM033680-PA	DECOY_AGAP001132-RA_1+	DECOY_CUFF.3137.1_1+	DECOY_CUFF.3137.2_2+
./crux_output/comet_9292_3_1	1.456174	0.539785	0.805627	R.SWADYACMGVTGCET.V	DECOY_AGAP008544-RA_3+	DECOY_CUFF.10050.1_3+
./crux_output/comet_10544_3_2	1.455866	0.541582	0.805627	R.ICCVTKHMPR.T	DECOY_AGAP013178-RA_2+	DECOY_CUFF.3792.1_1+	DECOY_CUFF.3792.2_1+	DECOY_CUFF.3792.3_2+	DECOY_CUFF.3792.4_3+	DECOY_CUFF.3792.5_2+
./crux_output/comet_5666_2_1	1.455436	0.541582	0.805627	C.HVIAFYLR.R	DECOY_CUFF.822.1_1+
./crux_output/comet_4969_4_1	1.454000	0.541582	0.805627	P.RGASKTSIACCFAIISR.N	DECOY_AGAP001535-RA_1+	DECOY_CUFF.3317.5_3+	DECOY_CUFF.3317.4_1+	DECOY_CUFF.3317.1_1+	DECOY_CUFF.3317.2_3+
./crux_output/comet_8921_2_1	1.450872	0.541582	0.805627	K.GGIALTVW.N	DECOY_AGAP009022-PA	DECOY_ACOM040185-PA	DECOY_AGAP009022-RA_1+
./crux_output/comet_9804_2_1	1.449609	0.541582	0.805627	K.MYIGVYN.L	DECOY_sp|P32494|NGG1_YEAST
./crux_output/comet_10116_4_5	1.445250	0.541582	0.805627	K.AIADEPDLRLSTVEYDDTSDTGR.E	DECOY_AGAP004156-PA	DECOY_AGAP004156-PB	DECOY_CUFF.5836.3_3+	DECOY_AGAP004156-RB_3+	DECOY_AGAP004156-RA_2+
./crux_output/comet_8805_3_1	1.445014	0.541582	0.805627	K.KTDAAIDLLTFYC.V	DECOY_AGAP010438-RA_2+	DECOY_CUFF.6912.1_3+
./crux_output/comet_8023_2_2	1.441779	0.541582	0.805627	R.YLAGDAGADAA.P	DECOY_AGAP009000-RA_3+	DECOY_CUFF.10552.1_2+
./crux_output/comet_6171_2_1	1.441774	0.541582	0.805627	K.HLCLAFNHS.R	DECOY_CUFF.1261.1_2+	DECOY_CUFF.1261.2_2+
./crux_output/comet_8872_3_1	1.439994	0.541582	0.805627	V.KDVAGQQNTDNQIK.D	DECOY_CUFF.2832.4_3+	DECOY_CUFF.2832.5_3+	DECOY_CUFF.2832.2_3+	DECOY_CUFF.2832.3_3+	DECOY_CUFF.2832.1_1+
./crux_output/comet_7211_2_1	1.438837	0.541582	0.805627	L.TKTFSNAK.N	DECOY_sp|P47061|VPS53_YEAST
./crux_output/comet_9134_3_3	1.436436	0.541582	0.805627	K.NHSIWLGVGLLLK.T	DECOY_CUFF.10053.5_1+	DECOY_CUFF.10053.3_1+	DECOY_CUFF.10053.2_2+
./crux_output/comet_9690_3_2	1.433610	0.541582	0.805627	R.GASGSITTSPASVTSAK.R	DECOY_AGAP006789-RB_3+	DECOY_AGAP006789-RA_2+
./crux_output/comet_10631_4_3	1.426024	0.541582	0.805627	K.NVTAATPTCLTHLLCAAPSSSGA.S	DECOY_CUFF.9400.1_2+
./crux_output/comet_6402_3_5	1.416478	0.541582	0.805627	K.HLMSGGGGCQGYR.L	DECOY_AGAP009131-PA	DECOY_CUFF.10731.1_1+	DECOY_AGAP009131-RA_1+
./crux_output/comet_8589_2_5	1.410717	0.541582	0.805627	R.SNGSNWATR.H	DECOY_AGAP011620-RA_3+	DECOY_CUFF.8519.1_1+
./crux_output/comet_5249_2_2	1.394642	0.543611	0.805627	D.EASREEANQDDEP.-	DECOY_AGAP009177-PA
./crux_output/comet_10215_3_2	1.394347	0.544534	0.805627	R.EYGGFTTTTDARIKYN.Q	DECOY_AGAP029905-PB	DECOY_ACOM039272-PA	DECOY_AGAP008800-RA_1+	DECOY_AGAP008801-RB_1+	DECOY_CUFF.10359.1_3+	DECOY_CUFF.10359.2_1+
./crux_output/comet_10152_3_2	1.385749	0.546559	0.805627	R.RNCCVAYGPKGHVQK.Y	DECOY_AGAP000196-PA	DECOY_ACOM023289-PA	DECOY_AGAP000196-RA_1+
./crux_output/comet_7815_3_5	1.385629	0.547284	0.805627	R.LYTNETICEFIDT.G	DECOY_sp|P38187|UBP13_YEAST
./crux_output/comet_7882_4_3	1.384100	0.547284	0.805627	K.HQNWYDTFQLSELICDGIFMVDPDF.V	DECOY_AGAP000939-PA	DECOY_ACOM027766-PA	DECOY_AGAP000939-RA_2+
./crux_output/comet_6450_2_1	1.378062	0.548193	0.805627	K.FGYPSSFPFETT.I	DECOY_TCONS_00035030_2+	DECOY_TCONS_00035029_2+
./crux_output/comet_5936_3_2	1.376138	0.550201	0.805627	R.QGHQPPEHERQER.E	DECOY_CUFF.3254.6_1+	DECOY_CUFF.3254.5_1+	DECOY_CUFF.3254.4_2+	DECOY_CUFF.3254.3_2+	DECOY_CUFF.3254.2_2+	DECOY_CUFF.3254.9_1+	DECOY_CUFF.3254.12_3+	DECOY_CUFF.3254.11_3+	DECOY_CUFF.3254.10_1+
./crux_output/comet_8933_2_4	1.376041	0.552209	0.805627	K.DNIDTRSAFSK.F	DECOY_sp|P25588|MRC1_YEAST
./crux_output/comet_7203_3_4	1.375898	0.553571	0.805627	R.FLHVPASWLVGATSP.R	DECOY_CUFF.11615.1_2+
./crux_output/comet_8195_2_5	1.368788	0.553571	0.805627	R.VQASAEQQDSQHR.R	DECOY_CUFF.16004.2_1+	DECOY_CUFF.16004.1_1+	DECOY_AGAP000163-RA_2+
./crux_output/comet_8380_3_4	1.366399	0.553571	0.805627	R.WWVPATDCMIAQACVW.L	DECOY_CUFF.11311.3_1+
./crux_output/comet_9481_3_4	1.359918	0.553571	0.805627	K.FQNECYHDENNA.Y	DECOY_CUFF.2286.5_1+	DECOY_CUFF.2286.4_3+	DECOY_CUFF.2286.7_3+	DECOY_CUFF.2286.6_3+	DECOY_CUFF.2286.1_2+	DECOY_CUFF.2286.3_1+	DECOY_CUFF.2286.2_2+
./crux_output/comet_4300_3_3	1.351061	0.555556	0.805627	K.LMHTHTHTNTHI.P	DECOY_CUFF.9975.1_3+	DECOY_CUFF.9975.3_2+	DECOY_CUFF.9975.2_1+	DECOY_CUFF.9975.4_2+
./crux_output/comet_8128_3_1	1.350522	0.557540	0.805627	A.QEYQLEGSPGR.V	DECOY_CUFF.11510.2_3+	DECOY_AGAP009673-RA_3+
./crux_output/comet_6809_2_1	1.348372	0.557957	0.805627	R.CQGAPTCTF.C	DECOY_AGAP013287-RA_2+	DECOY_CUFF.16909.4_2+	DECOY_CUFF.16909.3_2+	DECOY_CUFF.16909.2_1+	DECOY_CUFF.16909.1_3+
./crux_output/comet_10248_2_1	1.346113	0.557957	0.805627	H.PFFTLESR.X	DECOY_CUFF.9831.1_2+	DECOY_CUFF.9831.2_2+
./crux_output/comet_9051_2_1	1.343880	0.557957	0.805627	R.LCCNCCNCGLF.F	DECOY_CUFF.11820.3_2+
./crux_output/comet_10641_2_1	1.336096	0.559921	0.805627	R.QDSTIDHEGLD.G	DECOY_ACOM037647-PA
./crux_output/comet_8053_2_4	1.334073	0.561886	0.805627	R.RFTQTR.V	DECOY_CUFF.4259.1_2+	DECOY_AGAP002523-RA_3+	DECOY_CUFF.5196.1_2+	DECOY_CUFF.5196.2_3+
./crux_output/comet_6729_2_1	1.334031	0.562500	0.805627	R.RQPFEVR.A	DECOY_CUFF.7032.1_1+	DECOY_CUFF.7032.3_3+	DECOY_AGAP010314-RA_2+
./crux_output/comet_5324_3_1	1.332041	0.562500	0.805627	V.CCSSIFIFLR.Q	DECOY_CUFF.7498.1_1+
./crux_output/comet_8513_4_3	1.325509	0.563107	0.805627	X.THYLILLIEELTGYTR.N	DECOY_CUFF.774.2_3+	DECOY_CUFF.774.3_3+	DECOY_CUFF.774.1_1+
./crux_output/comet_6242_4_1	1.323822	0.563107	0.805627	R.QLNVQNEPVVANPWS.P	DECOY_ACOM036726-PA
./crux_output/comet_5767_2_5	1.321758	0.565049	0.805627	R.DGFPGPENR.L	DECOY_AGAP013180-RA_3+	DECOY_CUFF.5399.1_3+
./crux_output/comet_7728_3_4	1.319240	0.565714	0.805627	R.DERGSQSTNSIR.H	DECOY_CUFF.349.4_3+	DECOY_CUFF.349.5_1+	DECOY_CUFF.349.1_3+	DECOY_CUFF.349.2_3+	DECOY_CUFF.349.3_3+
./crux_output/comet_5686_2_1	1.316630	0.565714	0.805627	K.STSGSRAPMW.P	DECOY_AGAP007675-RA_2+
./crux_output/comet_6467_2_1	1.314133	0.565714	0.805627	K.EFVSMMNSLN.D	DECOY_sp|Q03338|PRP3_YEAST
./crux_output/comet_9172_2_1	1.312692	0.565714	0.805627	E.QCMEIYACFPGEK.F	DECOY_AGAP001863-PA	DECOY_AGAP001863-PB	DECOY_ACOM023729-PA	DECOY_AGAP001863-RA_1+	DECOY_AGAP001863-RB_1+
./crux_output/comet_10448_3_3	1.309795	0.565714	0.805627	R.VSGFPSPILLCCICCSAA.D	DECOY_CUFF.10250.1_2+	DECOY_CUFF.10250.2_1+	DECOY_CUFF.10250.3_2+
./crux_output/comet_7997_2_4	1.305517	0.565714	0.805627	K.ANTHTNVK.T	DECOY_CUFF.3322.1_2+	DECOY_AGAP001569-RA_2+	DECOY_AGAP001569-RB_2+
./crux_output/comet_9880_2_2	1.297396	0.567619	0.805627	A.RSGSGNGGSCSTTATR.L	DECOY_AGAP001441-RA_3+	DECOY_CUFF.3410.5_1+	DECOY_CUFF.3410.4_3+	DECOY_CUFF.3410.1_3+	DECOY_CUFF.3410.3_3+	DECOY_CUFF.3410.2_2+
./crux_output/comet_10452_2_3	1.296851	0.569524	0.805627	R.ATATTRYR.T	DECOY_CUFF.10319.1_3+	DECOY_AGAP008805-RA_2+
./crux_output/comet_8791_2_1	1.291818	0.571429	0.805627	R.NGKTRAYP.L	DECOY_AGAP010720-RA_1+	DECOY_CUFF.7359.1_3+
./crux_output/comet_10515_3_1	1.291548	0.573333	0.805627	T.YGAWEPADSTRSTAR.X	DECOY_AGAP005263-RA_3+	DECOY_CUFF.904.1_1+
./crux_output/comet_8555_2_3	1.288085	0.574144	0.805627	R.APGDTPHR.H	DECOY_CUFF.10153.4_3+	DECOY_CUFF.10153.7_1+	DECOY_CUFF.10153.1_2+	DECOY_CUFF.10153.2_2+	DECOY_CUFF.10153.3_3+	DECOY_AGAP008644-RA_3+
./crux_output/comet_8913_3_3	1.282927	0.574953	0.805627	G.KTNNLNNIVGAGSSGR.Q	DECOY_ACOM041604-PA
./crux_output/comet_5075_2_1	1.281390	0.575758	0.805627	R.SCSSSLCDCVCAS.S	DECOY_CUFF.8917.5_3+
./crux_output/comet_8392_2_3	1.277593	0.576271	0.805627	R.DVETLDAPR.D	DECOY_AGAP011823-PA	DECOY_ACOM032062-PA	DECOY_CUFF.8797.1_3+	DECOY_AGAP011823-RA_3+
./crux_output/comet_8092_2_2	1.277490	0.576271	0.805627	C.QVQICER.X	DECOY_CUFF.1747.1_3+	DECOY_CUFF.1747.3_3+	DECOY_CUFF.1747.4_3+	DECOY_CUFF.1747.5_1+
./crux_output/comet_7686_2_1	1.269010	0.578154	0.805627	K.KPPRPPIP.E	DECOY_AGAP007452-PB	DECOY_AGAP007452-PC	DECOY_ACOM025699-PA	DECOY_CUFF.2781.6_1+	DECOY_CUFF.2781.4_3+	DECOY_CUFF.2781.2_1+	DECOY_CUFF.2781.1_2+	DECOY_AGAP007452-RA_1+
./crux_output/comet_4729_3_2	1.268791	0.580038	0.805627	R.QDTQTDHEPK.Q	DECOY_AGAP000666-RA_2+
./crux_output/comet_10535_2_2	1.267933	0.581614	0.805627	K.NKNPGHR.L	DECOY_AGAP000301-PA	DECOY_ACOM029522-PA	DECOY_CUFF.16260.2_1+	DECOY_AGAP000301-RA_1+
./crux_output/comet_10290_2_4	1.265459	0.581614	0.805627	K.ARVYVSCK.L	DECOY_CUFF.977.3_1+
./crux_output/comet_9499_3_1	1.262644	0.583490	0.805627	A.EHGGGTHAGRPDLER.R	DECOY_AGAP009338-RA_3+
./crux_output/comet_8448_3_4	1.262412	0.585366	0.805627	Q.MDAQQQQQQQQQHQQK.L	DECOY_ACOM036894-PA
./crux_output/comet_6750_3_3	1.261605	0.587242	0.805627	R.ESSRWDWWWWWWS.E	DECOY_CUFF.4316.1_3+	DECOY_CUFF.4316.3_3+	DECOY_CUFF.4316.2_3+	DECOY_AGAP013190-RA_3+
./crux_output/comet_9586_3_2	1.261450	0.588015	0.805627	R.EHETGSRSELQDR.Y	DECOY_AGAP009960-RA_3+
./crux_output/comet_5944_2_1	1.259197	0.588454	0.805627	K.TPLNEHSSAYS.S	DECOY_AGAP009081-RA_2+
./crux_output/comet_5221_4_5	1.257372	0.588454	0.805627	R.FTHLSMGFCLARHTCTCLK.L	DECOY_CUFF.3264.8_1+	DECOY_CUFF.3264.5_2+	DECOY_CUFF.3264.16_1+
./crux_output/comet_9715_2_1	1.251970	0.588889	0.805627	G.NYMTSMTAGEK.T	DECOY_ACOM037548-PA	DECOY_CUFF.4559.1_2+	DECOY_AGAP002884-RA_2+
./crux_output/comet_10484_2_3	1.251434	0.588889	0.805627	K.TTLFASVLGR.X	DECOY_CUFF.11154.8_1+	DECOY_CUFF.11154.9_2+	DECOY_CUFF.11154.7_2+	DECOY_CUFF.11154.10_1+	DECOY_CUFF.11154.11_3+
./crux_output/comet_8295_2_1	1.247605	0.590406	0.805627	K.QDPDNKKNGA.F	DECOY_sp|P53166|MRH4_YEAST
./crux_output/comet_9830_2_2	1.247400	0.590406	0.805627	R.TTTATAGSAAAR.P	DECOY_CUFF.16074.5_1+
./crux_output/comet_6503_2_4	1.238354	0.590826	0.805627	R.GFVFARDK.V	DECOY_CUFF.2545.5_2+	DECOY_CUFF.2545.7_3+	DECOY_CUFF.2545.6_2+	DECOY_CUFF.2545.2_2+
./crux_output/comet_10101_3_1	1.237505	0.590826	0.805627	R.TEITSIAEATGPSI.M	DECOY_AGAP005636-PA	DECOY_AGAP005636-RA_3+
./crux_output/comet_5183_2_1	1.236306	0.592661	0.805627	R.VSDTNEGGLSV.X	DECOY_AGAP001984-RA_2+
./crux_output/comet_9647_3_1	1.236138	0.594495	0.805627	N.HTGHCDDDDDDDDDR.F	DECOY_CUFF.2476.3_1+	DECOY_CUFF.2476.7_2+	DECOY_CUFF.2476.8_2+
./crux_output/comet_6720_4_1	1.235526	0.596330	0.805627	R.HEGLDGMCEVCHIRGEDR.V	DECOY_TCONS_00028645_2+
./crux_output/comet_8918_4_1	1.235182	0.596376	0.805627	K.SEFFSAYETVGFTESLVTL.R	DECOY_sp|P50273|ATP22_YEAST
./crux_output/comet_8131_2_1	1.233995	0.596376	0.805627	T.QLFSCLIVK.K	DECOY_AGAP005334-RA_1+
./crux_output/comet_5742_2_3	1.229701	0.596376	0.805627	R.RGDDVEAPER.G	DECOY_AGAP008262-RA_3+
./crux_output/comet_7927_3_3	1.227303	0.596376	0.805627	R.KADIEQNAGPR.S	DECOY_AGAP028539-PA	DECOY_ACOM032216-PA	DECOY_TCONS_00024494_1+	DECOY_TCONS_00024496_1+
./crux_output/comet_7769_3_1	1.226423	0.596376	0.805627	R.HTNTSDPTMSNTTKS.N	DECOY_AGAP003364-PA	DECOY_ACOM028289-PA	DECOY_AGAP003364-RA_1+
./crux_output/comet_10054_3_1	1.225324	0.596376	0.805627	A.QANAQVPVSEEETATGV.-	DECOY_AGAP007637-RA_3+
./crux_output/comet_7064_2_3	1.223407	0.596376	0.805627	K.FGFSETQTK.E	DECOY_CUFF.7107.1_2+	DECOY_CUFF.7107.2_1+
./crux_output/comet_5292_2_2	1.218513	0.596376	0.805627	R.NNGGGGGGGGGAAGNGGGGDA.N	DECOY_AGAP000314-PA	DECOY_CUFF.16189.1_2+	DECOY_AGAP000314-RB_1+	DECOY_AGAP000314-RA_1+	DECOY_CUFF.16189.2_2+
./crux_output/comet_8253_2_5	1.214541	0.596376	0.805627	K.CCCFCCGC.T	DECOY_CUFF.8000.2_3+	DECOY_CUFF.8000.1_3+
./crux_output/comet_5817_2_1	1.213644	0.596376	0.805627	R.HVGPELVAVA.D	DECOY_CUFF.9130.4_2+	DECOY_CUFF.9130.6_2+	DECOY_CUFF.9130.1_3+	DECOY_CUFF.9130.2_1+	DECOY_CUFF.9130.3_2+	DECOY_AGAP012163-RA_3+
./crux_output/comet_7174_2_2	1.208147	0.596376	0.805627	K.DDDEDDDEDD.D	DECOY_sp|P27692|SPT5_YEAST
./crux_output/comet_8382_2_1	1.208121	0.596376	0.805627	R.YLSSAFCSECSIS.V	DECOY_AGAP007954-RA_3+
./crux_output/comet_5761_2_2	1.207182	0.596376	0.805627	R.GIYGRHSTHER.D	DECOY_CUFF.10548.2_1+
./crux_output/comet_7419_2_1	1.197244	0.596376	0.805627	K.KFDIDDGWDK.N	DECOY_sp|Q00362|2ABA_YEAST
./crux_output/comet_4998_2_3	1.196232	0.596376	0.805627	K.LSEIYGK.F	DECOY_sp|P40077|DSE1_YEAST
./crux_output/comet_9043_2_2	1.192947	0.596376	0.805627	R.QGSEADDCLSN.D	DECOY_CUFF.2075.1_2+	DECOY_AGAP006610-RA_2+
./crux_output/comet_9744_3_1	1.186043	0.596376	0.805627	R.SHAVSNKYAFSRTD.R	DECOY_AGAP004152-RA_3+	DECOY_CUFF.5832.1_1+
./crux_output/comet_7411_2_4	1.183393	0.596376	0.805627	R.ILNHKFK.L	DECOY_CUFF.9134.1_2+	DECOY_CUFF.9134.5_1+	DECOY_CUFF.9134.2_2+	DECOY_CUFF.9134.3_1+	DECOY_CUFF.9134.4_1+	DECOY_CUFF.9134.6_3+
./crux_output/comet_10267_2_2	1.177036	0.596376	0.805627	R.DGFGGYFLGWPSS.L	DECOY_AGAP028515-PA	DECOY_ACOM038214-PA
./crux_output/comet_8556_2_1	1.170734	0.596376	0.805627	K.KDDATAHSVEQRE.G	DECOY_AGAP029074-PA	DECOY_TCONS_00022667_1+
./crux_output/comet_8462_4_1	1.169327	0.596376	0.805627	P.GEPFFLGRVVSCCAVCR.L	DECOY_AGAP001957-RA_1+	DECOY_AGAP001957-RB_1+
./crux_output/comet_5821_2_1	1.166888	0.596376	0.805627	L.KADFDIAK.L	DECOY_AGAP000037-PA	DECOY_CUFF.15832.1_2+	DECOY_CUFF.15832.2_2+	DECOY_CUFF.15832.4_1+	DECOY_AGAP000037-RA_1+
./crux_output/comet_8807_2_2	1.166403	0.596376	0.805627	R.ESTVAYGGEK.V	DECOY_gi|9790345|ref|NP_062908.1|
./crux_output/comet_5529_2_1	1.164089	0.596376	0.805627	R.SSPFSAPFT.F	DECOY_AGAP009636-RA_2+
./crux_output/comet_6231_3_1	1.162774	0.596376	0.805627	R.GIANVSQLQER.P	DECOY_AGAP013193-RA_3+	DECOY_CUFF.5577.3_3+	DECOY_CUFF.5577.2_2+	DECOY_CUFF.5577.1_3+	DECOY_CUFF.5577.4_1+
./crux_output/comet_8590_2_2	1.157012	0.596376	0.805627	R.IEVNFGKDTMVH.V	DECOY_sp|Q06625|GDE_YEAST
./crux_output/comet_5419_2_5	1.148991	0.596376	0.805627	R.KNPGDSNPK.L	DECOY_ACOM032729-PA
./crux_output/comet_5629_2_3	1.148213	0.596376	0.805627	R.AFGMAVRR.R	DECOY_AGAP000601-RB_2+	DECOY_CUFF.16486.5_3+	DECOY_CUFF.16486.1_3+	DECOY_CUFF.16486.2_1+	DECOY_AGAP000601-RA_1+
./crux_output/comet_8347_2_1	1.143094	0.596376	0.805627	L.EIENGPANSR.Q	DECOY_CUFF.7322.2_1+
./crux_output/comet_9191_3_4	1.142147	0.596376	0.805627	R.LFFSVFSFQNPYC.F	DECOY_CUFF.9881.1_3+	DECOY_CUFF.9881.2_1+	DECOY_CUFF.9881.4_3+	DECOY_CUFF.9881.7_1+	DECOY_CUFF.9881.6_1+
./crux_output/comet_8613_2_5	1.133525	0.596376	0.805627	K.AINSSSISR.H	DECOY_ACOM041454-PA
./crux_output/comet_10426_3_1	1.132728	0.596376	0.805627	K.FDEVTSFSTVENMSDTWW.S	DECOY_AGAP007172-PA	DECOY_AGAP007172-PB	DECOY_ACOM025360-PA	DECOY_AGAP007172-RB_3+	DECOY_AGAP007172-RA_1+	DECOY_CUFF.2541.1_2+	DECOY_CUFF.2541.2_1+	DECOY_CUFF.2541.4_2+
./crux_output/comet_7599_2_3	1.127474	0.596376	0.805627	K.ITCHLTDR.L	DECOY_AGAP003815-RA_1+
./crux_output/comet_6398_2_1	1.122758	0.596376	0.805627	R.SIRGSSTPDEGSW.P	DECOY_TCONS_00024926_1+	DECOY_TCONS_00024933_1+
./crux_output/comet_9399_3_5	1.121424	0.596376	0.805627	R.KPYYYSYFFFTM.C	DECOY_CUFF.8854.1_2+
./crux_output/comet_7130_3_3	1.117939	0.596376	0.805627	R.TWRNTSPVASR.C	DECOY_CUFF.11344.5_2+	DECOY_CUFF.11344.9_3+	DECOY_CUFF.11344.8_2+	DECOY_CUFF.11344.1_2+	DECOY_CUFF.11344.2_1+	DECOY_CUFF.11344.4_2+	DECOY_CUFF.11344.7_2+	DECOY_CUFF.11344.6_2+	DECOY_AGAP009554-RA_2+	DECOY_CUFF.11344.11_2+	DECOY_CUFF.11344.10_2+	DECOY_CUFF.11344.13_2+	DECOY_CUFF.11344.16_3+	DECOY_CUFF.11344.12_3+	DECOY_CUFF.11344.17_2+
./crux_output/comet_5473_2_1	1.116980	0.596376	0.805627	K.CGGNCGADHGGAE.D	DECOY_ACOM037283-PA
./crux_output/comet_7632_3_3	1.108452	0.597039	0.805627	R.ALLQSLKEQSAK.I	DECOY_AGAP000219-PA	DECOY_ACOM036081-PA	DECOY_AGAP000219-RA_1+	DECOY_CUFF.16086.3_1+	DECOY_CUFF.16086.2_1+
./crux_output/comet_4627_2_1	1.104965	0.597381	0.805627	L.GGAHNIVR.L	DECOY_AGAP007006-PA	DECOY_AGAP007006-PB	DECOY_AGAP007006-PC	DECOY_ACOM031425-PA	DECOY_CUFF.2444.9_1+	DECOY_CUFF.2444.8_1+	DECOY_CUFF.2444.5_1+	DECOY_CUFF.2444.4_1+	DECOY_CUFF.2444.7_1+	DECOY_CUFF.2444.6_3+	DECOY_CUFF.2444.1_1+	DECOY_CUFF.2444.3_2+	DECOY_CUFF.2444.2_3+	DECOY_CUFF.2444.10_3+	DECOY_AGAP007006-RB_3+	DECOY_AGAP007006-RC_1+	DECOY_AGAP007006-RA_1+
./crux_output/comet_9620_3_1	1.102994	0.597381	0.805627	R.GDCAQHCETCGVC.T	DECOY_CUFF.10086.1_1+
./crux_output/comet_4884_2_2	1.094663	0.597424	0.805627	K.TFNDQFALT.A	DECOY_sp|Q06673|ECM30_YEAST
./crux_output/comet_9509_2_2	1.092478	0.597424	0.805627	K.HSKPLACYSAGLRE.G	DECOY_AGAP007892-PA	DECOY_AGAP007892-PB	DECOY_ACOM030838-PA	DECOY_CUFF.9888.4_3+	DECOY_CUFF.9888.5_3+	DECOY_CUFF.9888.6_1+	DECOY_CUFF.9888.1_2+	DECOY_CUFF.9888.3_1+	DECOY_AGAP007892-RB_1+	DECOY_AGAP007892-RA_1+	DECOY_CUFF.9888.11_3+	DECOY_CUFF.9888.7_2+	DECOY_CUFF.9888.8_2+	DECOY_CUFF.9888.9_1+	DECOY_CUFF.9888.2_1+
./crux_output/comet_5254_2_1	1.092270	0.597424	0.805627	R.WALTPWV.S	DECOY_AGAP010026-RA_2+	DECOY_CUFF.12095.1_1+	DECOY_CUFF.12095.3_1+	DECOY_CUFF.12095.2_1+	DECOY_CUFF.12095.5_1+	DECOY_CUFF.12095.4_1+
./crux_output/comet_7138_2_4	1.091033	0.597424	0.805627	R.TTTSSSKSR.R	DECOY_AGAP011084-RA_2+	DECOY_CUFF.7864.1_3+
./crux_output/comet_8478_2_2	1.088105	0.597424	0.805627	R.RPWYTPWPWV.S	DECOY_CUFF.4709.1_3+	DECOY_AGAP003038-RA_3+
./crux_output/comet_6555_2_1	1.086701	0.597424	0.805627	K.TVTGLQYLA.G	DECOY_AGAP009290-RA_3+	DECOY_CUFF.10998.3_3+	DECOY_CUFF.10998.2_3+	DECOY_CUFF.10998.1_3+
./crux_output/comet_8328_2_1	1.078522	0.598716	0.805627	H.YNSCFIAR.F	DECOY_CUFF.2486.2_1+	DECOY_CUFF.2486.1_1+
./crux_output/comet_8265_3_1	1.077731	0.598716	0.805627	K.QEFSPEWAYLQ.I	DECOY_AGAP009835-PA	DECOY_AGAP009835-PB	DECOY_ACOM026817-PA	DECOY_CUFF.11658.13_3+	DECOY_CUFF.11658.11_1+	DECOY_CUFF.11658.10_3+	DECOY_CUFF.11658.7_1+	DECOY_CUFF.11658.6_1+	DECOY_CUFF.11658.5_3+	DECOY_CUFF.11658.3_3+	DECOY_CUFF.11658.2_1+	DECOY_CUFF.11658.1_1+	DECOY_CUFF.11658.9_3+	DECOY_AGAP009835-RA_1+	DECOY_CUFF.11658.8_3+
./crux_output/comet_9982_2_1	1.073464	0.599359	0.805627	E.LFATLVSK.D	DECOY_AGAP010883-PA	DECOY_ACOM027707-PA	DECOY_CUFF.7555.1_1+	DECOY_AGAP010883-RA_1+
./crux_output/comet_9007_3_1	1.067035	0.600000	0.805627	R.WIGCASNSCNCP.K	DECOY_AGAP008870-RA_2+
./crux_output/comet_9524_2_1	1.062680	0.600318	0.805627	X.QEVEFVTK.R	DECOY_CUFF.2158.1_1+
./crux_output/comet_8190_3_1	1.057192	0.600318	0.805627	R.AAGGRPGGEPPEPVREEG.V	DECOY_CUFF.16811.1_1+	DECOY_AGAP000747-RA_2+	DECOY_AGAP000747-RB_2+
./crux_output/comet_4731_2_4	1.051196	0.600954	0.805627	K.RCPPSKNK.V	DECOY_AGAP003540-RA_2+
./crux_output/comet_7977_2_1	1.047668	0.601587	0.805627	F.VFYRLMFSR.S	DECOY_CUFF.9194.2_3+	DECOY_CUFF.9194.3_3+	DECOY_CUFF.9194.1_1+	DECOY_CUFF.9194.4_2+	DECOY_CUFF.9194.5_3+
./crux_output/comet_9248_3_4	1.047130	0.603175	0.805627	R.APISDFGCASVVYVGD.L	DECOY_AGAP002652-PA	DECOY_AGAP002652-PB	DECOY_ACOM036569-PA	DECOY_CUFF.4400.3_3+	DECOY_CUFF.4400.2_3+	DECOY_CUFF.4400.1_3+	DECOY_AGAP002652-RA_1+	DECOY_AGAP002652-RB_1+
./crux_output/comet_4791_2_1	1.046286	0.604762	0.805627	R.GTGTNHGQSVA.T	DECOY_CUFF.2078.1_2+
./crux_output/comet_5482_2_4	1.046021	0.606013	0.805627	K.ADVGDPDPK.H	DECOY_AGAP007279-PA	DECOY_ACOM025493-PA	DECOY_CUFF.2610.4_2+	DECOY_CUFF.2610.6_2+	DECOY_CUFF.2610.1_2+	DECOY_CUFF.2610.3_2+
./crux_output/comet_4071_2_1	1.045641	0.606013	0.805627	L.CDDNIPMER.K	DECOY_CUFF.6542.1_2+
./crux_output/comet_7082_4_1	1.039382	0.607595	0.805627	R.RTSSRQCDSGPPVSYLGL.Q	DECOY_AGAP008306-RA_1+	DECOY_AGAP008306-RB_3+
./crux_output/comet_9537_2_2	1.035982	0.608491	0.805627	K.SITTTTSSNLTSG.W	DECOY_AGAP001672-RA_2+	DECOY_CUFF.3427.3_2+	DECOY_CUFF.3427.2_2+	DECOY_CUFF.3427.1_1+
./crux_output/comet_8908_2_1	1.035934	0.608491	0.805627	D.CQYVVNAYSDR.C	DECOY_CUFF.5272.1_1+
./crux_output/comet_7067_3_1	1.034242	0.608491	0.805627	R.DDEVKSFVLALPPLEGCE.N	DECOY_AGAP028007-PA	DECOY_AGAP028007-RA_1+	DECOY_CUFF.8967.2_3+
./crux_output/comet_9627_3_1	1.033527	0.609023	0.805627	K.QDAACIWTNNREI.G	DECOY_CUFF.9022.1_3+	DECOY_CUFF.9029.2_1+	DECOY_CUFF.9029.1_1+	DECOY_AGAP012092-RA_2+
./crux_output/comet_9225_3_1	1.033360	0.609023	0.805627	R.DRMADLSDQLSL.L	DECOY_AGAP002370-PA	DECOY_ACOM037091-PA	DECOY_AGAP002370-RA_1+	DECOY_CUFF.4107.5_2+	DECOY_CUFF.4107.4_2+	DECOY_CUFF.4107.3_3+	DECOY_CUFF.4107.1_2+
./crux_output/comet_7237_2_1	1.032670	0.609023	0.805627	V.GLEIDDDPEGGPK.T	DECOY_AGAP005644-PA	DECOY_ACOM038875-PA	DECOY_CUFF.1184.4_3+	DECOY_CUFF.1184.1_2+	DECOY_CUFF.1184.3_3+	DECOY_CUFF.1184.2_3+	DECOY_AGAP005644-RA_1+
./crux_output/comet_5736_2_1	1.028584	0.609023	0.805627	K.STSGSRAPMW.P	DECOY_AGAP007675-RA_2+
./crux_output/comet_6152_2_4	1.027864	0.609023	0.805627	R.DACLCYSER.A	DECOY_AGAP006691-RA_3+
./crux_output/comet_5267_4_1	1.022316	0.609023	0.805627	Y.QDLAANHYCRTVSR.E	DECOY_CUFF.3410.5_3+	DECOY_CUFF.3410.4_2+	DECOY_CUFF.3410.1_2+	DECOY_CUFF.3410.3_2+	DECOY_CUFF.3410.2_1+
./crux_output/comet_9455_2_2	1.019406	0.609023	0.805627	K.GCSCAVTAPGPCSSI.P	DECOY_AGAP006264-RA_1+	DECOY_AGAP006264-RB_3+	DECOY_CUFF.1802.1_1+	DECOY_CUFF.1802.2_2+
./crux_output/comet_7378_2_1	1.019167	0.609023	0.805627	K.ASFFTQKC.V	DECOY_sp|P38185|YBH1_YEAST
./crux_output/comet_9664_4_1	1.016189	0.609023	0.805627	R.TDQGDGDPGECVRLPGAHPGEPGAPESA.R	DECOY_CUFF.3420.1_3+	DECOY_AGAP001673-RA_3+
./crux_output/comet_8564_2_1	1.015651	0.609023	0.805627	L.ADDSYSLQK.D	DECOY_sp|Q12025|EMC10_YEAST
./crux_output/comet_5071_3_4	1.001668	0.609023	0.805627	K.GGDASQENDCAPVSGR.S	DECOY_CUFF.17506.7_1+	DECOY_AGAP001043-RA_3+	DECOY_CUFF.17506.3_3+	DECOY_CUFF.17506.2_3+	DECOY_CUFF.17506.1_3+	DECOY_CUFF.17506.6_3+	DECOY_CUFF.17506.5_3+	DECOY_CUFF.17506.8_2+
./crux_output/comet_9341_4_4	0.999511	0.609023	0.805627	H.LVPFPVWELEGLANWLDCR.K	DECOY_AGAP011811-PA	DECOY_ACOM032032-PA	DECOY_CUFF.8806.3_2+	DECOY_CUFF.8806.2_3+	DECOY_AGAP011811-RA_1+	DECOY_CUFF.8806.1_2+
./crux_output/comet_6257_2_2	0.999124	0.609023	0.805627	E.LDFLTYAAR.A	DECOY_CUFF.3871.2_3+	DECOY_CUFF.3871.1_2+
./crux_output/comet_9680_2_1	0.993140	0.609023	0.805627	R.QTCDSDCGQ.P	DECOY_CUFF.9744.1_3+
./crux_output/comet_8729_2_1	0.985724	0.609023	0.805627	R.QYYLPLLGTC.Y	DECOY_AGAP009661-PA	DECOY_ACOM032668-PA	DECOY_AGAP009661-RA_1+	DECOY_CUFF.11341.1_1+
./crux_output/comet_10295_2_1	0.979724	0.609023	0.805627	R.VDDDDDDDN.C	DECOY_CUFF.4834.8_3+	DECOY_CUFF.4834.13_1+	DECOY_CUFF.4834.6_2+	DECOY_CUFF.4834.4_1+	DECOY_CUFF.4834.5_2+	DECOY_CUFF.4834.2_3+	DECOY_CUFF.4834.1_2+	DECOY_CUFF.4834.9_3+	DECOY_CUFF.4834.11_1+	DECOY_CUFF.4834.12_1+	DECOY_CUFF.4834.14_1+
./crux_output/comet_9920_4_2	0.978944	0.609023	0.805627	K.EDVNVCYVPNSISNQEMDLYT.D	DECOY_AGAP008899-PA	DECOY_ACOM040709-PA	DECOY_CUFF.10436.1_2+	DECOY_AGAP008899-RA_1+
./crux_output/comet_4021_3_1	0.976573	0.609023	0.805627	X.HLRYMEPGIGTNCR.K	DECOY_TCONS_00034607_3+
./crux_output/comet_6904_3_1	0.970590	0.610526	0.805627	R.CGTSISTATFSST.N	DECOY_AGAP001996-RA_3+
./crux_output/comet_10161_3_2	0.968729	0.612030	0.805627	R.EHDAQQHRGAQVSFNL.P	DECOY_CUFF.17148.1_2+	DECOY_AGAP000951-RB_2+	DECOY_AGAP000951-RC_2+	DECOY_AGAP000951-RA_2+
./crux_output/comet_7011_2_5	0.967334	0.613534	0.805627	T.ARTSTLPK.V	DECOY_AGAP007374-PA	DECOY_ACOM025632-PA	DECOY_CUFF.2732.1_3+	DECOY_CUFF.2732.2_2+	DECOY_AGAP007374-RA_2+
./crux_output/comet_10319_3_5	0.967205	0.614060	0.805627	K.ESSIDQWCVGNVYT.X	DECOY_CUFF.10838.1_1+	DECOY_CUFF.10838.2_2+
./crux_output/comet_7594_2_3	0.966427	0.614060	0.805627	R.QWSFCRR.S	DECOY_TCONS_00019650_2+	DECOY_TCONS_00019648_2+	DECOY_TCONS_00019649_1+
./crux_output/comet_7936_2_2	0.965412	0.614060	0.805627	L.AGATIHQSQK.E	DECOY_CUFF.8106.1_1+	DECOY_CUFF.8106.2_3+
./crux_output/comet_6344_3_1	0.963194	0.614060	0.805627	E.ELTSFDSEALTK.L	DECOY_AGAP003699-PA	DECOY_AGAP003699-RA_2+
./crux_output/comet_7897_2_1	0.962277	0.614060	0.805627	R.VAAAAAAVDVAY.R	DECOY_AGAP013051-RA_3+
./crux_output/comet_7611_4_3	0.962042	0.614060	0.805627	R.NCRSFSCTFSLFFSNVETQC.X	DECOY_TCONS_00010131_1+
./crux_output/comet_9592_4_1	0.961495	0.614060	0.805627	L.ACERLMTGCNLAIEQHEYGAMR.Y	DECOY_AGAP000812-PA	DECOY_ACOM040250-PA	DECOY_CUFF.16946.1_3+	DECOY_CUFF.16946.2_1+	DECOY_CUFF.16946.3_1+	DECOY_CUFF.16946.4_2+	DECOY_CUFF.16946.5_1+	DECOY_CUFF.16946.6_2+	DECOY_AGAP000812-RA_1+
./crux_output/comet_9137_2_1	0.959219	0.614060	0.805627	R.TGGGPVSAASRE.P	DECOY_CUFF.11244.1_1+
./crux_output/comet_7046_2_4	0.956593	0.614060	0.805627	R.IEMGCEDYSITIW.S	DECOY_CUFF.5202.2_2+
./crux_output/comet_4845_2_1	0.956356	0.614060	0.805627	R.MGVCFSRER.T	DECOY_CUFF.985.4_3+	DECOY_CUFF.985.1_1+
./crux_output/comet_5856_2_2	0.949869	0.614060	0.805627	K.QSFGSIFNLE.K	DECOY_sp|P18963|IRA1_YEAST
./crux_output/comet_7858_2_1	0.940892	0.614060	0.805627	E.CDDHNQER.T	DECOY_CUFF.8607.2_3+	DECOY_CUFF.8607.1_1+
./crux_output/comet_7701_2_2	0.939860	0.614060	0.805627	H.LSISCFSCTER.S	DECOY_AGAP008863-RA_1+	DECOY_AGAP008863-RB_2+
./crux_output/comet_5216_3_2	0.939606	0.614060	0.805627	R.QGKVEEEAEEEATGGK.E	DECOY_CUFF.4534.10_1+	DECOY_CUFF.4534.7_1+	DECOY_CUFF.4534.4_1+	DECOY_CUFF.4534.3_2+	DECOY_CUFF.4534.2_3+	DECOY_CUFF.4534.1_1+	DECOY_CUFF.4534.9_1+	DECOY_CUFF.4534.8_3+	DECOY_AGAP002807-RA_3+	DECOY_AGAP002807-RB_3+	DECOY_CUFF.4534.5_1+
./crux_output/comet_8926_2_1	0.939108	0.614060	0.805627	X.MYESASGELPK.I	DECOY_CUFF.9414.4_3+	DECOY_CUFF.9414.3_2+	DECOY_CUFF.9414.2_3+	DECOY_CUFF.9414.1_2+
./crux_output/comet_8137_2_1	0.928275	0.614060	0.805627	H.CACCCCCYCR.S	DECOY_CUFF.1634.10_1+	DECOY_AGAP006042-RB_2+	DECOY_AGAP006042-RA_1+	DECOY_CUFF.1634.9_1+	DECOY_CUFF.1634.8_1+	DECOY_CUFF.1634.7_2+	DECOY_CUFF.1634.6_1+	DECOY_CUFF.1634.5_3+	DECOY_CUFF.1634.4_3+	DECOY_CUFF.1634.3_3+	DECOY_CUFF.1634.2_1+	DECOY_CUFF.1634.1_3+
./crux_output/comet_7590_2_1	0.919932	0.614060	0.805627	R.TTQYEDSFCTED.D	DECOY_AGAP007788-PA	DECOY_AGAP007788-PB	DECOY_AGAP007788-PC	DECOY_CUFF.9452.4_2+	DECOY_CUFF.9452.1_2+	DECOY_CUFF.9452.3_2+	DECOY_CUFF.9452.2_1+	DECOY_AGAP007788-RA_1+	DECOY_AGAP007788-RC_1+	DECOY_AGAP007788-RB_3+	DECOY_CUFF.9452.5_3+	DECOY_CUFF.9452.7_3+	DECOY_CUFF.9452.6_3+
./crux_output/comet_10043_3_4	0.918501	0.614060	0.805627	R.SPCEGEGQVPCHMSCMN.L	DECOY_AGAP006652-RA_3+	DECOY_CUFF.2122.6_3+	DECOY_CUFF.2122.1_2+	DECOY_CUFF.2122.2_3+	DECOY_CUFF.2122.3_3+
./crux_output/comet_5393_2_1	0.917078	0.614060	0.805627	R.VSMVSERICEG.V	DECOY_ACOM034850-PA
./crux_output/comet_4939_3_1	0.909925	0.614060	0.805627	R.HIFLNSFGVFGEDVH.E	DECOY_TCONS_00018491_1+
./crux_output/comet_8500_2_1	0.907071	0.614206	0.805627	R.TTTPWCAATM.R	DECOY_CUFF.16847.5_3+	DECOY_AGAP000783-RA_2+	DECOY_CUFF.16847.1_3+	DECOY_CUFF.16847.2_1+	DECOY_CUFF.16847.3_2+	DECOY_CUFF.16847.4_1+
./crux_output/comet_6414_2_4	0.906888	0.614206	0.805627	R.DDTFNFVINS.N	DECOY_CUFF.5480.14_3+	DECOY_CUFF.5480.15_1+	DECOY_CUFF.5480.12_2+	DECOY_CUFF.5480.13_2+	DECOY_CUFF.5480.4_1+	DECOY_CUFF.5480.5_2+	DECOY_CUFF.5480.1_3+	DECOY_CUFF.5480.2_1+	DECOY_CUFF.5480.3_3+
./crux_output/comet_8356_3_1	0.905765	0.614206	0.805627	E.LNMLKELVNK.L	DECOY_AGAP006234-PA	DECOY_ACOM040013-PA	DECOY_AGAP006234-RA_3+
./crux_output/comet_10123_2_1	0.905507	0.614206	0.805627	R.TNNSSTSTAAA.V	DECOY_CUFF.4025.1_3+	DECOY_CUFF.4025.2_1+	DECOY_AGAP002303-RA_2+
./crux_output/comet_10605_2_3	0.905024	0.614206	0.805627	R.ECVCMCLQ.X	DECOY_CUFF.2100.4_3+	DECOY_CUFF.2100.5_3+	DECOY_CUFF.2100.2_2+	DECOY_CUFF.2100.3_1+	DECOY_AGAP006638-RA_1+
./crux_output/comet_6006_2_1	0.898831	0.614206	0.805627	S.TAIVIVDCK.E	DECOY_CUFF.15867.2_1+
./crux_output/comet_8389_3_1	0.893633	0.614206	0.805627	R.CQQVRFSTTYVST.T	DECOY_AGAP008372-RA_2+	DECOY_CUFF.9910.1_3+
./crux_output/comet_10180_2_2	0.893312	0.614206	0.805627	K.QYPLHLASCNTW.M	DECOY_ACOM034584-PA
./crux_output/comet_6297_2_1	0.891847	0.614206	0.805627	K.YPLEFEHA.G	DECOY_AGAP028115-PA	DECOY_ACOM030055-PA	DECOY_AGAP028115-RA_1+
./crux_output/comet_8242_3_1	0.891582	0.614206	0.805627	S.GNSEGYGWTAEEALLK.S	DECOY_ACOM030055-PA
./crux_output/comet_7564_2_2	0.889242	0.614206	0.805627	K.CECVFVLVA.C	DECOY_CUFF.2796.11_1+	DECOY_CUFF.2796.10_2+	DECOY_AGAP007396-RD_1+	DECOY_AGAP007396-RB_3+	DECOY_AGAP007396-RC_2+	DECOY_AGAP007396-RA_2+	DECOY_CUFF.2796.3_3+	DECOY_CUFF.2796.2_1+	DECOY_CUFF.2796.1_3+	DECOY_CUFF.2796.6_2+	DECOY_CUFF.2796.5_3+	DECOY_CUFF.2796.4_3+
./crux_output/comet_4479_2_1	0.889112	0.614206	0.805627	R.TTTTTTTTCCQ.S	DECOY_AGAP000262-RA_2+
./crux_output/comet_6961_2_1	0.884243	0.614206	0.805627	K.RAFQALP.E	DECOY_sp|P40367|GPI7_YEAST
./crux_output/comet_3871_4_1	0.876437	0.615599	0.805627	R.RCNPSHDITCCHWL.S	DECOY_CUFF.2635.7_2+	DECOY_CUFF.2635.6_1+	DECOY_CUFF.2635.5_1+	DECOY_CUFF.2635.3_3+	DECOY_CUFF.2635.2_3+	DECOY_CUFF.2635.9_3+	DECOY_CUFF.2635.8_2+	DECOY_CUFF.2635.13_1+	DECOY_CUFF.2635.12_1+	DECOY_CUFF.2635.11_3+	DECOY_CUFF.2635.10_3+	DECOY_CUFF.2635.1_3+
./crux_output/comet_9031_4_3	0.874739	0.616343	0.805627	K.RFTFIMLCFHNK.F	DECOY_CUFF.6838.1_2+	DECOY_CUFF.6838.2_1+	DECOY_CUFF.6838.3_1+	DECOY_CUFF.6838.4_2+	DECOY_CUFF.6838.5_1+
./crux_output/comet_5847_3_2	0.872360	0.616343	0.805627	T.VSAGSGTSWTWVSAER.A	DECOY_CUFF.17267.3_1+	DECOY_CUFF.17267.2_1+	DECOY_CUFF.17267.1_2+	DECOY_CUFF.17267.4_2+	DECOY_AGAP001015-RA_2+
./crux_output/comet_7090_3_3	0.864425	0.616343	0.805627	R.TGSCTIGRTSATCR.S	DECOY_CUFF.1580.1_2+
./crux_output/comet_4882_2_1	0.859337	0.616758	0.805627	N.KTTSSLTSIR.S	DECOY_AGAP003979-RA_2+	DECOY_CUFF.5656.1_2+
./crux_output/comet_7361_2_1	0.858674	0.616758	0.805627	L.IILLLTLRLLLLLK.N	DECOY_CUFF.11772.2_2+	DECOY_CUFF.11772.3_3+	DECOY_CUFF.11772.1_2+
./crux_output/comet_8248_3_2	0.858404	0.616758	0.805627	Q.THSAVLPTACTR.G	DECOY_CUFF.10109.1_2+
./crux_output/comet_8089_3_4	0.857688	0.616758	0.805627	L.QKPNVDIYCCCIK.K	DECOY_CUFF.9025.12_1+	DECOY_CUFF.9025.5_1+	DECOY_CUFF.9025.3_1+	DECOY_CUFF.9025.8_3+
./crux_output/comet_10460_3_1	0.851469	0.616963	0.805627	R.FGSLFCCCCSHYNRV.R	DECOY_AGAP003442-RA_3+
./crux_output/comet_8455_3_1	0.850530	0.616963	0.805627	K.KCIFVIDRMDVF.S	DECOY_CUFF.4684.1_2+
./crux_output/comet_5205_2_1	0.846514	0.618331	0.805627	R.SQAPYAIGEDCYGG.Q	DECOY_AGAP001135-RA_3+
./crux_output/comet_8010_3_1	0.845859	0.619699	0.805627	V.MACVVGSAISYR.I	DECOY_CUFF.17573.1_1+
./crux_output/comet_5894_2_3	0.845556	0.621067	0.805627	K.VGGTGTSRDP.T	DECOY_CUFF.10525.6_2+	DECOY_CUFF.10525.5_2+	DECOY_CUFF.10525.4_2+	DECOY_CUFF.10525.1_2+	DECOY_CUFF.10525.3_2+	DECOY_AGAP008859-RA_3+	DECOY_AGAP008859-RB_3+
./crux_output/comet_8468_2_1	0.844888	0.621585	0.805627	N.VECASDTSQNEER.H	DECOY_AGAP012375-PA	DECOY_AGAP012375-RA_3+
./crux_output/comet_7890_2_1	0.841597	0.622951	0.805627	S.ATMTETR.L	DECOY_AGAP005302-RA_3+	DECOY_CUFF.910.1_3+
./crux_output/comet_7386_2_2	0.841175	0.624317	0.805627	R.ASSGSSSTVFP.S	DECOY_AGAP000657-RA_2+
./crux_output/comet_10209_2_1	0.839366	0.624490	0.805627	R.AHLDAEEQ.E	DECOY_CUFF.15867.2_1+
./crux_output/comet_7282_2_1	0.838266	0.624490	0.805627	R.NASHQEAIEV.L	DECOY_AGAP007923-RA_3+	DECOY_CUFF.9530.2_3+	DECOY_CUFF.9530.3_1+
./crux_output/comet_6569_3_1	0.834634	0.624661	0.805627	R.SRPVCDRCGFA.R	DECOY_CUFF.2838.4_1+	DECOY_CUFF.2838.5_3+	DECOY_CUFF.2838.1_3+	DECOY_CUFF.2838.2_2+	DECOY_CUFF.2838.3_1+	DECOY_AGAP007474-RA_3+
./crux_output/comet_7786_2_3	0.830782	0.624661	0.805627	R.SIFSSSSSSQDS.F	DECOY_CUFF.9740.2_2+	DECOY_CUFF.9740.1_1+
./crux_output/comet_6019_2_1	0.825120	0.625169	0.805627	R.VELMMNIP.L	DECOY_AGAP004571-PA
./crux_output/comet_6561_2_2	0.824410	0.625676	0.805627	R.GFVFARDK.V	DECOY_CUFF.2545.5_2+	DECOY_CUFF.2545.7_3+	DECOY_CUFF.2545.6_2+	DECOY_CUFF.2545.2_2+
./crux_output/comet_9621_2_1	0.821050	0.627027	0.805627	A.GGSFGAKAK.R	DECOY_AGAP005101-RA_3+
./crux_output/comet_7117_2_1	0.820048	0.627187	0.805627	R.HLDLSTSCL.D	DECOY_TCONS_00040707_3+
./crux_output/comet_8677_2_2	0.819879	0.627187	0.805627	R.AQTLITNER.S	DECOY_CUFF.3429.4_3+
./crux_output/comet_5372_2_1	0.817380	0.628188	0.805627	R.TNESLPVGCCF.X	DECOY_TCONS_00000012_3+
./crux_output/comet_3740_4_1	0.814675	0.628188	0.805627	R.ENQGCTGTEKREQAEVEE.K	DECOY_AGAP002649-RA_3+	DECOY_CUFF.4394.3_3+	DECOY_CUFF.4394.2_1+	DECOY_CUFF.4394.1_3+
./crux_output/comet_8992_2_1	0.813064	0.628342	0.805627	R.CCSGTACTANAD.L	DECOY_AGAP013468-PA	DECOY_ACOM028471-PA	DECOY_AGAP013468-RA_1+
./crux_output/comet_9968_3_1	0.811471	0.628342	0.805627	K.GSCAFFYFQNVSGLYCARVW.Y	DECOY_TCONS_00040953_3+
./crux_output/comet_7885_3_1	0.809056	0.628458	0.805627	S.IFCFMRPSSR.L	DECOY_TCONS_00028279_1+
./crux_output/comet_5730_2_4	0.807682	0.628458	0.805627	V.ITSGASKR.N	DECOY_AGAP000483-PA	DECOY_AGAP000483-PB	DECOY_AGAP000483-PC	DECOY_ACOM031133-PA	DECOY_CUFF.16614.2_2+	DECOY_CUFF.16614.1_2+	DECOY_AGAP000483-RB_1+	DECOY_AGAP000483-RC_1+	DECOY_AGAP000483-RA_1+
./crux_output/comet_9596_2_1	0.806030	0.628458	0.805627	R.VYSSNNCSHAD.S	DECOY_sp|Q12207|NCE2_YEAST
./crux_output/comet_8982_3_1	0.805350	0.628458	0.805627	K.QLYKSMPFGYGPNDSVG.K	DECOY_AGAP010960-PA	DECOY_ACOM022849-PA	DECOY_AGAP010960-RA_1+	DECOY_CUFF.7665.1_2+
./crux_output/comet_7407_3_2	0.802442	0.628458	0.805627	L.AYMNAAMFGCQGSR.S	DECOY_AGAP001399-PA	DECOY_ACOM034058-PA	DECOY_AGAP001399-RA_2+
./crux_output/comet_6577_3_1	0.800035	0.628458	0.805627	R.IDVYKPTFEL.K	DECOY_sp|P53131|PRP43_YEAST
./crux_output/comet_10044_4_4	0.795076	0.628458	0.805627	E.QEDGEEDDQEEDEEER.A	DECOY_AGAP000017-PA	DECOY_AGAP000017-PB	DECOY_AGAP000017-PC	DECOY_CUFF.15855.1_1+	DECOY_CUFF.15855.4_1+	DECOY_AGAP000017-RA_1+	DECOY_CUFF.15855.10_1+	DECOY_CUFF.15855.2_1+	DECOY_CUFF.15855.3_1+	DECOY_CUFF.15855.5_2+	DECOY_CUFF.15855.6_3+	DECOY_CUFF.15855.7_2+	DECOY_CUFF.15855.8_1+
./crux_output/comet_10144_2_1	0.788722	0.629776	0.805627	K.AHPIETFEG.K	DECOY_sp|Q12080|NOP53_YEAST
./crux_output/comet_10646_4_2	0.788026	0.631094	0.805627	I.HWWAGKYNIACNGVPWK.R	DECOY_AGAP010774-PA	DECOY_AGAP010774-RA_1+
./crux_output/comet_7750_3_1	0.787529	0.632063	0.805627	R.HFMGKDSPITR.D	DECOY_CUFF.9038.11_2+
./crux_output/comet_7644_2_1	0.785346	0.632063	0.805627	K.EIETVARE.E	DECOY_TCONS_00014671_2+
./crux_output/comet_8082_2_1	0.783668	0.633377	0.805627	R.LNESSLSSV.S	DECOY_sp|P39518|LCF2_YEAST
./crux_output/comet_9517_2_2	0.783410	0.634691	0.805627	Y.GSTGDAHREDR.G	DECOY_AGAP008349-RA_3+
./crux_output/comet_6791_3_1	0.782197	0.634817	0.805627	R.AGAGRAGGHGGGGGQGV.R	DECOY_AGAP006428-RA_3+
./crux_output/comet_8534_3_4	0.781069	0.634817	0.805627	K.RAGFGGFLEEK.T	DECOY_AGAP013148-RA_1+
./crux_output/comet_8624_3_4	0.777392	0.636126	0.805627	R.CCGWWCWCCVC.R	DECOY_CUFF.5769.1_3+	DECOY_AGAP013315-RA_3+
./crux_output/comet_4959_2_1	0.777390	0.637435	0.805627	R.SQAPYAIGEDCYGG.Q	DECOY_AGAP001135-RA_3+
./crux_output/comet_8436_2_1	0.775742	0.637908	0.805627	R.SSIFSFSCGSCSSP.S	DECOY_AGAP009385-RA_1+	DECOY_AGAP009385-RB_1+
./crux_output/comet_5470_2_1	0.774805	0.639216	0.805627	R.AAVAACSAFIP.S	DECOY_CUFF.9903.6_1+	DECOY_CUFF.9903.10_2+	DECOY_CUFF.9903.8_3+	DECOY_CUFF.9903.7_3+	DECOY_CUFF.9903.4_1+	DECOY_CUFF.9903.2_3+	DECOY_CUFF.9903.3_3+	DECOY_CUFF.9903.1_3+
./crux_output/comet_7338_4_4	0.774499	0.640523	0.805627	K.GCTSSFWRFRSSNSCK.L	DECOY_CUFF.5533.1_1+
./crux_output/comet_7577_2_2	0.773277	0.641092	0.805627	R.EEGCECMGVCCV.X	DECOY_CUFF.16940.2_1+
./crux_output/comet_8850_2_1	0.772572	0.641092	0.805627	K.LGPISCVV.S	DECOY_AGAP012066-PA	DECOY_AGAP012907-PA	DECOY_ACOM026617-PA	DECOY_AGAP012907-RA_1+	DECOY_CUFF.8990.1_1+	DECOY_AGAP012066-RA_1+
./crux_output/comet_9909_3_4	0.772267	0.641092	0.805627	R.GSSAAAAQAQNLSWQEYYSNVDA.T	DECOY_AGAP001373-PA	DECOY_ACOM034024-PA	DECOY_AGAP001373-RA_1+
./crux_output/comet_5806_3_4	0.768501	0.642393	0.805627	R.QYEIDDSFFN.L	DECOY_AGAP010710-PA	DECOY_AGAP010710-PB	DECOY_AGAP010710-PC	DECOY_ACOM027453-PA	DECOY_CUFF.7389.1_3+	DECOY_CUFF.7389.2_2+	DECOY_CUFF.7389.4_2+	DECOY_CUFF.7389.3_3+	DECOY_CUFF.7389.5_1+	DECOY_AGAP010710-RA_1+
./crux_output/comet_5988_2_1	0.768218	0.643693	0.805627	R.QNCSYSFHQNVHVW.E	DECOY_AGAP003879-PA	DECOY_ACOM034730-PA	DECOY_AGAP003879-RA_1+
./crux_output/comet_8519_3_2	0.766456	0.644156	0.805627	R.DDDGDEESTNELAL.S	DECOY_sp|P40072|SLX8_YEAST
./crux_output/comet_7465_3_5	0.764323	0.644617	0.805627	R.ATSSLPGGGDEGNRAR.R	DECOY_AGAP004907-RA_2+	DECOY_CUFF.505.1_3+
./crux_output/comet_8210_2_1	0.758564	0.645078	0.805627	G.YGPTGSAAAAAR.L	DECOY_AGAP008692-RA_3+
./crux_output/comet_9864_2_1	0.756960	0.646373	0.805627	Q.AHSNYNR.L	DECOY_AGAP028007-PA	DECOY_AGAP012843-PA	DECOY_ACOM026655-PA	DECOY_AGAP028007-RA_1+	DECOY_CUFF.8967.2_3+	DECOY_AGAP012843-RA_1+
./crux_output/comet_7841_2_2	0.756713	0.647668	0.805627	R.HPACPNEGQG.N	DECOY_AGAP007121-RA_1+
./crux_output/comet_8939_2_1	0.755801	0.648964	0.805627	R.ARAPLER.G	DECOY_AGAP006454-RA_3+	DECOY_CUFF.2871.1_1+	DECOY_CUFF.2013.2_2+	DECOY_CUFF.2013.4_1+	DECOY_CUFF.16245.1_2+	DECOY_CUFF.16245.2_2+	DECOY_CUFF.930.2_2+	DECOY_CUFF.930.1_2+	DECOY_AGAP000330-RA_3+	DECOY_CUFF.930.10_3+	DECOY_CUFF.930.7_1+	DECOY_CUFF.930.8_3+
./crux_output/comet_7640_2_1	0.755043	0.650259	0.805627	R.RSCCTACCACW.T	DECOY_AGAP013051-RA_2+
./crux_output/comet_9242_4_1	0.753289	0.650712	0.805627	L.SSGDHQCHHCRDASGYAHHAR.A	DECOY_AGAP004957-RA_2+
./crux_output/comet_10639_4_4	0.751926	0.652005	0.805627	K.LCLSYFSFYLTNTHPTQ.Y	DECOY_AGAP001986-RA_1+	DECOY_CUFF.3726.1_3+
./crux_output/comet_8880_2_2	0.751374	0.653299	0.805627	K.TEDIDTLFPFT.N	DECOY_sp|P48361|ASK10_YEAST
./crux_output/comet_8942_2_1	0.751254	0.654430	0.805627	R.ECCQRQLATPQCLSW.W	DECOY_CUFF.12088.2_1+	DECOY_CUFF.12088.5_3+	DECOY_CUFF.12088.4_2+	DECOY_CUFF.12088.3_2+	DECOY_CUFF.12088.1_2+	DECOY_CUFF.12088.6_3+	DECOY_AGAP010189-RA_3+
./crux_output/comet_5778_2_3	0.750431	0.654430	0.805627	-.EPNQEEGGI.E	DECOY_AGAP009336-RA_3+
./crux_output/comet_7482_2_1	0.750363	0.654430	0.805627	K.ASNAEPVW.M	DECOY_AGAP007975-PA	DECOY_AGAP007975-PB	DECOY_ACOM030724-PA	DECOY_CUFF.9614.2_3+	DECOY_CUFF.9614.1_3+	DECOY_CUFF.9614.3_2+	DECOY_AGAP007975-RB_3+	DECOY_AGAP007975-RA_2+
./crux_output/comet_4322_3_1	0.749765	0.654430	0.805627	P.IPCWSPRCAR.T	DECOY_CUFF.5097.1_2+	DECOY_CUFF.5097.3_3+	DECOY_CUFF.5097.4_1+	DECOY_CUFF.5097.5_1+	DECOY_CUFF.5097.6_1+	DECOY_CUFF.5097.7_3+	DECOY_CUFF.5097.8_2+	DECOY_CUFF.5097.9_3+	DECOY_AGAP003372-RA_3+	DECOY_AGAP003372-RB_3+	DECOY_CUFF.5097.10_2+	DECOY_CUFF.5097.11_1+
./crux_output/comet_5607_2_1	0.749419	0.654430	0.805627	R.FGDDDNNEGCD.A	DECOY_CUFF.16609.2_1+	DECOY_CUFF.16609.1_1+
./crux_output/comet_9488_2_1	0.747463	0.654430	0.805627	S.LSVLSYDK.T	DECOY_CUFF.6302.1_3+	DECOY_CUFF.6302.7_2+	DECOY_CUFF.6302.9_2+
./crux_output/comet_8504_3_4	0.745460	0.654430	0.805627	R.QIDCGPCSENLAVL.I	DECOY_AGAP013391-RA_2+	DECOY_CUFF.5486.1_2+	DECOY_CUFF.5486.2_3+
./crux_output/comet_10275_2_1	0.743501	0.654430	0.805627	K.NVISPKQDGH.I	DECOY_TCONS_00004070_1+
./crux_output/comet_4642_3_5	0.741206	0.654430	0.805627	R.KGCTQCGYPK.F	DECOY_AGAP004517-PA	DECOY_ACOM029598-PA	DECOY_AGAP004517-RA_1+
./crux_output/comet_5689_4_2	0.740159	0.654430	0.805627	K.HHQSADNRPPEDIEER.A	DECOY_AGAP029774-PA	DECOY_ACOM030623-PA	DECOY_AGAP028427-RA_1+	DECOY_CUFF.9681.4_3+	DECOY_CUFF.9681.3_2+	DECOY_CUFF.9681.1_2+
./crux_output/comet_4106_2_4	0.739754	0.654430	0.805627	L.CDDNIPMER.K	DECOY_CUFF.6542.1_2+
./crux_output/comet_4981_2_2	0.732668	0.654430	0.805627	N.DNDDTGNNER.T	DECOY_sp|P09959|SWI6_YEAST
./crux_output/comet_4458_3_2	0.730334	0.655696	0.805627	R.QHHYPLSLVQGE.T	DECOY_AGAP005149-RA_3+
./crux_output/comet_9014_2_1	0.729717	0.656131	0.805627	R.EGTTLDYIA.K	DECOY_AGAP029512-PA	DECOY_AGAP029512-PB	DECOY_AGAP029512-PC	DECOY_ACOM025083-PA	DECOY_CUFF.1473.6_1+	DECOY_CUFF.1473.7_1+	DECOY_CUFF.1473.4_3+	DECOY_CUFF.1473.5_1+	DECOY_CUFF.1473.2_3+	DECOY_CUFF.1473.3_3+	DECOY_CUFF.1473.8_1+	DECOY_CUFF.1473.9_1+	DECOY_CUFF.1473.18_2+	DECOY_AGAP005840-RA_3+	DECOY_CUFF.1473.10_2+	DECOY_CUFF.1473.11_1+	DECOY_CUFF.1473.12_1+	DECOY_CUFF.1473.13_1+	DECOY_CUFF.1473.14_1+	DECOY_CUFF.1473.15_1+	DECOY_CUFF.1473.16_3+
./crux_output/comet_7624_3_1	0.727524	0.656566	0.805627	K.CDVTHERASMNC.X	DECOY_AGAP007833-RA_3+	DECOY_CUFF.9461.1_1+
./crux_output/comet_8995_3_1	0.724457	0.656999	0.805627	P.AAGRLHFHQSGGR.A	DECOY_AGAP008785-RA_2+
./crux_output/comet_5544_2_1	0.721564	0.658260	0.805627	R.SSSSSSIAGNS.S	DECOY_AGAP006792-RA_3+
./crux_output/comet_8237_2_2	0.721437	0.659521	0.805627	S.CCLTCISITCR.S	DECOY_AGAP007805-RA_3+
./crux_output/comet_8934_3_2	0.716751	0.659548	0.805627	H.EIFGEVDYAVDLAYK.N	DECOY_sp|P19524|MYO2_YEAST
./crux_output/comet_8560_2_2	0.712745	0.659548	0.805627	R.SSIFSFSCGSCSSP.S	DECOY_AGAP009385-RA_1+	DECOY_AGAP009385-RB_1+
./crux_output/comet_8695_2_1	0.707161	0.660804	0.805627	P.EKEELTYCEK.K	DECOY_CUFF.16181.1_1+
./crux_output/comet_7071_3_1	0.705110	0.660826	0.805627	C.DTSVAGNGSRTESRVSVTR.S	DECOY_AGAP010081-RA_2+
./crux_output/comet_5657_2_1	0.702645	0.660826	0.805627	R.NNHVDASYGNN.N	DECOY_AGAP003638-PA	DECOY_ACOM028717-PA	DECOY_CUFF.5342.1_2+	DECOY_AGAP003638-RA_1+
./crux_output/comet_8450_2_1	0.697479	0.662078	0.805627	V.LNSSGIPK.E	DECOY_sp|P12945|NAT1_YEAST
./crux_output/comet_10159_3_3	0.696290	0.662500	0.805627	T.AAEDDDLDDAGYYEGKK.E	DECOY_sp|Q12136|SAS10_YEAST
./crux_output/comet_7607_3_3	0.694905	0.662531	0.805627	R.ATSCDARPASAPPR.T	DECOY_TCONS_00002777_1+
./crux_output/comet_6743_3_4	0.693597	0.662531	0.805627	R.FPSDNDGEHEYRVQ.G	DECOY_AGAP004417-RA_2+
./crux_output/comet_7852_2_5	0.692679	0.662531	0.805627	R.KPCQTECE.R	DECOY_AGAP012408-RA_3+	DECOY_CUFF.9311.1_1+
./crux_output/comet_7155_3_1	0.692035	0.662531	0.805627	E.LAAVFDDVPIEGFGK.S	DECOY_AGAP005058-PB	DECOY_ACOM035054-PA	DECOY_AGAP005058-RA_1+	DECOY_CUFF.683.1_2+
./crux_output/comet_6321_3_1	0.680665	0.663772	0.805627	R.RLGSGRSWCC.A	DECOY_AGAP013449-RA_3+
./crux_output/comet_5637_2_1	0.680663	0.665012	0.805627	V.CRGGAAAQER.L	DECOY_AGAP000139-RA_3+	DECOY_CUFF.15975.1_2+
./crux_output/comet_9828_3_2	0.679540	0.665428	0.805627	V.FQMIDGFPDHCVCR.D	DECOY_CUFF.16393.7_3+	DECOY_CUFF.16393.2_3+	DECOY_CUFF.16393.9_3+
./crux_output/comet_4890_3_3	0.678565	0.665842	0.805627	K.CVGGASSGPAADLP.G	DECOY_AGAP000629-PA	DECOY_AGAP013491-PA	DECOY_CUFF.16538.2_2+	DECOY_CUFF.16538.1_2+	DECOY_AGAP013491-RA_1+	DECOY_AGAP000629-RA_1+
./crux_output/comet_9339_2_1	0.676804	0.667076	0.805627	R.TNIYPYVP.S	DECOY_TCONS_00039699_3+
./crux_output/comet_6852_2_1	0.675379	0.667076	0.805627	R.SPDYGTTDQG.N	DECOY_AGAP009061-RA_3+	DECOY_CUFF.10700.2_1+	DECOY_CUFF.10700.3_3+	DECOY_CUFF.10700.1_3+
./crux_output/comet_10127_2_1	0.673756	0.667076	0.805627	K.ASNHDGLQL.I	DECOY_AGAP006324-PA	DECOY_ACOM039903-PA	DECOY_AGAP006324-RA_1+	DECOY_CUFF.1810.1_1+
./crux_output/comet_7500_2_1	0.672086	0.667076	0.805627	C.VYVCLNAR.V	DECOY_CUFF.16469.1_3+	DECOY_CUFF.16469.2_3+
./crux_output/comet_7242_3_2	0.669558	0.667076	0.805627	R.TPGAYPPSQALEII.L	DECOY_CUFF.9747.1_1+
./crux_output/comet_6361_3_2	0.665747	0.667479	0.805627	R.GLVVLFNGNDW.P	DECOY_CUFF.4671.1_1+	DECOY_CUFF.4671.2_2+
./crux_output/comet_3704_4_2	0.665636	0.667479	0.805627	K.QVCCVFLCVFLFGNGNC.L	DECOY_TCONS_00007781_3+
./crux_output/comet_5603_3_1	0.661957	0.667479	0.805627	R.LYAELSNSSTFA.P	DECOY_CUFF.9520.2_3+	DECOY_CUFF.9520.1_3+
./crux_output/comet_10005_2_2	0.661587	0.667479	0.805627	K.NNTYPSLYHTN.N	DECOY_CUFF.3284.3_3+	DECOY_AGAP001499-RA_1+	DECOY_AGAP001499-RB_2+	DECOY_CUFF.3284.1_2+	DECOY_CUFF.3284.2_2+
./crux_output/comet_9239_3_4	0.660299	0.667479	0.805627	K.EPCGVTGDCRVVER.R	DECOY_CUFF.2829.4_3+	DECOY_CUFF.2829.5_3+
./crux_output/comet_8358_2_3	0.652599	0.667883	0.805627	K.SNSHHSADTQQISS.S	DECOY_ACOM043071-PA
./crux_output/comet_4483_2_1	0.650849	0.668287	0.805627	K.DVLFSVLFNA.R	DECOY_AGAP002272-PA	DECOY_AGAP002272-PB	DECOY_AGAP002272-PC	DECOY_CUFF.4117.9_1+	DECOY_AGAP002272-RB_1+	DECOY_AGAP002272-RC_1+	DECOY_AGAP002272-RA_1+	DECOY_CUFF.4117.8_3+	DECOY_CUFF.4117.3_1+	DECOY_CUFF.4117.1_1+	DECOY_CUFF.4117.6_1+
./crux_output/comet_5404_2_2	0.648718	0.668689	0.805627	S.NSPLISER.L	DECOY_CUFF.8960.1_2+
./crux_output/comet_8563_2_1	0.647972	0.669903	0.805627	K.ERGSGGSQPGQ.H	DECOY_AGAP012389-RA_2+
./crux_output/comet_8401_3_1	0.647810	0.671117	0.805627	S.FTTIFAEGYADELCDDDR.T	DECOY_AGAP000932-PA	DECOY_CUFF.17150.5_3+
./crux_output/comet_8305_2_5	0.645632	0.672330	0.805627	I.FDSCISLPSCWK.F	DECOY_CUFF.16090.1_2+	DECOY_AGAP000183-RA_1+
./crux_output/comet_9843_2_5	0.641390	0.672727	0.805627	R.CAADIHGLNDVI.V	DECOY_CUFF.6351.1_2+	DECOY_CUFF.6351.2_2+	DECOY_AGAP004631-RA_3+
./crux_output/comet_5309_2_1	0.641001	0.673123	0.805627	K.ADTLEAKP.T	DECOY_AGAP006570-PA	DECOY_ACOM039513-PA	DECOY_AGAP006570-RA_1+
./crux_output/comet_7311_3_3	0.639588	0.673913	0.805627	V.TTQQPSFDGGGGK.H	DECOY_CUFF.16018.1_1+
./crux_output/comet_9478_3_4	0.639386	0.673913	0.805627	-.LMEFDEEDEDLSSMD.T	DECOY_sp|P32944|SWE1_YEAST
./crux_output/comet_8225_3_2	0.636502	0.674970	0.805627	R.ATRVPTGECAR.Q	DECOY_AGAP001458-RA_1+
./crux_output/comet_8764_3_1	0.635610	0.674970	0.805627	K.TKGHAHGDAIEC.A	DECOY_CUFF.8491.1_1+	DECOY_AGAP011485-RA_3+
./crux_output/comet_5466_2_1	0.634146	0.674970	0.805627	T.VALALYER.T	DECOY_AGAP011232-PA	DECOY_ACOM038110-PA	DECOY_AGAP011232-RA_1+	DECOY_CUFF.7972.1_1+
./crux_output/comet_4404_2_2	0.632675	0.674970	0.805627	R.QRCKPANL.H	DECOY_TCONS_00006727_2+	DECOY_TCONS_00006726_2+	DECOY_TCONS_00006725_2+
./crux_output/comet_8121_2_2	0.630600	0.674970	0.805627	K.ACLQYIC.S	DECOY_AGAP000073-PA	DECOY_CUFF.15857.2_2+	DECOY_CUFF.15857.1_3+	DECOY_AGAP000073-RA_1+
./crux_output/comet_7668_2_1	0.630179	0.674970	0.805627	V.ARGACQDPR.Q	DECOY_AGAP000810-RA_3+	DECOY_CUFF.16929.1_1+	DECOY_CUFF.16929.2_1+
./crux_output/comet_9197_3_1	0.626738	0.674970	0.805627	K.EDDTAPVSENEEDAP.Q	DECOY_AGAP005743-PA	DECOY_ACOM031249-PA	DECOY_AGAP005743-RA_3+
./crux_output/comet_5951_2_1	0.612496	0.674970	0.805627	R.YFALIQTTNG.K	DECOY_CUFF.4441.8_3+	DECOY_CUFF.4441.3_2+
./crux_output/comet_7619_4_2	0.611191	0.674970	0.805627	R.GLYLIISSISSVGLKQQGVWS.H	DECOY_CUFF.3064.2_1+	DECOY_CUFF.3064.1_2+	DECOY_CUFF.3064.3_1+
./crux_output/comet_893_2_2	0.610254	0.674970	0.805627	K.LVLAVCVFA.C	DECOY_AGAP028486-PA	DECOY_ACOM034870-PA	DECOY_CUFF.5544.4_1+
./crux_output/comet_6712_3_1	0.607698	0.674970	0.805627	V.CPSACSYYEENER.R	DECOY_AGAP006252-PA	DECOY_ACOM039978-PA	DECOY_AGAP006252-RA_1+
./crux_output/comet_8348_2_1	0.606055	0.675325	0.805627	R.AFAVMSRS.V	DECOY_AGAP000911-PA	DECOY_ACOM033578-PA	DECOY_AGAP000911-RA_3+
./crux_output/comet_9914_3_3	0.604917	0.675325	0.805627	T.EMDVTTNPFTPSR.A	DECOY_AGAP011492-PA	DECOY_ACOM041442-PA	DECOY_CUFF.8318.2_3+	DECOY_CUFF.8318.1_2+	DECOY_AGAP011492-RA_1+
./crux_output/comet_10236_2_1	0.604030	0.675325	0.805627	R.TEAAFSHGWCSGVN.R	DECOY_AGAP011124-RA_2+	DECOY_CUFF.7826.2_2+
./crux_output/comet_10418_2_3	0.596850	0.676505	0.805627	R.HTPTNNET.H	DECOY_CUFF.8827.10_2+	DECOY_CUFF.8827.11_1+	DECOY_CUFF.8827.2_2+	DECOY_CUFF.8827.1_2+
./crux_output/comet_8430_3_4	0.594462	0.676887	0.805627	R.NCLAFSALVSCTAFYFC.V	DECOY_CUFF.9405.1_3+
./crux_output/comet_7975_2_1	0.592813	0.677647	0.805627	K.QRYYQKYYT.Y	DECOY_CUFF.457.2_2+	DECOY_CUFF.457.3_2+	DECOY_CUFF.457.1_2+
./crux_output/comet_4984_3_3	0.592708	0.677647	0.805627	K.SDGCWWWWWS.E	DECOY_CUFF.3759.3_2+	DECOY_CUFF.3759.2_3+	DECOY_CUFF.3759.1_3+	DECOY_AGAP002048-RA_2+	DECOY_AGAP002048-RB_2+
./crux_output/comet_8180_3_1	0.590947	0.678824	0.805627	S.GNSEGYGWTAEEALLK.S	DECOY_ACOM030055-PA
./crux_output/comet_8999_2_1	0.590773	0.679201	0.805627	R.CNCDMQC.Q	DECOY_CUFF.10977.1_2+
./crux_output/comet_5647_2_1	0.589037	0.680328	0.805627	K.CSLIFETI.G	DECOY_AGAP008467-PA	DECOY_ACOM029926-PA	DECOY_AGAP008467-RA_2+	DECOY_CUFF.10006.2_1+	DECOY_CUFF.10006.1_1+
./crux_output/comet_6690_2_1	0.588282	0.680328	0.805627	R.RPVVNVQN.D	DECOY_AGAP006765-PA	DECOY_AGAP006765-PB	DECOY_ACOM031730-PA	DECOY_AGAP006765-RA_3+	DECOY_AGAP006765-RB_1+
./crux_output/comet_4822_2_2	0.587892	0.680328	0.805627	K.TITGTSSR.I	DECOY_CUFF.7787.1_1+	DECOY_AGAP011087-RA_2+
./crux_output/comet_7197_2_2	0.586683	0.680460	0.805627	T.CKTTSRVSER.T	DECOY_AGAP008217-RA_3+
./crux_output/comet_5809_2_4	0.582466	0.680460	0.805627	K.KSQYACQQK.A	DECOY_CUFF.934.2_3+	DECOY_CUFF.934.1_3+	DECOY_CUFF.934.4_2+	DECOY_CUFF.934.5_1+
./crux_output/comet_8002_3_2	0.582044	0.680460	0.805627	E.SHVVVDTTQFCNR.G	DECOY_AGAP011900-RA_2+
./crux_output/comet_9851_3_5	0.581257	0.680460	0.805627	K.SFTAFRACIR.R	DECOY_AGAP006623-RA_2+
./crux_output/comet_8861_2_2	0.580410	0.680460	0.805627	-.AVPCGNPNLT.P	DECOY_ACOM035393-PA
./crux_output/comet_5739_4_2	0.577017	0.680460	0.805627	K.TNKDLDLGQHTSLDDEM.D	DECOY_sp|P39958|GDI1_YEAST
./crux_output/comet_10581_2_3	0.574560	0.680460	0.805627	V.EDSSSCHQK.A	DECOY_AGAP007881-RA_2+
./crux_output/comet_7907_3_2	0.572924	0.680460	0.805627	K.EAGYERAPVLW.I	DECOY_ACOM034768-PA
./crux_output/comet_6568_3_4	0.569150	0.680460	0.805627	R.SPAHYARSLNAHHK.I	DECOY_CUFF.2050.2_1+	DECOY_CUFF.2050.1_1+
./crux_output/comet_5981_2_1	0.564729	0.680460	0.805627	K.ADDRHAPVS.V	DECOY_CUFF.4552.2_2+	DECOY_CUFF.4552.1_3+	DECOY_AGAP002874-RA_2+
./crux_output/comet_10495_2_1	0.561651	0.680460	0.805627	R.AGCDCVTWC.R	DECOY_AGAP012245-RA_3+	DECOY_CUFF.9180.1_3+	DECOY_CUFF.9180.3_1+	DECOY_CUFF.9180.2_2+	DECOY_CUFF.9180.4_2+
./crux_output/comet_880_2_2	0.559140	0.681510	0.805627	Q.GPGTGDGSGGCGDGQGK.L	DECOY_AGAP008223-RA_3+
./crux_output/comet_5407_2_3	0.557662	0.681510	0.805627	K.LAMTSRR.S	DECOY_CUFF.7754.1_2+	DECOY_AGAP011057-RA_2+	DECOY_TCONS_00035333_1+
./crux_output/comet_9259_3_1	0.556531	0.681510	0.805627	R.KPHGPHPFAADE.G	DECOY_CUFF.967.2_2+	DECOY_CUFF.967.1_1+	DECOY_AGAP005300-RC_3+	DECOY_AGAP005300-RB_1+	DECOY_AGAP005300-RA_3+
./crux_output/comet_5946_2_1	0.556504	0.681510	0.805627	P.EVGRCFSGYK.N	DECOY_AGAP012011-RA_3+	DECOY_CUFF.8942.1_1+
./crux_output/comet_7859_4_1	0.554488	0.681510	0.805627	K.FDEDEFFGGKVTIDDTAQ.E	DECOY_AGAP009027-PA	DECOY_ACOM029122-PA	DECOY_CUFF.10624.1_1+	DECOY_AGAP009027-RA_1+
./crux_output/comet_6828_2_1	0.554469	0.681510	0.805627	R.RASISLTW.A	DECOY_sp|P06776|PDE2_YEAST
./crux_output/comet_5009_3_1	0.553257	0.681510	0.805627	R.SQAPYAIGEDCYGG.Q	DECOY_AGAP001135-RA_3+
./crux_output/comet_6232_2_1	0.551244	0.681510	0.805627	N.GASEAAFER.V	DECOY_AGAP001699-RA_3+
./crux_output/comet_10410_2_1	0.547952	0.681510	0.805627	P.IFGGMSLLMDGPGF.-	DECOY_AGAP013426-PA	DECOY_ACOM035408-PA
./crux_output/comet_7554_2_3	0.547765	0.681510	0.805627	R.YLSCNEGKP.N	DECOY_CUFF.3848.1_2+
./crux_output/comet_876_3_2	0.543604	0.681510	0.805627	A.PGDDDDDDGDGNNSK.F	DECOY_sp|P33301|XRS2_YEAST
./crux_output/comet_10254_3_5	0.536298	0.681510	0.805627	D.FPSELIFWWINNER.L	DECOY_TCONS_00037596_2+	DECOY_TCONS_00037597_3+
./crux_output/comet_8550_2_3	0.536197	0.681510	0.805627	K.NAPCQVLD.Q	DECOY_CUFF.3604.1_1+	DECOY_AGAP001826-RA_3+
./crux_output/comet_8751_2_5	0.535799	0.681510	0.805627	K.DNYLTHVN.K	DECOY_sp|P25300|BUD5_YEAST
./crux_output/comet_4853_2_4	0.532830	0.681510	0.805627	R.TSCTTSSATTFTT.S	DECOY_AGAP000926-RA_2+	DECOY_AGAP000926-RB_2+	DECOY_CUFF.17140.13_2+	DECOY_CUFF.17140.9_2+	DECOY_CUFF.17140.4_2+	DECOY_CUFF.17140.7_2+	DECOY_CUFF.17140.6_2+	DECOY_CUFF.17140.3_3+	DECOY_CUFF.17140.8_1+	DECOY_CUFF.17140.5_2+	DECOY_CUFF.17140.15_1+	DECOY_CUFF.17140.14_2+	DECOY_CUFF.17140.11_1+	DECOY_CUFF.17140.10_1+
./crux_output/comet_9749_4_5	0.531266	0.681510	0.805627	R.ARDVQPGHETTLDFPNGVTQ.Y	DECOY_AGAP003652-PA	DECOY_AGAP003652-PB	DECOY_AGAP003652-RA_2+	DECOY_AGAP003652-RB_3+
./crux_output/comet_8353_3_1	0.531098	0.681510	0.805627	K.TQQKLKLNATNV.R	DECOY_CUFF.5382.1_2+
./crux_output/comet_5833_2_5	0.527370	0.681510	0.805627	K.NEDGSDDGQ.A	DECOY_AGAP006373-PA	DECOY_ACOM039846-PA	DECOY_CUFF.1856.4_3+	DECOY_CUFF.1856.1_3+	DECOY_CUFF.1856.3_3+	DECOY_CUFF.1856.2_2+	DECOY_AGAP006373-RA_1+
./crux_output/comet_6648_2_2	0.525283	0.681510	0.805627	R.RPNTVVH.R	DECOY_CUFF.11868.1_2+	DECOY_CUFF.11868.2_1+	DECOY_CUFF.11868.3_2+
./crux_output/comet_7270_3_3	0.524686	0.681510	0.805627	F.STASGSKCDMLLNR.G	DECOY_AGAP008763-RB_1+	DECOY_AGAP008763-RA_2+	DECOY_CUFF.10286.3_1+
./crux_output/comet_6284_2_1	0.521815	0.681510	0.805627	R.ADFLCPSV.S	DECOY_AGAP006908-RA_3+	DECOY_CUFF.2357.5_3+	DECOY_CUFF.2357.2_3+	DECOY_CUFF.2357.3_3+	DECOY_CUFF.2357.1_2+
./crux_output/comet_8567_2_1	0.519971	0.681510	0.805627	K.FEEADERT.F	DECOY_sp|P32660|ATC5_YEAST
./crux_output/comet_6470_2_1	0.519209	0.681510	0.805627	R.DDHRDAAST.H	DECOY_CUFF.16127.2_1+	DECOY_CUFF.16127.1_3+	DECOY_AGAP000217-RA_3+
./crux_output/comet_5517_2_1	0.517033	0.681510	0.805627	R.SGEFFNSSFNA.W	DECOY_CUFF.5451.6_3+	DECOY_CUFF.5451.7_3+	DECOY_CUFF.5451.2_2+	DECOY_CUFF.5451.3_2+	DECOY_CUFF.5451.1_1+
./crux_output/comet_7681_2_1	0.512996	0.681510	0.805627	R.QQKFLLMF.H	DECOY_CUFF.7699.2_3+	DECOY_CUFF.7699.3_3+
./crux_output/comet_8915_3_1	0.510752	0.681510	0.805627	R.CVVWMTWTSSRPVTF.S	DECOY_CUFF.4475.3_3+	DECOY_CUFF.4475.1_2+	DECOY_CUFF.4475.2_1+	DECOY_AGAP002797-RA_2+	DECOY_AGAP002797-RB_2+
./crux_output/comet_8279_2_2	0.505171	0.681510	0.805627	V.VPSSSPSGDAASHER.I	DECOY_AGAP000368-PA	DECOY_AGAP000368-RA_3+
./crux_output/comet_9039_3_1	0.500443	0.681510	0.805627	X.GTNDVLANAEARGSR.D	DECOY_AGAP012027-RA_3+	DECOY_CUFF.8958.1_2+	DECOY_CUFF.8958.3_3+	DECOY_CUFF.8958.2_2+	DECOY_CUFF.8958.4_3+	DECOY_CUFF.8958.7_2+	DECOY_CUFF.8958.6_2+
./crux_output/comet_10396_3_1	0.499607	0.681510	0.805627	L.YELNFSPDHNVPDCLR.G	DECOY_AGAP000214-PA	DECOY_AGAP000214-RA_1+	DECOY_CUFF.16101.10_3+	DECOY_CUFF.16101.9_3+	DECOY_CUFF.16101.8_3+	DECOY_CUFF.16101.7_1+	DECOY_CUFF.16101.6_1+	DECOY_CUFF.16101.5_2+	DECOY_CUFF.16101.4_3+	DECOY_CUFF.16101.3_1+	DECOY_CUFF.16101.2_1+	DECOY_CUFF.16101.1_2+
./crux_output/comet_6262_3_4	0.499158	0.681510	0.805627	R.TGEATAAAEFGDTDGPGPQHA.G	DECOY_CUFF.9097.1_1+	DECOY_CUFF.9097.2_3+	DECOY_CUFF.9097.3_3+	DECOY_AGAP012175-RA_3+
./crux_output/comet_4265_3_4	0.497212	0.681510	0.805627	P.QPQEPQKQDSEK.L	DECOY_AGAP003513-PA	DECOY_AGAP003513-RA_2+
./crux_output/comet_7645_2_1	0.497139	0.681510	0.805627	R.GFVASDMECMVSVNA.F	DECOY_ACOM033621-PA
./crux_output/comet_6768_2_1	0.494764	0.681510	0.805627	K.FTSLIGSSS.Q	DECOY_CUFF.11276.6_3+	DECOY_CUFF.11276.5_3+	DECOY_CUFF.11276.2_3+	DECOY_CUFF.11276.1_3+	DECOY_CUFF.11276.4_3+	DECOY_CUFF.11276.3_3+
./crux_output/comet_8798_2_2	0.494280	0.681510	0.805627	K.NNARKSK.H	DECOY_CUFF.915.1_2+	DECOY_CUFF.915.2_1+
./crux_output/comet_9547_4_2	0.493545	0.681510	0.805627	K.WLVSGAPCSASPNTLYCNGN.G	DECOY_ACOM036764-PA
./crux_output/comet_9302_3_1	0.492433	0.681510	0.805627	T.GPTDICFCHGVQHK.Q	DECOY_CUFF.9947.1_3+	DECOY_AGAP008411-RA_2+
./crux_output/comet_7781_2_1	0.490408	0.681510	0.805627	D.NGSYKTR.I	DECOY_sp|Q12402|YOP1_YEAST
./crux_output/comet_6952_2_2	0.487815	0.681510	0.805627	K.TTTSLVIYST.T	DECOY_CUFF.571.4_2+
./crux_output/comet_6851_2_1	0.484963	0.681510	0.805627	R.VSSDYIAKG.Y	DECOY_sp|P40884|IMA5_YEAST
./crux_output/comet_5421_2_1	0.484097	0.681510	0.805627	K.DVYDLEEDDLG.I	DECOY_AGAP029605-PA	DECOY_AGAP029605-PB	DECOY_ACOM036763-PA	DECOY_CUFF.4313.1_1+	DECOY_CUFF.4313.2_3+	DECOY_CUFF.4313.3_1+	DECOY_CUFF.4313.6_1+	DECOY_AGAP002579-RA_1+
./crux_output/comet_9551_2_1	0.482963	0.681510	0.805627	R.DQCCCCCHTRV.V	DECOY_TCONS_00007563_3+
./crux_output/comet_10164_3_3	0.480739	0.681510	0.805627	F.CFCFPKVLSIQDCVSVCK.K	DECOY_CUFF.16527.1_1+
./crux_output/comet_9241_2_1	0.476181	0.681510	0.805627	K.EEADPIPSSRE.L	DECOY_CUFF.4989.6_2+	DECOY_CUFF.4989.5_1+	DECOY_CUFF.4989.8_2+	DECOY_CUFF.4989.3_2+	DECOY_CUFF.4989.2_1+	DECOY_CUFF.4989.1_3+	DECOY_CUFF.4989.7_3+	DECOY_CUFF.4989.4_2+	DECOY_AGAP003276-RA_2+
./crux_output/comet_6201_3_1	0.476175	0.681510	0.805627	R.QENGIGFAPGAAFSQSL.Y	DECOY_AGAP008683-PA	DECOY_ACOM029104-PA	DECOY_CUFF.10303.1_1+	DECOY_CUFF.10303.2_1+	DECOY_AGAP008683-RA_1+
./crux_output/comet_10349_3_1	0.470561	0.681510	0.805627	C.PNGNFNHKEESDAPYEK.N	DECOY_CUFF.8713.1_3+
./crux_output/comet_9623_3_2	0.466971	0.681510	0.805627	T.QMPTCTIGRCEIGK.E	DECOY_CUFF.576.1_3+	DECOY_CUFF.576.2_1+	DECOY_CUFF.576.4_2+	DECOY_CUFF.576.5_2+	DECOY_CUFF.576.6_1+	DECOY_CUFF.576.7_1+
./crux_output/comet_8199_4_2	0.464682	0.681510	0.805627	F.GECVCLCAGVCSELLRK.A	DECOY_CUFF.2668.7_3+	DECOY_CUFF.2668.10_2+
./crux_output/comet_6799_3_4	0.459566	0.681510	0.805627	R.QDTTHHSDLDGDYHGDGL.F	DECOY_CUFF.6267.2_2+	DECOY_CUFF.6267.1_2+	DECOY_AGAP004584-RA_2+
./crux_output/comet_9644_2_4	0.459090	0.681510	0.805627	R.VFLYLDN.M	DECOY_AGAP010500-PA	DECOY_ACOM041687-PA	DECOY_AGAP010500-RA_3+
./crux_output/comet_9898_3_1	0.457051	0.681510	0.805627	K.NIEPFDKAIDLI.E	DECOY_sp|P42940|ETFB_YEAST
./crux_output/comet_8130_2_1	0.455674	0.681510	0.805627	K.DDDDDNDEDD.D	DECOY_sp|Q08438|VHS3_YEAST
./crux_output/comet_7683_2_1	0.454531	0.681510	0.805627	K.SISFEFLA.V	DECOY_TCONS_00039521_2+
./crux_output/comet_10644_4_1	0.453993	0.681510	0.805627	R.SSAATIFSGVLLTALCSFYSIS.F	DECOY_AGAP008335-PA	DECOY_ACOM030124-PA	DECOY_AGAP008335-RA_1+
./crux_output/comet_7618_2_5	0.452241	0.681510	0.805627	R.LSSFAQMK.K	DECOY_CUFF.16934.7_1+	DECOY_CUFF.16934.6_2+	DECOY_CUFF.16934.4_1+	DECOY_CUFF.16934.3_2+	DECOY_CUFF.16934.1_2+	DECOY_CUFF.16934.5_1+
./crux_output/comet_9888_2_1	0.450176	0.681510	0.805627	R.APEDIAGAGDL.Q	DECOY_AGAP000558-PB	DECOY_CUFF.16455.2_1+	DECOY_AGAP000558-RB_1+
./crux_output/comet_4901_3_4	0.446804	0.681510	0.805627	R.KPANGPCYLQGC.H	DECOY_CUFF.700.2_1+	DECOY_CUFF.700.5_2+	DECOY_CUFF.700.6_1+
./crux_output/comet_8952_2_2	0.442122	0.681510	0.805627	L.VCPIMYR.I	DECOY_CUFF.8488.10_2+
./crux_output/comet_8250_3_1	0.438810	0.681510	0.805627	R.YFFENFTKFDKDR.K	DECOY_sp|P53037|PSD2_YEAST
./crux_output/comet_5783_2_1	0.437512	0.681510	0.805627	R.SASAQVTDEAP.V	DECOY_AGAP006039-RA_2+
./crux_output/comet_4512_3_1	0.435287	0.681510	0.805627	R.SPRNRSSWPRCVTT.W	DECOY_AGAP003803-RA_2+
./crux_output/comet_9567_2_1	0.432581	0.681510	0.805627	K.FASISVCASSE.C	DECOY_CUFF.3645.10_3+	DECOY_CUFF.3645.5_1+	DECOY_CUFF.3645.4_2+	DECOY_CUFF.3645.7_3+	DECOY_CUFF.3645.6_3+	DECOY_CUFF.3645.9_3+	DECOY_CUFF.3645.8_1+
./crux_output/comet_10468_2_1	0.431324	0.681510	0.805627	R.HTHTDTTT.R	DECOY_CUFF.2055.1_2+	DECOY_CUFF.2925.5_1+	DECOY_CUFF.2925.4_1+	DECOY_CUFF.2925.3_1+	DECOY_CUFF.2925.2_3+	DECOY_CUFF.2925.1_3+	DECOY_CUFF.2055.3_1+	DECOY_CUFF.2055.2_2+	DECOY_CUFF.2055.5_3+	DECOY_CUFF.2055.4_1+
./crux_output/comet_9494_3_1	0.431131	0.681510	0.805627	K.GASGTYFINHGNEALT.G	DECOY_sp|P07271|PIF1_YEAST
./crux_output/comet_8142_3_1	0.429923	0.681510	0.805627	H.CACCCCCYCR.S	DECOY_CUFF.1634.10_1+	DECOY_AGAP006042-RB_2+	DECOY_AGAP006042-RA_1+	DECOY_CUFF.1634.9_1+	DECOY_CUFF.1634.8_1+	DECOY_CUFF.1634.7_2+	DECOY_CUFF.1634.6_1+	DECOY_CUFF.1634.5_3+	DECOY_CUFF.1634.4_3+	DECOY_CUFF.1634.3_3+	DECOY_CUFF.1634.2_1+	DECOY_CUFF.1634.1_3+
./crux_output/comet_9150_2_2	0.428713	0.681510	0.805627	K.LGPISCVV.S	DECOY_AGAP012066-PA	DECOY_AGAP012907-PA	DECOY_ACOM026617-PA	DECOY_AGAP012907-RA_1+	DECOY_CUFF.8990.1_1+	DECOY_AGAP012066-RA_1+
./crux_output/comet_9783_3_2	0.424827	0.681510	0.805627	K.WSVQGGTLVEFSHV.P	DECOY_AGAP006398-PA	DECOY_AGAP006398-RA_2+
./crux_output/comet_7398_2_1	0.421312	0.681510	0.805627	R.SGCCCCCCCT.T	DECOY_CUFF.15954.3_2+
./crux_output/comet_7233_2_3	0.410611	0.681510	0.805627	K.GISHEVTTA.I	DECOY_ACOM026450-PA
./crux_output/comet_4400_2_1	0.410415	0.681510	0.805627	R.LCGNEDAPVFCHG.L	DECOY_AGAP002323-PA	DECOY_ACOM037180-PA	DECOY_AGAP002323-RA_1+
./crux_output/comet_8333_2_5	0.407759	0.681510	0.805627	K.TTTTEKK.T	DECOY_CUFF.4478.2_3+	DECOY_CUFF.4478.3_3+	DECOY_CUFF.4478.1_2+	DECOY_CUFF.4478.6_2+	DECOY_CUFF.4478.4_2+
./crux_output/comet_6374_2_1	0.407224	0.681510	0.805627	E.LDFLTYAAR.A	DECOY_CUFF.3871.2_3+	DECOY_CUFF.3871.1_2+
./crux_output/comet_7585_3_2	0.406297	0.681510	0.805627	R.SSHPLTIIVNK.V	DECOY_sp|P40086|COX15_YEAST
./crux_output/comet_878_2_1	0.405351	0.681510	0.805627	R.VYFHVGP.G	DECOY_CUFF.14291.1_3+
./crux_output/comet_8689_2_2	0.403361	0.681510	0.805627	R.YLAGDAGADAA.P	DECOY_AGAP009000-RA_3+	DECOY_CUFF.10552.1_2+
./crux_output/comet_7527_2_4	0.402586	0.681510	0.805627	R.EEGCECMGVCCV.X	DECOY_CUFF.16940.2_1+
./crux_output/comet_5169_2_1	0.401315	0.681510	0.805627	K.YICNVKM.G	DECOY_TCONS_00034022_1+
./crux_output/comet_8629_2_1	0.400956	0.681510	0.805627	X.CCLTWISCSTR.G	DECOY_TCONS_00022932_2+
./crux_output/comet_4696_4_4	0.399282	0.681510	0.805627	K.MLTGELNTQNYYGQSASTE.L	DECOY_AGAP028635-PA	DECOY_CUFF.9141.1_2+	DECOY_AGAP012213-RA_1+
./crux_output/comet_9415_3_4	0.398539	0.681510	0.805627	K.QATLQCFATGNSFGV.I	DECOY_CUFF.16358.1_3+
./crux_output/comet_7334_3_1	0.393683	0.681510	0.805627	R.ESVEVPADTSSLPTNTAEA.V	DECOY_AGAP010849-PA	DECOY_ACOM027659-PA	DECOY_CUFF.7517.1_1+	DECOY_AGAP010849-RA_2+
./crux_output/comet_6473_3_1	0.393498	0.681510	0.805627	K.ERHASGHLYEA.P	DECOY_CUFF.10591.3_3+	DECOY_CUFF.10591.1_2+	DECOY_AGAP009007-RA_3+
./crux_output/comet_5398_2_5	0.392941	0.681510	0.805627	R.QVFDIVK.I	DECOY_AGAP004271-PA	DECOY_ACOM033049-PA	DECOY_AGAP004271-RA_2+
./crux_output/comet_6018_2_1	0.392918	0.681510	0.805627	V.IRRMCECR.S	DECOY_TCONS_00031946_3+
./crux_output/comet_9231_3_3	0.390949	0.681510	0.805627	R.SPCCCCSCSCDASG.R	DECOY_AGAP002649-RA_3+	DECOY_CUFF.4394.3_3+	DECOY_CUFF.4394.2_1+	DECOY_CUFF.4394.1_3+
./crux_output/comet_9202_2_1	0.390515	0.681510	0.805627	K.CVFVARTP.R	DECOY_CUFF.1651.2_2+
./crux_output/comet_9027_2_3	0.389289	0.681510	0.805627	D.CQYVVNAYSDR.C	DECOY_CUFF.5272.1_1+
./crux_output/comet_10132_3_1	0.388810	0.681510	0.805627	V.LYSTIHPHSYTK.T	DECOY_CUFF.9886.3_1+	DECOY_CUFF.9886.1_2+	DECOY_CUFF.9886.4_2+	DECOY_CUFF.9886.2_3+
./crux_output/comet_8447_3_2	0.386632	0.681510	0.805627	S.RAGFSFCQTHHGWYNK.T	DECOY_CUFF.2762.1_3+
./crux_output/comet_8904_2_4	0.383550	0.681510	0.805627	I.EEEEDDSNDSEK.E	DECOY_CUFF.5114.5_2+
./crux_output/comet_6609_2_1	0.381700	0.681510	0.805627	I.ADAPEPLR.Y	DECOY_AGAP003610-RA_3+
./crux_output/comet_6380_2_2	0.373573	0.681510	0.805627	M.LGSNITEYAMK.I	DECOY_AGAP009346-RA_2+
./crux_output/comet_8477_3_1	0.371398	0.681510	0.805627	R.PSLTARGREGQCER.G	DECOY_CUFF.4260.1_3+
./crux_output/comet_8434_3_1	0.370601	0.681510	0.805627	R.QIDCGPCSENLAVL.I	DECOY_AGAP013391-RA_2+	DECOY_CUFF.5486.1_2+	DECOY_CUFF.5486.2_3+
./crux_output/comet_8061_2_5	0.369811	0.681510	0.805627	R.TSTASANSSGRSGK.S	DECOY_AGAP004604-PA	DECOY_CUFF.6454.6_1+	DECOY_CUFF.6454.2_2+	DECOY_CUFF.6454.1_3+	DECOY_AGAP004604-RA_1+
./crux_output/comet_9682_3_4	0.361478	0.681510	0.805627	R.GLAGWGAADMPGTPVYNEQWLCAF.F	DECOY_AGAP029065-PA
./crux_output/comet_8387_2_1	0.356854	0.681510	0.805627	D.HVVVTHER.C	DECOY_CUFF.7517.1_3+	DECOY_AGAP010849-RA_1+
./crux_output/comet_7531_2_5	0.351513	0.681510	0.805627	R.ANECGGLR.S	DECOY_CUFF.1455.1_1+
./crux_output/comet_8080_2_2	0.350234	0.681510	0.805627	R.YCCCGCCF.L	DECOY_CUFF.17574.1_2+	DECOY_CUFF.17574.2_2+
./crux_output/comet_4843_2_3	0.349554	0.681510	0.805627	K.TFEQPHAQT.L	DECOY_AGAP000984-PA	DECOY_AGAP000984-RA_1+	DECOY_CUFF.17231.2_3+	DECOY_CUFF.17231.3_1+	DECOY_CUFF.17231.5_1+	DECOY_CUFF.17231.1_1+
./crux_output/comet_6620_2_1	0.348144	0.681510	0.805627	Q.QGAGCVAER.R	DECOY_AGAP005901-RA_2+	DECOY_CUFF.1535.9_2+	DECOY_CUFF.1535.8_3+	DECOY_CUFF.1535.1_2+	DECOY_CUFF.1535.3_3+	DECOY_CUFF.1535.2_2+	DECOY_CUFF.1535.5_3+	DECOY_CUFF.1535.4_1+	DECOY_CUFF.1535.10_2+
./crux_output/comet_6219_3_1	0.346660	0.681510	0.805627	D.GEDSSDTLSSIESMK.K	DECOY_AGAP009550-PA	DECOY_AGAP009550-PB
./crux_output/comet_4784_2_3	0.342068	0.681510	0.805627	K.EVSTHLPK.N	DECOY_CUFF.10488.2_3+	DECOY_CUFF.10488.1_3+	DECOY_AGAP008943-RA_2+
./crux_output/comet_9757_3_1	0.341779	0.681510	0.805627	K.CVFSIRFEVKSQ.X	DECOY_AGAP001098-RA_1+	DECOY_CUFF.2977.2_2+
./crux_output/comet_9115_3_1	0.327600	0.681510	0.805627	D.CSSCCCCSNGDSGR.D	DECOY_AGAP008438-RA_1+	DECOY_AGAP012637-RA_3+	DECOY_CUFF.13934.1_2+	DECOY_CUFF.13934.2_1+
./crux_output/comet_3952_3_2	0.326502	0.681510	0.805627	X.HLRYMEPGIGTNCR.K	DECOY_TCONS_00034607_3+
./crux_output/comet_9046_2_2	0.323826	0.681510	0.805627	R.SSASCITTT.X	DECOY_AGAP004192-RA_3+	DECOY_CUFF.6126.1_1+	DECOY_CUFF.6126.3_3+
./crux_output/comet_8991_2_1	0.322308	0.681510	0.805627	D.GDEARPGEGR.C	DECOY_AGAP006688-RA_1+
./crux_output/comet_9246_2_5	0.319941	0.681510	0.805627	R.LVYSTLAVDSA.V	DECOY_AGAP010819-PA	DECOY_AGAP010831-PA	DECOY_AGAP010832-PA	DECOY_AGAP010832-RA_1+	DECOY_AGAP010831-RA_3+	DECOY_AGAP010819-RA_1+
./crux_output/comet_888_3_5	0.319740	0.681510	0.805627	R.AWCCCCWT.V	DECOY_AGAP002287-RA_1+	DECOY_CUFF.4044.1_3+
./crux_output/comet_8840_2_1	0.318930	0.681510	0.805627	R.VTGDHSQTNTQW.G	DECOY_CUFF.7531.3_3+	DECOY_CUFF.7531.2_3+	DECOY_CUFF.7531.1_1+
./crux_output/comet_8979_3_2	0.293058	0.681510	0.805627	R.LSPPAAAAAGESASVASDA.G	DECOY_ACOM036475-PA
./crux_output/comet_7001_2_2	0.287597	0.681510	0.805627	S.LSVLSHGVDR.A	DECOY_AGAP000019-PA	DECOY_ACOM035905-PA	DECOY_AGAP000019-RA_1+	DECOY_CUFF.15782.1_3+
./crux_output/comet_6172_3_1	0.281227	0.681818	0.805627	R.LFASPSQKPMSP.T	DECOY_AGAP006935-RC_2+	DECOY_CUFF.2398.1_1+	DECOY_CUFF.2398.4_1+	DECOY_CUFF.2398.8_2+
./crux_output/comet_6630_2_2	0.280004	0.682785	0.805627	R.EFASSCQR.P	DECOY_CUFF.1633.1_1+	DECOY_CUFF.1633.2_1+	DECOY_CUFF.1633.3_1+
./crux_output/comet_5490_2_3	0.279441	0.683752	0.805627	P.AGAPVPAGPHR.S	DECOY_CUFF.16784.4_3+	DECOY_CUFF.16784.1_2+	DECOY_CUFF.16784.2_1+	DECOY_CUFF.16784.3_3+	DECOY_CUFF.16784.6_1+
./crux_output/comet_10373_2_2	0.276626	0.684720	0.805627	L.SWCFSAQSFIR.R	DECOY_ACOM022501-PA
./crux_output/comet_9352_3_3	0.276250	0.685687	0.805627	R.APISDFGCASVVYVGD.L	DECOY_AGAP002652-PA	DECOY_AGAP002652-PB	DECOY_ACOM036569-PA	DECOY_CUFF.4400.3_3+	DECOY_CUFF.4400.2_3+	DECOY_CUFF.4400.1_3+	DECOY_AGAP002652-RA_1+	DECOY_AGAP002652-RB_1+
./crux_output/comet_4595_3_1	0.275474	0.686654	0.805627	G.ANHPGAASREHR.S	DECOY_AGAP002091-RA_1+
./crux_output/comet_9082_3_1	0.274615	0.686957	0.805627	R.GAASHGSLEAETW.C	DECOY_CUFF.2902.1_3+	DECOY_AGAP007645-RA_3+
./crux_output/comet_9323_2_1	0.273747	0.687199	0.805627	R.MNLLYVF.C	DECOY_CUFF.1806.2_2+	DECOY_CUFF.1806.3_1+	DECOY_CUFF.1806.1_2+	DECOY_CUFF.1806.4_3+
./crux_output/comet_6394_2_3	0.273221	0.687199	0.805627	L.QYLQQQEK.K	DECOY_CUFF.9891.1_3+
./crux_output/comet_5878_2_1	0.272913	0.687199	0.805627	K.VPRRPVLC.V	DECOY_CUFF.6862.3_1+
./crux_output/comet_8733_2_4	0.268429	0.688162	0.805627	K.QPAANSSR.L	DECOY_CUFF.1324.1_3+	DECOY_CUFF.1324.3_3+	DECOY_CUFF.1324.2_2+	DECOY_CUFF.1324.5_3+	DECOY_CUFF.1324.4_2+
./crux_output/comet_4425_2_2	0.268388	0.688761	0.805627	P.CDHVVETR.L	DECOY_CUFF.4047.4_2+	DECOY_CUFF.4047.5_2+	DECOY_CUFF.4047.6_2+	DECOY_CUFF.4047.7_1+	DECOY_CUFF.4047.1_2+	DECOY_CUFF.4047.2_3+	DECOY_CUFF.4047.3_2+	DECOY_CUFF.4047.8_2+	DECOY_CUFF.4047.9_3+	DECOY_AGAP002262-RA_3+	DECOY_CUFF.4047.12_3+	DECOY_CUFF.4047.10_1+	DECOY_CUFF.4047.11_3+
./crux_output/comet_8183_2_3	0.267858	0.688761	0.805627	K.KSTEFDCK.K	DECOY_AGAP007314-RA_3+
./crux_output/comet_7690_2_4	0.264930	0.688926	0.805627	R.CEECACYT.L	DECOY_CUFF.11099.1_2+	DECOY_CUFF.11099.2_2+	DECOY_CUFF.11099.3_3+
./crux_output/comet_4486_2_2	0.263333	0.688926	0.805627	X.NTASAKPAAR.A	DECOY_AGAP013032-RA_3+	DECOY_CUFF.5636.1_2+	DECOY_CUFF.5636.3_2+	DECOY_CUFF.5636.2_2+
./crux_output/comet_6836_3_2	0.259965	0.688926	0.805627	R.YPFFHSQSFVITIA.G	DECOY_CUFF.1777.1_3+	DECOY_CUFF.1777.3_2+	DECOY_CUFF.1777.2_2+	DECOY_AGAP006219-RA_2+
./crux_output/comet_8988_3_3	0.257855	0.688926	0.805627	K.MLPSSIAEIENAPVG.I	DECOY_sp|P39958|GDI1_YEAST
./crux_output/comet_8321_3_1	0.255946	0.688926	0.805627	A.ASSILGSLESLK.L	DECOY_sp|P07257|QCR2_YEAST
./crux_output/comet_8474_3_1	0.254579	0.688926	0.805627	I.ASRFVSAMDVK.N	DECOY_TCONS_00009794_1+
./crux_output/comet_6245_3_1	0.253486	0.688926	0.805627	R.VSGWVTPAALDSSW.W	DECOY_CUFF.5550.2_1+	DECOY_CUFF.5550.3_1+	DECOY_CUFF.5550.1_2+
./crux_output/comet_8479_3_5	0.251405	0.688926	0.805627	R.LQVMFYSGGISGP.D	DECOY_AGAP003206-PA	DECOY_AGAP003206-PB	DECOY_AGAP003206-PC	DECOY_ACOM035685-PA	DECOY_CUFF.4942.8_3+	DECOY_CUFF.4942.9_2+	DECOY_CUFF.4942.1_1+	DECOY_CUFF.4942.2_2+	DECOY_CUFF.4942.3_1+	DECOY_CUFF.4942.4_3+	DECOY_CUFF.4942.5_3+	DECOY_CUFF.4942.6_1+	DECOY_CUFF.4942.7_1+	DECOY_CUFF.4942.10_1+	DECOY_AGAP003206-RA_1+	DECOY_AGAP003206-RB_1+
./crux_output/comet_6584_2_1	0.247320	0.688926	0.805627	R.GCGALSSAGTT.L	DECOY_AGAP028072-RA_2+	DECOY_CUFF.8067.4_1+	DECOY_CUFF.8067.1_2+
./crux_output/comet_7803_2_1	0.244977	0.688926	0.805627	L.AVPDAPPR.W	DECOY_AGAP002996-RD_2+	DECOY_AGAP002996-RA_3+	DECOY_AGAP002996-RC_2+	DECOY_AGAP002996-RB_1+	DECOY_CUFF.4699.7_1+	DECOY_CUFF.4699.2_3+	DECOY_CUFF.4699.1_2+
./crux_output/comet_884_2_2	0.242369	0.688926	0.805627	K.SPNQPMHMK.H	DECOY_CUFF.3035.8_2+	DECOY_CUFF.3035.9_2+	DECOY_CUFF.3035.6_3+	DECOY_CUFF.3035.7_3+	DECOY_CUFF.3035.4_2+	DECOY_CUFF.3035.5_3+	DECOY_CUFF.3035.2_3+	DECOY_CUFF.3035.3_1+	DECOY_CUFF.3035.1_3+	DECOY_CUFF.3035.10_3+	DECOY_AGAP001208-RC_3+
./crux_output/comet_8454_3_1	0.241360	0.688926	0.805627	K.DTGIAGCMVCIDQTLVFQ.E	DECOY_AGAP011192-PA	DECOY_AGAP011192-PB	DECOY_ACOM038203-PA	DECOY_CUFF.7935.2_1+	DECOY_CUFF.7935.1_1+
./crux_output/comet_8852_2_3	0.239645	0.688926	0.805627	R.NNATRLK.Q	DECOY_CUFF.4744.1_2+	DECOY_CUFF.4744.2_2+	DECOY_AGAP003090-RA_2+	DECOY_AGAP003090-RB_2+
./crux_output/comet_6302_3_3	0.239212	0.688926	0.805627	H.TTHDGVEEGKAPQR.M	DECOY_AGAP003111-PA	DECOY_ACOM035541-PA	DECOY_AGAP003111-RA_1+	DECOY_CUFF.4764.1_3+
./crux_output/comet_9754_2_1	0.233388	0.688926	0.805627	E.ATPDAPAPR.A	DECOY_CUFF.17170.1_2+	DECOY_AGAP000909-RA_2+
./crux_output/comet_5405_2_4	0.225347	0.688926	0.805627	K.NGCNGCSC.P	DECOY_AGAP006551-PA	DECOY_ACOM039502-PA	DECOY_AGAP006551-RA_3+
./crux_output/comet_8085_4_2	0.219717	0.688926	0.805627	E.DNTGEPLMEEDLEFMEFER.D	DECOY_AGAP006129-PA	DECOY_ACOM024631-PA	DECOY_CUFF.1674.1_3+
./crux_output/comet_6547_3_2	0.219696	0.688926	0.805627	K.STASAEKRMEK.L	DECOY_ACOM025386-PA
./crux_output/comet_8040_4_1	0.218179	0.688926	0.805627	R.FEGKYAREGGYAIIQ.H	DECOY_AGAP029747-PA	DECOY_AGAP011427-RA_1+	DECOY_CUFF.8303.12_2+
./crux_output/comet_8801_3_5	0.217064	0.688926	0.805627	K.INDDILSIDCEMR.S	DECOY_AGAP006623-PA	DECOY_ACOM039444-PA	DECOY_AGAP006623-RA_1+
./crux_output/comet_5452_2_4	0.216476	0.688926	0.805627	R.SVADWGWSVA.A	DECOY_CUFF.2879.5_3+	DECOY_CUFF.2879.1_3+	DECOY_CUFF.2879.2_3+	DECOY_AGAP007666-RA_2+	DECOY_CUFF.2879.4_3+
./crux_output/comet_7832_3_1	0.215546	0.688926	0.805627	K.DSGTVLAHKCKH.G	DECOY_AGAP004756-PA	DECOY_ACOM038434-PA	DECOY_AGAP004756-RA_1+	DECOY_CUFF.395.2_3+	DECOY_CUFF.395.1_2+
./crux_output/comet_10482_3_1	0.209011	0.688926	0.805627	D.TTGLILVCCEER.G	DECOY_sp|P22219|VPS15_YEAST
./crux_output/comet_7012_2_1	0.207030	0.688926	0.805627	K.RAFQALP.E	DECOY_sp|P40367|GPI7_YEAST
./crux_output/comet_10073_2_5	0.206196	0.688926	0.805627	A.GAAPEAAGDNAR.T	DECOY_AGAP007126-RA_3+
./crux_output/comet_9060_2_3	0.201432	0.688926	0.805627	R.KTKMEETENK.K	DECOY_CUFF.9527.3_1+
./crux_output/comet_7109_2_2	0.200040	0.688926	0.805627	R.HLDVGGDGYDNG.N	DECOY_AGAP010875-PA	DECOY_CUFF.7544.1_2+	DECOY_AGAP010875-RA_1+
./crux_output/comet_5170_2_1	0.195322	0.688926	0.805627	R.SAAAAPQAGEGAP.R	DECOY_AGAP013410-RA_3+	DECOY_CUFF.16475.1_3+
./crux_output/comet_8198_2_4	0.195047	0.688926	0.805627	K.QFFLCENL.F	DECOY_CUFF.3183.8_1+	DECOY_CUFF.3183.4_2+	DECOY_CUFF.3183.5_3+	DECOY_CUFF.3183.6_1+	DECOY_CUFF.3183.7_2+	DECOY_CUFF.3183.1_2+	DECOY_CUFF.3183.2_3+	DECOY_CUFF.3183.3_3+
./crux_output/comet_9555_2_1	0.186022	0.688926	0.805627	R.TISVHEEVILA.N	DECOY_sp|P53170|PDK2_YEAST
./crux_output/comet_4749_2_1	0.183193	0.688926	0.805627	S.PICVDAAFVR.M	DECOY_CUFF.17072.8_2+	DECOY_CUFF.17072.6_2+
./crux_output/comet_9946_2_1	0.182982	0.688926	0.805627	R.TDSPLPHCVCVS.R	DECOY_AGAP006936-RB_2+	DECOY_AGAP006936-RA_1+
./crux_output/comet_4148_3_1	0.175691	0.688926	0.805627	P.GEAGGDCGQGSGAEGR.V	DECOY_CUFF.10115.1_1+	DECOY_AGAP008604-RB_3+	DECOY_AGAP008604-RA_2+
./crux_output/comet_6531_2_1	0.173967	0.688926	0.805627	V.QGDDYGTQR.I	DECOY_AGAP013523-RA_3+
./crux_output/comet_8549_3_1	0.173342	0.688926	0.805627	E.TDNSLHQTCVAAK.R	DECOY_CUFF.417.1_1+
./crux_output/comet_8410_2_1	0.170081	0.688926	0.805627	R.EGNEEITLFCISS.G	DECOY_AGAP012092-RA_1+
./crux_output/comet_4459_3_1	0.168905	0.688926	0.805627	R.DAHVGAPAAQVRAHQQACGAT.E	DECOY_AGAP011892-RA_3+	DECOY_CUFF.8854.1_2+
./crux_output/comet_8857_3_4	0.167368	0.688926	0.805627	T.AGCVSGGGAVAGPAVSGR.Y	DECOY_AGAP003475-RA_2+	DECOY_AGAP003475-RB_3+
./crux_output/comet_5676_2_1	0.166283	0.688926	0.805627	E.VTTSLFNK.D	DECOY_sp|P16861|PFKA1_YEAST
./crux_output/comet_10481_3_1	0.165160	0.688926	0.805627	K.TQMPNCKGILQ.M	DECOY_CUFF.9706.1_2+
./crux_output/comet_6265_2_1	0.162518	0.688926	0.805627	E.YCLTDMDR.T	DECOY_sp|P26793|FEN1_YEAST
./crux_output/comet_9350_4_2	0.155675	0.688926	0.805627	K.ISSSAFNPVVIRLLEQMV.F	DECOY_AGAP005915-PA	DECOY_ACOM024951-PA	DECOY_CUFF.1490.1_3+	DECOY_AGAP005915-RA_1+
./crux_output/comet_5684_4_1	0.150898	0.688926	0.805627	K.CTFEFGARPFTIDDTTG.L	DECOY_CUFF.11547.2_3+	DECOY_CUFF.11547.1_3+
./crux_output/comet_9047_3_2	0.144277	0.688926	0.805627	N.TGLSHWTHLDR.M	DECOY_CUFF.4236.8_1+	DECOY_CUFF.4236.9_2+	DECOY_CUFF.4236.3_2+	DECOY_CUFF.4236.6_1+	DECOY_CUFF.4236.7_1+	DECOY_CUFF.4236.5_2+
./crux_output/comet_9452_2_4	0.139462	0.688926	0.805627	R.QSSPVHGCK.G	DECOY_CUFF.10886.1_2+	DECOY_AGAP009264-RB_2+	DECOY_AGAP009264-RA_2+
./crux_output/comet_5017_2_1	0.134981	0.688926	0.805627	X.TISGSNSNEGK.N	DECOY_CUFF.4910.1_2+
./crux_output/comet_7335_2_1	0.131343	0.688926	0.805627	K.LLRSLLQGQRPGFHSLFHT.H	DECOY_AGAP010490-PA	DECOY_AGAP010490-PB	DECOY_ACOM041679-PA	DECOY_CUFF.7056.3_2+	DECOY_CUFF.7056.2_2+	DECOY_CUFF.7056.1_2+	DECOY_AGAP010490-RA_1+	DECOY_AGAP010490-RB_1+
./crux_output/comet_6002_2_3	0.127655	0.688926	0.805627	R.GAGAGFGVSLHVG.G	DECOY_ACOM036683-PA
./crux_output/comet_10104_3_2	0.123303	0.688926	0.805627	R.QMNNEIFDVVQQQQL.L	DECOY_sp|Q05043|RSF1_YEAST
./crux_output/comet_8281_3_1	0.122438	0.688926	0.805627	V.YACMASGHAGTPVPR.E	DECOY_AGAP006645-RA_1+	DECOY_AGAP006645-RC_1+	DECOY_AGAP006645-RD_2+	DECOY_AGAP006645-RB_2+	DECOY_CUFF.2156.1_1+
./crux_output/comet_6009_3_1	0.117897	0.688926	0.805627	K.GCRVMWCMTPPSVNL.T	DECOY_AGAP003532-RA_1+
./crux_output/comet_7173_2_3	0.109998	0.688926	0.805627	K.FNFFLENGA.Y	DECOY_CUFF.9731.1_3+
./crux_output/comet_6782_4_4	0.108747	0.688926	0.805627	R.GMYGDPSDEDYSDDSDPSGR.D	DECOY_AGAP001265-PA	DECOY_CUFF.3052.1_1+	DECOY_AGAP001265-RA_1+
./crux_output/comet_7597_3_4	0.104315	0.688926	0.805627	P.AMTMMMTSVPLTVK.T	DECOY_CUFF.733.7_1+	DECOY_CUFF.733.10_2+	DECOY_CUFF.733.17_3+	DECOY_CUFF.733.19_1+	DECOY_CUFF.733.18_3+	DECOY_AGAP005039-RA_3+
./crux_output/comet_5640_2_2	0.094392	0.688926	0.805627	R.VGFGSVGFC.M	DECOY_CUFF.3820.1_2+	DECOY_AGAP002084-RA_1+	DECOY_AGAP002084-RB_1+
./crux_output/comet_10011_4_2	0.091273	0.688926	0.805627	V.IGHRSKCIPGIMDDDECICR.Q	DECOY_CUFF.4197.10_3+	DECOY_CUFF.4197.3_1+	DECOY_CUFF.4197.1_2+	DECOY_CUFF.4197.6_1+	DECOY_CUFF.4197.7_2+	DECOY_CUFF.4197.4_1+	DECOY_CUFF.4197.5_2+	DECOY_CUFF.4197.8_3+	DECOY_CUFF.4197.9_1+
./crux_output/comet_10574_3_1	0.082542	0.688926	0.805627	K.MEDVMGTDVSDPEV.E	DECOY_sp|P32317|AFG1_YEAST
./crux_output/comet_4722_2_2	0.082198	0.688926	0.805627	W.WQDAAAFIK.C	DECOY_AGAP012225-RA_3+	DECOY_CUFF.9139.1_2+
./crux_output/comet_8516_2_1	0.081973	0.688926	0.805627	R.ASCACVSAGDSPWT.T	DECOY_AGAP012261-RA_2+
./crux_output/comet_8903_2_1	0.081035	0.688926	0.805627	R.LSPCCTQTSTSRTM.H	DECOY_AGAP002137-RA_2+	DECOY_CUFF.3865.1_1+
./crux_output/comet_10528_2_1	0.080232	0.688926	0.805627	K.QEDNQQADQ.Q	DECOY_AGAP006669-RA_3+	DECOY_CUFF.2162.1_3+	DECOY_CUFF.2162.2_1+	DECOY_CUFF.2162.3_3+	DECOY_CUFF.2162.4_3+	DECOY_CUFF.2162.5_3+
./crux_output/comet_6520_2_1	0.072222	0.688926	0.805627	K.KDEDIFSIL.Y	DECOY_sp|P38931|SSN2_YEAST
./crux_output/comet_9531_2_1	0.071368	0.688926	0.805627	R.GDAAADDNEGEV.G	DECOY_AGAP005288-PA	DECOY_ACOM027816-PA	DECOY_CUFF.939.7_3+	DECOY_AGAP005288-RA_1+	DECOY_CUFF.939.9_1+	DECOY_CUFF.939.3_1+	DECOY_CUFF.939.2_3+
./crux_output/comet_5912_2_1	0.068859	0.688926	0.805627	K.HLDVGSEETNFE.L	DECOY_sp|P32794|AFG2_YEAST
./crux_output/comet_7995_2_5	0.067468	0.688926	0.805627	K.QFNKKNK.I	DECOY_CUFF.1049.1_2+
./crux_output/comet_8342_2_2	0.065880	0.688926	0.805627	X.CCLTWISCSTR.G	DECOY_TCONS_00022932_2+
./crux_output/comet_10357_2_2	0.064215	0.688926	0.805627	K.AGSTERLTR.F	DECOY_AGAP004497-RA_1+
./crux_output/comet_5229_2_2	0.064083	0.688926	0.805627	K.MGELSEPLGF.I	DECOY_TCONS_00022088_3+
./crux_output/comet_4219_3_5	0.055080	0.688926	0.805627	H.CQDETQATAHLDEK.V	DECOY_CUFF.4303.1_3+
./crux_output/comet_5128_2_4	0.052482	0.688926	0.805627	K.MVKGFER.I	DECOY_sp|P53741|BRE5_YEAST
./crux_output/comet_6617_3_1	0.048625	0.688926	0.805627	R.HLITDSTAGKGSW.T	DECOY_AGAP004095-RA_1+
./crux_output/comet_8366_3_1	0.048195	0.688926	0.805627	R.VCVCVCCVCRSAVC.A	DECOY_CUFF.15951.1_3+	DECOY_CUFF.15951.2_3+	DECOY_AGAP000112-RA_2+
./crux_output/comet_7070_3_2	0.042560	0.688926	0.805627	Q.LAVSECACVSLSR.R	DECOY_CUFF.8917.5_2+	DECOY_CUFF.8917.2_2+	DECOY_CUFF.8917.3_1+	DECOY_CUFF.8917.1_2+
./crux_output/comet_7740_2_5	0.035775	0.688926	0.805627	R.IFQQLPK.Y	DECOY_sp|Q04549|ARP10_YEAST
./crux_output/comet_6029_2_4	0.035428	0.688926	0.805627	V.INLYVFDNER.L	DECOY_CUFF.4258.2_3+	DECOY_CUFF.4258.1_2+	DECOY_AGAP002546-RA_1+
./crux_output/comet_9220_2_1	0.034917	0.688926	0.805627	R.QGDGAGPQDE.L	DECOY_AGAP000579-RA_3+
./crux_output/comet_7996_2_1	0.034492	0.688926	0.805627	A.FGANQIMK.C	DECOY_AGAP010488-PA	DECOY_ACOM041676-PA	DECOY_CUFF.7177.1_3+	DECOY_AGAP010488-RA_3+
./crux_output/comet_10585_4_1	0.030315	0.688926	0.805627	K.ASIGTGGGLGLGYNNNDFSS.A	DECOY_AGAP006381-PA	DECOY_ACOM039824-PA	DECOY_CUFF.1901.1_1+
./crux_output/comet_5314_2_3	0.023492	0.688926	0.805627	K.AIGFDILS.S	DECOY_AGAP002075-PA	DECOY_ACOM042280-PA	DECOY_AGAP002075-RA_1+	DECOY_CUFF.3785.1_3+
./crux_output/comet_5550_2_5	0.020079	0.688926	0.805627	R.KFVLLISR.Q	DECOY_CUFF.770.1_3+	DECOY_CUFF.770.6_3+
./crux_output/comet_7665_2_5	0.013713	0.688926	0.805627	S.AITEMGPK.L	DECOY_AGAP010490-PA	DECOY_AGAP010490-PB	DECOY_ACOM041679-PA	DECOY_CUFF.7056.3_2+	DECOY_CUFF.7056.2_2+	DECOY_CUFF.7056.1_2+	DECOY_AGAP010490-RA_1+	DECOY_AGAP010490-RB_1+
./crux_output/comet_4645_2_2	0.012184	0.688926	0.805627	A.RADDVIAAR.R	DECOY_CUFF.8384.4_1+	DECOY_CUFF.8384.1_3+	DECOY_CUFF.8384.2_1+	DECOY_CUFF.8384.3_3+	DECOY_AGAP011528-RA_3+
./crux_output/comet_6574_3_1	0.005672	0.688926	0.805627	V.STDISVAPSVGEK.R	DECOY_TCONS_00034694_1+
./crux_output/comet_4844_2_1	0.004553	0.688926	0.805627	K.AAPLFRGN.A	DECOY_TCONS_00034795_3+
./crux_output/comet_5723_2_1	0.003447	0.688926	0.805627	R.AAAREAGGPNAAAP.N	DECOY_CUFF.7806.1_3+
./crux_output/comet_7161_2_2	0.000207	0.688926	0.805627	T.EAGRGEAER.G	DECOY_AGAP012121-RA_3+
./crux_output/comet_8386_2_1	-0.001611	0.688926	0.805627	K.AFWGVKT.S	DECOY_AGAP013496-RA_2+
./crux_output/comet_4448_2_4	-0.003468	0.688926	0.805627	K.ECVSLCFC.M	DECOY_CUFF.5096.1_2+	DECOY_CUFF.5096.3_3+	DECOY_CUFF.5096.2_1+
./crux_output/comet_9497_3_1	-0.004974	0.688926	0.805627	K.ANTFHLSQSIYVT.M	DECOY_CUFF.12301.2_1+
./crux_output/comet_10153_2_1	-0.007202	0.688926	0.805627	K.GMDPFIE.S	DECOY_sp|Q00578|RAD25_YEAST
./crux_output/comet_7914_3_1	-0.007441	0.688926	0.805627	S.KSHRSTDSSSSK.R	DECOY_AGAP004984-PA	DECOY_AGAP004984-RA_2+
./crux_output/comet_9435_2_2	-0.010637	0.688926	0.805627	R.HLDVSVTSA.G	DECOY_CUFF.16021.4_3+	DECOY_CUFF.16021.5_3+	DECOY_AGAP000138-RB_3+	DECOY_AGAP000138-RA_3+	DECOY_CUFF.16021.10_2+	DECOY_CUFF.16021.8_3+	DECOY_CUFF.16021.9_1+	DECOY_CUFF.16021.1_1+	DECOY_CUFF.16021.2_1+	DECOY_CUFF.16021.3_1+
./crux_output/comet_7342_2_5	-0.015579	0.688926	0.805627	R.RAPVTKTK.R	DECOY_CUFF.9520.2_3+	DECOY_CUFF.9520.1_3+	DECOY_AGAP007867-RA_1+
./crux_output/comet_7283_2_4	-0.018866	0.688926	0.805627	R.EDDDDDDDDE.S	DECOY_sp|P31376|SWC3_YEAST
./crux_output/comet_7600_3_4	-0.025643	0.688926	0.805627	K.ATMSSFNNLEI.V	DECOY_sp|P04821|CDC25_YEAST
./crux_output/comet_8088_3_3	-0.035303	0.688926	0.805627	K.HNDYNHSMER.G	DECOY_CUFF.10018.6_1+	DECOY_CUFF.10018.4_3+	DECOY_CUFF.10018.5_2+	DECOY_CUFF.10018.2_2+	DECOY_CUFF.10018.3_2+
./crux_output/comet_6567_3_2	-0.040892	0.688926	0.805627	R.TPSIADRPSYQSI.I	DECOY_CUFF.5785.2_2+	DECOY_CUFF.5785.5_3+
./crux_output/comet_7820_2_4	-0.041366	0.688926	0.805627	K.QVTHGICAC.K	DECOY_AGAP009349-RA_3+	DECOY_CUFF.10958.1_1+
./crux_output/comet_6328_2_5	-0.047885	0.689337	0.805627	E.LDFLTYAAR.A	DECOY_CUFF.3871.2_3+	DECOY_CUFF.3871.1_2+
./crux_output/comet_5955_2_5	-0.048451	0.689337	0.805627	R.IGICSCSLYFCL.F	DECOY_AGAP010580-RA_2+	DECOY_CUFF.7134.1_3+
./crux_output/comet_10167_3_3	-0.048723	0.689337	0.805627	R.HVADARGSLESGDQ.R	DECOY_CUFF.7805.5_3+	DECOY_CUFF.7805.3_3+	DECOY_CUFF.7805.2_3+	DECOY_CUFF.7805.1_3+	DECOY_CUFF.7805.4_3+
./crux_output/comet_6279_3_1	-0.051126	0.689337	0.805627	R.FGRVCVGQHANQ.W	DECOY_CUFF.1506.1_2+	DECOY_AGAP005934-RA_2+
./crux_output/comet_8732_2_5	-0.053688	0.689337	0.805627	R.DKDSFRR.A	DECOY_AGAP012017-RA_2+
./crux_output/comet_8906_3_3	-0.061123	0.689337	0.805627	K.IMYTFDLEPVTDST.N	DECOY_ACOM023378-PA
./crux_output/comet_10541_4_1	-0.067368	0.689482	0.805627	D.TGAAEGAAGDDHLAATATDDK.A	DECOY_AGAP005919-PA	DECOY_AGAP005919-RA_1+
./crux_output/comet_7234_2_4	-0.068461	0.689482	0.805627	K.NTPEPPLA.R	DECOY_ACOM035867-PA
./crux_output/comet_9405_2_1	-0.069785	0.689482	0.805627	K.NMWCSQCDA.W	DECOY_AGAP008315-RA_3+
./crux_output/comet_8269_3_2	-0.071266	0.689482	0.805627	A.SHMDLSDSSSHASPLK.N	DECOY_AGAP002274-PA	DECOY_AGAP002274-PB	DECOY_AGAP002274-RA_1+	DECOY_AGAP002274-RB_2+	DECOY_CUFF.4117.19_1+	DECOY_CUFF.4117.14_3+	DECOY_CUFF.4117.12_3+	DECOY_CUFF.4117.16_2+
./crux_output/comet_4838_3_4	-0.075258	0.689482	0.805627	S.FSLQYDQLCK.L	DECOY_sp|Q04066|KFA_YEAST
./crux_output/comet_7845_2_1	-0.078589	0.690317	0.805627	K.QNNSKISEEGISKAD.W	DECOY_sp|P38748|ETP1_YEAST
./crux_output/comet_6907_2_1	-0.081466	0.691152	0.805627	K.RAFQALP.E	DECOY_sp|P40367|GPI7_YEAST
./crux_output/comet_6998_2_2	-0.081866	0.691667	0.805627	R.ASTIVAVSS.H	DECOY_AGAP003426-RA_3+	DECOY_AGAP010868-RA_3+	DECOY_AGAP007268-RA_3+	DECOY_AGAP004927-RA_3+	DECOY_AGAP006801-RA_3+
./crux_output/comet_9466_2_3	-0.082684	0.691667	0.805627	R.YSVTQMTGMTN.K	DECOY_CUFF.6207.1_3+
./crux_output/comet_4195_3_5	-0.093171	0.691860	0.860000	R.QEKEQTAHKK.I	DECOY_CUFF.3890.1_3+	DECOY_CUFF.3890.3_3+	DECOY_CUFF.3890.2_1+	DECOY_CUFF.3890.5_2+	DECOY_CUFF.3890.4_1+	DECOY_CUFF.3890.7_3+	DECOY_CUFF.3890.6_2+	DECOY_CUFF.3890.8_2+
./crux_output/comet_9673_3_2	-0.093534	0.691860	0.860000	H.RQGHLADPGGPLGLK.R	DECOY_CUFF.16619.1_3+	DECOY_AGAP000484-RA_3+
./crux_output/comet_8643_2_3	-0.099064	0.691860	0.860000	R.FGGELHNQ.S	DECOY_CUFF.3644.1_2+
./crux_output/comet_9230_2_2	-0.107033	0.692623	0.860000	K.WHLICRLT.H	DECOY_sp|P17065|SEC2_YEAST
./crux_output/comet_7562_2_4	-0.109370	0.692623	0.860000	R.LHLIVGHL.P	DECOY_CUFF.4048.2_3+	DECOY_AGAP013245-RA_2+
./crux_output/comet_10099_4_1	-0.110482	0.692623	0.860000	R.DEEEPEDEDGDLIDDDE.N	DECOY_sp|P53935|NST1_YEAST
./crux_output/comet_6426_2_3	-0.116334	0.692623	0.860000	R.ADARHAVR.L	DECOY_CUFF.5160.1_1+	DECOY_AGAP003506-RA_2+
./crux_output/comet_7080_4_5	-0.128440	0.692623	0.860000	T.CLIEFDQWTLEFWK.D	DECOY_CUFF.10439.1_2+
./crux_output/comet_9085_2_1	-0.128734	0.692623	0.860000	K.TATSASSNST.T	DECOY_AGAP011123-PA	DECOY_AGAP011123-PB	DECOY_ACOM023140-PA	DECOY_CUFF.7837.2_3+
./crux_output/comet_8393_2_1	-0.131786	0.692623	0.860000	X.ARAPCIK.S	DECOY_AGAP007105-RA_2+
./crux_output/comet_7199_2_1	-0.141368	0.692623	0.860000	R.EDRWCKTDNQSPRE.I	DECOY_AGAP005939-RA_3+
./crux_output/comet_8618_2_1	-0.144612	0.692623	0.860000	R.AMSASVSSSAT.V	DECOY_AGAP002741-RA_2+	DECOY_CUFF.4544.1_3+
./crux_output/comet_5018_2_3	-0.146457	0.692623	0.860000	R.VIDMYDNSG.R	DECOY_AGAP001507-PA	DECOY_ACOM034230-PA	DECOY_AGAP001507-RA_3+
./crux_output/comet_6490_3_1	-0.147166	0.692623	0.860000	K.SHSGMEHGAQYSHN.N	DECOY_AGAP011360-PA	DECOY_ACOM022778-PA	DECOY_AGAP011360-RB_3+	DECOY_AGAP011360-RA_2+	DECOY_CUFF.8208.5_2+	DECOY_CUFF.8208.4_2+	DECOY_CUFF.8208.6_3+	DECOY_CUFF.8208.1_2+	DECOY_CUFF.8208.3_2+	DECOY_CUFF.8208.2_2+
./crux_output/comet_4997_2_3	-0.150743	0.692623	0.860000	R.HADQLFA.A	DECOY_CUFF.4602.6_3+	DECOY_CUFF.4602.5_1+	DECOY_CUFF.4602.4_1+	DECOY_CUFF.4602.3_1+	DECOY_CUFF.4602.2_2+	DECOY_CUFF.4602.1_2+	DECOY_CUFF.4602.7_2+	DECOY_AGAP002886-RB_3+
./crux_output/comet_7113_2_4	-0.158018	0.693443	0.860000	N.TKSSSSCSSSK.S	DECOY_TCONS_00007490_1+
./crux_output/comet_8164_2_1	-0.160747	0.693944	0.860000	T.MGICETVVR.D	DECOY_AGAP008275-PA	DECOY_ACOM030218-PA	DECOY_AGAP008275-RA_1+
./crux_output/comet_7103_2_5	-0.161247	0.693944	0.860000	H.SLCFLTFEDNMDK.N	DECOY_AGAP000662-PA	DECOY_AGAP000662-PB	DECOY_AGAP000662-PC	DECOY_ACOM036244-PA	DECOY_AGAP000662-RB_2+	DECOY_AGAP000662-RA_1+	DECOY_AGAP000662-RC_1+	DECOY_CUFF.16667.4_3+	DECOY_CUFF.16667.6_2+	DECOY_CUFF.16667.7_1+	DECOY_CUFF.16667.2_3+
./crux_output/comet_8935_2_2	-0.165101	0.694763	0.860000	R.AMTSKTSR.Q	DECOY_AGAP002623-PA	DECOY_CUFF.4365.2_3+	DECOY_CUFF.4365.1_1+	DECOY_AGAP002623-RA_1+
./crux_output/comet_6229_2_1	-0.166112	0.695012	0.860000	T.ADDLAHDR.A	DECOY_AGAP009166-RA_3+	DECOY_CUFF.10780.2_3+	DECOY_CUFF.10780.1_1+
./crux_output/comet_8175_2_1	-0.171044	0.695370	0.860000	K.KSCTSSDLT.R	DECOY_TCONS_00013518_3+	DECOY_TCONS_00013519_2+
./crux_output/comet_5080_2_2	-0.176724	0.695370	0.860000	C.CDNAHDNSK.X	DECOY_CUFF.626.4_1+	DECOY_CUFF.626.1_3+	DECOY_CUFF.626.2_2+	DECOY_CUFF.626.3_1+
./crux_output/comet_10045_2_1	-0.178538	0.695370	0.860000	R.CVGKCFAFVDWV.C	DECOY_AGAP008080-RA_2+
./crux_output/comet_8191_3_5	-0.178964	0.695370	0.860000	K.LPLNANMTNCI.A	DECOY_AGAP001242-PA	DECOY_CUFF.3033.1_2+	DECOY_CUFF.3033.2_3+	DECOY_CUFF.3033.3_3+	DECOY_CUFF.3033.4_2+
./crux_output/comet_5822_3_1	-0.179347	0.695370	0.860000	Q.LFCVCEGLFR.X	DECOY_CUFF.10794.1_1+	DECOY_CUFF.10794.2_3+
./crux_output/comet_7468_2_3	-0.180719	0.695370	0.860000	K.KPPRPPIP.E	DECOY_AGAP007452-PB	DECOY_AGAP007452-PC	DECOY_ACOM025699-PA	DECOY_CUFF.2781.6_1+	DECOY_CUFF.2781.4_3+	DECOY_CUFF.2781.2_1+	DECOY_CUFF.2781.1_2+	DECOY_AGAP007452-RA_1+
./crux_output/comet_10591_2_3	-0.206911	0.696182	0.860000	K.TIHNIQP.P	DECOY_CUFF.450.1_3+	DECOY_CUFF.450.3_3+	DECOY_CUFF.450.2_3+	DECOY_CUFF.450.5_3+	DECOY_CUFF.450.4_3+	DECOY_CUFF.450.6_3+
./crux_output/comet_3986_3_1	-0.208522	0.696314	0.860000	P.HLREASCTSTTTSPR.C	DECOY_AGAP000051-RA_2+	DECOY_CUFF.15823.3_2+	DECOY_CUFF.15823.1_3+
./crux_output/comet_8955_2_2	-0.211015	0.696314	0.860000	R.DSTDELDQEEGAD.E	DECOY_ACOM023063-PA
./crux_output/comet_8138_2_1	-0.214266	0.696314	0.860000	R.APFTMDCYYCDFGI.A	DECOY_AGAP010981-PA	DECOY_CUFF.7698.2_1+	DECOY_CUFF.7698.5_2+	DECOY_CUFF.7698.4_1+	DECOY_CUFF.7698.3_3+	DECOY_CUFF.7698.1_1+
./crux_output/comet_5884_2_1	-0.214671	0.696314	0.860000	K.LINLSTLNT.I	DECOY_AGAP012442-PA	DECOY_AGAP012442-RA_1+
./crux_output/comet_7627_2_1	-0.217881	0.696314	0.860000	R.CDAPPFSAT.A	DECOY_CUFF.3755.1_3+	DECOY_AGAP002061-RA_2+
./crux_output/comet_7422_2_1	-0.220577	0.696314	0.860000	K.TESIYMIA.S	DECOY_AGAP000773-PA	DECOY_AGAP000773-PB	DECOY_ACOM042361-PA	DECOY_AGAP000773-RA_1+	DECOY_CUFF.16820.2_1+	DECOY_CUFF.16820.1_2+
./crux_output/comet_5785_2_3	-0.227599	0.696314	0.860000	K.QSNNETPLEI.A	DECOY_CUFF.3006.6_1+
./crux_output/comet_8126_3_4	-0.233697	0.696314	0.860000	D.NESDHDFKPTNPAKR.D	DECOY_AGAP006436-PA	DECOY_AGAP006436-PB	DECOY_ACOM043177-PA	DECOY_CUFF.1945.6_1+	DECOY_CUFF.1945.7_3+	DECOY_CUFF.1945.1_2+	DECOY_CUFF.1945.2_1+	DECOY_CUFF.1945.3_1+
./crux_output/comet_4385_2_1	-0.236063	0.696314	0.860000	R.SSVTNYSASV.S	DECOY_AGAP001854-RA_2+
./crux_output/comet_6970_2_2	-0.249684	0.696314	0.860000	R.AGCVAIAVW.L	DECOY_CUFF.16856.4_3+	DECOY_CUFF.16856.3_3+	DECOY_CUFF.16856.8_2+	DECOY_CUFF.16856.9_3+	DECOY_CUFF.16856.11_1+	DECOY_CUFF.16856.14_1+	DECOY_CUFF.16856.15_2+	DECOY_CUFF.16856.16_2+	DECOY_CUFF.16856.10_1+	DECOY_CUFF.16856.12_1+
./crux_output/comet_10520_3_1	-0.257260	0.696314	0.860000	T.CSCHSSTRNCQK.X	DECOY_CUFF.4454.4_2+	DECOY_CUFF.4454.6_2+	DECOY_CUFF.4454.1_3+	DECOY_CUFF.4454.2_1+	DECOY_CUFF.4454.3_3+
./crux_output/comet_6697_3_3	-0.264003	0.696314	0.860000	R.CRYGTNLNILVH.K	DECOY_AGAP007723-RA_1+	DECOY_CUFF.2965.3_1+	DECOY_CUFF.2965.2_3+	DECOY_CUFF.2965.1_1+	DECOY_CUFF.2965.5_1+	DECOY_CUFF.2965.4_1+
./crux_output/comet_10408_2_1	-0.272097	0.697115	0.860000	R.SYDMCAVCGGA.F	DECOY_AGAP010930-PA	DECOY_ACOM022815-PA	DECOY_AGAP010930-RA_1+
./crux_output/comet_8372_2_3	-0.275896	0.697917	0.860000	K.EDSSFINNMSIT.E	DECOY_sp|Q04370|PEX12_YEAST
./crux_output/comet_4366_3_3	-0.280737	0.698159	0.860000	A.TSVMSTMMQPVASAPGNHGGK.A	DECOY_ACOM022873-PA
./crux_output/comet_8145_2_1	-0.283539	0.698959	0.887097	R.CCSTTTSGSSRCG.C	DECOY_CUFF.15931.12_2+	DECOY_CUFF.15931.11_2+	DECOY_CUFF.15931.13_2+	DECOY_CUFF.15931.10_2+	DECOY_CUFF.15931.15_2+	DECOY_CUFF.15931.9_2+	DECOY_CUFF.15931.8_2+	DECOY_CUFF.15931.7_2+	DECOY_CUFF.15931.6_2+	DECOY_CUFF.15931.5_2+	DECOY_CUFF.15931.4_3+	DECOY_CUFF.15931.3_1+	DECOY_CUFF.15931.1_2+	DECOY_AGAP000054-RA_2+	DECOY_CUFF.15931.2_2+
./crux_output/comet_7853_2_2	-0.284585	0.699760	0.887097	K.EDDDDDDSGE.F	DECOY_sp|Q05468|RQC1_YEAST
./crux_output/comet_5756_3_1	-0.285990	0.699841	0.887097	R.GGTAGARASCQGDA.D	DECOY_AGAP000041-RA_3+
./crux_output/comet_6212_2_1	-0.288572	0.699841	0.887097	E.YCLTDMDR.T	DECOY_sp|P26793|FEN1_YEAST
./crux_output/comet_7822_4_2	-0.293266	0.699841	0.887097	K.ILNSAVCAVCSSSMESSSTHRSSSPVTHD.I	DECOY_CUFF.2363.1_2+
./crux_output/comet_8101_2_1	-0.303379	0.699841	0.887097	K.QFNKKNK.I	DECOY_CUFF.1049.1_2+
./crux_output/comet_6796_2_1	-0.309280	0.699841	0.887097	Y.AHKNEIK.T	DECOY_CUFF.1718.1_3+	DECOY_CUFF.1718.2_1+	DECOY_CUFF.761.1_3+	DECOY_AGAP006139-RB_2+	DECOY_AGAP006139-RA_2+
./crux_output/comet_7863_3_5	-0.311507	0.700637	0.887097	K.NSAGAPLTMSFTVGP.V	DECOY_AGAP010174-PA	DECOY_ACOM022514-PA	DECOY_AGAP010174-RA_1+
./crux_output/comet_9141_2_1	-0.312292	0.701433	0.887097	R.GESYEEEDFEDE.L	DECOY_sp|Q12161|PSH1_YEAST
./crux_output/comet_5842_3_1	-0.313901	0.701908	0.887097	R.SHSAASTSGGTGAAT.P	DECOY_AGAP002929-RA_2+
./crux_output/comet_6198_2_3	-0.314305	0.701908	0.887097	R.QWLMSHPDC.G	DECOY_AGAP001362-RA_3+	DECOY_CUFF.3123.1_3+
./crux_output/comet_9327_2_2	-0.320485	0.702703	0.887097	R.KPQQCWV.F	DECOY_AGAP009601-RA_3+	DECOY_CUFF.11232.2_1+	DECOY_CUFF.11232.1_1+
./crux_output/comet_7546_2_1	-0.322730	0.703498	0.887097	R.RSNFTLS.A	DECOY_CUFF.16538.2_3+	DECOY_CUFF.16538.1_3+	DECOY_AGAP000629-RA_2+
./crux_output/comet_9780_2_1	-0.323328	0.703733	0.887097	R.NQNPSAMSPISENP.S	DECOY_CUFF.10580.2_2+	DECOY_CUFF.10580.3_2+	DECOY_CUFF.10580.1_2+
./crux_output/comet_10058_3_5	-0.325355	0.704527	0.887097	D.EAAHVAGEAAASREPER.E	DECOY_AGAP001804-RA_3+
./crux_output/comet_7589_2_2	-0.329819	0.705322	0.887097	S.APVLVVLLR.L	DECOY_ACOM027170-PA
./crux_output/comet_4335_3_1	-0.334690	0.706116	0.887097	E.VPAARGAQGAGAAGR.G	DECOY_AGAP000534-RB_2+	DECOY_AGAP000534-RA_2+	DECOY_CUFF.16908.2_2+	DECOY_CUFF.16908.3_2+	DECOY_CUFF.16908.1_2+	DECOY_CUFF.16908.6_2+	DECOY_CUFF.16908.7_2+
./crux_output/comet_4687_3_1	-0.336607	0.706910	0.887097	A.TPESCYISNK.A	DECOY_AGAP013145-RC_3+	DECOY_AGAP013145-RA_2+	DECOY_AGAP013145-RB_2+	DECOY_CUFF.3512.7_3+	DECOY_CUFF.3512.4_2+	DECOY_CUFF.3512.5_3+	DECOY_CUFF.3512.2_3+	DECOY_CUFF.3512.3_2+	DECOY_CUFF.3512.1_3+	DECOY_TCONS_00033814_1+
./crux_output/comet_9952_2_1	-0.337891	0.707143	0.887097	R.DPDDGDGL.A	DECOY_CUFF.1564.1_3+	DECOY_AGAP006016-RA_3+
./crux_output/comet_9900_3_2	-0.341811	0.707937	0.887097	K.AEKYLVTLMQSDYNQ.P	DECOY_AGAP009304-RA_3+
./crux_output/comet_6264_2_2	-0.342724	0.708168	0.887097	L.GAHISNGDYAR.X	DECOY_AGAP000017-RA_3+
./crux_output/comet_9790_2_4	-0.346801	0.708399	0.887097	R.NVTFGFTPQTW.K	DECOY_gi|114721|sp|P02701|AVID_CHICK
./crux_output/comet_7347_2_2	-0.355277	0.708630	0.887097	R.AGAPAAYLTV.G	DECOY_AGAP007505-RA_3+	DECOY_CUFF.2768.1_1+	DECOY_CUFF.2768.2_3+
./crux_output/comet_10358_3_1	-0.360246	0.709422	0.887097	T.THRSSTCVSSRPR.W	DECOY_AGAP001899-RA_2+
./crux_output/comet_9309_3_2	-0.364225	0.710214	0.887097	S.KNTNSYESDSDSGSSR.K	DECOY_sp|P38700|APM2_YEAST
./crux_output/comet_10509_3_3	-0.365360	0.711006	0.887097	K.GNALTAVATLQDAGDEGGGGT.A	DECOY_AGAP029504-PA	DECOY_AGAP029504-PB	DECOY_CUFF.2635.6_2+	DECOY_CUFF.2635.8_3+	DECOY_AGAP007185-RA_1+	DECOY_CUFF.2635.12_2+
./crux_output/comet_9482_3_1	-0.366284	0.711111	0.887097	K.NYCSACCYCCST.P	DECOY_AGAP029269-PA	DECOY_TCONS_00021049_3+	DECOY_TCONS_00021048_3+
./crux_output/comet_9125_2_4	-0.367624	0.711111	0.887097	R.RDTGDGSGAPGDQDVAD.L	DECOY_CUFF.9953.4_1+	DECOY_CUFF.9953.1_1+	DECOY_CUFF.9953.3_2+	DECOY_CUFF.9953.2_3+	DECOY_AGAP008400-RA_3+
./crux_output/comet_8280_2_1	-0.372518	0.711111	0.887097	R.TCVIRIM.L	DECOY_CUFF.16631.5_2+	DECOY_CUFF.16631.4_3+	DECOY_CUFF.16631.7_3+	DECOY_CUFF.16631.6_3+	DECOY_CUFF.16631.3_3+	DECOY_CUFF.16631.9_1+	DECOY_CUFF.16631.8_1+	DECOY_CUFF.16631.10_2+
./crux_output/comet_10149_3_3	-0.378307	0.711111	0.887097	V.NGAAHFVSVAAR.G	DECOY_AGAP002242-RA_3+
./crux_output/comet_7461_4_2	-0.380814	0.711111	0.887097	R.KQVIHQFLEAYIHKALADI.N	DECOY_AGAP006479-PA	DECOY_ACOM039653-PA	DECOY_CUFF.1981.4_2+	DECOY_CUFF.1981.1_2+	DECOY_CUFF.1981.3_1+	DECOY_CUFF.1981.2_1+	DECOY_AGAP006479-RA_1+
./crux_output/comet_8958_2_1	-0.384674	0.711111	0.887097	K.SALDMFSLL.E	DECOY_AGAP013454-PA	DECOY_ACOM034728-PA	DECOY_CUFF.5561.7_1+	DECOY_AGAP013454-RA_1+
./crux_output/comet_5062_2_1	-0.384939	0.711111	0.887097	R.VIDMYDNSG.R	DECOY_AGAP001507-PA	DECOY_ACOM034230-PA	DECOY_AGAP001507-RA_3+
./crux_output/comet_4229_3_1	-0.394713	0.711111	0.887097	R.HGKPGGDHVNRE.Q	DECOY_CUFF.4385.1_2+	DECOY_AGAP002539-RB_3+	DECOY_AGAP002539-RA_3+
./crux_output/comet_6046_2_1	-0.398263	0.711111	0.887097	K.CSVPSKPWSQW.P	DECOY_CUFF.15883.5_3+
./crux_output/comet_894_2_2	-0.403014	0.711111	0.887097	R.NKSVYTGK.S	DECOY_AGAP006766-RA_2+	DECOY_CUFF.2207.2_1+
./crux_output/comet_9151_4_2	-0.404714	0.711111	0.887097	R.SSCITTSNSSCCSSSPCCSPVSRNSSS.T	DECOY_AGAP007316-RA_2+	DECOY_CUFF.2626.3_3+	DECOY_CUFF.2626.2_3+	DECOY_CUFF.2626.1_2+
./crux_output/comet_6511_3_3	-0.405562	0.711111	0.887097	R.RNPTHAHTDDGAS.R	DECOY_CUFF.1028.1_1+
./crux_output/comet_8047_2_1	-0.415897	0.711111	0.887097	K.QFNKKNK.I	DECOY_CUFF.1049.1_2+
./crux_output/comet_7999_3_1	-0.422648	0.711111	0.887097	X.NACSSECMHEC.-	DECOY_AGAP012540-RA_1+
./crux_output/comet_7875_2_5	-0.429026	0.711111	0.887097	R.ISSAVMSSSLIMP.R	DECOY_CUFF.15967.1_1+
./crux_output/comet_5461_2_1	-0.429165	0.711111	0.887097	R.VAGGNGVECSV.P	DECOY_CUFF.9604.3_1+
./crux_output/comet_10105_3_2	-0.444769	0.711111	0.887097	R.VPPVGACGARSQASTL.R	DECOY_AGAP002877-RA_3+
./crux_output/comet_10651_2_2	-0.446561	0.711111	0.887097	T.NHCCETTR.T	DECOY_AGAP010313-RA_3+	DECOY_CUFF.7028.1_2+	DECOY_CUFF.7028.2_3+	DECOY_CUFF.7028.3_3+
./crux_output/comet_5800_3_1	-0.449681	0.711111	0.887097	R.VPSWTSGRGVGW.R	DECOY_CUFF.2928.7_3+	DECOY_CUFF.2928.5_2+	DECOY_CUFF.2928.2_1+	DECOY_CUFF.2928.1_1+	DECOY_CUFF.2928.10_1+	DECOY_CUFF.2928.11_2+	DECOY_CUFF.2928.12_2+
./crux_output/comet_7734_2_1	-0.456281	0.711111	0.887097	T.GFCMITCSSR.A	DECOY_AGAP008035-RA_2+
./crux_output/comet_4160_3_1	-0.460704	0.711111	0.887097	R.QTPVLNIEQVS.P	DECOY_TCONS_00023791_1+
./crux_output/comet_7955_3_1	-0.462597	0.711111	0.887097	R.AFLAPHLANGDDA.I	DECOY_AGAP009550-RA_3+
./crux_output/comet_10251_3_1	-0.464841	0.711111	0.887097	A.AAEAAAKGGQHVCGK.D	DECOY_AGAP009432-RA_3+
./crux_output/comet_7974_2_5	-0.484116	0.711111	0.887097	K.KFELENK.H	DECOY_sp|P13259|PCY1_YEAST	DECOY_TCONS_00032806_3+
./crux_output/comet_4508_3_2	-0.485301	0.711111	0.887097	V.DPDRREDLER.R	DECOY_AGAP006766-RA_3+	DECOY_CUFF.2207.2_2+
./crux_output/comet_7793_2_5	-0.488599	0.711111	0.887097	R.ERHVTREK.K	DECOY_AGAP010396-PA	DECOY_AGAP010396-RA_3+
./crux_output/comet_5351_3_2	-0.503456	0.711111	0.887097	T.LFISSTSATDR.S	DECOY_CUFF.3850.1_1+	DECOY_AGAP013535-RA_3+	DECOY_CUFF.3850.2_3+
./crux_output/comet_7054_3_2	-0.505913	0.711111	0.887097	K.EANLPTAVAISCG.V	DECOY_AGAP007888-PA	DECOY_AGAP007888-PB	DECOY_AGAP007888-RA_1+	DECOY_CUFF.9887.3_2+	DECOY_CUFF.9887.2_2+	DECOY_CUFF.9887.1_2+
./crux_output/comet_7415_2_1	-0.506921	0.711111	0.887097	R.GSPQLDSDPVAPEG.A	DECOY_CUFF.1137.6_2+	DECOY_CUFF.1137.5_3+	DECOY_CUFF.1137.4_1+	DECOY_CUFF.1137.3_1+	DECOY_CUFF.1137.2_1+	DECOY_CUFF.1137.1_1+	DECOY_AGAP005536-RA_3+
./crux_output/comet_8755_2_1	-0.511369	0.711111	0.887097	R.AAGDVATPPGAN.H	DECOY_CUFF.17548.2_3+	DECOY_AGAP000996-RA_3+
./crux_output/comet_6324_2_2	-0.514304	0.711111	0.887097	K.ESLADVAIDA.D	DECOY_AGAP001468-PA	DECOY_ACOM034182-PA	DECOY_CUFF.3214.2_2+	DECOY_CUFF.3214.1_2+	DECOY_AGAP001468-RA_1+
./crux_output/comet_8230_3_1	-0.537995	0.711111	0.887097	R.VPPSQNKSCVW.S	DECOY_CUFF.16909.2_2+
./crux_output/comet_5445_3_4	-0.542244	0.711111	0.887097	R.TTYTKAYSIVYD.P	DECOY_TCONS_00031127_3+
./crux_output/comet_7440_2_5	-0.548934	0.711111	0.887097	R.CTERSRAFA.S	DECOY_AGAP008738-RA_3+
./crux_output/comet_9590_2_4	-0.554203	0.711111	0.887097	K.AFVGDNEII.L	DECOY_sp|P39535|PHO90_YEAST
./crux_output/comet_5355_2_1	-0.556251	0.711111	0.887097	D.AEEDDDND.-	DECOY_AGAP011757-PA
./crux_output/comet_8043_3_5	-0.580547	0.711111	0.887097	R.RLEADGTDALLD.A	DECOY_AGAP011930-RA_3+
./crux_output/comet_8571_2_1	-0.585370	0.711111	0.887097	N.FILATLK.A	DECOY_sp|Q08446|SGT1_YEAST	DECOY_AGAP010191-RA_2+
./crux_output/comet_7713_2_3	-0.588209	0.711111	0.887097	R.AGEVLAQQE.Y	DECOY_AGAP010135-RA_3+	DECOY_CUFF.11941.2_3+	DECOY_CUFF.11941.1_2+
./crux_output/comet_8936_2_1	-0.625094	0.711111	0.887097	R.TTTDCFARWSSV.C	DECOY_AGAP009074-RA_2+	DECOY_CUFF.10732.5_1+	DECOY_CUFF.10732.4_1+	DECOY_CUFF.10732.7_1+	DECOY_CUFF.10732.6_1+	DECOY_CUFF.10732.3_1+	DECOY_CUFF.10732.8_1+	DECOY_CUFF.10732.2_2+	DECOY_CUFF.10732.1_2+
./crux_output/comet_9919_2_3	-0.627839	0.711111	0.887097	K.DVNTIRR.S	DECOY_CUFF.1869.4_2+	DECOY_CUFF.1869.3_3+	DECOY_CUFF.1869.2_1+	DECOY_CUFF.1869.1_1+
./crux_output/comet_3918_3_1	-0.634939	0.711111	0.887097	K.TTTTRRFTMMWSNA.Q	DECOY_AGAP005482-RA_2+
./crux_output/comet_5688_2_1	-0.641245	0.711111	0.887097	X.QVFIKIVK.K	DECOY_CUFF.4658.4_2+	DECOY_CUFF.4658.5_1+	DECOY_CUFF.4658.2_1+	DECOY_CUFF.4658.1_3+
./crux_output/comet_5572_2_1	-0.643932	0.711111	0.887097	K.VSNFTSIG.C	DECOY_CUFF.9413.4_1+	DECOY_CUFF.9413.1_1+
./crux_output/comet_5189_2_1	-0.654631	0.711111	0.887097	P.HFDTADR.Y	DECOY_CUFF.2358.1_3+	DECOY_AGAP006909-RA_2+
./crux_output/comet_10583_3_5	-0.667206	0.711111	0.887097	R.EDCEEDDQDSEEGNK.S	DECOY_sp|Q03210|NGL3_YEAST
./crux_output/comet_9704_3_2	-0.669715	0.711111	0.887097	R.ECQWCCCCHCVK.X	DECOY_CUFF.9937.1_3+
./crux_output/comet_8644_2_1	-0.674321	0.711111	0.887097	N.SGSYGQSR.E	DECOY_AGAP004739-RA_3+
./crux_output/comet_9442_3_2	-0.704606	0.711111	0.887097	T.TTPHTHTHTYTHR.T	DECOY_CUFF.17522.1_2+
./crux_output/comet_7775_3_5	-0.726099	0.711111	0.887097	S.KRGPTNSFDER.Q	DECOY_AGAP012375-PA
./crux_output/comet_8690_2_1	-0.728812	0.711111	0.887097	R.YLAGDAGADAA.P	DECOY_AGAP009000-RA_3+	DECOY_CUFF.10552.1_2+
./crux_output/comet_10635_2_1	-0.747333	0.711111	0.887097	D.LGCVCVCDDDDDDDK.K	DECOY_CUFF.7873.2_1+
./crux_output/comet_6985_2_1	-0.749529	0.711111	0.887097	N.KFLMNNSTNR.I	DECOY_CUFF.5376.4_1+	DECOY_CUFF.5376.1_1+
./crux_output/comet_7513_2_2	-0.752424	0.711111	0.887097	K.KPPRPPIP.E	DECOY_AGAP007452-PB	DECOY_AGAP007452-PC	DECOY_ACOM025699-PA	DECOY_CUFF.2781.6_1+	DECOY_CUFF.2781.4_3+	DECOY_CUFF.2781.2_1+	DECOY_CUFF.2781.1_2+	DECOY_AGAP007452-RA_1+
./crux_output/comet_5060_2_4	-0.758562	0.711111	0.887097	X.TISGSNSNEGK.N	DECOY_CUFF.4910.1_2+
./crux_output/comet_8300_2_1	-0.771005	0.711111	0.887097	-.AFVANEVDA.S	DECOY_TCONS_00033792_3+
./crux_output/comet_7453_2_1	-0.775238	0.711111	0.887097	A.AGGLTTARTR.A	DECOY_CUFF.4452.1_2+	DECOY_AGAP002758-RA_2+
./crux_output/comet_4942_2_2	-0.785888	0.711111	0.887097	R.AGGGGVWCECP.S	DECOY_TCONS_00014673_3+
./crux_output/comet_10046_3_1	-0.815947	0.711111	0.887097	A.GGAASVSKVCLGER.N	DECOY_AGAP013392-RA_2+	DECOY_CUFF.16162.2_2+	DECOY_CUFF.16162.3_1+	DECOY_CUFF.16162.1_1+
./crux_output/comet_6514_2_3	-0.820784	0.711111	0.887097	R.SPTHLAVW.T	DECOY_CUFF.8685.1_3+
./crux_output/comet_5178_2_1	-0.837595	0.711111	0.887097	R.ACAFVSVV.K	DECOY_CUFF.11522.4_2+	DECOY_CUFF.11522.3_2+	DECOY_CUFF.11522.1_2+
./crux_output/comet_9308_2_1	-0.843368	0.711111	0.887097	T.AAVKNWR.C	DECOY_sp|P40510|SER33_YEAST	DECOY_sp|P40054|SERA_YEAST
./crux_output/comet_8948_3_2	-0.861002	0.711538	0.887097	R.DCAECCPDQVAT.E	DECOY_sp|P23493|MBR1_YEAST
./crux_output/comet_8285_2_1	-0.865291	0.711538	0.887097	S.VQFEESER.D	DECOY_AGAP008935-PA	DECOY_ACOM040639-PA	DECOY_CUFF.10487.1_3+	DECOY_AGAP008935-RA_1+
./crux_output/comet_5132_2_1	-0.872141	0.711752	0.887097	K.QYNRDTPST.A	DECOY_CUFF.10332.1_3+	DECOY_AGAP008818-RA_3+
./crux_output/comet_5987_2_1	-0.877699	0.712491	0.887097	A.HPLTVTHNK.E	DECOY_CUFF.5955.3_2+
./crux_output/comet_7395_2_2	-0.893441	0.713133	0.887097	Q.VTSVSTENGK.Y	DECOY_sp|P47025|MDV1_YEAST
./crux_output/comet_8509_2_2	-0.894154	0.713133	0.887097	K.EFAHHEQT.R	DECOY_CUFF.6908.13_2+	DECOY_CUFF.6908.10_3+	DECOY_CUFF.6908.11_2+	DECOY_CUFF.6908.16_1+	DECOY_CUFF.6908.17_1+	DECOY_CUFF.6908.18_2+	DECOY_CUFF.6908.21_2+	DECOY_CUFF.6908.1_3+	DECOY_CUFF.6908.2_2+	DECOY_CUFF.6908.7_1+	DECOY_CUFF.6908.8_1+	DECOY_CUFF.6908.24_2+
./crux_output/comet_7492_2_1	-0.899579	0.713133	0.887097	X.YWGGAATAGSR.M	DECOY_CUFF.12098.1_2+	DECOY_CUFF.12098.2_3+	DECOY_CUFF.12098.3_3+	DECOY_AGAP010164-RB_2+
./crux_output/comet_8920_2_3	-0.905527	0.713133	0.887097	R.LWQLVW.S	DECOY_AGAP011333-RB_2+	DECOY_AGAP011333-RA_2+	DECOY_CUFF.8586.8_1+	DECOY_CUFF.8586.9_1+	DECOY_CUFF.8586.1_2+	DECOY_CUFF.8586.2_1+	DECOY_CUFF.8586.3_3+	DECOY_CUFF.8586.4_3+	DECOY_CUFF.8586.6_2+	DECOY_CUFF.8586.7_2+	DECOY_CUFF.8586.12_3+	DECOY_CUFF.8586.13_3+	DECOY_CUFF.8586.10_1+	DECOY_CUFF.8586.11_1+	DECOY_CUFF.8586.5_3+
./crux_output/comet_7516_2_1	-0.909237	0.713133	0.887097	R.ASSSASALI.X	DECOY_AGAP010997-RA_2+
./crux_output/comet_6858_2_2	-0.912422	0.713133	0.887097	R.CCHSSC.G	DECOY_CUFF.3414.1_3+
./crux_output/comet_9313_3_1	-0.942734	0.713133	0.887097	-.LMEFDEEDEDLSSMD.T	DECOY_sp|P32944|SWE1_YEAST
./crux_output/comet_10436_2_4	-0.955459	0.713133	0.887097	R.CAVFRSIIV.L	DECOY_CUFF.3009.9_1+	DECOY_CUFF.3009.8_1+	DECOY_CUFF.3009.1_2+	DECOY_CUFF.3009.7_1+	DECOY_CUFF.3009.4_2+	DECOY_CUFF.3009.11_1+	DECOY_CUFF.3009.10_1+
./crux_output/comet_6271_2_2	-0.974040	0.713553	0.887097	R.QGEDGDGEAGAAN.H	DECOY_AGAP000553-RA_2+	DECOY_CUFF.16445.3_3+	DECOY_CUFF.16445.1_1+
./crux_output/comet_6656_2_2	-0.976626	0.713553	0.887097	R.QGAARVAHG.V	DECOY_AGAP002869-RA_1+	DECOY_CUFF.4781.1_1+
./crux_output/comet_9577_3_1	-0.986796	0.713557	0.887097	R.GCCCCHDNGAGAQP.G	DECOY_CUFF.11509.8_1+	DECOY_CUFF.11509.2_1+	DECOY_CUFF.11509.6_2+	DECOY_CUFF.11509.4_2+	DECOY_CUFF.11509.5_2+	DECOY_CUFF.11509.3_1+	DECOY_CUFF.11509.1_3+	DECOY_CUFF.11509.7_1+	DECOY_CUFF.11509.11_2+
./crux_output/comet_8726_2_3	-0.986857	0.713557	0.887097	R.NLTNSVREI.T	DECOY_AGAP005376-RA_1+	DECOY_CUFF.989.4_3+
./crux_output/comet_9485_2_1	-0.989847	0.713557	0.887097	R.ARLPVPVHG.R	DECOY_CUFF.7837.1_3+	DECOY_CUFF.7837.2_2+	DECOY_AGAP011123-RA_1+
./crux_output/comet_7127_2_1	-1.075299	0.713557	0.887097	R.FFEQQF.N	DECOY_CUFF.17231.2_2+	DECOY_CUFF.17231.3_3+	DECOY_TCONS_00022149_1+	DECOY_CUFF.17231.5_1+	DECOY_CUFF.17231.1_3+
./crux_output/comet_4754_3_5	-1.076373	0.713557	0.887097	S.ATTFQAVSSSSSK.K	DECOY_CUFF.939.2_3+	DECOY_CUFF.939.1_3+
./crux_output/comet_6570_3_3	-1.111113	0.714286	0.887097	R.QGGLVGVARGCVQ.R	DECOY_CUFF.8106.1_1+	DECOY_CUFF.8106.2_3+	DECOY_AGAP011336-RA_3+
./crux_output/comet_6082_3_2	-1.113701	0.714494	0.887097	Q.EMRMTAPDIPK.V	DECOY_AGAP009917-PA	DECOY_ACOM029263-PA	DECOY_CUFF.11720.1_1+	DECOY_AGAP009917-RA_1+
./crux_output/comet_8876_3_1	-1.138588	0.715011	1.000000	G.ACDEEWWGCGR.C	DECOY_TCONS_00039546_1+
./crux_output/comet_5737_2_1	-1.140352	0.715011	1.000000	S.QGTSICNK.A	DECOY_CUFF.1093.2_2+	DECOY_CUFF.1093.3_3+
./crux_output/comet_9099_2_4	-1.164072	0.715011	1.000000	R.ADDTGTVLQ.F	DECOY_AGAP011162-PA	DECOY_AGAP011162-PB	DECOY_ACOM031460-PA	DECOY_CUFF.7981.3_2+	DECOY_CUFF.7981.6_1+	DECOY_CUFF.7981.4_1+	DECOY_CUFF.7981.5_3+	DECOY_AGAP011162-RA_1+
./crux_output/comet_6860_2_1	-1.232147	0.715011	1.000000	R.QNAVIKCVVS.V	DECOY_CUFF.9014.3_2+	DECOY_CUFF.9014.2_2+	DECOY_CUFF.9014.1_1+	DECOY_CUFF.9014.4_2+
./crux_output/comet_6776_4_3	-1.234917	0.715011	1.000000	K.KEIEGGIITSKLQEF.N	DECOY_CUFF.9617.2_1+
./crux_output/comet_6439_2_1	-1.325841	0.715424	1.000000	R.QQGTYDVCW.I	DECOY_AGAP011211-RA_3+
./crux_output/comet_5194_2_1	-1.332531	0.715424	1.000000	R.ALVIGLAF.L	DECOY_AGAP001723-PA	DECOY_ACOM034555-PA	DECOY_AGAP001723-RA_1+
./crux_output/comet_9479_3_1	-1.395221	0.716040	1.000000	R.GDCAQHCETCGVC.T	DECOY_CUFF.10086.1_1+
./crux_output/comet_9993_2_1	-1.395548	0.716040	1.000000	K.RQGTASQGIL.P	DECOY_CUFF.3021.1_1+	DECOY_CUFF.3021.3_1+	DECOY_CUFF.3021.2_1+	DECOY_AGAP001194-RA_3+
./crux_output/comet_4960_3_4	-1.402115	0.716040	1.000000	R.DGADAARLVEADV.E	DECOY_CUFF.10733.1_2+	DECOY_AGAP009073-RA_3+
./crux_output/comet_8414_3_3	-1.434116	0.716655	1.000000	R.NCGCCCGTTTENQ.L	DECOY_AGAP007769-RA_2+
./crux_output/comet_7741_2_2	-1.446934	0.716655	1.000000	M.WVKSAPHTK.R	DECOY_CUFF.9464.2_1+	DECOY_CUFF.9464.1_1+	DECOY_AGAP007819-RA_2+
./crux_output/comet_5337_3_3	-1.488059	0.716655	1.000000	I.LFIPNIISFIIK.Y	DECOY_CUFF.5561.2_2+	DECOY_CUFF.5561.3_3+	DECOY_CUFF.5561.1_3+
./crux_output/comet_3128_2_1	-1.531911	0.717376	1.000000	R.VAESRGTP.X	DECOY_AGAP028183-RA_3+
./crux_output/comet_6096_3_1	-1.538602	0.718097	1.000000	-.CSCWCWWGCWC.C	DECOY_AGAP008185-RA_2+	DECOY_CUFF.9749.1_3+
./crux_output/comet_9891_2_3	-1.548065	0.718818	1.000000	T.AHSSNLVK.H	DECOY_CUFF.2318.1_2+	DECOY_CUFF.2318.4_1+
./crux_output/comet_9199_2_3	-1.571244	0.719311	1.000000	A.APVTVTTR.S	DECOY_AGAP013017-RA_3+
./crux_output/comet_6028_2_4	-1.583883	0.719311	1.000000	Y.TTTGATTSR.R	DECOY_CUFF.1728.9_2+	DECOY_CUFF.1728.8_2+	DECOY_CUFF.1728.1_1+	DECOY_CUFF.1728.3_1+	DECOY_CUFF.1728.2_1+	DECOY_CUFF.1728.5_2+	DECOY_CUFF.1728.4_1+	DECOY_CUFF.1728.7_2+	DECOY_CUFF.1728.6_3+	DECOY_AGAP006133-RA_2+	DECOY_CUFF.1728.10_1+
./crux_output/comet_10549_2_1	-1.600895	0.719311	1.000000	K.TDGNNSSCH.L	DECOY_AGAP001743-PA	DECOY_ACOM034600-PA	DECOY_CUFF.3480.2_1+	DECOY_CUFF.3480.1_1+	DECOY_AGAP001743-RA_1+
./crux_output/comet_7860_2_5	-1.697111	0.719311	1.000000	R.ADDSHCGC.S	DECOY_CUFF.4316.1_2+	DECOY_CUFF.4316.3_2+	DECOY_CUFF.4316.2_2+
./crux_output/comet_7847_2_1	-1.747918	0.719311	1.000000	T.DSSCCCCR.S	DECOY_ACOM040091-PA
./crux_output/comet_5414_2_1	-1.788358	0.719713	1.000000	D.AEEDDDND.-	DECOY_AGAP011757-PA
./crux_output/comet_5443_3_4	-1.828248	0.719713	1.000000	R.IIGLGLSSRIIIY.I	DECOY_CUFF.5196.1_1+
./crux_output/comet_9322_2_1	-2.073838	0.720430	1.000000	V.PSFVTRR.C	DECOY_AGAP012078-RA_2+	DECOY_CUFF.9003.2_1+	DECOY_CUFF.9003.1_1+
./crux_output/comet_9737_2_1	-2.087125	0.721147	1.000000	Q.KTVATRSR.V	DECOY_CUFF.11731.2_3+
./crux_output/comet_9111_2_3	-2.121014	0.721864	1.000000	R.SPCCCSCCWG.P	DECOY_AGAP013368-RA_2+
./crux_output/comet_59_3_1	-2.282858	0.722063	1.000000	C.QFCCCCCCK.R	DECOY_TCONS_00001938_1+
./crux_output/comet_10221_2_4	-2.639680	0.722779	1.000000	R.DDDDDDDNV.Y	DECOY_CUFF.4267.1_2+
./crux_output/comet_8481_3_2	-2.658147	0.723496	1.000000	K.DRTSCVCSPCCC.R	DECOY_TCONS_00028200_3+
./crux_output/comet_5560_2_1	-2.771122	0.724212	1.000000	R.MCSCHCSASSA.S	DECOY_CUFF.9059.1_1+	DECOY_AGAP012134-RA_2+	DECOY_CUFF.9059.2_1+
