PSMId	score	q-value	posterior_error_prob	peptide	proteinIds
./crux_output/comet_10085_2_1	12.107531	0.027778	0.027778	K.CCAADDKEACFAVEGPK.L	sp|P02769|ALBU_BOVIN
./crux_output/comet_9646_4_1	10.053214	0.027778	0.027778	K.VHKECCHGDLLECADDRADLAK.Y	sp|P02769|ALBU_BOVIN
./crux_output/comet_9560_2_1	9.664990	0.027778	0.027778	K.EYEATLEECCAK.D	sp|P02769|ALBU_BOVIN
./crux_output/comet_6854_3_1	9.604587	0.027778	0.027778	K.VHKECCHGDLLECADDR.A	sp|P02769|ALBU_BOVIN
./crux_output/comet_6287_3_1	9.329116	0.027778	0.027778	K.LKECCDKPLLEK.S	sp|P02769|ALBU_BOVIN
./crux_output/comet_3746_3_1	8.158301	0.027778	0.027778	K.TCVADESHAGCEK.S	sp|P02769|ALBU_BOVIN
./crux_output/comet_9697_2_1	8.062557	0.027778	0.027778	K.ECCHGDLLECADDR.A	sp|P02769|ALBU_BOVIN
./crux_output/comet_7583_2_1	7.220765	0.027778	0.027778	K.YICDNQDTISSK.L	sp|P02769|ALBU_BOVIN
./crux_output/comet_10554_2_1	7.196229	0.027778	0.027778	K.YNGVFQECCQAEDK.G	sp|P02769|ALBU_BOVIN
./crux_output/comet_5973_2_1	6.906106	0.027778	0.027778	K.ECCDKPLLEK.S	sp|P02769|ALBU_BOVIN
./crux_output/comet_8314_2_1	6.853997	0.027778	0.027778	F.HADICTLPDTEK.Q	sp|P02769|ALBU_BOVIN
./crux_output/comet_8260_2_1	6.788892	0.027778	0.027778	R.ETYGDMADCCEK.Q	sp|P02769|ALBU_BOVIN
./crux_output/comet_4378_2_1	6.439686	0.027778	0.027778	K.SHCIAEVEK.D	sp|P02769|ALBU_BOVIN
./crux_output/comet_6823_2_1	6.427733	0.027778	0.027778	K.CCTESLVNR.R	sp|P02769|ALBU_BOVIN
./crux_output/comet_9967_2_1	6.104569	0.027778	0.027778	R.INVYYNEASGGK.Y	AGAP010929-PA	AGAP008622-PA	ACOM042500-PA	ACOM022823-PA	AGAP008622-RA_2+	AGAP010929-RA_3+	CUFF.10119.1_3+
./crux_output/comet_10229_4_1	6.007299	0.027778	0.027778	K.QEPERNECFLSHKDDSPDLPK.L	sp|P02769|ALBU_BOVIN
./crux_output/comet_8594_2_1	5.979235	0.027778	0.027778	K.CGPCPVSAIK.Q	AGAP009099-PA	ACOM027314-PA	AGAP009099-RA_3+	CUFF.10723.3_1+
./crux_output/comet_10020_2_1	5.881304	0.027778	0.027778	K.EACFAVEGPK.L	sp|P02769|ALBU_BOVIN
./crux_output/comet_9550_3_1	5.876196	0.027778	0.027778	R.TNAENEFVTIKK.D	gi|39794653|gb|AAH63697.1|	gi|1346343|sp|P04264|K2C1_HUMAN
./crux_output/comet_9383_2_1	5.786601	0.027778	0.027778	D.PHACYSTVFDK.L	sp|P02769|ALBU_BOVIN
./crux_output/comet_7061_2_1	5.761083	0.027778	0.027778	K.DLGEEHFK.G	sp|P02769|ALBU_BOVIN
./crux_output/comet_7850_2_1	5.711749	0.027778	0.027778	R.GTGTAGDSLVLHK.G	AGAP007041-PA	ACOM031357-PA	AGAP007041-RA_1+
./crux_output/comet_8133_3_1	5.566108	0.027778	0.027778	R.FKDLGEEHFK.G	sp|P02769|ALBU_BOVIN
./crux_output/comet_6767_2_1	5.462500	0.027778	0.027778	K.AQYEDIAQK.S	gi|39794653|gb|AAH63697.1|
./crux_output/comet_7224_3_1	5.214061	0.027778	0.027778	R.TNHVGISHGEDDEVTYPK.H	AGAP012225-PA	ACOM026392-PA	AGAP012225-RA_1+	CUFF.9139.1_3+
./crux_output/comet_7286_2_1	5.209796	0.027778	0.027778	K.DDSPDLPK.L	sp|P02769|ALBU_BOVIN
./crux_output/comet_10629_2_1	4.947210	0.027778	0.027778	R.FITVQQPPR.L	AGAP011100-PD	ACOM023090-PA	CUFF.7827.3_2+	CUFF.7827.5_1+	AGAP011100-RA_1+	CUFF.7827.1_2+
./crux_output/comet_9329_2_1	4.826808	0.027778	0.027778	K.AEFVEVTK.L	sp|P02769|ALBU_BOVIN
./crux_output/comet_6457_3_1	4.649045	0.027778	0.027778	R.SQYEQLAEQNRK.D	gi|21961605|gb|AAH34697.1|
./crux_output/comet_9829_2_1	4.633777	0.027778	0.027778	R.GSFESLQATR.M	AGAP007041-PA	ACOM031357-PA	AGAP007041-RA_1+
./crux_output/comet_7663_2_1	4.589827	0.027778	0.027778	R.SLLEGEGSSGGGGR.G	gi|21961605|gb|AAH34697.1|
./crux_output/comet_5442_3_1	4.481242	0.027778	0.027778	K.NKYEDEINKR.T	gi|46812692|gb|AAH69269.1|	gi|39794653|gb|AAH63697.1|	gi|27503816|gb|AAH42132.1|	gi|21961227|gb|AAH34535.1|	gi|18999435|gb|AAH24292.1|	gi|15559584|gb|AAH14152.1|	gi|1346343|sp|P04264|K2C1_HUMAN
./crux_output/comet_9072_2_1	4.458261	0.027778	0.027778	R.LAADDFR.T	gi|34783124|gb|AAH02539.2|	gi|33991652|gb|AAH56421.1|	gi|27769301|gb|AAH42437.1|	gi|24659602|gb|AAH39169.1|	gi|21961605|gb|AAH34697.1|	gi|18089255|gb|AAH20982.1|	gi|17512236|gb|AAH19097.1|	gi|15080273|gb|AAH11901.1|	gi|14602965|gb|AAH09971.1|	gi|6016413|sp|Q15323|K1H1_HUMAN
./crux_output/comet_5727_2_1	4.427988	0.027778	0.027778	K.TNNDWTGASR.L	AGAP001649-PA	ACOM034418-PA	AGAP001649-RA_1+	CUFF.3430.2_1+	CUFF.3430.1_2+
./crux_output/comet_5644_2_1	4.405919	0.027778	0.027778	R.NECFLSHK.D	sp|P02769|ALBU_BOVIN
./crux_output/comet_6428_3_1	4.399414	0.027778	0.027778	K.QEPERNECFLSHK.D	sp|P02769|ALBU_BOVIN
./crux_output/comet_7121_2_1	4.128801	0.046512	0.142857	K.NMMAACDPR.H	AGAP010510-PA	AGAP010929-PA	AGAP008622-PA	ACOM041694-PA	ACOM042500-PA	ACOM022823-PA	AGAP008622-RA_2+	CUFF.7003.2_1+	AGAP010929-RA_3+	AGAP010510-RA_1+	CUFF.10119.1_3+
./crux_output/comet_4261_3_1	4.128118	0.046512	0.142857	R.YKYPEDSKEER.D	AGAP009099-PA	ACOM027314-PA	AGAP009099-RA_3+	CUFF.10723.3_1+
./crux_output/comet_10118_2_1	4.063964	0.046512	0.142857	R.SLVNLGGSK.S	gi|39794653|gb|AAH63697.1|	gi|1346343|sp|P04264|K2C1_HUMAN
./crux_output/comet_9521_3_1	4.044212	0.046512	0.142857	R.GCCCCCSADKYR.N	TCONS_00028013_3+
./crux_output/comet_8157_3_1	4.014540	0.046512	0.142857	K.QMQLWLCSLNER.K	CUFF.342.6_1+
./crux_output/comet_5994_2_1	3.935484	0.046512	0.142857	K.QLEQQIQR.G	ACOM032897-PA	CUFF.11018.1_3+	CUFF.11018.2_3+
./crux_output/comet_7762_2_1	3.923120	0.046512	0.142857	K.LSSPATLNSR.V	gi|136429|sp|P00761|TRYP_PIG
./crux_output/comet_7826_2_1	3.853815	0.061224	0.166667	K.DVDGAYMTK.V	gi|39794653|gb|AAH63697.1|	gi|1346343|sp|P04264|K2C1_HUMAN
./crux_output/comet_7511_3_1	3.836634	0.061224	0.166667	R.IFYTIDSDICSTAYCTK.L	CUFF.560.1_2+
./crux_output/comet_7985_2_1	3.804062	0.061224	0.166667	R.TLLEGEESR.M	gi|39794653|gb|AAH63697.1|	gi|1346343|sp|P04264|K2C1_HUMAN
./crux_output/comet_8568_2_1	3.732020	0.061224	0.166667	K.GASSFLISVV.I	TCONS_00039659_2+
./crux_output/comet_8592_3_3	3.706659	0.061224	0.166667	R.TEVTPAEIAEEIEK.E	AGAP007726-PA	ACOM026015-PA	AGAP007726-RA_1+	AGAP007726-RB_1+	CUFF.2941.5_3+	CUFF.2941.4_3+	CUFF.2941.1_2+	CUFF.2941.3_2+	CUFF.2941.2_1+
./crux_output/comet_5571_2_1	3.642969	0.061224	0.166667	R.LCVLHEK.T	sp|P02769|ALBU_BOVIN
./crux_output/comet_9371_3_2	3.607838	0.078431	0.444444	R.CCCCCCCCCR.L	CUFF.7998.1_2+	CUFF.5201.1_2+	CUFF.16245.1_3+	CUFF.16245.2_1+	CUFF.3623.4_2+	CUFF.3623.1_2+	CUFF.3623.3_1+	CUFF.3623.2_2+	CUFF.5201.2_2+	DECOY_CUFF.7998.1_2+	DECOY_CUFF.5201.1_2+	DECOY_CUFF.16245.1_3+	DECOY_CUFF.16245.2_1+	DECOY_CUFF.3623.4_2+	DECOY_CUFF.3623.1_2+	DECOY_CUFF.3623.3_1+	DECOY_CUFF.3623.2_2+	DECOY_CUFF.5201.2_2+
./crux_output/comet_6661_3_1	3.592977	0.078431	0.444444	R.LGCAPFRDGGR.G	CUFF.8877.1_3+
./crux_output/comet_7560_3_1	3.529748	0.094340	0.444444	R.CCTRSMCSSER.S	CUFF.9341.8_2+	CUFF.9341.2_3+	CUFF.9341.3_3+	CUFF.9341.1_1+	CUFF.9341.6_1+	CUFF.9341.7_1+	CUFF.9341.4_3+	CUFF.9341.5_1+	AGAP012372-RA_2+
./crux_output/comet_10391_2_1	3.516399	0.094340	0.444444	R.VQLQIEQAR.E	ACOM032897-PA	CUFF.11018.1_3+	CUFF.11018.2_3+
./crux_output/comet_10371_2_1	3.402515	0.120690	0.444444	H.ADICTLPDTEK.Q	sp|P02769|ALBU_BOVIN
./crux_output/comet_10587_3_1	3.390566	0.120690	0.444444	R.NECFLSHKDDSPDLPK.L	sp|P02769|ALBU_BOVIN
./crux_output/comet_6276_3_3	3.376841	0.120690	0.444444	R.QFYGYWEGFCTK.K	AGAP009943-PA	ACOM029333-PA	AGAP009943-RA_1+
./crux_output/comet_10134_2_1	3.341557	0.120690	0.444444	R.VATVSLPR.S	gi|136429|sp|P00761|TRYP_PIG
./crux_output/comet_8870_3_1	3.302960	0.120690	0.444444	R.RGSGGTKPFPTPAERTPMDWCYECY.S	AGAP010911-RA_3+
./crux_output/comet_8466_3_1	3.286619	0.135593	0.835141	R.ETYGDMADCCEKQEPER.N	sp|P02769|ALBU_BOVIN
./crux_output/comet_6407_3_1	3.022062	0.295082	0.835141	K.NRVNESVCVR.E	CUFF.9014.3_2+	CUFF.9014.1_1+	CUFF.9014.4_2+
./crux_output/comet_8149_2_2	2.992766	0.295082	0.835141	R.ANASHKSGR.F	CUFF.4121.1_3+	CUFF.4121.3_2+	CUFF.4121.2_1+	CUFF.4121.5_1+	CUFF.4121.4_1+	CUFF.4121.6_3+	AGAP002379-RA_1+
./crux_output/comet_7987_3_1	2.934661	0.307692	0.835141	R.TRHTETHTPEIK.G	TCONS_00026717_3+
./crux_output/comet_5382_2_1	2.927079	0.307692	0.835141	K.NPVITDQTK.K	AGAP009373-PA	AGAP009373-RA_3+
./crux_output/comet_6951_2_1	2.925397	0.307692	0.835141	K.LCTFSITQK.D	AGAP001157-PA	ACOM033710-PA	AGAP001157-RA_1+
./crux_output/comet_8490_3_4	2.924722	0.307692	0.835141	R.YTHTHNYAIMYK.N	CUFF.9641.3_3+	CUFF.9641.2_3+	CUFF.9641.1_3+	CUFF.9641.6_1+
./crux_output/comet_4638_2_1	2.901294	0.308824	0.835141	R.LSQKFPK.A	sp|P02769|ALBU_BOVIN
./crux_output/comet_6761_2_1	2.878139	0.308824	0.835141	S.ALCDISVK.X	CUFF.12046.1_1+
./crux_output/comet_10320_2_1	2.864428	0.308824	0.835141	K.GGMCEMEP.F	CUFF.11141.2_2+
./crux_output/comet_7325_3_2	2.797785	0.328571	0.835141	R.CSCPTHSTCSTLR.I	AGAP008023-RA_2+
./crux_output/comet_7908_3_2	2.765117	0.328571	0.835141	R.CCCCSRSCGR.S	CUFF.4046.1_2+	CUFF.4046.3_2+	AGAP002324-RA_1+
./crux_output/comet_6667_3_4	2.709554	0.408451	0.835141	R.TNMDIHIQQHAK.H	CUFF.9744.4_3+	CUFF.9744.1_2+
./crux_output/comet_7036_3_2	2.697235	0.430556	0.835141	R.QLSDENFLLCHR.X	AGAP003560-RA_3+
./crux_output/comet_6312_3_5	2.671508	0.432432	0.835141	R.TASTALKHTER.E	CUFF.5853.1_3+
./crux_output/comet_7949_3_1	2.670560	0.432432	0.835141	R.CGCGAPPPSAART.G	AGAP000222-RA_2+	AGAP000222-RB_2+	CUFF.16246.8_2+	CUFF.16246.5_1+	CUFF.16246.4_1+	CUFF.16246.3_1+	CUFF.16246.2_1+	CUFF.16246.1_1+
./crux_output/comet_8245_2_1	2.666607	0.440000	0.835141	R.TLPQSHETGTPK.R	AGAP004651-RA_3+
./crux_output/comet_10330_3_1	2.658148	0.447368	0.835141	R.ACMCQCLVCHT.L	CUFF.2334.3_1+	CUFF.2334.2_2+	CUFF.2334.1_1+	CUFF.2334.4_3+
./crux_output/comet_9106_2_3	2.630175	0.450000	0.835141	K.YSSLDFK.Q	AGAP003320-PA	AGAP003320-PB	ACOM035867-PA	AGAP003320-RA_1+
./crux_output/comet_8475_4_1	2.626831	0.450000	0.835141	Q.GASGTAGGSVDGSIGSSGLNNSR.S	ACOM024138-PA
./crux_output/comet_10594_2_1	2.620384	0.450000	0.835141	K.IDTNQFQRNR.G	CUFF.16123.3_2+
./crux_output/comet_8322_4_1	2.615454	0.450000	0.835141	K.NEAANDTISVTVDSNYIPS.F	AGAP029695-PA
./crux_output/comet_10082_3_2	2.614510	0.456790	0.835141	R.CSNGCCFRFVTFFIR.E	TCONS_00028833_3+
./crux_output/comet_6030_3_4	2.609608	0.463415	0.835141	R.LECDEMYCHFDDPK.V	ACOM026541-PA
./crux_output/comet_6619_3_3	2.605593	0.464286	0.835141	R.QFDRVGCSQLLHK.X	AGAP010238-RA_2+	CUFF.12114.5_3+	CUFF.12114.4_3+	CUFF.12114.6_1+	CUFF.12114.1_1+	CUFF.12114.3_3+	CUFF.12114.2_3+
./crux_output/comet_6108_2_4	2.604838	0.464286	0.835141	K.QNACDWPER.A	AGAP028750-PA	ACOM026532-PA	AGAP012133-RA_1+
./crux_output/comet_10381_4_5	2.583342	0.476744	0.835141	K.SQNNKCVTQRPVHGDCPK.G	AGAP002631-PA	AGAP002631-RA_1+
./crux_output/comet_9731_2_1	2.576550	0.476744	0.835141	K.CIPLEDCPK.-	AGAP006581-PA	CUFF.2130.1_1+
./crux_output/comet_7528_3_1	2.570283	0.477778	0.835141	R.CECWCTTRCC.D	CUFF.9969.4_1+	CUFF.9969.5_2+
./crux_output/comet_4175_2_5	2.558443	0.477778	0.835141	R.QWQCDQER.E	CUFF.2927.1_3+	CUFF.2927.2_3+	AGAP007582-RA_3+
./crux_output/comet_10000_3_1	2.549254	0.477778	0.835141	N.TLCDEFKADEK.K	sp|P02769|ALBU_BOVIN
./crux_output/comet_10524_2_2	2.540809	0.477778	0.835141	K.QHVHAAANER.Y	AGAP003794-RA_1+	AGAP003794-RB_1+
./crux_output/comet_9427_3_3	2.518090	0.516484	0.835141	R.IYWPCGTCCWSCR.R	CUFF.11344.5_2+	CUFF.11344.9_3+	CUFF.11344.8_2+	CUFF.11344.1_2+	CUFF.11344.2_1+	CUFF.11344.4_2+	CUFF.11344.7_2+	CUFF.11344.6_2+	AGAP009554-RA_2+	CUFF.11344.11_2+	CUFF.11344.10_2+	CUFF.11344.13_2+	CUFF.11344.16_3+	CUFF.11344.12_3+	CUFF.11344.17_2+
./crux_output/comet_8418_4_1	2.506277	0.526316	0.835141	A.CCIKFGTSWNDCTTFSR.A	AGAP009856-RA_2+
./crux_output/comet_6125_2_2	2.501301	0.526316	0.835141	R.EKHNNTNNK.R	AGAP003417-RA_2+	AGAP003417-RB_2+	CUFF.5109.1_2+
./crux_output/comet_8231_2_1	2.498729	0.526316	0.835141	R.ATGGGGGGGGGGR.D	AGAP006649-PA	ACOM039391-PA	AGAP006649-RA_1+
./crux_output/comet_6930_2_1	2.497511	0.526316	0.835141	R.ARPEPPVR.L	AGAP000066-RA_3+	CUFF.15881.1_3+
./crux_output/comet_6838_4_5	2.479683	0.546392	0.835141	R.CSNDRNGNNTMPVNEGFSR.V	sp|Q12057|PIN2_YEAST
./crux_output/comet_6676_3_3	2.475288	0.546392	0.835141	R.SVFSTCNALFR.X	CUFF.4442.1_1+
./crux_output/comet_10486_2_1	2.464542	0.551020	0.835141	K.MCCFSSR.F	CUFF.10700.2_3+
./crux_output/comet_8714_3_3	2.461445	0.555556	0.835141	R.TQQWGTKAAAPSER.M	AGAP007806-RB_1+	AGAP007806-RC_1+	AGAP007806-RA_1+	CUFF.9488.1_3+	CUFF.9488.2_3+
./crux_output/comet_9262_2_2	2.437505	0.568807	0.835141	K.LMSSSMFPPK.S	AGAP029444-PA	ACOM033473-PA	AGAP010054-RA_2+	CUFF.11971.2_2+
./crux_output/comet_6261_3_1	2.432068	0.568807	0.835141	N.YCYDYDDDDK.D	CUFF.3021.1_1+	CUFF.3021.3_1+	CUFF.3021.2_1+	AGAP001194-RA_3+
./crux_output/comet_9674_2_1	2.385411	0.568807	0.835141	R.TDLWPWNT.D	CUFF.7001.1_3+	AGAP010530-RA_1+
./crux_output/comet_5683_2_1	2.381329	0.568807	0.835141	-.VDSGYENK.Q	CUFF.7915.1_2+
./crux_output/comet_7967_3_3	2.375912	0.568807	0.835141	K.EAPQDVGDRGGRVR.R	AGAP029559-PA	ACOM027880-PA	AGAP005333-RA_1+
./crux_output/comet_5255_2_1	2.370891	0.568807	0.835141	R.FPTFCCR.T	AGAP000781-RA_2+	CUFF.16824.1_3+
./crux_output/comet_5975_2_2	2.364252	0.568807	0.835141	R.LATMSRR.X	AGAP010611-RA_3+	CUFF.7129.1_3+
./crux_output/comet_4661_3_1	2.363176	0.568807	0.835141	K.NHEEEMKDLR.N	gi|21961605|gb|AAH34697.1|
./crux_output/comet_5202_3_1	2.361797	0.568807	0.835141	R.LPPTGRSCQMR.K	CUFF.4916.1_1+
./crux_output/comet_7356_2_3	2.355728	0.568807	0.835141	-.SSSVIYQQSSDK.L	CUFF.9223.3_3+
./crux_output/comet_8814_3_1	2.342216	0.600000	0.835141	G.VDSDSGVDSESEVDSGVDSDSVSDFWKL.-	AGAP000875-RA_3+
./crux_output/comet_9930_2_4	2.328749	0.614035	0.835141	K.FAQFSSACDSLR.E	CUFF.8268.1_2+
./crux_output/comet_9285_2_2	2.320953	0.614035	0.835141	G.QGANGANLANRGR.T	AGAP008080-PA	ACOM030562-PA	AGAP008080-RA_1+
./crux_output/comet_8603_2_3	2.303643	0.614035	0.835141	K.LFGCDDQR.Y	AGAP001649-PA	ACOM034418-PA	AGAP001649-RA_1+	CUFF.3430.2_1+	CUFF.3430.1_2+
./crux_output/comet_5938_2_1	2.300645	0.614035	0.835141	K.DNEDLRGK.L	AGAP028061-PA	ACOM028094-PA	CUFF.10212.2_2+	CUFF.10212.1_3+	AGAP028061-RA_1+
./crux_output/comet_6832_4_5	2.294250	0.617391	0.835141	K.VNYSAMDMGDDGEDDDFNR.S	AGAP008917-PA	AGAP008917-RA_1+	CUFF.10470.1_2+	CUFF.10470.2_2+
./crux_output/comet_10506_2_1	2.289746	0.620690	0.835141	R.CDEEDDE.D	AGAP001618-RA_1+	CUFF.3372.1_3+
./crux_output/comet_6997_3_1	2.268619	0.633333	0.835141	K.LFGLSTSEQSR.N	ACOM035672-PA
./crux_output/comet_9941_2_1	2.262615	0.633333	0.835141	R.ETPGHSWAETPRAD.R	AGAP000178-PA	ACOM028896-PA	CUFF.16024.1_2+	AGAP000178-RA_2+
./crux_output/comet_8914_3_5	2.253560	0.633333	0.835141	R.GCTSFECPPDSR.D	ACOM030493-PA
./crux_output/comet_577_3_1	2.248004	0.633333	0.835141	R.CSPCCCCCCCA.F	ACOM027985-PA
./crux_output/comet_8221_4_1	2.241665	0.639344	0.835141	R.QLQQGAGGLGNLMSGFGGK.-	AGAP004610-PA	ACOM041045-PA	AGAP004610-RA_1+
./crux_output/comet_5004_2_1	2.240832	0.639344	0.835141	K.QEEGQESNTHSFP.E	sp|Q07458|RXT3_YEAST
./crux_output/comet_5313_2_2	2.225708	0.642336	0.835141	R.STEEGENRR.S	CUFF.1949.1_2+	CUFF.1949.2_2+	AGAP006451-RA_2+
./crux_output/comet_5261_3_1	2.214666	0.642336	0.835141	R.QEEAQEGEGGGEAQA.Q	AGAP011217-RA_3+	CUFF.7954.4_2+	CUFF.7954.1_2+	CUFF.7954.2_2+	CUFF.7954.3_3+
./crux_output/comet_8411_3_3	2.201706	0.642336	0.835141	K.FREMSDFQIK.L	sp|P32367|TFC1_YEAST
./crux_output/comet_9651_2_2	2.199275	0.642336	0.835141	T.QTTTADFQAK.V	ACOM029459-PA
./crux_output/comet_10266_2_1	2.189967	0.642336	0.835141	N.TLCDEFK.A	sp|P02769|ALBU_BOVIN
./crux_output/comet_6994_2_1	2.189351	0.642336	0.835141	K.EVLIEPK.T	TCONS_00027310_2+
./crux_output/comet_8542_2_1	2.188196	0.642336	0.835141	R.EQSSPASSPAK.G	CUFF.11264.1_1+
./crux_output/comet_7608_3_2	2.183818	0.642336	0.835141	R.QWSAAAGHCPTAYR.R	CUFF.10332.1_3+	AGAP008818-RA_3+
./crux_output/comet_9454_2_3	2.180244	0.642336	0.835141	K.DNDEYTLIK.V	AGAP008341-PA	ACOM030127-PA	AGAP008341-RA_1+	CUFF.9860.1_2+
./crux_output/comet_7376_2_1	2.174364	0.642336	0.835141	N.SNSYDYLR.H	CUFF.11299.2_1+	CUFF.11299.6_2+
./crux_output/comet_9719_3_1	2.165735	0.642336	0.835141	R.HPYTSPYRIDAPW.W	CUFF.9891.1_2+	AGAP007898-RA_2+	AGAP007897-RA_2+
./crux_output/comet_7099_2_2	2.157481	0.642336	0.835141	R.LLTSALGR.A	AGAP001458-RA_3+	DECOY_AGAP009128-PA	DECOY_ACOM027237-PA	DECOY_AGAP009128-RA_2+
./crux_output/comet_4543_2_1	2.145819	0.642336	0.835141	R.NATNHTQAP.P	TCONS_00014999_3+	TCONS_00014998_3+
./crux_output/comet_10262_2_5	2.132718	0.642336	0.835141	E.SILSSGIR.G	CUFF.7936.3_1+	CUFF.7936.6_2+	CUFF.7936.4_2+	AGAP011177-RA_1+
./crux_output/comet_7910_2_1	2.127044	0.642336	0.835141	R.SVCGYCAEQ.I	TCONS_00015650_1+
./crux_output/comet_7700_2_1	2.122704	0.646667	0.835141	R.AGEGGPPAGAR.G	CUFF.2369.7_3+	AGAP006901-RA_3+
./crux_output/comet_7696_3_3	2.121501	0.646667	0.835141	K.LVNDEASEGQVK.A	sp|P38427|TSL1_YEAST
./crux_output/comet_6722_2_1	2.111091	0.646667	0.835141	R.FMLEVMK.D	sp|Q06324|MMR1_YEAST
./crux_output/comet_8031_2_1	2.104483	0.646667	0.835141	R.CCGCCCYF.L	CUFF.17574.1_2+	CUFF.17574.2_2+
./crux_output/comet_7647_3_5	2.100441	0.646667	0.835141	R.DLSGSGNDEYDDDSGNQGVW.-	sp|Q08969|GRE1_YEAST
./crux_output/comet_5594_3_4	2.098051	0.646667	0.835141	R.RFAVGFVVIVAIK.T	CUFF.6323.2_3+	CUFF.6323.1_3+
./crux_output/comet_9507_2_1	2.097346	0.646667	0.835141	N.SNTPVDGRTVER.R	CUFF.1731.2_3+	CUFF.1731.3_3+	CUFF.1731.1_3+	CUFF.1731.5_2+	CUFF.1731.4_3+
./crux_output/comet_8799_2_3	2.092637	0.646667	0.835141	R.TLPHLPSR.L	CUFF.7775.1_1+	CUFF.7775.3_2+	CUFF.7775.2_1+	AGAP011079-RA_3+
./crux_output/comet_8505_2_3	2.092094	0.646667	0.835141	R.LCFDTNQK.K	CUFF.1840.3_2+	CUFF.1840.6_3+
./crux_output/comet_8495_2_4	2.087099	0.646667	0.835141	K.GACCSTLK.G	CUFF.9744.1_3+
./crux_output/comet_7944_2_1	2.084770	0.646667	0.835141	R.AMGTSSTR.C	AGAP007568-RA_2+
./crux_output/comet_8204_3_1	2.082229	0.646667	0.835141	H.CYCCCCCACR.S	CUFF.1634.10_1+	AGAP006042-RB_2+	AGAP006042-RA_1+	CUFF.1634.9_1+	CUFF.1634.8_1+	CUFF.1634.7_2+	CUFF.1634.6_1+	CUFF.1634.5_3+	CUFF.1634.4_3+	CUFF.1634.3_3+	CUFF.1634.2_1+	CUFF.1634.1_3+
./crux_output/comet_9718_2_1	2.080076	0.646667	0.835141	P.CIFIFFEKK.K	CUFF.3006.12_3+
./crux_output/comet_5317_2_1	2.067857	0.662252	0.835141	R.AFIVCCR.V	AGAP009619-RA_1+	CUFF.11251.2_3+	CUFF.11251.3_3+	CUFF.11251.1_3+
./crux_output/comet_5195_2_1	2.049192	0.671053	0.835141	R.AICTAEVK.G	AGAP009099-PA	ACOM027314-PA	AGAP009099-RA_3+	CUFF.10723.3_1+
./crux_output/comet_6923_2_1	2.041971	0.686275	0.835141	K.SSPYEMYER.S	CUFF.7839.8_3+	CUFF.7839.6_3+	CUFF.7839.7_1+	CUFF.7839.4_1+	CUFF.7839.5_1+	CUFF.7839.2_1+	CUFF.7839.3_3+	CUFF.7839.1_2+
./crux_output/comet_7134_4_1	2.033410	0.698347	0.835141	-.MSNIDIVQPLWDLSTFT.G	AGAP007119-PA	ACOM025287-PA
./crux_output/comet_6109_3_1	2.022447	0.698347	0.835141	K.DTACPALPAGAEEGSNA.A	AGAP008377-RA_3+	CUFF.9911.1_3+
./crux_output/comet_4675_4_3	2.013509	0.698347	0.835141	R.CSSSCSTSPSTPSCWRWR.K	AGAP007105-RA_2+
./crux_output/comet_9810_3_5	2.012595	0.698347	0.835141	K.NDNTTGTICSK.Q	CUFF.3464.1_2+	CUFF.3464.2_2+	CUFF.3464.3_2+	CUFF.3464.4_1+
./crux_output/comet_4278_3_1	1.986088	0.698347	0.835141	K.SCLSNNSSQNDTH.E	CUFF.9888.6_2+	CUFF.9888.3_2+	CUFF.9888.9_2+
./crux_output/comet_6554_2_4	1.984813	0.698347	0.835141	K.FALDDDEDDQNAEER.S	AGAP009177-PA	ACOM027129-PA	AGAP009177-RA_2+
./crux_output/comet_8845_2_1	1.978249	0.698347	0.835141	R.SVRNEPAAAAATATAT.A	AGAP008903-RA_1+	CUFF.10437.1_3+
./crux_output/comet_6141_3_2	1.976191	0.698347	0.835141	K.YDMEVYDACC.R	sp|P23287|PP2B1_YEAST
./crux_output/comet_10184_4_3	1.975248	0.698347	0.835141	K.AYHCPFFNSATPPDLRCHNSGGFSR.R	sp|Q00947|STP1_YEAST
./crux_output/comet_7768_3_4	1.968125	0.698347	0.835141	R.GAQGCVPDGGHQSAR.H	CUFF.1762.1_2+	AGAP006205-RA_1+
./crux_output/comet_6739_3_1	1.963368	0.698347	0.835141	R.IFSSSWIYMCSV.F	CUFF.7322.2_3+
./crux_output/comet_10342_2_1	1.962239	0.698347	0.835141	R.ALPEGNVAP.L	AGAP009240-RA_3+	CUFF.10854.1_3+
./crux_output/comet_9527_2_4	1.961719	0.698347	0.835141	R.KSSCNTITLITR.R	CUFF.10818.8_3+	CUFF.10818.9_2+	CUFF.10818.7_3+	CUFF.10818.2_2+	CUFF.10818.3_1+	CUFF.10818.1_3+	CUFF.10818.5_2+
./crux_output/comet_9935_2_1	1.959359	0.698347	0.835141	X.CGLTSIVRK.R	CUFF.1191.2_3+	CUFF.1191.1_1+
./crux_output/comet_9796_2_2	1.958971	0.698347	0.835141	R.SLEHSSSAAAMK.R	ACOM028585-PA
./crux_output/comet_9816_3_5	1.951979	0.698347	0.835141	K.FRAFPDVNETAASGAYR.S	CUFF.8173.1_2+
./crux_output/comet_4815_3_1	1.950757	0.698347	0.835141	R.EALPGQQHGPGDC.P	CUFF.16347.2_2+	CUFF.16347.1_2+	AGAP000430-RA_3+
./crux_output/comet_5415_4_4	1.949276	0.698347	0.835141	R.TVNPSPYLFYIDCLDFQ.I	sp|P00899|TRPE_YEAST
./crux_output/comet_5569_2_1	1.944561	0.698347	0.835141	R.CSVELFHR.Q	CUFF.1261.1_3+	AGAP005699-RA_3+	CUFF.1261.2_3+
./crux_output/comet_7345_2_2	1.943328	0.698347	0.835141	V.LVVLVVVLVPHIKLK.S	AGAP009509-RA_1+	CUFF.11115.1_2+	CUFF.11115.2_2+
./crux_output/comet_10607_2_1	1.932702	0.698347	0.835141	K.AWDDNEDE.R	sp|P40547|VID28_YEAST
./crux_output/comet_4753_2_5	1.924452	0.698347	0.835141	R.SCKQNHVEK.V	AGAP010575-RA_1+
./crux_output/comet_4240_3_2	1.923094	0.698347	0.835141	-.MNDDPQVWTDDQ.S	ACOM029227-PA
./crux_output/comet_5565_2_1	1.917337	0.698347	0.835141	R.SDYRCSSSSR.A	CUFF.1180.1_2+	AGAP005651-RA_3+
./crux_output/comet_7352_3_1	1.911987	0.698347	0.835141	D.KEACFAVEGPK.L	sp|P02769|ALBU_BOVIN
./crux_output/comet_9698_2_1	1.907599	0.698347	0.835141	G.GGGGGAAAGGEVAEWR.X	AGAP000262-RA_3+
./crux_output/comet_8858_3_1	1.907287	0.698347	0.835141	K.VAADGGAAAEARGTGRP.V	AGAP000810-RA_3+	CUFF.16929.1_1+	CUFF.16929.2_1+
./crux_output/comet_6855_3_1	1.898540	0.698347	0.835141	Q.CFELHSTSSNCTPQWK.L	AGAP004417-RA_1+
./crux_output/comet_5633_2_2	1.897524	0.698347	0.835141	R.AGGRSGVPSAP.R	CUFF.1478.1_3+	CUFF.1478.5_1+	CUFF.1478.4_1+	AGAP005891-RA_1+	AGAP005891-RB_1+
./crux_output/comet_6948_2_5	1.893569	0.698347	0.835141	R.NTQSISTQK.X	CUFF.11076.10_1+	CUFF.11076.9_3+	CUFF.11076.8_2+	CUFF.11076.5_2+	CUFF.11076.7_2+	CUFF.11076.6_3+
./crux_output/comet_8949_3_1	1.892826	0.698347	0.835141	K.QGKAEPDPDVAVK.I	AGAP002805-PA	ACOM037638-PA	AGAP002805-RA_2+
./crux_output/comet_7228_2_1	1.887568	0.698347	0.835141	V.NDRYSTVEI.-	CUFF.4493.3_2+	CUFF.4493.2_3+	CUFF.4493.1_3+
./crux_output/comet_10014_2_1	1.885769	0.698347	0.835141	R.NWCTEPGSGD.R	AGAP002133-RA_3+
./crux_output/comet_9758_3_1	1.882063	0.698347	0.835141	R.KPGTRCSGSTGRSIR.R	CUFF.8831.1_1+	AGAP011895-RA_2+
./crux_output/comet_8981_3_1	1.878562	0.698347	0.835141	K.QLGFDKMTPVQGATI.P	ACOM033817-PA
./crux_output/comet_6825_3_1	1.872150	0.698347	0.835141	R.FATNHSKPQSVS.R	AGAP009346-RA_2+
./crux_output/comet_4693_2_3	1.872002	0.698347	0.835141	R.CACRQYSK.K	CUFF.5147.2_3+	CUFF.5147.1_3+	AGAP003449-RA_2+
./crux_output/comet_6848_2_5	1.869539	0.698347	0.835141	K.EHAIIEK.T	AGAP003635-PA	ACOM028716-PA	AGAP003635-RA_1+	CUFF.5312.4_1+	CUFF.5312.5_1+	CUFF.5312.2_2+	CUFF.5312.1_1+
./crux_output/comet_5263_3_1	1.854268	0.698347	0.835141	V.TVESEEGSRTDR.A	AGAP005917-RA_3+	CUFF.1495.1_2+
./crux_output/comet_9103_3_1	1.847783	0.698347	0.835141	R.TNGSNDAAVDGTRR.S	CUFF.8445.13_3+	CUFF.8445.3_3+
./crux_output/comet_4259_3_1	1.845944	0.698347	0.835141	K.VCEGAEGGSRAEGCSG.A	CUFF.1877.1_2+	AGAP006402-RA_3+
./crux_output/comet_6117_3_1	1.832553	0.698347	0.835141	R.ASGEAAEAPSGGIECFEASQ.R	ACOM033201-PA	CUFF.6122.1_1+	CUFF.6122.3_1+	CUFF.6122.4_2+
./crux_output/comet_10260_2_1	1.832179	0.698347	0.835141	A.SQGVPGQLAAAPGR.Y	AGAP012097-RA_2+	CUFF.9033.2_2+	CUFF.9033.3_2+	CUFF.9033.1_2+
./crux_output/comet_7771_2_3	1.830830	0.698347	0.835141	R.AQGHSAAER.X	TCONS_00015315_2+
./crux_output/comet_10537_4_2	1.809533	0.698347	0.835141	R.YYCFQCVCLFFFLLNIFNA.N	CUFF.11072.9_2+	CUFF.11072.6_3+	CUFF.11072.2_3+	CUFF.11072.7_2+
./crux_output/comet_8027_2_5	1.804548	0.698347	0.835141	R.QPGYYADIETR.C	AGAP006435-PA	ACOM039748-PA	CUFF.1931.1_2+	AGAP006435-RA_1+
./crux_output/comet_9552_3_1	1.800671	0.698347	0.835141	R.RFCGFCCSSACAG.R	CUFF.3373.1_1+
./crux_output/comet_7198_2_1	1.792269	0.698347	0.835141	K.KSTSSSAAEER.C	CUFF.15844.5_2+
./crux_output/comet_8739_3_1	1.786895	0.698347	0.835141	K.LRRDCADGVHR.E	CUFF.3645.10_1+	CUFF.3645.13_3+	CUFF.3645.12_1+	CUFF.3645.14_3+	CUFF.3645.5_2+	CUFF.3645.4_3+	CUFF.3645.7_1+	CUFF.3645.6_1+	CUFF.3645.1_3+	CUFF.3645.2_2+	CUFF.3645.9_1+	CUFF.3645.8_2+	AGAP001751-RE_3+	AGAP001751-RA_3+
./crux_output/comet_8255_3_4	1.781488	0.698347	0.835141	K.EAWETELKNK.M	ACOM028756-PA
./crux_output/comet_7973_2_4	1.771723	0.698347	0.835141	R.KGSEPDLNQLCVR.E	TCONS_00030778_1+
./crux_output/comet_10443_2_4	1.770098	0.698347	0.835141	R.NVILFAK.F	CUFF.3715.3_1+	CUFF.3715.1_1+	CUFF.3715.2_3+	DECOY_CUFF.1560.1_3+
./crux_output/comet_6123_2_1	1.761628	0.698347	0.835141	R.TTTTNTGGNNEK.R	CUFF.7993.1_2+
./crux_output/comet_9562_3_1	1.756207	0.698347	0.835141	S.KSKCDTIQMQEAGR.N	TCONS_00028833_3+
./crux_output/comet_6447_2_1	1.755970	0.698347	0.835141	F.LYEYSR.R	sp|P02769|ALBU_BOVIN
./crux_output/comet_10472_2_1	1.755619	0.698347	0.835141	R.ATRAQADGR.Q	AGAP009807-RA_2+	CUFF.11587.1_1+
./crux_output/comet_8283_2_5	1.753665	0.698347	0.835141	R.GGDGGGGGGIGR.I	CUFF.830.3_2+	CUFF.830.2_3+	CUFF.830.1_2+	CUFF.830.4_2+
./crux_output/comet_8892_3_1	1.752971	0.698347	0.835141	R.KELNDIKAHFSEQ.L	AGAP029814-PB	ACOM025526-PA	CUFF.2625.1_1+	CUFF.2625.2_2+	CUFF.2625.3_1+	AGAP007311-RA_1+
./crux_output/comet_8771_2_1	1.750789	0.698347	0.835141	R.VNFDCDCPCVCG.E	CUFF.1574.1_1+
./crux_output/comet_9474_2_1	1.748330	0.698347	0.835141	A.TTAAAAPPSAGNR.H	AGAP003428-PB	CUFF.5120.4_2+	CUFF.5120.3_3+	CUFF.5120.2_3+	CUFF.5120.1_3+	CUFF.5120.7_2+	CUFF.5120.6_1+	CUFF.5120.5_2+	AGAP003428-RB_3+
./crux_output/comet_6112_2_1	1.745720	0.698347	0.835141	Q.AAPDGNVRR.S	AGAP011839-RA_1+	CUFF.8802.1_3+	CUFF.8802.2_3+
./crux_output/comet_3905_3_1	1.744295	0.698347	0.835141	R.HPSENEQENQSTSEM.F	AGAP000630-PA	AGAP000630-RA_1+	CUFF.16559.1_1+	CUFF.16559.2_3+	CUFF.16559.3_2+	CUFF.16559.4_2+	CUFF.16559.5_2+	CUFF.16559.6_1+
./crux_output/comet_8099_4_1	1.737545	0.698347	0.835141	D.SLGDAGLRPGSMQGNIK.F	AGAP005639-PA	AGAP005639-PB	ACOM038883-PA	AGAP005639-RA_1+	CUFF.1179.1_1+
./crux_output/comet_7343_3_2	1.727797	0.698347	0.835141	R.QTLAQPNAFHDLT.V	AGAP011202-PA	ACOM038171-PA	CUFF.7923.2_1+	CUFF.7923.3_3+	CUFF.7923.1_3+	AGAP011202-RA_1+
./crux_output/comet_7932_2_1	1.726321	0.698347	0.835141	T.ENKGKHAGGGK.A	CUFF.7901.3_3+	CUFF.7901.1_1+	CUFF.7901.6_2+	CUFF.7901.7_3+	CUFF.7901.4_3+	CUFF.7901.5_1+	CUFF.7901.8_2+	CUFF.7901.9_3+	CUFF.7901.14_1+	CUFF.7901.15_2+	CUFF.7901.16_2+	CUFF.7901.10_3+	CUFF.7901.11_1+	CUFF.7901.12_2+	CUFF.7901.13_2+
./crux_output/comet_7652_3_2	1.725198	0.698347	0.835141	R.QEEQNDEDEEET.P	AGAP002566-PA	ACOM036790-PA	AGAP002566-RB_1+	AGAP002566-RA_1+	CUFF.4288.1_3+
./crux_output/comet_10109_3_4	1.724943	0.698347	0.835141	R.TKITFSPTQTGR.D	AGAP005715-PA	AGAP005715-PB	ACOM031208-PA	AGAP005715-RB_3+	AGAP005715-RA_1+
./crux_output/comet_6448_2_3	1.720157	0.698347	0.835141	R.GWAGVGQDSEGALDK.K	CUFF.11901.1_2+	AGAP010078-RA_3+
./crux_output/comet_10609_2_1	1.716903	0.698347	0.835141	K.IEFVEIYEP.F	ACOM038474-PA
./crux_output/comet_8752_3_2	1.713514	0.698347	0.835141	V.GNRTIGTLECPGPR.S	CUFF.652.3_1+	CUFF.652.2_3+
./crux_output/comet_7563_2_1	1.712662	0.698347	0.835141	G.YNAQCSTR.N	AGAP029234-PA	AGAP029234-PB	CUFF.12092.2_1+	CUFF.12092.10_3+	CUFF.12092.11_1+	CUFF.12092.12_3+	CUFF.12092.9_2+	CUFF.12092.1_1+	CUFF.12092.6_1+	CUFF.12092.4_1+
./crux_output/comet_7593_2_1	1.709920	0.698347	0.835141	K.RQLSHEQPFEDD.G	AGAP029268-PA
./crux_output/comet_8676_2_1	1.703743	0.698347	0.835141	N.DISVYEK.L	AGAP009354-PA	AGAP009356-PA	AGAP009359-PA	AGAP009359-RA_1+	AGAP009356-RA_2+	CUFF.10947.3_2+	CUFF.10947.2_3+	CUFF.10947.1_2+	CUFF.10947.7_3+	CUFF.10947.4_2+	AGAP009354-RA_1+
./crux_output/comet_9535_3_1	1.699545	0.698347	0.835141	G.METYIEQCEGSR.S	CUFF.3498.11_1+	CUFF.3498.10_1+	CUFF.3498.9_2+	CUFF.3498.8_2+	CUFF.3498.5_1+	CUFF.3498.4_3+	CUFF.3498.7_2+	CUFF.3498.1_1+	CUFF.3498.3_2+	AGAP001683-RA_1+	AGAP001683-RB_1+
./crux_output/comet_7037_2_1	1.697523	0.698347	0.835141	F.NIDSNPDGQDLER.I	AGAP006540-PA	CUFF.2018.1_2+	AGAP006540-RA_1+
./crux_output/comet_6136_3_1	1.696854	0.698347	0.835141	R.RCEAADDSGREGGEG.K	CUFF.4064.1_2+	CUFF.4064.3_3+	CUFF.4064.2_3+	AGAP002329-RA_1+
./crux_output/comet_10324_2_1	1.696124	0.698347	0.835141	L.CQSGTVSSSSYPK.C	CUFF.3026.1_1+	AGAP001225-RA_2+
./crux_output/comet_8419_3_1	1.692453	0.698347	0.835141	R.ESDDCASVQGMVDL.P	CUFF.12010.1_1+	CUFF.12010.2_3+	AGAP010160-RA_1+
./crux_output/comet_8029_3_1	1.688863	0.698347	0.835141	R.FRECCLLPPACYYD.X	AGAP013746-RA_2+
./crux_output/comet_7830_2_3	1.685728	0.698347	0.835141	R.LYIQTHTNTPTR.L	CUFF.11369.2_2+	CUFF.11369.3_1+	CUFF.11369.1_2+
./crux_output/comet_7838_2_1	1.684517	0.698347	0.835141	N.SSTSSSQK.H	CUFF.4575.3_2+	CUFF.4575.1_2+
./crux_output/comet_6256_2_3	1.683170	0.698347	0.835141	K.TAMKSAVR.N	ACOM022394-PA
./crux_output/comet_5458_2_1	1.679357	0.698347	0.835141	K.DNEDGDEE.F	AGAP005470-PA	ACOM039116-PA	AGAP005470-RA_1+
./crux_output/comet_7536_2_1	1.667844	0.698347	0.835141	R.ISFQTTEGKCAL.N	CUFF.9568.4_2+
./crux_output/comet_7954_3_1	1.655823	0.698347	0.835141	R.ATTVGLRVTFEYC.I	TCONS_00014568_2+
./crux_output/comet_7246_2_4	1.652377	0.698347	0.835141	R.LSLPAHSLCVPCPR.S	TCONS_00021610_3+
./crux_output/comet_6512_2_2	1.650634	0.698347	0.835141	R.SMCATTITVYR.C	CUFF.3069.7_3+	AGAP001238-RB_3+	AGAP001238-RA_3+	CUFF.3069.5_1+	CUFF.3069.4_2+	CUFF.3069.6_2+	CUFF.3069.3_2+	CUFF.3069.8_2+
./crux_output/comet_7486_2_1	1.647530	0.698347	0.835141	R.LHKSVLCAGGEEG.A	AGAP010731-PA	ACOM027471-PA	CUFF.7372.1_3+	AGAP010731-RA_2+
./crux_output/comet_8326_3_2	1.647311	0.698347	0.835141	R.CVYSLRKSTR.G	TCONS_00011699_1+
./crux_output/comet_7148_2_2	1.634096	0.698413	0.835141	R.AVAFRFR.C	AGAP004348-RA_2+
./crux_output/comet_9528_2_1	1.629305	0.698413	0.835141	R.EEYWDNNNGN.N	sp|P40036|GIP2_YEAST
./crux_output/comet_9964_3_3	1.628179	0.698413	0.835141	R.IFFLNLCFCPP.L	AGAP001255-RA_3+	CUFF.3059.1_3+	CUFF.3059.2_3+
./crux_output/comet_8665_3_4	1.627856	0.698413	0.835141	R.APGTFRVEHCTVR.K	AGAP005743-RA_2+
./crux_output/comet_6979_3_2	1.626098	0.698413	0.835141	K.TFFVSPSSNLC.F	AGAP002913-PA	ACOM037486-PA	AGAP002913-RA_2+	CUFF.4578.2_2+	CUFF.4578.1_2+
./crux_output/comet_7982_2_2	1.623645	0.698413	0.835141	R.AGGGTVHLSGAR.E	AGAP001858-RA_3+	CUFF.3612.1_1+	CUFF.3612.2_2+
./crux_output/comet_7413_3_4	1.620333	0.698413	0.835141	K.WCIFQNFLLNT.N	CUFF.16877.5_1+
./crux_output/comet_9800_2_5	1.619685	0.698413	0.835141	K.YGSSGFGSSYK.G	AGAP003160-PA	ACOM035616-PA	CUFF.4850.1_1+	AGAP003160-RA_1+
./crux_output/comet_8467_2_3	1.619616	0.698413	0.835141	K.SSSKFSLAT.X	AGAP011990-RA_2+
./crux_output/comet_6916_2_5	1.618273	0.698413	0.835141	R.APVSESLSR.L	AGAP000314-PA	CUFF.16189.1_2+	AGAP000314-RB_1+	AGAP000314-RA_1+	CUFF.16189.2_2+
./crux_output/comet_10197_2_3	1.613360	0.701961	0.835141	R.AGALLDRHDSR.V	CUFF.16082.1_2+	CUFF.16082.3_1+	CUFF.16082.2_2+	CUFF.16082.4_3+	AGAP000153-RA_3+
./crux_output/comet_9872_2_3	1.612074	0.701961	0.835141	R.KCVCVCVCFR.H	CUFF.2441.4_2+	CUFF.2441.5_2+	CUFF.2441.6_3+	CUFF.2441.1_3+	CUFF.2441.2_2+	CUFF.2441.3_1+
./crux_output/comet_9165_2_3	1.610936	0.701961	0.835141	R.KFSLSYPLTK.A	CUFF.12309.4_2+	AGAP010304-RA_1+	CUFF.12309.1_3+	CUFF.12309.5_1+	AGAP010304-RB_1+
./crux_output/comet_9253_4_1	1.601302	0.708812	0.835141	R.RGSNSVDMLQTGCVGIQW.A	AGAP008577-RA_3+	CUFF.10113.10_2+	CUFF.10113.11_1+	CUFF.10113.2_3+	CUFF.10113.5_3+
./crux_output/comet_5342_3_5	1.597321	0.708812	0.835141	K.GDSGIENDFRK.D	AGAP012181-PA	AGAP012181-PB	ACOM026467-PA	AGAP012181-RA_1+	CUFF.9118.2_2+	CUFF.9118.1_2+
./crux_output/comet_4359_3_4	1.596986	0.708812	0.835141	R.DEAPSRPGAASSR.A	AGAP006839-RA_2+
./crux_output/comet_10334_2_1	1.596892	0.708812	0.835141	R.ANHASITR.W	CUFF.10228.1_1+	CUFF.10228.2_1+
./crux_output/comet_8291_2_1	1.595289	0.708812	0.835141	Y.LYCLDNFPDCK.R	CUFF.5757.11_1+	CUFF.5757.1_2+
./crux_output/comet_5518_2_4	1.594330	0.708812	0.835141	R.QGWTGHER.W	CUFF.4638.1_2+	CUFF.4638.2_1+	CUFF.4638.3_1+	CUFF.4638.4_2+	AGAP002915-RA_3+
./crux_output/comet_8703_3_3	1.590668	0.709924	0.835141	K.KSGYENLCCLR.C	AGAP002301-PA	ACOM037224-PA	AGAP002301-RA_1+
./crux_output/comet_9298_3_1	1.581915	0.716912	0.835141	R.YFQSPHSTMT.S	AGAP029560-PA	CUFF.9160.2_3+	CUFF.9160.4_3+	CUFF.9160.3_3+	AGAP012223-RA_3+
./crux_output/comet_7462_2_3	1.581205	0.716912	0.835141	R.TTTVMAVR.D	AGAP000467-PA	AGAP000467-PB	ACOM038723-PA	CUFF.16784.4_1+	CUFF.16784.1_1+	CUFF.16784.2_3+	CUFF.16784.3_3+	AGAP000467-RA_1+
./crux_output/comet_8911_2_3	1.577529	0.716912	0.835141	K.QATQFRMLR.F	CUFF.9975.1_2+	CUFF.9975.3_1+	CUFF.9975.2_3+	CUFF.9975.4_1+
./crux_output/comet_9284_2_1	1.572071	0.716912	0.835141	R.QEVLFALLL.S	CUFF.6205.6_1+	CUFF.6205.7_3+	CUFF.6205.5_1+	CUFF.6205.2_1+	CUFF.6205.3_3+	CUFF.6205.1_3+
./crux_output/comet_7883_3_1	1.572065	0.716912	0.835141	Q.CTFWELFHNFHIFCCAR.R	CUFF.5785.18_1+	CUFF.5785.19_2+	CUFF.5785.14_1+	CUFF.5785.17_1+
./crux_output/comet_5333_2_5	1.563388	0.716912	0.835141	R.TATHPGRVR.Q	AGAP006878-RA_2+
./crux_output/comet_7330_3_1	1.561133	0.716912	0.835141	K.QHAAAKVAAAASFYQ.N	AGAP005631-RA_1+
./crux_output/comet_5303_3_2	1.558590	0.716912	0.835141	K.TTTESVGGTGGQSSV.M	sp|Q08746|RRS1_YEAST
./crux_output/comet_5024_3_1	1.556501	0.716912	0.835141	T.DEEDDSDSEAEGINR.E	AGAP009067-PA	ACOM027325-PA	AGAP009067-RA_3+	CUFF.10661.1_2+
./crux_output/comet_5715_2_1	1.554980	0.716912	0.835141	R.HVEHLVVSV.I	TCONS_00030302_3+
./crux_output/comet_6977_2_1	1.551543	0.717687	0.835141	K.LYTNLMK.K	AGAP002523-PA	ACOM036856-PA	CUFF.4259.1_3+	AGAP002523-RA_1+
./crux_output/comet_8973_2_2	1.548460	0.717687	0.835141	K.KMADFSRLDSR.S	AGAP004835-PA	ACOM038281-PA	AGAP004835-RA_1+	CUFF.422.2_1+	CUFF.422.3_2+	CUFF.422.1_2+
./crux_output/comet_9184_3_1	1.546446	0.717687	0.835141	R.HNSWYCCCCCC.C	CUFF.5764.5_2+	CUFF.5764.4_3+	CUFF.5764.7_2+	CUFF.5764.6_2+	CUFF.5764.1_2+	CUFF.5764.3_2+	CUFF.5764.2_2+	CUFF.5764.9_1+	CUFF.5764.8_1+	CUFF.5764.11_3+	CUFF.5764.10_3+	CUFF.5764.12_1+
./crux_output/comet_4565_2_4	1.541599	0.717687	0.835141	R.RAADRGNAR.F	AGAP004703-RA_1+
./crux_output/comet_6333_2_2	1.529904	0.717687	0.835141	R.AVCIGSLSYTR.S	CUFF.6298.1_2+	AGAP004588-RA_3+
./crux_output/comet_10356_2_4	1.529176	0.717687	0.835141	R.TDAFTESSER.E	AGAP001523-PA	ACOM034253-PA	CUFF.3296.1_3+	CUFF.3296.4_2+	AGAP001523-RA_1+	CUFF.3296.3_2+
./crux_output/comet_8152_3_4	1.528988	0.717687	0.835141	R.TGHASGGVVWQQACGGK.X	CUFF.1525.3_1+	CUFF.1525.1_2+	CUFF.1525.4_2+
./crux_output/comet_10222_3_1	1.526370	0.717687	0.835141	R.QQNEQRPLFGDSGANGSFSLP.V	AGAP008930-RA_3+
./crux_output/comet_10328_4_1	1.525591	0.717687	0.835141	R.VSGYEDYYVWQDPKPGTERDPP.N	AGAP012400-PA	ACOM042578-PA	AGAP012400-RA_3+
./crux_output/comet_9146_2_3	1.519745	0.717687	0.835141	R.EDDDDDDDDD.G	AGAP005288-PA	ACOM027817-PA	CUFF.939.7_3+	AGAP005288-RA_1+	CUFF.939.9_1+	CUFF.939.3_1+	CUFF.939.2_3+
./crux_output/comet_6927_3_1	1.519649	0.717687	0.835141	S.TAFVCSWTER.R	CUFF.9691.1_3+	AGAP008074-RA_1+
./crux_output/comet_8159_4_1	1.518961	0.717687	0.835141	R.QFVANHSERTAVATGTK.W	CUFF.7277.1_3+	AGAP010641-RA_2+
./crux_output/comet_5786_2_4	1.516637	0.717687	0.835141	K.QVNYTVW.-	AGAP000169-RA_3+	CUFF.16007.1_1+
./crux_output/comet_8487_3_3	1.516291	0.717687	0.835141	K.CYSAGMFCSTPPF.L	CUFF.10153.1_2+	CUFF.10153.2_2+	CUFF.10153.3_3+
./crux_output/comet_7449_4_4	1.514801	0.717687	0.835141	K.TNDRRTLHKPFLTPFLYK.K	CUFF.17098.3_2+	CUFF.17098.2_2+	CUFF.17098.1_1+
./crux_output/comet_5262_3_3	1.512329	0.717687	0.835141	R.HHHLQHQQQQEEL.Q	AGAP009144-PA	AGAP009144-RA_1+	CUFF.10818.8_1+	CUFF.10818.9_3+	CUFF.10818.7_1+	CUFF.10818.2_3+	CUFF.10818.3_2+	CUFF.10818.1_1+	CUFF.10818.5_3+
./crux_output/comet_5917_2_1	1.511006	0.717687	0.835141	R.HVILSTQPP.Q	AGAP009522-PA	ACOM032446-PA	CUFF.11227.10_3+	AGAP009522-RA_1+	CUFF.11227.8_1+	CUFF.11227.11_2+	CUFF.11227.3_1+	CUFF.11227.2_1+	CUFF.11227.4_1+	CUFF.11227.7_1+	CUFF.11227.9_1+
./crux_output/comet_10618_3_1	1.510958	0.717687	0.835141	K.SAECTGSKQQCQLPTDSS.H	sp|P32900|SKG6_YEAST
./crux_output/comet_8746_3_2	1.509817	0.717687	0.835141	R.WPWTMHGPST.K	CUFF.3444.2_2+	AGAP001694-RA_2+
./crux_output/comet_8832_2_2	1.504428	0.717687	0.835141	M.ENEHSIANNLL.-	AGAP009078-PA	ACOM027344-PA
./crux_output/comet_8181_3_1	1.503868	0.717687	0.835141	D.LYTCFDSIVENFDVYK.V	AGAP003283-PA	AGAP012597-PA	ACOM035796-PA	AGAP012597-RA_1+	AGAP003283-RA_1+	CUFF.5078.3_1+	CUFF.5078.2_2+	CUFF.5078.5_2+	CUFF.5078.4_3+	CUFF.5078.7_3+	CUFF.5078.6_1+
./crux_output/comet_9495_4_2	1.502502	0.717687	0.835141	R.LCQFGGSCIFNTLNEILLSFSF.T	CUFF.4929.1_3+	CUFF.4929.3_3+	CUFF.4929.2_1+	AGAP012981-RA_2+
./crux_output/comet_9175_3_1	1.496835	0.728814	0.835141	K.AAGCSCGSIGTMW.A	AGAP003503-RA_2+
./crux_output/comet_5797_4_1	1.489046	0.730640	0.835141	L.QVGSFSSEGKQTVFEK.I	TCONS_00040105_1+
./crux_output/comet_6634_3_1	1.486591	0.730640	0.835141	Y.SSSSTVYSGGESTADK.T	sp|P41809|HKR1_YEAST
./crux_output/comet_7085_2_1	1.483876	0.734899	0.835141	R.INSNNNNNNNNKP.C	CUFF.15931.12_3+	CUFF.15931.11_3+	CUFF.15931.16_3+	CUFF.15931.18_1+	CUFF.15931.17_3+	CUFF.15931.8_2+	CUFF.15931.5_3+	CUFF.15931.4_3+	CUFF.15931.20_3+	CUFF.15931.21_1+	CUFF.15931.2_2+
./crux_output/comet_7641_2_1	1.460313	0.745399	0.835141	T.TTTMTTLGR.Q	CUFF.16863.2_1+	CUFF.16863.3_2+	CUFF.16863.6_2+	CUFF.16863.4_2+	CUFF.16863.1_1+	CUFF.16863.5_1+
./crux_output/comet_7544_2_1	1.456764	0.745399	0.835141	S.TANGPQCIR.S	AGAP013007-RA_3+	CUFF.4192.1_3+
./crux_output/comet_7180_4_2	1.452849	0.745399	0.835141	R.WAGNANELNAAYAADGYAR.I	sp|P26263|PDC6_YEAST	sp|P16467|PDC5_YEAST	sp|P06169|PDC1_YEAST
./crux_output/comet_7752_2_2	1.451655	0.745399	0.835141	R.AASSSASFCCRR.X	AGAP008488-RA_2+	CUFF.10038.1_1+	CUFF.10038.2_3+
./crux_output/comet_8160_2_1	1.451072	0.745399	0.835141	R.DLCLCVYVCVSV.C	CUFF.16792.1_2+
./crux_output/comet_7287_2_2	1.450390	0.745399	0.835141	V.IPILLIVILIVRYK.I	ACOM037803-PA
./crux_output/comet_8985_3_2	1.448609	0.745399	0.835141	R.AGAAAGWGSCECGR.L	AGAP008928-RA_3+	CUFF.10472.1_2+
./crux_output/comet_6711_2_1	1.447520	0.745399	0.835141	V.QCARPDER.A	AGAP004000-RA_3+	CUFF.5749.8_3+	CUFF.5749.2_2+	CUFF.5749.3_3+	CUFF.5749.1_2+	CUFF.5749.6_2+	CUFF.5749.7_1+	CUFF.5749.4_3+	CUFF.5749.5_3+
./crux_output/comet_5977_2_1	1.443179	0.745399	0.835141	R.WHHPTPIPP.A	CUFF.10591.3_1+	CUFF.10591.1_3+
./crux_output/comet_6288_3_1	1.438055	0.745399	0.835141	P.ITQQYFQADAR.H	CUFF.12373.2_3+	CUFF.12373.1_2+
./crux_output/comet_10567_4_4	1.435396	0.745399	0.835141	R.THAPDSIGKVNCGMKLDNER.C	CUFF.5282.1_2+	CUFF.5282.3_2+
./crux_output/comet_9735_3_1	1.435102	0.745399	0.835141	R.TDRGLDGQSERPGR.T	CUFF.7517.1_2+	AGAP010850-RA_3+
./crux_output/comet_8209_2_1	1.430574	0.745399	0.835141	G.GYDDDEWCSGSK.A	CUFF.8376.3_1+	CUFF.8376.1_2+	CUFF.8376.2_2+
./crux_output/comet_6775_3_3	1.430518	0.745399	0.835141	E.EDKLDSMEPDAPNEPMADDR.L	AGAP007989-PA	CUFF.9601.1_3+
./crux_output/comet_10568_4_1	1.429121	0.745399	0.835141	R.RMMDPSEGSSALTQTKYIER.V	AGAP001168-PA	ACOM043163-PA	AGAP001168-RB_1+	AGAP001168-RA_2+	CUFF.3007.1_1+	CUFF.3007.3_1+	CUFF.3007.2_3+
./crux_output/comet_7716_3_1	1.428532	0.745399	0.835141	R.CCQCCGPGPARSS.S	AGAP001035-RA_2+	CUFF.17501.1_3+
./crux_output/comet_9660_2_1	1.426293	0.745399	0.835141	A.VTVGIGSAK.L	TCONS_00003916_3+
./crux_output/comet_6069_2_5	1.425028	0.745399	0.835141	R.AAGGGVDPRR.W	AGAP013509-RA_3+
./crux_output/comet_5772_2_4	1.420022	0.745399	0.835141	R.CAVCPCARER.E	AGAP000079-RA_3+	CUFF.15873.1_2+
./crux_output/comet_6616_3_1	1.414854	0.745399	0.835141	P.SCFSQLNSHLIK.L	CUFF.10607.2_1+	CUFF.10607.3_3+	CUFF.10607.5_1+	CUFF.10607.6_1+	CUFF.10607.1_1+
./crux_output/comet_7941_2_1	1.414791	0.745399	0.835141	R.AACDSSDEDDAN.G	CUFF.849.1_2+	AGAP005230-RA_1+
./crux_output/comet_10288_2_1	1.414001	0.745399	0.835141	P.KGESRSGK.G	CUFF.10017.1_1+	AGAP008515-RA_1+
./crux_output/comet_9944_3_2	1.410319	0.745399	0.835141	R.GCGNGTASAPTPPAP.P	ACOM025947-PA
./crux_output/comet_6059_2_2	1.410278	0.745399	0.835141	K.QYSPLFASSK.R	CUFF.7679.1_2+
./crux_output/comet_8192_2_5	1.402631	0.745399	0.835141	K.GCCFCCCC.T	CUFF.8000.2_3+	CUFF.8000.1_3+
./crux_output/comet_4859_3_2	1.399046	0.745399	0.835141	R.ATTNHTTATTCW.M	TCONS_00016335_3+
./crux_output/comet_8968_2_1	1.398493	0.745399	0.835141	C.YIDMAEMVDTEK.K	AGAP004854-PA	ACOM038290-PA	AGAP004854-RA_2+
./crux_output/comet_8616_2_1	1.396127	0.745399	0.835141	R.MQLFYATVS.L	TCONS_00003917_1+	TCONS_00003916_3+
./crux_output/comet_7946_2_1	1.385828	0.749235	0.835141	K.MFTFLLN.F	TCONS_00039760_2+
./crux_output/comet_6176_3_1	1.381843	0.751515	0.835141	R.GAESRGSSAEQFYVW.C	CUFF.11514.3_1+	CUFF.11514.4_2+	AGAP009752-RA_2+	CUFF.11514.1_1+
./crux_output/comet_8038_2_1	1.381716	0.751515	0.835141	K.LCIDSLVADA.L	CUFF.17375.4_3+
./crux_output/comet_8817_3_5	1.378682	0.751515	0.835141	C.IGEQQFAPNNAIEK.Y	CUFF.3124.4_2+
./crux_output/comet_6253_4_1	1.376759	0.752266	0.835141	R.QPSATVQHQDVALEQP.G	AGAP005943-RA_3+	CUFF.1556.1_3+	CUFF.1556.2_3+	CUFF.1556.3_3+	CUFF.1556.4_2+	CUFF.1556.6_2+
./crux_output/comet_10332_4_1	1.366485	0.760479	0.835141	R.TSDNTQNAQKPSLHFRPGE.T	AGAP000995-RA_2+
./crux_output/comet_5883_2_5	1.361673	0.760479	0.835141	K.GCTCGPIRGPR.G	CUFF.15927.2_3+	CUFF.15927.1_1+
./crux_output/comet_6483_2_5	1.360714	0.760479	0.835141	-.MSGSTESKK.Q	sp|P40487|DPH1_YEAST
./crux_output/comet_4579_3_2	1.356580	0.761194	0.835141	R.TCAFQWSSLSLT.F	CUFF.5535.3_2+
./crux_output/comet_7724_2_3	1.345689	0.766962	0.835141	K.VLSEYSNLR.K	sp|Q12493|NKP1_YEAST
./crux_output/comet_9503_2_1	1.341968	0.766962	0.835141	R.AESDSADHRAR.E	AGAP002238-PA	AGAP002238-PB	ACOM041994-PA	CUFF.3986.5_1+	CUFF.3986.4_1+	CUFF.3986.2_1+	CUFF.3986.8_1+	AGAP002238-RB_1+
./crux_output/comet_7354_2_3	1.339109	0.766962	0.835141	K.DEDDDEDDDD.D	sp|P27692|SPT5_YEAST
./crux_output/comet_6508_2_2	1.338542	0.766962	0.835141	S.TVEKNEYPK.A	AGAP003808-PA	ACOM034826-PA	AGAP003808-RA_1+
./crux_output/comet_10199_3_1	1.332583	0.771014	0.835141	R.GATHQSNAAGDDREGR.S	CUFF.10872.1_1+	AGAP009239-RA_3+
./crux_output/comet_10627_4_2	1.328930	0.771014	0.835141	F.FAQFSSSLQSPQSLSPSHR.N	ACOM041023-PA
./crux_output/comet_8445_3_1	1.325598	0.771014	0.835141	R.DRDEDEEDDEEGVEEAENR.R	AGAP001895-PA	AGAP001895-PB	ACOM023689-PA	CUFF.3662.4_1+	CUFF.3662.1_3+	CUFF.3662.2_2+	CUFF.3662.3_3+	AGAP001895-RA_1+
./crux_output/comet_7274_3_1	1.322642	0.771014	0.835141	K.AGAFAMGAGTALISPEA.A	sp|P41735|COQ7_YEAST
./crux_output/comet_8900_3_4	1.322492	0.771014	0.835141	R.CPKHGCWPVRFHR.C	CUFF.7775.1_2+	CUFF.7775.3_3+	CUFF.7775.2_2+	AGAP011079-RA_1+
./crux_output/comet_9389_2_1	1.322254	0.771014	0.835141	R.WAGWATRTVP.P	CUFF.2229.1_2+	CUFF.2229.2_2+	CUFF.2229.3_2+	AGAP006741-RA_2+
./crux_output/comet_7874_2_1	1.317886	0.771186	0.835141	F.SAESFEQALER.E	AGAP001715-PA	ACOM043207-PA	AGAP001715-RA_1+
./crux_output/comet_7183_2_1	1.311482	0.771186	0.835141	R.AAPGGAVVTNG.N	AGAP008046-PA	ACOM030617-PA	AGAP008046-RA_3+	CUFF.9675.4_1+	CUFF.9675.5_1+	CUFF.9675.2_1+	CUFF.9675.3_1+	CUFF.9675.1_2+
./crux_output/comet_7319_3_3	1.310111	0.771186	0.835141	R.SSELEVSTYSAK.D	CUFF.5908.4_2+	CUFF.5908.1_3+	CUFF.5908.3_1+	CUFF.5908.2_1+
./crux_output/comet_4408_2_1	1.305635	0.771186	0.835141	R.CAGSEAQSHE.G	CUFF.1516.1_1+	AGAP005940-RB_3+	AGAP005940-RA_3+
./crux_output/comet_5217_2_1	1.305610	0.771186	0.835141	K.HTHTVCVLSV.V	CUFF.11104.2_1+
./crux_output/comet_8226_3_3	1.305034	0.771186	0.835141	G.AAGAEGFHHDVHHR.R	CUFF.4602.6_3+	CUFF.4602.5_1+	CUFF.4602.4_1+	CUFF.4602.3_1+	CUFF.4602.2_2+	CUFF.4602.1_2+	CUFF.4602.8_2+	CUFF.4602.7_2+	AGAP002886-RB_3+	AGAP002886-RA_3+
./crux_output/comet_10598_3_1	1.304635	0.771186	0.835141	F.VCFSINVHLIDSI.-	AGAP003785-RC_3+	AGAP003785-RD_3+
./crux_output/comet_6733_2_1	1.302056	0.771186	0.835141	R.STPGSYGGTVPA.V	CUFF.9836.4_2+	CUFF.9836.2_1+	CUFF.9836.1_3+	AGAP008221-RA_2+
./crux_output/comet_9065_3_1	1.298828	0.771186	0.835141	R.YGDGTNGTAATAHGPTAT.N	CUFF.4205.1_3+	AGAP002490-RA_3+
./crux_output/comet_8879_2_2	1.284620	0.782609	0.835141	K.ADYMTPIK.E	sp|P41695|BUB1_YEAST
./crux_output/comet_9815_3_1	1.279128	0.782609	0.835141	I.CFVSNEFYSLTGFNK.N	sp|P42950|GSM1_YEAST
./crux_output/comet_8340_2_2	1.273031	0.782609	0.835141	S.AGATTSITTR.A	AGAP009074-RA_2+	CUFF.10732.5_3+	CUFF.10732.4_3+	CUFF.10732.7_1+	CUFF.10732.6_1+	CUFF.10732.3_1+	CUFF.10732.8_1+	CUFF.10732.2_2+	CUFF.10732.1_2+
./crux_output/comet_6647_3_1	1.271401	0.782609	0.835141	R.TSATWVPASVSCW.T	CUFF.8592.3_3+	CUFF.8592.2_1+	CUFF.8592.1_1+	CUFF.8592.4_3+	AGAP011627-RA_1+
./crux_output/comet_9913_3_5	1.270545	0.782609	0.835141	K.QICEAYFKQTCEAFLK.A	TCONS_00006604_2+
./crux_output/comet_7779_3_1	1.264868	0.782609	0.835141	R.DREYRGGGGGGGGR.G	AGAP002908-PA	ACOM037502-PA	AGAP002908-RA_1+	CUFF.4590.1_1+	CUFF.4590.3_1+	CUFF.4590.2_1+
./crux_output/comet_7758_2_2	1.264721	0.782609	0.835141	R.ATSTSSVATRS.T	AGAP002291-RA_2+	CUFF.4002.1_1+
./crux_output/comet_9240_3_1	1.259446	0.782609	0.835141	R.RNVDGCTSDAMLYHTQN.P	CUFF.1528.1_2+
./crux_output/comet_10329_2_1	1.255398	0.782609	0.835141	R.RLEPAGPGQ.P	CUFF.1950.2_2+	CUFF.1950.1_3+	AGAP006444-RA_3+
./crux_output/comet_7571_3_5	1.254914	0.782609	0.835141	R.QFAMSDICLLR.N	AGAP005906-PA	ACOM042520-PA	AGAP005906-RA_3+
./crux_output/comet_10141_3_1	1.252831	0.782609	0.835141	G.CANPASNPVCNGVER.V	ACOM036941-PA
./crux_output/comet_9585_2_2	1.251296	0.782609	0.835141	K.DFCDFPEEASCE.R	AGAP009830-PA	AGAP009830-RA_1+
./crux_output/comet_9570_2_3	1.248044	0.782609	0.835141	R.DSWTMYRTR.N	AGAP012140-RA_2+
./crux_output/comet_5945_2_2	1.247059	0.782609	0.835141	R.QGVAEPAGPA.D	CUFF.16034.3_1+	AGAP000171-RA_3+	CUFF.16034.2_3+	CUFF.16034.1_3+
./crux_output/comet_10212_3_3	1.238818	0.782609	0.835141	V.LSLQPPQAGGSLGR.A	CUFF.1658.9_2+
./crux_output/comet_8150_2_1	1.237517	0.782609	0.835141	V.ISSRTISAR.T	CUFF.3198.1_2+	CUFF.3198.3_2+
./crux_output/comet_4473_3_2	1.237454	0.782609	0.835141	R.AGTYARASTSPAR.A	AGAP000926-RA_2+	AGAP000926-RB_2+	CUFF.17140.13_2+	CUFF.17140.9_2+	CUFF.17140.4_2+	CUFF.17140.7_2+	CUFF.17140.6_2+	CUFF.17140.3_3+	CUFF.17140.8_1+	CUFF.17140.5_2+	CUFF.17140.15_1+	CUFF.17140.14_2+	CUFF.17140.11_1+	CUFF.17140.10_1+
./crux_output/comet_7412_2_2	1.236740	0.782609	0.835141	K.RKVVVLLLPLPPLVL.V	CUFF.8400.2_3+	CUFF.8400.1_3+
./crux_output/comet_6850_2_1	1.227662	0.782609	0.835141	R.KGDITYTILG.K	CUFF.16123.3_3+	CUFF.16123.1_2+
./crux_output/comet_7457_3_1	1.227261	0.782609	0.835141	R.QHGHRDGGGPVSV.Q	AGAP006956-RA_3+
./crux_output/comet_5451_3_5	1.224845	0.782609	0.835141	R.LGQQRWQLGR.Q	AGAP002374-RA_3+	CUFF.4100.1_2+
./crux_output/comet_4223_3_2	1.220141	0.782609	0.835141	R.YVFSACVCDCIAD.G	AGAP010298-RA_2+
./crux_output/comet_9385_4_2	1.219917	0.782609	0.835141	K.ANYLREFIAFIPPSNDTIAC.L	CUFF.15803.1_1+
./crux_output/comet_8106_2_2	1.219061	0.782609	0.835141	R.QALLPMHR.A	AGAP006024-PA	ACOM024810-PA	AGAP006024-RA_2+	CUFF.1594.4_3+	CUFF.1594.2_2+	CUFF.1594.3_1+	CUFF.1594.1_1+
./crux_output/comet_7086_3_2	1.217603	0.782609	0.835141	K.IFSGEYDNPTLEF.E	AGAP004546-PA	ACOM029576-PA	CUFF.6220.1_2+	CUFF.6220.2_1+	AGAP004546-RA_3+
./crux_output/comet_8896_2_3	1.217508	0.782609	0.835141	K.AGSEDRER.E	CUFF.1694.1_2+
./crux_output/comet_5789_2_1	1.216925	0.782609	0.835141	K.QNNQPTNR.N	CUFF.496.3_2+	CUFF.496.2_1+	CUFF.496.1_1+	CUFF.496.7_1+	CUFF.496.6_2+	CUFF.496.5_3+	CUFF.496.4_1+
./crux_output/comet_5919_3_1	1.216468	0.782609	0.835141	R.SSSSSSNLYCTIA.R	CUFF.6205.6_2+	CUFF.6205.7_1+	CUFF.6205.5_2+	CUFF.6205.2_2+	CUFF.6205.3_1+	CUFF.6205.1_1+
./crux_output/comet_10645_2_1	1.215603	0.782609	0.835141	R.NTAHVLR.A	AGAP009268-RA_2+
./crux_output/comet_5561_2_5	1.207357	0.782609	0.835141	K.AGTTAVQR.A	CUFF.5831.1_3+
./crux_output/comet_7646_2_1	1.202021	0.782609	0.835141	Q.ANNKHTCER.E	CUFF.1256.1_2+	CUFF.1256.6_2+	CUFF.1256.4_3+	CUFF.1256.3_1+	CUFF.1256.2_2+	CUFF.1256.5_1+
./crux_output/comet_5599_2_4	1.200602	0.782609	0.835141	R.ASPHPSTGAR.W	AGAP002902-RA_3+	CUFF.4571.2_1+	CUFF.4571.1_3+	CUFF.4571.4_1+	CUFF.4571.5_3+
./crux_output/comet_9763_3_4	1.198433	0.782609	0.835141	K.GEEDYEGEEDEEDEE.D	AGAP005555-PA	ACOM039000-PA	CUFF.1110.2_3+	CUFF.1110.1_3+	AGAP005555-RA_1+
./crux_output/comet_9222_2_1	1.197921	0.782609	0.835141	R.GGGGWSGSDGYSYPER.X	AGAP006601-RA_3+	AGAP006601-RB_3+	CUFF.2074.4_1+	CUFF.2074.5_1+	CUFF.2074.1_3+	CUFF.2074.2_3+	CUFF.2074.3_1+	CUFF.2074.8_3+	CUFF.2074.9_3+
./crux_output/comet_4887_2_2	1.196885	0.782609	0.835141	K.QTNRPTK.K	CUFF.4045.2_3+	CUFF.4045.1_3+
./crux_output/comet_9436_3_4	1.196603	0.782609	0.835141	R.SVCGAGVKMEQAK.D	CUFF.3804.2_2+	CUFF.3804.3_2+	CUFF.3804.1_3+
./crux_output/comet_5222_4_1	1.195888	0.782609	0.835141	R.QLDQQQQYCKQQP.R	CUFF.9199.1_2+	AGAP012282-RA_3+
./crux_output/comet_9289_2_3	1.194750	0.782609	0.835141	K.GATGAGGAGSAGGGGGGGGGGGGGGG.A	AGAP006089-PA	AGAP006089-PB	CUFF.1702.5_2+	CUFF.1702.4_2+	CUFF.1702.7_1+	CUFF.1702.6_1+	CUFF.1702.1_1+	CUFF.1702.3_2+	CUFF.1702.2_2+
./crux_output/comet_7095_2_1	1.192814	0.782609	0.835141	K.NITFKPL.I	CUFF.6046.1_2+
./crux_output/comet_8940_3_1	1.188188	0.782609	0.835141	P.MPRLPLTSGETADDDR.C	TCONS_00023162_3+
./crux_output/comet_9229_2_4	1.183466	0.782609	0.835141	R.ITDGTFGVR.D	ACOM030070-PA	CUFF.9900.1_2+	AGAP008362-RA_1+
./crux_output/comet_8081_2_1	1.175089	0.782609	0.835141	K.EFMNQART.E	sp|P53723|YN8B_YEAST
./crux_output/comet_8113_3_4	1.172604	0.782609	0.835141	K.TTYYYCTVAGW.Y	CUFF.651.3_2+	CUFF.651.1_2+	CUFF.651.6_2+	CUFF.651.7_2+	CUFF.651.4_3+	CUFF.651.5_2+	CUFF.651.8_1+	CUFF.651.9_3+	CUFF.651.10_2+	CUFF.651.2_3+
./crux_output/comet_9832_2_3	1.171214	0.782609	0.835141	R.LMEMSANSTEQFV.-	AGAP000291-PA	ACOM029052-PA	AGAP000291-RA_1+
./crux_output/comet_8744_2_1	1.168980	0.782609	0.835141	R.ENDDADED.S	AGAP007027-PA	ACOM031395-PA	CUFF.2428.1_1+	AGAP007027-RA_2+
./crux_output/comet_6208_3_1	1.168075	0.782609	0.835141	K.NASQCCNTCQE.V	AGAP012144-PA	ACOM026509-PA	AGAP012144-RA_1+
./crux_output/comet_8954_2_1	1.167503	0.782609	0.835141	S.LDDGGGARPGGGGGR.T	CUFF.2731.1_1+	AGAP007439-RA_3+
./crux_output/comet_9493_4_1	1.166671	0.782609	0.835141	V.CVFACVCPTEGWLDAIK.H	CUFF.9009.6_2+
./crux_output/comet_6285_3_1	1.163483	0.782609	0.835141	T.SSSVATFNTSTNK.K	AGAP007726-PA	AGAP007726-RA_1+	AGAP007726-RB_1+	CUFF.2941.5_3+	CUFF.2941.4_3+	CUFF.2941.1_2+	CUFF.2941.3_2+	CUFF.2941.2_1+
./crux_output/comet_6372_2_1	1.160880	0.782609	0.835141	R.AGADSGARVAGA.X	CUFF.8192.2_1+	CUFF.8192.1_1+
./crux_output/comet_9834_3_1	1.159092	0.782609	0.835141	Q.DTGACARPTLRGNR.F	CUFF.3784.6_2+	CUFF.3784.3_1+	CUFF.3784.5_1+	CUFF.3784.4_1+
./crux_output/comet_7595_2_1	1.158607	0.782609	0.835141	P.AETLQSAK.F	AGAP012367-RA_3+
./crux_output/comet_7289_2_4	1.156374	0.782609	0.835141	R.YKVYADR.Q	AGAP004970-RA_3+	CUFF.589.5_3+	CUFF.589.2_2+	CUFF.589.3_3+	CUFF.589.1_2+
./crux_output/comet_9157_4_1	1.152103	0.782609	0.835141	K.NPIDCNCLPNCDDSNFFIQAYVRIC.R	AGAP004474-PA	CUFF.6170.1_1+	AGAP004474-RA_1+
./crux_output/comet_8662_2_2	1.151230	0.782609	0.835141	R.AGGRGAAAGK.Q	AGAP000585-RA_3+	CUFF.16587.1_1+	CUFF.16587.3_2+	CUFF.16587.2_1+	CUFF.16587.4_2+
./crux_output/comet_4982_3_1	1.150185	0.782609	0.835141	K.CVCTKNQNAC.N	CUFF.3188.3_2+	CUFF.3188.1_1+
./crux_output/comet_9008_3_3	1.135522	0.782609	0.835141	R.KFSQDHASSNFSLYNK.S	AGAP005217-RA_1+
./crux_output/comet_8091_2_1	1.134703	0.782609	0.835141	D.ICTLPDTEK.Q	sp|P02769|ALBU_BOVIN
./crux_output/comet_7397_3_1	1.132627	0.782609	0.835141	F.LFCYLFHFR.F	CUFF.4398.6_3+	CUFF.4398.5_3+
./crux_output/comet_5327_3_1	1.132302	0.782609	0.835141	I.ATGGDSQVPTER.T	AGAP003746-RA_3+	CUFF.5428.1_1+
./crux_output/comet_8264_2_1	1.124160	0.782609	0.835141	R.QHQTHTHTLC.P	AGAP000675-RA_2+	AGAP000675-RC_2+	AGAP000675-RB_2+	CUFF.16689.1_3+	CUFF.16689.2_2+	CUFF.16689.3_2+
./crux_output/comet_8529_2_1	1.122819	0.782609	0.835141	R.ALDSEHDSRFK.Y	CUFF.9225.6_3+
./crux_output/comet_4671_2_4	1.122362	0.782609	0.835141	R.GGAARHVR.E	AGAP011092-RA_3+	CUFF.7825.1_2+	CUFF.7825.3_3+	DECOY_AGAP003323-RA_3+	DECOY_CUFF.5055.2_3+	DECOY_CUFF.5055.3_2+	DECOY_CUFF.5055.1_2+
./crux_output/comet_10475_3_2	1.121360	0.782609	0.835141	R.WRYRTITIISR.C	AGAP013298-RA_2+
./crux_output/comet_8956_2_4	1.120561	0.782609	0.835141	R.AGDASTAFSR.S	ACOM041133-PA
./crux_output/comet_5697_2_1	1.119915	0.782609	0.835141	R.MTADELASQE.L	AGAP004866-PA	ACOM038312-PA	CUFF.457.3_3+	CUFF.457.4_3+	AGAP004866-RA_1+
./crux_output/comet_9402_2_1	1.119182	0.782609	0.835141	S.AGEFMIRR.T	AGAP012332-PA	ACOM042580-PA	CUFF.9247.1_2+	CUFF.9247.3_3+	CUFF.9247.2_1+	CUFF.9247.4_2+	AGAP012332-RA_3+
./crux_output/comet_4678_3_1	1.118659	0.782609	0.835141	R.QHVLTAASCVM.N	AGAP006487-PA	ACOM039646-PA	AGAP006487-RA_1+
./crux_output/comet_7460_2_1	1.117442	0.782609	0.835141	E.EATPPEPGK.A	AGAP002760-PA	ACOM035464-PA	AGAP002760-RA_1+
./crux_output/comet_10142_3_1	1.117234	0.782609	0.835141	R.KVDPACLPKELGGTM.P	AGAP005553-PA	ACOM038996-PA	AGAP005553-RA_3+
./crux_output/comet_5505_2_2	1.116849	0.782609	0.835141	R.CYSNETVVD.P	CUFF.2846.3_3+	CUFF.2846.2_3+	CUFF.2846.1_3+	CUFF.2846.5_3+	CUFF.2846.4_3+
./crux_output/comet_9219_2_1	1.116089	0.782609	0.835141	K.TIIESLSGPM.S	AGAP000017-PA	AGAP000017-PB	AGAP000017-PC	CUFF.15855.1_1+	CUFF.15855.4_1+	AGAP000017-RA_1+	CUFF.15855.10_1+	CUFF.15855.2_1+	CUFF.15855.3_1+	CUFF.15855.5_2+	CUFF.15855.6_3+	CUFF.15855.7_2+	CUFF.15855.8_1+
./crux_output/comet_8008_2_3	1.114222	0.782609	0.835141	R.ASKHCAWR.X	AGAP003756-RA_2+
./crux_output/comet_7154_2_1	1.113896	0.782609	0.835141	R.HTKATTNCACG.X	AGAP009785-RA_1+	CUFF.11595.1_1+
./crux_output/comet_8938_2_3	1.112642	0.782609	0.835141	R.ACCCPCC.R	CUFF.9194.2_3+	CUFF.9194.3_3+	CUFF.9194.1_1+	CUFF.9194.4_2+	CUFF.9194.5_3+
./crux_output/comet_8917_3_1	1.112556	0.782609	0.835141	V.DSGYCTSDGGFDGK.R	ACOM029432-PA	CUFF.11870.3_1+	AGAP010012-RA_1+
./crux_output/comet_10604_4_4	1.107698	0.782609	0.835141	R.VYLILKTTVRLSHPAPMDLVLR.K	AGAP007592-PA	ACOM025863-PA	AGAP007592-RA_1+	CUFF.2845.4_1+	CUFF.2845.5_3+	CUFF.2845.6_2+	CUFF.2845.7_1+	CUFF.2845.1_3+	CUFF.2845.2_2+	CUFF.2845.3_2+
./crux_output/comet_5521_2_1	1.101893	0.782609	0.835141	K.FNFTAASST.A	AGAP002692-PA	ACOM036508-PA	CUFF.4415.1_3+	AGAP002692-RA_1+
./crux_output/comet_8167_3_2	1.100849	0.782609	0.835141	R.FSTVHWALCVPAGCT.A	AGAP000629-PA	CUFF.16538.2_2+	CUFF.16538.1_2+	AGAP000629-RA_1+
./crux_output/comet_6497_2_1	1.098528	0.782609	0.835141	K.WTYEDCVVS.C	AGAP009438-PA	ACOM032307-PA	AGAP009438-RA_2+
./crux_output/comet_8691_2_2	1.094446	0.782609	0.835141	E.AKELAAAER.C	AGAP008304-PA	ACOM030181-PA	AGAP008304-RA_1+	CUFF.9965.2_2+
./crux_output/comet_6290_3_5	1.091713	0.782609	0.835141	K.GLPFAGQIEER.X	CUFF.939.7_3+	AGAP005288-RA_3+	AGAP005288-RB_3+	AGAP005288-RC_3+	CUFF.939.9_1+	CUFF.939.3_1+	CUFF.939.2_3+	CUFF.939.1_2+	CUFF.939.6_2+	CUFF.939.4_3+	CUFF.939.13_1+	CUFF.939.12_3+	CUFF.939.11_2+
./crux_output/comet_7184_2_2	1.087595	0.782609	0.835141	R.TSDDVGKASAAA.A	CUFF.9490.1_1+
./crux_output/comet_7712_2_2	1.087568	0.782609	0.835141	R.QAEDEEGEEDGLELG.D	AGAP001424-RA_3+
./crux_output/comet_6415_3_3	1.083825	0.782609	0.835141	D.HASSNFSLYNK.S	AGAP005217-RA_1+
./crux_output/comet_8301_3_1	1.080129	0.782609	0.835141	R.VCLQGAVVKISSV.C	CUFF.11152.2_3+	CUFF.11152.1_3+
./crux_output/comet_10304_3_1	1.079725	0.782609	0.835141	R.QIIMNDYITSQQMQGRTSAAGGNG.A	AGAP029113-PA	AGAP004732-RA_3+	CUFF.349.4_1+	CUFF.349.5_2+	CUFF.349.1_1+	CUFF.349.2_1+	CUFF.349.3_1+
./crux_output/comet_6387_2_1	1.078945	0.782609	0.835141	K.SCSVNEDNGI.T	AGAP001113-PA	ACOM033670-PA	CUFF.2998.4_3+	CUFF.2998.2_2+	CUFF.2998.1_3+	AGAP001113-RA_1+
./crux_output/comet_9899_3_1	1.075672	0.782609	0.835141	H.PAAAAAHVHPSATSVK.X	CUFF.16102.3_2+	CUFF.16102.4_2+
./crux_output/comet_5968_2_1	1.074515	0.782609	0.835141	R.HVITPSQLP.N	AGAP006915-PA	ACOM031536-PA	AGAP006915-RA_2+
./crux_output/comet_9414_2_1	1.067647	0.782609	0.835141	K.QLHTAYNAPS.G	AGAP010393-PA	ACOM040825-PA	CUFF.6831.1_2+	CUFF.6831.3_2+	CUFF.6831.2_2+	AGAP010393-RA_3+
./crux_output/comet_6710_3_1	1.065155	0.782609	0.835141	T.TACRASRACR.R	CUFF.15880.8_2+	CUFF.15880.9_2+	AGAP000065-RA_2+	CUFF.15880.5_1+	CUFF.15880.6_2+	CUFF.15880.7_2+	CUFF.15880.11_2+
./crux_output/comet_8941_3_1	1.056552	0.782609	0.835141	R.LSLCGCVCAPVC.V	CUFF.3204.1_1+	CUFF.3204.3_2+
./crux_output/comet_9691_4_3	1.053075	0.782609	0.835141	N.STIQDGSWIYNWIVDEVR.S	CUFF.9824.2_2+	CUFF.9824.1_2+
./crux_output/comet_5646_2_3	1.051112	0.782609	0.835141	K.EGADDATDNGK.D	AGAP007112-PA	AGAP007112-RA_2+
./crux_output/comet_10268_4_1	1.047356	0.782609	0.835141	D.NYHKYLTCHGMQQYGSGSFR.T	CUFF.3469.3_1+	CUFF.3469.5_2+	CUFF.3469.4_1+	CUFF.3469.7_1+	CUFF.3469.6_1+	AGAP001690-RB_3+	CUFF.3469.2_1+	AGAP001690-RA_2+	CUFF.3469.15_3+	CUFF.3469.14_1+	CUFF.3469.17_2+	CUFF.3469.16_3+	CUFF.3469.11_1+	CUFF.3469.10_2+	CUFF.3469.13_1+	CUFF.3469.12_2+
./crux_output/comet_4795_2_2	1.044359	0.782609	0.835141	R.CAVKYTCDC.P	CUFF.17140.9_1+	CUFF.17140.8_3+	CUFF.17140.15_3+	CUFF.17140.11_1+	CUFF.17140.10_3+
./crux_output/comet_9688_2_5	1.041640	0.782609	0.835141	R.AAAGAAGAHDR.A	CUFF.17117.3_1+	CUFF.17117.2_1+	CUFF.17117.1_1+	AGAP000576-RA_3+
./crux_output/comet_8701_2_1	1.035887	0.782609	0.835141	K.LYQCEVC.Q	AGAP012410-PA	ACOM042574-PA	CUFF.9318.1_2+	AGAP012410-RA_1+
./crux_output/comet_9413_4_1	1.034023	0.782609	0.835141	K.CPVSFHTKEDTYELVS.T	AGAP004302-PA	CUFF.5978.2_1+	CUFF.5978.1_3+	AGAP004302-RA_1+
./crux_output/comet_7539_4_2	1.029871	0.782609	0.835141	G.GWNEGSASYSTMANSDLLR.A	AGAP011033-PB	ACOM022955-PA	AGAP011033-RA_1+
./crux_output/comet_4895_2_2	1.025327	0.782609	0.835141	-.LQCVHVCVGMC.A	CUFF.664.1_2+
./crux_output/comet_7021_3_1	1.021317	0.782609	0.835141	G.EWFPIDQLEPQAVSSGGR.L	AGAP003738-RA_2+
./crux_output/comet_10253_3_1	1.020543	0.782609	0.835141	K.CGNGCGIRSCTR.S	CUFF.1288.2_2+	CUFF.1288.1_3+	AGAP005738-RA_1+
./crux_output/comet_9939_2_1	1.019338	0.782609	0.835141	R.CCPGSCWSRSCS.C	AGAP000506-RA_2+
./crux_output/comet_8482_3_1	1.019283	0.782609	0.835141	K.RSANPQTNIAAC.H	CUFF.1663.1_2+
./crux_output/comet_10623_2_1	1.018051	0.782609	0.835141	M.LMGTTKR.G	sp|P39728|YAD7_YEAST
./crux_output/comet_8286_3_2	1.017075	0.782609	0.835141	H.SWTCDSWIVFNK.Q	AGAP002508-PA	AGAP002508-RA_1+
./crux_output/comet_7280_3_2	1.013484	0.782609	0.835141	R.WQHHQSDQSAAGQPREH.A	AGAP002032-RA_3+
./crux_output/comet_6517_2_1	1.005702	0.782609	0.835141	R.VYSNMCRVFSN.P	AGAP028253-RA_2+
./crux_output/comet_9409_2_1	1.005553	0.782609	0.835141	R.RCCCCCCCCC.S	CUFF.4584.2_3+	CUFF.4584.3_1+	CUFF.4584.1_3+	DECOY_CUFF.16570.1_1+
./crux_output/comet_10345_3_4	1.003301	0.782609	0.835141	K.QPDQGWTATFDFSIAD.A	sp|P20840|SAG1_YEAST
./crux_output/comet_6541_3_1	1.002434	0.782609	0.835141	T.SSVFHPGTEQSQQNK.H	TCONS_00006141_1+	TCONS_00006140_3+
./crux_output/comet_7689_3_2	1.001508	0.782609	0.835141	R.YCSAQAEHQHHN.D	AGAP008808-RA_3+
./crux_output/comet_8518_3_1	1.000878	0.782609	0.835141	V.YYLMYNYTKYGTYER.W	CUFF.2276.1_1+	CUFF.2276.2_1+
./crux_output/comet_10250_3_1	0.999687	0.782609	0.835141	A.KDISANTTTSFDETPSTEDEKPK.S	sp|Q06523|YP148_YEAST
./crux_output/comet_4790_2_2	0.997145	0.782609	0.835141	K.LVCRKACGGK.K	CUFF.9225.2_1+
./crux_output/comet_8320_2_1	0.996342	0.782609	0.835141	K.SCLSELYQW.N	AGAP003156-PA	ACOM035599-PA	AGAP003156-RA_1+
./crux_output/comet_5731_2_1	0.993958	0.782609	0.835141	K.QEDGGEQPL.R	sp|P49687|NU145_YEAST
./crux_output/comet_6357_2_1	0.986095	0.782609	0.835141	R.TTSATMCTSPTSV.W	CUFF.3754.2_1+	CUFF.3754.3_3+	CUFF.3754.1_1+	AGAP002015-RB_2+	AGAP002015-RA_2+
./crux_output/comet_10459_2_1	0.984507	0.782609	0.835141	R.FLLDYIAVMAGGGD.P	ACOM037745-PA
./crux_output/comet_5557_4_1	0.983332	0.782609	0.835141	Q.SEANIFDSIYISANK.N	sp|P53855|ATG2_YEAST
./crux_output/comet_6662_3_3	0.980508	0.782609	0.835141	R.GCTTEHEQLPLY.C	AGAP007729-PA	AGAP007729-RA_1+	CUFF.2939.1_3+	CUFF.2939.2_3+
./crux_output/comet_4740_2_5	0.979754	0.782609	0.835141	R.TNRTSSR.H	CUFF.11640.10_3+	AGAP009799-RA_3+	CUFF.17248.1_3+	CUFF.11640.4_2+	CUFF.11640.5_2+	CUFF.11640.6_3+	CUFF.11640.1_3+	CUFF.11640.2_3+	CUFF.11640.3_2+	CUFF.11640.9_2+	AGAP006601-RA_2+	AGAP006601-RB_2+	CUFF.17248.2_3+	CUFF.2074.4_3+	CUFF.2074.5_3+	CUFF.2074.1_2+	CUFF.2074.2_2+	CUFF.2074.3_3+	CUFF.2074.8_2+	CUFF.2074.9_2+
./crux_output/comet_7660_2_1	0.979014	0.782609	0.835141	R.GRDHGAGRVR.S	AGAP011800-RA_1+
./crux_output/comet_10617_2_1	0.977095	0.782609	0.835141	Q.EGKQFNNK.N	sp|P16523|MER1_YEAST
./crux_output/comet_10069_2_4	0.967185	0.782609	0.835141	-.CASASEWSK.F	CUFF.496.3_3+	CUFF.496.7_3+	CUFF.496.6_3+	CUFF.496.5_3+	CUFF.496.4_3+
./crux_output/comet_6192_4_2	0.965819	0.782609	0.835141	R.VRVCDSTGGLLSTDGR.K	CUFF.4840.2_3+	CUFF.4840.1_2+	AGAP003128-RA_3+
./crux_output/comet_6270_2_5	0.965085	0.782609	0.835141	K.GGGAKCSQNGK.K	CUFF.16402.2_1+	CUFF.16402.1_3+
./crux_output/comet_5862_2_1	0.962141	0.782609	0.835141	R.LSFAAAGNET.Q	AGAP010001-RA_2+
./crux_output/comet_10196_3_1	0.957835	0.782609	0.835141	R.YHYCSSVGNYF.A	CUFF.6272.1_1+	CUFF.6272.2_3+	CUFF.6272.3_3+
./crux_output/comet_7937_3_1	0.957232	0.782609	0.835141	R.AGTHTQKQQTYIA.Y	CUFF.2612.2_3+
./crux_output/comet_7379_2_1	0.952664	0.782609	0.835141	R.CQNGGTCDPVTGEC.V	AGAP007256-PA	ACOM025466-PA	AGAP007256-RA_1+	CUFF.2675.2_1+	CUFF.2675.1_1+	CUFF.2675.7_3+	CUFF.2675.6_3+
./crux_output/comet_9593_2_1	0.950882	0.782609	0.835141	R.NGPSGSGSGSGSGGSGGGGGGDV.A	AGAP003983-PA	AGAP003983-RA_1+
./crux_output/comet_9162_2_1	0.946696	0.782609	0.835141	K.TFRSSEMLN.E	AGAP009520-PA	ACOM032435-PA	CUFF.11135.1_2+	AGAP009520-RA_1+
./crux_output/comet_7305_2_1	0.940579	0.782609	0.835141	R.IPNSSNPASPDA.D	CUFF.6176.2_1+	CUFF.6176.1_1+	AGAP004469-RB_3+	AGAP004469-RA_2+
./crux_output/comet_10529_2_1	0.937247	0.782609	0.835141	-.MSENNEEQHQQQ.Q	sp|P32588|PUB1_YEAST
./crux_output/comet_8536_2_1	0.937186	0.782609	0.835141	R.DGPEPVPDVFGG.A	CUFF.1623.1_2+	AGAP006054-RA_1+
./crux_output/comet_9520_2_4	0.937113	0.782609	0.835141	K.FVCVYVCMCVW.Q	TCONS_00007935_2+
./crux_output/comet_10138_3_3	0.936844	0.782609	0.835141	K.HVVNPWSKSSFR.S	CUFF.1458.2_3+
./crux_output/comet_6138_2_1	0.935327	0.782609	0.835141	K.TNDLPPGWE.K	AGAP010456-PA	AGAP010456-PB	ACOM040909-PA	AGAP010456-RA_1+	CUFF.6972.3_2+	CUFF.6972.6_2+	CUFF.6972.5_1+	CUFF.6972.4_2+	CUFF.6972.2_1+
./crux_output/comet_8351_2_4	0.933923	0.782609	0.835141	K.VFSLTER.K	CUFF.3215.6_1+	CUFF.3215.4_3+	CUFF.3215.5_1+	CUFF.3215.1_1+
./crux_output/comet_5321_2_5	0.933586	0.782609	0.835141	K.QAYLQVK.L	CUFF.966.3_1+	CUFF.966.2_2+	CUFF.966.1_2+
./crux_output/comet_8060_2_1	0.929240	0.782609	0.835141	K.TNVEQNPSAG.E	CUFF.7935.3_2+	CUFF.7935.2_1+	CUFF.7935.1_1+
./crux_output/comet_9868_3_1	0.920181	0.782609	0.835141	K.NEIMWDKITKL.F	sp|P34111|TFC3_YEAST
./crux_output/comet_8336_3_2	0.918708	0.782609	0.835141	K.HPLYHEFWDLAF.L	CUFF.5764.5_2+	CUFF.5764.4_3+	CUFF.5764.7_2+	CUFF.5764.6_2+	CUFF.5764.1_2+	CUFF.5764.3_2+	CUFF.5764.2_2+	CUFF.5764.9_1+	CUFF.5764.8_1+	CUFF.5764.11_3+	CUFF.5764.10_3+	CUFF.5764.12_1+
./crux_output/comet_8502_2_1	0.917245	0.782609	0.835141	P.DDGYEEHGYGPGGR.A	AGAP010982-PA	ACOM022879-PA	CUFF.7646.1_1+
./crux_output/comet_7916_3_1	0.916418	0.782609	0.835141	R.FGSFREIETDLH.Y	AGAP010814-PA	AGAP010814-RA_1+	CUFF.7547.5_1+
./crux_output/comet_10081_2_5	0.916384	0.782609	0.835141	K.QQSIIRHDGAGR.C	CUFF.9669.8_2+	CUFF.9669.1_3+	CUFF.9669.3_3+	CUFF.9669.2_2+	CUFF.9669.5_3+	CUFF.9669.4_3+	CUFF.9669.7_3+	CUFF.9669.6_3+	AGAP008017-RA_3+	AGAP008017-RB_3+
./crux_output/comet_6487_3_5	0.913786	0.782609	0.835141	R.KWYELYMYK.Q	CUFF.2506.2_1+	CUFF.2506.1_3+
./crux_output/comet_10307_2_1	0.912812	0.782609	0.835141	R.DVHYRGQGPA.G	AGAP028403-RA_3+
./crux_output/comet_6323_2_1	0.912733	0.782609	0.835141	K.HISPNALMES.A	AGAP010192-PA	AGAP010192-PB	ACOM022543-PA	AGAP010192-RA_1+	CUFF.12042.1_3+
./crux_output/comet_10557_2_2	0.908842	0.782609	0.835141	R.QCCQQCCS.V	CUFF.8488.7_1+	CUFF.8488.6_1+	CUFF.8488.5_1+	CUFF.8488.9_2+	CUFF.8488.8_2+
./crux_output/comet_5834_2_4	0.908061	0.782609	0.835141	R.YNNMYQIV.I	CUFF.10083.6_3+
./crux_output/comet_5904_2_2	0.907649	0.782609	0.835141	K.WLLNSSQSTG.Q	AGAP001058-RA_1+
./crux_output/comet_8763_3_1	0.906790	0.782609	0.835141	R.LEDLKPWSVEEMEDEATVQEGTNEGE.K	ACOM029122-PA
./crux_output/comet_8925_2_5	0.905620	0.782609	0.835141	R.MHCVDYTPESGK.C	AGAP011666-PA	ACOM031804-PA	CUFF.8605.2_3+	CUFF.8605.3_2+	CUFF.8594.1_2+	CUFF.8594.2_2+	AGAP011667-RA_1+	AGAP011666-RA_1+
./crux_output/comet_10108_3_1	0.903570	0.782609	0.835141	H.DNQGYEDDEGIAESGM.-	AGAP004246-PC
./crux_output/comet_6524_2_1	0.898386	0.782609	0.835141	R.RVHSDSTGCGP.M	AGAP002732-PA	AGAP002732-PB	AGAP002732-PC	ACOM043228-PA	ACOM043228-PB	AGAP002732-RA_1+	CUFF.4503.4_1+	CUFF.4503.3_2+
./crux_output/comet_4949_2_2	0.898000	0.782609	0.835141	R.QFCYPSVC.E	CUFF.10824.1_1+
./crux_output/comet_10204_2_1	0.896950	0.782609	0.835141	K.EGEEEEDICQNVVS.G	CUFF.9263.1_3+	CUFF.9263.5_2+	CUFF.9263.4_3+	CUFF.9263.3_2+	CUFF.9263.2_3+
./crux_output/comet_8875_3_2	0.895764	0.782609	0.835141	R.TCGRATRTATTR.C	CUFF.10429.2_2+	CUFF.10429.1_1+	AGAP008851-RA_2+	CUFF.10429.3_3+
./crux_output/comet_5860_2_1	0.893937	0.782609	0.835141	K.QDDDAGCCE.D	AGAP029545-PA	ACOM042138-PA	AGAP002149-RA_3+	AGAP002149-RB_1+	CUFF.3949.3_3+	CUFF.3949.1_1+	CUFF.3949.4_2+
./crux_output/comet_9500_2_2	0.891216	0.782609	0.835141	N.FGPYNGNSFR.Q	CUFF.5573.1_1+
./crux_output/comet_10375_2_1	0.890907	0.782609	0.835141	K.NKDEAISNHGKK.R	AGAP010491-PA	ACOM041684-PA	AGAP010491-RA_1+
./crux_output/comet_9145_2_1	0.890354	0.782609	0.835141	C.ADVYSYR.A	TCONS_00033723_2+
./crux_output/comet_8588_2_2	0.889398	0.782609	0.835141	R.SVTESSRASSSS.Y	AGAP028511-PA	ACOM023099-PA	TCONS_00020330_3+	TCONS_00020331_1+	TCONS_00020329_3+
./crux_output/comet_10040_3_4	0.888255	0.782609	0.835141	R.CVQSIPQPLPQPYTMGG.C	CUFF.4000.3_3+	CUFF.4000.2_3+	CUFF.4000.1_2+	CUFF.4000.4_3+	AGAP002215-RA_3+
./crux_output/comet_6989_3_5	0.885161	0.782609	0.835141	R.QQHDSAGHAIDFVT.R	CUFF.9077.1_1+
./crux_output/comet_6935_2_2	0.882274	0.782609	0.835141	R.QVVQHLQANAD.R	AGAP001672-RA_3+	CUFF.3427.3_3+	CUFF.3427.2_3+	CUFF.3427.1_2+
./crux_output/comet_8598_3_1	0.881135	0.782609	0.835141	R.YEAYNKKVPIMSQWAVD.H	CUFF.11926.3_2+	CUFF.11926.6_1+	CUFF.11926.5_3+	CUFF.11926.4_3+	CUFF.11926.2_1+	CUFF.11926.1_3+
./crux_output/comet_3707_3_2	0.880816	0.782609	0.835141	M.EIENSNYELHNDSEIER.K	sp|Q12440|APC2_YEAST
./crux_output/comet_8087_3_2	0.878730	0.782609	0.835141	Q.KYAFGRSSSGANTLSR.C	CUFF.16357.1_1+
./crux_output/comet_7058_2_1	0.877241	0.782609	0.835141	R.THQQSSVSEGC.Q	AGAP004171-RA_3+
./crux_output/comet_8827_2_1	0.877229	0.782609	0.835141	R.QHAHETAPAGV.L	CUFF.939.7_2+	AGAP005288-RA_3+	CUFF.939.9_3+	CUFF.939.3_3+	CUFF.939.2_2+
./crux_output/comet_7816_2_4	0.864460	0.785185	0.835141	K.LVCDLHPDEGI.N	AGAP009695-PA	AGAP009695-RA_1+	CUFF.11631.1_1+	CUFF.11631.2_3+
./crux_output/comet_9786_3_2	0.861589	0.785185	0.835141	K.TRLSVCVIER.A	CUFF.16800.5_3+	CUFF.16800.4_2+	CUFF.16800.3_1+	CUFF.16800.2_3+	CUFF.16800.1_1+
./crux_output/comet_8394_4_1	0.860031	0.785185	0.835141	K.GDSAFENLEFCTVTSTTD.Y	sp|P46670|TBCC_YEAST
./crux_output/comet_5687_2_5	0.858454	0.785185	0.835141	K.NAATRYR.Q	AGAP008914-PA	ACOM040682-PA	CUFF.10475.2_3+	CUFF.10475.1_2+
./crux_output/comet_8473_4_1	0.856115	0.785185	0.835141	K.LAGFEFTERTNETDATDP.V	AGAP005207-PA	ACOM035301-PA	AGAP005207-RA_1+	CUFF.897.2_1+	CUFF.897.3_3+	CUFF.897.1_3+	CUFF.897.6_2+	CUFF.897.4_3+	CUFF.897.5_1+
./crux_output/comet_9949_2_1	0.854719	0.785185	0.835141	R.ENHDGRPEGVVFSEF.G	CUFF.2932.3_1+	CUFF.2932.2_3+	CUFF.2932.1_1+
./crux_output/comet_9249_3_1	0.853220	0.785185	0.835141	A.SCSEGIYNVTGK.H	TCONS_00038003_1+
./crux_output/comet_9486_3_2	0.852131	0.785185	0.835141	G.QSHADAGGETAPGLSER.Q	AGAP011393-RA_3+
./crux_output/comet_6530_3_2	0.849059	0.785185	0.835141	T.PSASPNDVDRMK.L	AGAP002741-PA	ACOM043225-PA	AGAP002741-RA_1+	CUFF.4544.1_2+
./crux_output/comet_7776_2_1	0.848128	0.785185	0.835141	R.AAARPPGPVS.A	AGAP013441-RA_2+
./crux_output/comet_7364_2_1	0.847455	0.785185	0.835141	R.GFDFYHLPLF.T	AGAP006933-PA	ACOM031521-PA	CUFF.2377.1_1+	CUFF.2377.2_3+	CUFF.2377.3_3+	CUFF.2377.4_3+	CUFF.2377.5_3+	CUFF.2377.6_3+	AGAP006933-RA_2+
./crux_output/comet_9766_3_1	0.837660	0.792857	0.835141	D.ENVCHQIEEDPGKMK.Q	AGAP001104-PA	AGAP001104-RA_1+	CUFF.2963.1_1+
./crux_output/comet_8796_2_5	0.835802	0.792857	0.835141	R.LGDGRQKA.W	CUFF.924.8_3+	CUFF.924.1_1+	CUFF.924.3_1+	CUFF.924.2_2+	CUFF.924.5_3+	CUFF.924.4_1+	CUFF.924.6_1+	AGAP005285-RA_3+
./crux_output/comet_8373_2_1	0.834920	0.792857	0.835141	R.AKPFATCVW.M	CUFF.15880.9_3+
./crux_output/comet_6182_3_2	0.829483	0.792857	0.835141	R.LQFSITTIYAHTH.T	CUFF.3121.1_1+
./crux_output/comet_8020_3_1	0.828477	0.792857	0.835141	R.SSPASGSSISGKLSSY.G	AGAP009112-PA	ACOM027280-PA	AGAP009112-RA_1+	CUFF.10719.1_3+
./crux_output/comet_4814_2_2	0.824756	0.792857	0.835141	-.MNITLTEV.N	AGAP002766-PA	ACOM035455-PA	AGAP002766-RA_1+
./crux_output/comet_5097_2_1	0.822334	0.792857	0.835141	R.NLNYMSIQT.Y	CUFF.3130.2_2+
./crux_output/comet_10428_2_1	0.819540	0.792857	0.835141	K.QVNGLLSHG.D	AGAP004698-PA	ACOM036052-PA	CUFF.170.2_1+	CUFF.170.1_1+	AGAP004698-RA_2+
./crux_output/comet_6905_4_1	0.818925	0.792857	0.835141	X.TSALADTQSNSRPLACR.G	AGAP000602-RA_2+
./crux_output/comet_9958_3_3	0.817976	0.792857	0.835141	R.TMLCTCPDGYGY.D	ACOM033509-PA
./crux_output/comet_6017_3_2	0.813406	0.792857	0.835141	R.QGVWVWEASGSVCEL.K	AGAP011964-RA_2+
./crux_output/comet_6600_3_2	0.813386	0.792857	0.835141	R.TIPPGGSGGWFGP.A	CUFF.924.8_3+	CUFF.924.1_1+	CUFF.924.3_1+	CUFF.924.2_2+	CUFF.924.5_3+	CUFF.924.4_1+	CUFF.924.6_1+	AGAP005285-RA_3+
./crux_output/comet_9995_2_2	0.810842	0.792857	0.835141	K.CPEADPMSCAEHT.A	AGAP004315-RA_3+
./crux_output/comet_7445_3_4	0.810635	0.792857	0.835141	V.CAWHVWSFFSR.F	CUFF.7979.1_1+
./crux_output/comet_9789_2_5	0.809270	0.792857	0.835141	R.TDSGASVQSTTIW.T	AGAP003489-RA_2+	CUFF.5204.1_2+
./crux_output/comet_6273_3_5	0.808419	0.792857	0.835141	K.VGLNIWAIMWVW.V	CUFF.9263.1_3+	CUFF.9263.5_2+	CUFF.9263.4_3+	CUFF.9263.3_2+	CUFF.9263.2_3+
./crux_output/comet_6354_2_1	0.805951	0.792857	0.835141	S.AGGGMTDPSR.R	AGAP010970-PA	ACOM022871-PA	CUFF.7658.2_2+	CUFF.7658.1_2+	CUFF.7658.3_1+
./crux_output/comet_7835_2_2	0.805673	0.792857	0.835141	R.CTMCATCW.T	AGAP006216-RA_2+	AGAP006216-RB_2+	CUFF.1779.1_1+
./crux_output/comet_8854_3_2	0.800042	0.792857	0.835141	N.DIDYYLHTNEPSK.E	AGAP007833-PA	AGAP007833-RA_1+	CUFF.9461.1_2+
./crux_output/comet_8334_3_2	0.794515	0.792857	0.835141	K.IERWSAGNSIITSCCAW.I	CUFF.982.1_1+	CUFF.982.2_1+
./crux_output/comet_7814_2_1	0.790788	0.792857	0.835141	K.LVYFLYID.L	CUFF.7517.1_2+
./crux_output/comet_4497_4_1	0.790596	0.792857	0.835141	R.EDVSSWAGPTPACHRPTNGVW.S	ACOM031437-PA
./crux_output/comet_6940_2_2	0.789610	0.792857	0.835141	R.NISNENSTP.I	CUFF.8994.4_1+
./crux_output/comet_6920_2_3	0.788833	0.792857	0.835141	K.GGTSCEGITP.L	AGAP006055-PA	ACOM024754-PA	AGAP006055-RA_1+
./crux_output/comet_6506_2_2	0.788763	0.792857	0.835141	R.LRPDSGNWSSDF.D	CUFF.16640.2_1+
./crux_output/comet_6581_3_2	0.785020	0.792857	0.835141	S.TASWTHRPPTR.C	CUFF.860.1_1+	CUFF.860.2_3+	AGAP005242-RA_2+
./crux_output/comet_10513_2_1	0.784117	0.792857	0.835141	-.NNFDFAAFPN.L	AGAP010065-RA_3+
./crux_output/comet_5695_2_1	0.779061	0.792857	0.835141	P.AVTSTVTDK.K	sp|P40971|LYS14_YEAST
./crux_output/comet_6037_2_1	0.778940	0.792857	0.835141	G.ANEWYTGK.V	CUFF.418.1_2+	AGAP004829-RA_3+
./crux_output/comet_5674_2_2	0.777805	0.792857	0.835141	K.DLIHYSPN.S	sp|P29461|PTP2_YEAST
./crux_output/comet_9343_2_1	0.775299	0.792857	0.835141	W.DEHGACPLCKMCR.F	CUFF.9269.10_2+	CUFF.9269.12_1+	CUFF.9269.5_3+	CUFF.9269.7_3+	CUFF.9269.9_3+	CUFF.9269.8_1+
./crux_output/comet_7610_2_2	0.772472	0.792857	0.835141	G.SSSGNSAAGTTK.Q	AGAP001322-PA	ACOM043195-PA	AGAP001322-RB_2+	AGAP001322-RA_1+
./crux_output/comet_8971_3_1	0.772087	0.792857	0.835141	T.VPVFYSTSNCK.S	CUFF.12107.6_3+	AGAP010226-RA_3+	AGAP010226-RB_3+	CUFF.12107.5_1+	CUFF.12107.4_3+
./crux_output/comet_5242_2_1	0.769666	0.792857	0.835141	K.TQYTCALVA.R	AGAP002166-RA_1+
./crux_output/comet_9840_3_5	0.768918	0.792857	0.835141	R.ATGWTISLVER.L	AGAP009775-RA_2+	CUFF.11564.5_2+	CUFF.11564.1_2+	CUFF.11564.3_3+	CUFF.11564.2_1+
./crux_output/comet_9277_2_1	0.764496	0.792857	0.835141	K.QKSRFSC.S	CUFF.9364.2_1+	AGAP012359-RB_3+
./crux_output/comet_8859_3_1	0.759449	0.792857	0.835141	R.VLTMCMTMGRRD.C	CUFF.3035.8_1+	CUFF.3035.9_1+	CUFF.3035.6_2+	CUFF.3035.7_2+	CUFF.3035.4_1+	CUFF.3035.5_2+	CUFF.3035.2_2+	CUFF.3035.3_3+	CUFF.3035.1_2+	CUFF.3035.10_2+
./crux_output/comet_5962_2_3	0.757231	0.792857	0.835141	K.HESIGGWHQQ.Q	CUFF.7415.1_3+	CUFF.7415.3_3+
./crux_output/comet_7523_2_1	0.753030	0.792857	0.835141	D.ADNDTEEEK.D	sp|Q12334|SCM3_YEAST
./crux_output/comet_10545_3_1	0.749866	0.792857	0.835141	R.NDNKCTFFDEDDCRDQ.D	ACOM040251-PA
./crux_output/comet_6494_2_1	0.749470	0.792857	0.835141	V.TTTATTITR.V	TCONS_00022932_3+
./crux_output/comet_4902_3_1	0.749014	0.792857	0.835141	K.HTHAEANPWRLGMVT.V	TCONS_00021049_3+	TCONS_00021048_3+
./crux_output/comet_10312_3_2	0.747651	0.792857	0.835141	C.CSCCCFCSDK.L	CUFF.15883.4_2+	CUFF.15883.1_1+	CUFF.15883.2_2+
./crux_output/comet_6893_2_2	0.743466	0.792857	0.835141	R.SVIMTCVVV.P	CUFF.16284.10_2+
./crux_output/comet_7678_4_2	0.742578	0.792857	0.835141	R.SCWTAASIPDCPAWMHCRSSI.X	AGAP001224-RA_2+
./crux_output/comet_7351_2_2	0.741352	0.792857	0.835141	R.TCPHTHTPVW.L	CUFF.4431.2_3+	CUFF.4431.1_3+
./crux_output/comet_8299_2_1	0.740856	0.792857	0.835141	R.LETPSSPTPAAGPA.L	CUFF.2877.3_1+
./crux_output/comet_8582_3_1	0.738599	0.792857	0.835141	K.CSCVAPEANRANTA.L	CUFF.2144.2_1+	CUFF.2144.3_1+	CUFF.2144.9_1+
./crux_output/comet_6886_3_2	0.738227	0.792857	0.835141	R.QANVPAAVELPE.S	AGAP006969-RA_3+	CUFF.2422.3_3+	CUFF.2422.1_3+	CUFF.2422.2_1+
./crux_output/comet_9358_3_4	0.737879	0.792857	0.835141	K.AAILHFYTHCVEG.K	CUFF.4357.1_3+	CUFF.4357.2_3+
./crux_output/comet_4810_2_4	0.735108	0.792857	0.835141	K.HPNCMIMLHNP.A	sp|Q06512|NOC4_YEAST
./crux_output/comet_8692_3_4	0.732551	0.792857	0.835141	F.VCWVLFVCLFVR.L	TCONS_00013938_3+
./crux_output/comet_7794_2_1	0.732151	0.792857	0.835141	N.EQEEEMEK.L	AGAP004738-PA	ACOM038450-PA	AGAP004738-RA_1+	CUFF.291.1_1+
./crux_output/comet_10270_4_1	0.731536	0.792857	0.835141	A.GWDSSDEYDYSSEDGTKGSEIHK.Q	sp|P46949|FYV8_YEAST
./crux_output/comet_9931_3_1	0.731277	0.792857	0.835141	S.CPSTCPCSGCTR.X	CUFF.16180.8_1+	CUFF.16180.10_3+	CUFF.16180.5_1+	CUFF.16180.2_3+	CUFF.16180.3_3+	CUFF.16180.1_2+	CUFF.16180.6_1+	CUFF.16180.7_2+	CUFF.16180.4_1+	CUFF.16180.9_2+	AGAP000175-RA_1+	CUFF.16180.11_1+	CUFF.16180.12_3+	CUFF.16180.13_2+	CUFF.16180.14_2+	CUFF.16180.15_2+	CUFF.16180.16_2+	CUFF.16180.17_1+	CUFF.16180.18_3+	CUFF.16180.19_2+	CUFF.16180.21_3+
./crux_output/comet_9897_3_1	0.730632	0.792857	0.835141	A.QSKHGSAGSSSSTAR.T	ACOM039449-PA
./crux_output/comet_6008_2_5	0.728430	0.792857	0.835141	R.LHDGADDQHTGAAGK.F	CUFF.11230.1_3+	AGAP009525-RA_2+	CUFF.11230.4_2+	CUFF.11230.2_3+
./crux_output/comet_7650_2_1	0.725015	0.792857	0.835141	R.LTNTIHTTSP.P	AGAP007398-RA_1+
./crux_output/comet_10469_3_1	0.723224	0.792857	0.835141	R.TGEEGAESSVEGEGNA.R	AGAP010655-RA_3+	CUFF.7329.3_1+	CUFF.7329.4_1+	CUFF.7329.2_1+	CUFF.7329.1_2+
./crux_output/comet_8756_2_1	0.712138	0.792857	0.835141	N.QHTNETHIEK.R	TCONS_00016960_1+	TCONS_00016961_2+
./crux_output/comet_8754_3_1	0.701760	0.792857	0.835141	R.TTTAATTAATTAASC.S	AGAP004664-RA_2+	CUFF.6496.1_1+	CUFF.6496.2_3+	CUFF.6496.3_3+	CUFF.6496.4_1+	CUFF.6496.5_1+	CUFF.6496.6_3+
./crux_output/comet_7292_3_1	0.698719	0.792857	0.835141	R.QHPDIKLARC.H	AGAP009825-PA	ACOM026843-PA	AGAP009825-RA_1+
./crux_output/comet_10614_2_1	0.695952	0.792857	0.835141	R.GRTAVHPYRQPP.V	AGAP008186-RA_3+
./crux_output/comet_8484_4_1	0.694054	0.792857	0.835141	N.SSNNSPTGTNTSPEETEMEK.I	sp|P38140|ERT1_YEAST
./crux_output/comet_5966_3_1	0.691057	0.792857	0.835141	M.QGYEKRVNHDQVVNK.V	sp|Q02648|TRM44_YEAST
./crux_output/comet_4768_2_1	0.690653	0.792857	0.835141	K.FDYTDENDA.K	CUFF.3465.5_2+	CUFF.3465.4_2+	CUFF.3465.6_1+	CUFF.3465.1_3+	CUFF.3465.3_3+	CUFF.3465.2_2+
./crux_output/comet_7463_2_1	0.690262	0.792857	0.835141	K.KPPSSDPGA.C	CUFF.10429.2_2+	CUFF.10429.3_3+
./crux_output/comet_6528_2_1	0.686286	0.792857	0.835141	P.ESVAFLSTGR.L	CUFF.16532.1_3+	CUFF.16532.3_1+	CUFF.16532.2_2+	AGAP012953-RA_1+
./crux_output/comet_7366_2_2	0.678815	0.792857	0.835141	T.FGPFDPMIDK.L	CUFF.5515.2_3+	CUFF.5515.1_2+	AGAP013342-RA_3+
./crux_output/comet_9281_2_2	0.677329	0.792857	0.835141	H.TDITTPYR.L	CUFF.5908.4_3+	CUFF.5908.1_1+	CUFF.5908.3_2+	CUFF.5908.2_2+
./crux_output/comet_4985_2_1	0.672954	0.792857	0.835141	X.AFWSTSSR.T	CUFF.10014.1_3+	CUFF.10014.3_3+	CUFF.10014.4_3+	CUFF.10014.2_1+	AGAP008435-RA_2+
./crux_output/comet_7722_2_1	0.671222	0.792857	0.835141	R.SKATVTFPA.H	AGAP007051-PA	ACOM031324-PA	AGAP007051-RA_1+	CUFF.2652.3_1+	CUFF.2652.2_3+	CUFF.2652.1_2+	CUFF.2652.4_3+
./crux_output/comet_9437_3_3	0.668701	0.792857	0.835141	K.DPPDALTSSPTSPSSVDEEQEQVCSTASG.I	AGAP004693-PA	AGAP004693-RA_1+
./crux_output/comet_6959_2_1	0.668505	0.792857	0.835141	R.DGPAPRPVGSGDA.S	CUFF.11147.1_2+	CUFF.11147.2_2+	AGAP009487-RA_3+
./crux_output/comet_8621_2_1	0.668264	0.792857	0.835141	I.FLTGKLK.R	CUFF.8693.3_3+	CUFF.8693.2_3+	CUFF.8693.4_3+
./crux_output/comet_4849_3_4	0.664579	0.792857	0.835141	R.VLCVCVFEGE.K	CUFF.10631.1_3+
./crux_output/comet_5702_3_1	0.664231	0.792857	0.835141	X.ATSYALDWWR.V	CUFF.12056.2_2+	CUFF.12056.3_2+	CUFF.12056.1_3+
./crux_output/comet_10599_2_2	0.658692	0.792857	0.835141	C.NPSVQVLER.E	AGAP000167-RA_3+
./crux_output/comet_4462_3_1	0.658232	0.792857	0.835141	V.SPTSDRNQLER.Q	CUFF.1190.6_1+	CUFF.1190.4_1+	CUFF.1190.5_2+	CUFF.1190.2_3+	CUFF.1190.1_2+	CUFF.1190.8_2+	CUFF.1190.9_2+	CUFF.1190.10_2+	CUFF.1190.7_2+	CUFF.1190.3_2+
./crux_output/comet_7964_2_1	0.657128	0.792857	0.835141	R.LINNCFMNLP.V	AGAP001585-RB_3+	AGAP001585-RC_1+
./crux_output/comet_7572_2_1	0.653454	0.792857	0.835141	E.MQPNPPEK.G	CUFF.9165.6_2+	CUFF.9165.2_1+	CUFF.9165.3_3+	CUFF.9165.1_3+	CUFF.9165.7_3+	CUFF.9165.5_2+	CUFF.9165.8_2+
./crux_output/comet_4965_3_1	0.653447	0.792857	0.835141	Q.SGCGGGQHDAGNTGGR.G	AGAP000735-RB_3+
./crux_output/comet_6495_2_1	0.652292	0.792857	0.835141	K.MTWEPKNKTDDDDDA.M	AGAP005010-PA	ACOM024408-PA	AGAP005010-RA_1+	CUFF.652.4_1+	CUFF.652.6_1+	CUFF.652.1_2+	CUFF.652.3_3+	CUFF.652.2_2+
./crux_output/comet_7178_2_3	0.649815	0.792857	0.835141	R.TSTTATTTSLR.R	CUFF.9495.2_2+	CUFF.9495.3_2+	CUFF.9495.1_3+	AGAP007791-RC_2+	AGAP007791-RB_2+	AGAP007791-RA_2+	AGAP007791-RE_2+	AGAP007791-RD_2+
./crux_output/comet_5653_2_1	0.648405	0.792857	0.835141	R.SGAVTNSASYVTIA.G	CUFF.2927.1_3+	CUFF.2927.2_3+	AGAP007582-RA_3+
./crux_output/comet_6999_4_2	0.641157	0.792857	0.835141	L.WKSNVPLMYDFVSETR.L	sp|P39984|HAT2_YEAST
./crux_output/comet_8734_2_2	0.640631	0.792857	0.835141	-.MDFISTTNVRSV.L	AGAP029059-PA
./crux_output/comet_7265_2_5	0.638110	0.792857	0.835141	K.EVTAYALK.T	AGAP005765-PA	ACOM031272-PA	CUFF.1314.1_2+	CUFF.1314.3_3+	AGAP005765-RA_3+
./crux_output/comet_8384_3_2	0.637832	0.792857	0.835141	R.NIQPNSNTVCESSQN.S	CUFF.4601.5_3+
./crux_output/comet_10380_2_1	0.633023	0.792857	0.835141	I.QNRLHEK.R	CUFF.10150.2_2+	CUFF.10150.1_2+
./crux_output/comet_8776_2_2	0.631551	0.792857	0.835141	R.HQPLPNGYHG.N	AGAP013178-RA_3+	CUFF.3792.1_2+	CUFF.3792.2_2+	CUFF.3792.3_3+	CUFF.3792.4_1+	CUFF.3792.5_3+
./crux_output/comet_7843_3_2	0.625365	0.792857	0.835141	Y.TFFFASNTHSLSR.S	CUFF.17131.1_3+	CUFF.17131.2_1+
./crux_output/comet_7025_3_1	0.624953	0.792857	0.835141	R.ESVPRAVPADEAPQD.P	AGAP006061-RA_3+
./crux_output/comet_9396_2_1	0.622789	0.792857	0.835141	G.LDDTETIFR.V	AGAP004614-PA	ACOM041056-PA	AGAP004614-RA_1+
./crux_output/comet_4435_2_2	0.620028	0.792857	0.835141	K.EGSESDAATGF.S	sp|P28319|CWP1_YEAST
./crux_output/comet_10558_2_2	0.615010	0.792857	0.835141	T.LTSTGSIK.L	AGAP011033-PA	ACOM022955-PA	AGAP011033-RA_1+
./crux_output/comet_7601_2_1	0.614526	0.792857	0.835141	R.AFISSLTS.P	CUFF.16842.1_3+	CUFF.16842.2_3+
./crux_output/comet_9187_3_2	0.611224	0.792857	0.835141	R.TGTFVALDTLMQQ.L	AGAP003187-PA	AGAP012901-PA	ACOM035652-PA	CUFF.15627.1_1+	AGAP012901-RA_1+	AGAP003187-RA_1+	CUFF.4926.6_3+	CUFF.4926.7_1+
./crux_output/comet_9366_3_4	0.610958	0.792857	0.835141	R.QEYVQQQPIAT.T	AGAP008905-PA	AGAP008905-RA_2+
./crux_output/comet_9948_2_1	0.610861	0.792857	0.835141	L.IDTAEQGYSPDK.L	AGAP011036-PA	ACOM022976-PA	CUFF.7689.1_3+	CUFF.7689.3_2+	CUFF.7689.5_2+	AGAP011036-RA_1+	CUFF.7689.2_2+
./crux_output/comet_8790_2_5	0.609849	0.792857	0.835141	R.LHLQTLGESCASSV.Q	CUFF.5330.1_2+
./crux_output/comet_8901_2_1	0.607117	0.792857	0.835141	R.CCPPASRWTSP.E	CUFF.2402.6_3+	CUFF.2402.5_2+	CUFF.2402.2_3+	CUFF.2402.1_3+	AGAP006958-RA_1+	AGAP006961-RA_1+	CUFF.2402.4_3+	CUFF.2402.3_3+	AGAP006959-RA_1+
./crux_output/comet_4999_4_1	0.606095	0.792857	0.835141	T.HTHTHTHKHTHTHPFPFPPR.G	CUFF.4577.1_1+	CUFF.4577.2_2+
./crux_output/comet_6636_3_1	0.605775	0.792857	0.835141	R.IQSSSSSSNLSNSTS.R	CUFF.16357.1_2+	CUFF.16357.3_2+	AGAP000431-RA_2+
./crux_output/comet_4921_3_1	0.597224	0.792857	0.835141	V.PIFTANCTHNK.S	CUFF.3967.3_1+	CUFF.3967.1_3+
./crux_output/comet_8749_3_4	0.594334	0.792857	0.835141	K.LGNVDRHSSGASLKR.R	AGAP009990-RA_1+	CUFF.11859.2_1+	CUFF.11859.8_1+	CUFF.11859.9_1+
./crux_output/comet_7920_3_1	0.592035	0.792857	0.835141	R.KMMAEDIYWESV.V	AGAP003531-PA	ACOM028537-PA	AGAP003531-RA_1+
./crux_output/comet_7235_2_1	0.591049	0.792857	0.835141	R.ACTGSFTR.A	TCONS_00023218_2+
./crux_output/comet_4041_2_1	0.589683	0.792857	0.835141	R.GEMEGRQSVA.V	CUFF.8908.2_1+	CUFF.8908.1_2+	CUFF.8908.6_3+	CUFF.8908.7_1+	CUFF.8908.4_3+	CUFF.8908.5_2+
./crux_output/comet_6045_2_1	0.587363	0.792857	0.835141	H.HVIESLHSK.K	AGAP008249-PA	ACOM030276-PA	AGAP008249-RA_1+
./crux_output/comet_10163_3_4	0.586893	0.792857	0.835141	R.GNVHKPKPASSHADESW.G	TCONS_00023162_2+
./crux_output/comet_6874_2_4	0.584930	0.792857	0.835141	R.TVLFTSPR.K	AGAP009600-PA	ACOM032601-PA	AGAP009600-RA_3+
./crux_output/comet_5868_2_1	0.581576	0.792857	0.835141	K.RLAISTMLS.I	AGAP007280-RA_2+
./crux_output/comet_8864_2_1	0.579141	0.792857	0.835141	R.SLYNFRLNHS.V	CUFF.612.1_1+
./crux_output/comet_6442_2_3	0.577618	0.792857	0.835141	K.TSTERCGK.R	AGAP001211-RA_1+
./crux_output/comet_9844_2_1	0.575268	0.792857	0.835141	K.SSELGWCGGKSLA.E	CUFF.5036.1_3+	CUFF.5036.6_3+	CUFF.5036.5_3+
./crux_output/comet_8512_3_1	0.574460	0.792857	0.835141	E.FPQYAMFNIGCLYAQGK.S	CUFF.5547.5_2+
./crux_output/comet_5245_2_1	0.573030	0.792857	0.835141	A.HLAAEEAER.H	AGAP008273-RA_3+	CUFF.9832.3_1+	CUFF.9832.2_3+	CUFF.9832.1_1+
./crux_output/comet_5741_2_1	0.572892	0.792857	0.835141	K.EDNEVTLGG.G	AGAP001433-PA	ACOM034128-PA	AGAP001433-RA_1+	CUFF.3416.3_1+	CUFF.3416.2_1+	CUFF.3416.1_1+
./crux_output/comet_7409_2_4	0.569714	0.792857	0.835141	K.FVGAVSQIK.K	ACOM028636-PA
./crux_output/comet_8075_3_1	0.569386	0.792857	0.835141	R.CYCCCSYCCH.H	AGAP000689-RA_3+
./crux_output/comet_5036_2_1	0.565639	0.792857	0.835141	R.CYPADRYD.H	CUFF.5262.2_2+	CUFF.5262.1_2+	AGAP003602-RA_2+	AGAP003602-RB_3+
./crux_output/comet_9629_4_4	0.565338	0.792857	0.835141	R.PGMQGDVFYLLMQIMDCQLSVFR.A	AGAP010713-PA	ACOM027451-PA	AGAP010713-RA_1+	CUFF.7347.2_3+	CUFF.7347.1_2+
./crux_output/comet_10213_4_2	0.565072	0.792857	0.835141	D.AGNVSDDADAYHVCMSPQELEER.L	AGAP001896-PA	ACOM023690-PA	AGAP001896-RA_3+
./crux_output/comet_9333_2_2	0.561284	0.792857	0.835141	K.QKSYVCGA.F	AGAP009769-RA_1+
./crux_output/comet_9256_2_1	0.561107	0.792857	0.835141	F.KLEDITK.S	CUFF.3967.3_2+	CUFF.3967.1_1+	CUFF.2680.3_2+	CUFF.2680.2_1+	CUFF.2680.1_1+	DECOY_AGAP013168-PA	DECOY_ACOM033015-PA	DECOY_AGAP004290-RA_2+	DECOY_AGAP013168-RA_1+
./crux_output/comet_7259_2_1	0.556061	0.792857	0.835141	G.DQCDGCGK.L	AGAP007891-PA	ACOM030848-PA	AGAP007891-RA_1+
./crux_output/comet_8219_2_4	0.555804	0.792857	0.835141	R.KLQYDGLIK.F	CUFF.9527.3_1+
./crux_output/comet_4788_2_2	0.553693	0.792857	0.835141	R.RAAGAYLIP.R	CUFF.17585.3_3+
./crux_output/comet_7693_3_1	0.553427	0.792857	0.835141	R.AYSLIFPCSIM.I	CUFF.9244.1_3+
./crux_output/comet_6779_2_3	0.551515	0.792857	0.835141	R.DEFWAR.E	sp|P18410|SPO7_YEAST	CUFF.3895.2_2+	CUFF.3895.3_3+
./crux_output/comet_8532_2_1	0.549988	0.792857	0.835141	R.HDNDLQPVYS.G	AGAP010201-RA_3+	CUFF.12112.3_2+	CUFF.12112.2_1+	CUFF.12112.1_1+
./crux_output/comet_4365_2_1	0.547531	0.792857	0.835141	R.DCVYVCVC.V	CUFF.5813.1_3+	CUFF.5048.5_3+	CUFF.5048.6_3+	CUFF.5048.1_1+	CUFF.5048.2_3+
./crux_output/comet_4666_2_1	0.545468	0.792857	0.835141	K.EARGGENTH.L	CUFF.1074.1_3+
./crux_output/comet_9882_3_3	0.544134	0.792857	0.835141	D.EYPSMDFTVYDYPR.E	AGAP012164-PA	ACOM026493-PA
./crux_output/comet_5042_2_2	0.540440	0.792857	0.835141	K.YAISTGTS.N	CUFF.17097.4_3+	CUFF.17097.1_3+	CUFF.17097.2_2+	CUFF.17097.8_1+	CUFF.17097.7_1+	CUFF.17097.3_1+	CUFF.17097.10_1+
./crux_output/comet_6443_2_1	0.537933	0.792857	0.835141	R.QCVFVCVSV.R	AGAP005611-RA_3+
./crux_output/comet_7408_3_1	0.533728	0.792857	0.835141	T.QTNTPRNSLPSYR.A	AGAP004131-RA_3+
./crux_output/comet_6230_2_1	0.530063	0.792857	0.835141	T.EAGPSAATSR.D	CUFF.3173.1_1+
./crux_output/comet_7811_3_1	0.527432	0.792857	0.835141	I.LPEALQTNCEK.C	AGAP008052-PA	ACOM030605-PA	AGAP008052-RA_1+
./crux_output/comet_5145_2_1	0.526906	0.792857	0.835141	W.ATVPQHVSR.V	CUFF.10290.1_1+	AGAP028050-RA_3+
./crux_output/comet_8102_3_1	0.525684	0.792857	0.835141	R.KPMSTVHSTQW.T	AGAP007777-RA_3+
./crux_output/comet_8833_2_3	0.523681	0.792857	0.835141	K.ATQAIIGYT.F	sp|P41807|VATH_YEAST
./crux_output/comet_6557_2_1	0.521221	0.792857	0.835141	A.SGFAGGHGGER.R	CUFF.4068.1_1+	CUFF.4068.3_3+	AGAP002321-RA_3+
./crux_output/comet_10036_2_1	0.518386	0.792857	0.835141	E.SMSSPPSAEER.I	ACOM037983-PA
./crux_output/comet_9472_4_1	0.517208	0.792857	0.835141	K.FGCSKHLEFPNGVVVND.K	AGAP029444-PA	ACOM033473-PA	AGAP010054-RA_2+	CUFF.11971.2_2+
./crux_output/comet_4267_3_3	0.514676	0.792857	0.835141	K.VPQCTANPIGIM.F	CUFF.1679.1_2+	AGAP006128-RA_1+
./crux_output/comet_10543_2_2	0.514060	0.792857	0.835141	R.CSVEANLPCVCES.I	CUFF.2012.5_1+	CUFF.2012.2_2+
./crux_output/comet_7009_2_3	0.511481	0.792857	0.835141	K.AISLCDVGE.Y	sp|P17883|SKI3_YEAST
./crux_output/comet_5206_2_1	0.511480	0.792857	0.835141	R.IYVSSPCV.P	CUFF.846.2_3+
./crux_output/comet_5838_2_1	0.510207	0.792857	0.835141	R.FPIAPSVAD.X	CUFF.16546.1_1+
./crux_output/comet_6913_3_1	0.509284	0.792857	0.835141	Q.NFRYPYEDR.L	AGAP002274-PA	AGAP002274-PB	AGAP002274-RA_1+	AGAP002274-RB_2+	CUFF.4117.19_1+	CUFF.4117.14_3+	CUFF.4117.12_3+	CUFF.4117.16_2+
./crux_output/comet_10595_2_1	0.507764	0.792857	0.835141	I.TSHLANATSEK.Y	sp|P25270|MRM1_YEAST
./crux_output/comet_8535_2_1	0.502548	0.792857	0.835141	R.IVDTLAKS.S	sp|P34163|TGL1_YEAST
./crux_output/comet_10282_4_2	0.501631	0.792857	0.835141	H.FTSTQDISYKSMRPALMEFTNVCNISHSEEK.I	AGAP001243-PA	AGAP001243-RA_1+	CUFF.3049.3_2+	CUFF.3049.2_2+	CUFF.3049.1_3+
./crux_output/comet_6879_2_3	0.501370	0.792857	0.835141	A.AYDNTNVR.T	sp|Q07629|YD218_YEAST
./crux_output/comet_5555_3_2	0.500526	0.792857	0.835141	N.PYYTNSCIKR.K	CUFF.2775.1_2+
./crux_output/comet_9365_3_4	0.493749	0.792857	0.835141	K.DLQHINFGMVQ.G	sp|P38714|SYRM_YEAST
./crux_output/comet_8696_3_1	0.492132	0.792857	0.835141	Y.TLHDNGHDCK.E	AGAP003702-PA	ACOM028814-PA	AGAP003702-RA_1+	CUFF.5420.6_1+	CUFF.5420.7_3+	CUFF.5420.4_1+	CUFF.5420.5_1+	CUFF.5420.2_3+	CUFF.5420.1_2+
./crux_output/comet_10175_3_1	0.491556	0.792857	0.835141	R.CGENRLAQPEPHR.R	AGAP003488-RA_3+
./crux_output/comet_10100_3_1	0.491170	0.792857	0.835141	S.WNGKECSPDCQCGMDH.-	AGAP006568-PA	ACOM035981-PA
./crux_output/comet_7522_2_3	0.490964	0.792857	0.835141	R.DESLTVDNLS.I	sp|P40302|PSA6_YEAST
./crux_output/comet_9813_3_2	0.488743	0.792857	0.835141	K.GTNHPLPAREYCNPC.R	AGAP005872-RA_2+	CUFF.1436.2_2+	CUFF.1436.1_1+
./crux_output/comet_6486_3_3	0.485410	0.792857	0.835141	P.VAYHPSPDGCAK.X	CUFF.1416.5_2+	CUFF.1416.2_2+	AGAP005816-RA_3+	AGAP005816-RB_3+	CUFF.1416.1_1+
./crux_output/comet_4832_2_2	0.483015	0.792857	0.835141	R.AGSSPESVAPAG.S	AGAP006738-RA_2+
./crux_output/comet_8507_2_1	0.480523	0.792857	0.835141	L.PDGCAAADRK.D	AGAP004224-RA_3+	CUFF.5876.2_2+	CUFF.5876.1_1+
./crux_output/comet_8058_3_3	0.478152	0.792857	0.835141	Y.GCMLRKDDAAFK.K	ACOM036188-PA
./crux_output/comet_6340_2_2	0.477113	0.792857	0.835141	X.TNYSDSVK.I	CUFF.3183.10_3+
./crux_output/comet_9457_2_1	0.475564	0.792857	0.835141	I.EQFVDITK.R	CUFF.422.2_2+
./crux_output/comet_8683_2_1	0.475426	0.792857	0.835141	R.SRPIPEEP.R	CUFF.2341.1_2+
./crux_output/comet_10278_2_2	0.473704	0.792857	0.835141	F.NAYSFLR.G	AGAP007293-RA_2+	CUFF.2603.6_1+	CUFF.2603.7_3+
./crux_output/comet_6476_2_1	0.470953	0.792857	0.835141	V.QMVGSYPPK.K	AGAP012168-PA	ACOM026478-PA	CUFF.9090.2_1+	CUFF.9090.1_1+	AGAP012168-RA_1+
./crux_output/comet_9516_2_2	0.469171	0.792857	0.835141	R.VHCPLSGT.G	ACOM024722-PA
./crux_output/comet_7499_2_1	0.468513	0.792857	0.835141	R.AQYPVER.V	CUFF.1113.3_2+	CUFF.1113.4_2+	CUFF.1113.6_3+
./crux_output/comet_5032_2_2	0.467608	0.792857	0.835141	R.LYATAAMAE.Q	AGAP002104-PA	ACOM042220-PA	CUFF.3912.2_3+	CUFF.3912.3_3+	CUFF.3912.1_3+	CUFF.3912.5_1+	AGAP002104-RA_1+
./crux_output/comet_10322_3_3	0.467030	0.792857	0.835141	V.AGRAADDTGVRCAGR.A	CUFF.3532.3_1+	AGAP001775-RA_3+	CUFF.3532.4_3+	CUFF.3532.5_1+	CUFF.3532.1_3+	CUFF.3532.2_3+
./crux_output/comet_10227_2_3	0.462330	0.792857	0.835141	R.CSACLDCTSGMGW.P	AGAP002756-RA_2+
./crux_output/comet_5334_2_1	0.459199	0.792857	0.835141	K.FLYCILPLQ.V	CUFF.13174.1_1+
./crux_output/comet_7799_2_3	0.458457	0.792857	0.835141	S.MTMCCWGK.A	AGAP005533-RA_2+	CUFF.1101.1_2+
./crux_output/comet_6817_2_1	0.456107	0.792857	0.835141	S.YQSYFK.T	gi|46575688|gb|AAH69135.1|	gi|27371164|gb|AAH41070.1|	gi|14602965|gb|AAH09971.1|	gi|6016413|sp|Q15323|K1H1_HUMAN
./crux_output/comet_7350_2_1	0.455774	0.792857	0.835141	R.TAMATDTASAASAA.V	CUFF.7723.2_1+	CUFF.7723.1_1+	CUFF.7723.3_2+	CUFF.7723.6_3+	CUFF.7723.7_3+	AGAP011034-RA_2+
./crux_output/comet_7313_2_1	0.454452	0.792857	0.835141	M.ATGGMDGHLR.V	AGAP009942-PA	ACOM029334-PA	AGAP009942-RA_1+
./crux_output/comet_7808_2_1	0.452805	0.792857	0.835141	P.TSSYNSPTKK.K	CUFF.2548.8_2+	CUFF.2548.4_3+	CUFF.2548.5_2+	CUFF.2548.6_1+	CUFF.2548.7_1+	CUFF.2548.9_1+	CUFF.2548.11_2+
./crux_output/comet_6862_3_1	0.451543	0.792857	0.835141	G.ADAVGHDQHTAGVCGR.S	AGAP000262-RA_3+
./crux_output/comet_10432_2_2	0.450266	0.792857	0.835141	K.INSYIKP.R	CUFF.7670.10_3+	CUFF.7670.12_1+	CUFF.7670.11_2+	CUFF.7670.5_2+	CUFF.7670.4_3+	CUFF.7670.7_3+	CUFF.7670.6_1+	CUFF.7670.1_3+	CUFF.7670.2_1+	CUFF.7670.9_3+	CUFF.7670.8_2+
./crux_output/comet_5385_2_2	0.449407	0.792857	0.835141	F.AGKLHPER.R	AGAP001267-RA_2+	CUFF.3063.5_3+	CUFF.3063.3_3+	CUFF.3063.2_3+	CUFF.3063.1_3+
./crux_output/comet_8107_2_1	0.448580	0.792857	0.835141	R.FSEAAFLGST.Y	sp|P41811|COPB2_YEAST
./crux_output/comet_9238_2_4	0.447797	0.792857	0.835141	A.FNMHHYWDGK.T	AGAP011033-PA	ACOM022955-PA	AGAP011033-RA_1+
./crux_output/comet_5796_2_1	0.446521	0.792857	0.835141	K.RGGCTLR.L	AGAP012154-RA_1+	AGAP001271-RA_3+	AGAP001271-RB_3+	CUFF.3097.2_1+	CUFF.3097.3_1+	CUFF.3097.1_2+	CUFF.3097.4_1+	CUFF.3097.5_3+	CUFF.9070.1_2+	CUFF.9070.2_1+
./crux_output/comet_9508_3_3	0.443535	0.792857	0.835141	G.QQGQYNQQNNQER.T	sp|P40159|YNU8_YEAST
./crux_output/comet_10309_3_1	0.442993	0.792857	0.835141	R.QLHRPRCWSGTITT.T	AGAP001291-RA_2+
./crux_output/comet_5740_3_1	0.442767	0.792857	0.835141	K.QAQSQKTIIPQ.R	CUFF.10453.1_2+	CUFF.10453.3_2+	CUFF.10453.2_2+	CUFF.10453.4_1+	AGAP008910-RA_2+
./crux_output/comet_7165_3_1	0.442654	0.792857	0.835141	A.SQNPQNLSAALK.L	sp|Q06706|ELP1_YEAST
./crux_output/comet_6671_3_3	0.442406	0.792857	0.835141	H.CPYATATTPFLK.R	AGAP011968-PA	AGAP011968-RA_1+	CUFF.8956.1_2+
./crux_output/comet_10492_2_1	0.442065	0.792857	0.835141	T.AFALIAAK.E	AGAP002809-PA	ACOM037644-PA	AGAP002809-RA_3+
./crux_output/comet_9699_3_5	0.437147	0.792857	0.835141	T.LQYMAPEVIDQGVR.G	AGAP000747-PA	AGAP000747-PB	CUFF.16811.1_2+	AGAP000747-RA_3+	AGAP000747-RB_3+
./crux_output/comet_10154_4_3	0.437063	0.792857	0.835141	K.MATSPHHHQAVTAAYTHHGSVYGH.G	ACOM030126-PA
./crux_output/comet_9016_2_1	0.432364	0.792857	0.835141	P.ISPNDADDK.S	sp|P40094|COG3_YEAST
./crux_output/comet_5818_2_1	0.429423	0.792857	0.835141	K.CCDCYC.N	CUFF.16102.3_1+	CUFF.16102.4_1+
./crux_output/comet_7081_2_3	0.427985	0.792857	0.835141	R.QGSSTSVKK.Y	sp|Q03533|TDA1_YEAST
./crux_output/comet_8843_3_4	0.426109	0.792857	0.835141	R.MMDGQVRLQAEGGGGGE.Q	CUFF.16847.5_2+	CUFF.16847.1_2+	CUFF.16847.2_3+	CUFF.16847.3_1+	CUFF.16847.4_3+
./crux_output/comet_6150_2_1	0.424106	0.792857	0.835141	G.ADDETHPK.K	AGAP010236-PA	AGAP010237-PA	AGAP010236-RB_1+	AGAP010236-RA_3+	AGAP010237-RA_1+	AGAP010237-RB_3+	CUFF.12113.4_2+	CUFF.12113.2_3+	CUFF.12113.1_3+
./crux_output/comet_7222_2_2	0.423056	0.792857	0.835141	R.WDGISTADTTPLS.G	CUFF.9257.2_2+	CUFF.9257.1_2+
./crux_output/comet_9894_2_3	0.423038	0.792857	0.835141	Q.QDFVECVK.R	AGAP003619-PA	ACOM028680-PA	AGAP003619-RA_1+
./crux_output/comet_7217_2_2	0.421585	0.792857	0.835141	R.NAGQTAQQNAP.A	CUFF.4860.1_1+
./crux_output/comet_9970_3_2	0.413513	0.792857	0.835141	R.ADGSFAGRWFPPWRCAR.W	AGAP009877-RA_2+
./crux_output/comet_6124_2_1	0.410802	0.792857	0.835141	R.GDDEDEC.T	AGAP004066-PA	ACOM033392-PA	CUFF.5775.2_2+	CUFF.5775.1_3+	AGAP004066-RA_1+
./crux_output/comet_5399_3_5	0.409553	0.792857	0.835141	R.GGFSCSLKNQTVK.X	CUFF.16665.2_3+	CUFF.16665.1_3+
./crux_output/comet_6179_3_4	0.407998	0.792857	0.835141	R.GALCGAQFHLNSSL.A	CUFF.5751.7_3+	CUFF.5751.6_3+
./crux_output/comet_10636_3_1	0.407245	0.792857	0.835141	C.CSCSDSADGSSNSCASR.N	CUFF.10467.1_2+
./crux_output/comet_9421_2_1	0.405010	0.792857	0.835141	L.TLTTTHPSNGR.R	CUFF.1178.1_3+	CUFF.1178.2_2+	CUFF.1178.3_3+	CUFF.1178.4_1+	CUFF.1178.5_3+	CUFF.1178.6_3+	TCONS_00034817_3+
./crux_output/comet_7300_2_3	0.403676	0.792857	0.835141	K.LDLEWYLVW.T	CUFF.9872.1_3+
./crux_output/comet_7695_2_3	0.402680	0.792857	0.835141	K.NTVWSDDSRN.I	CUFF.8696.1_1+	CUFF.8696.2_2+	CUFF.8696.3_3+	CUFF.8696.4_3+	CUFF.8696.5_1+
./crux_output/comet_4140_2_1	0.400932	0.792857	0.835141	R.QTDEGSGGEGPGG.T	CUFF.4617.13_2+	CUFF.4617.8_3+	CUFF.4617.6_2+	AGAP002891-RE_3+	AGAP002891-RD_3+	AGAP002891-RC_3+	AGAP002891-RB_3+	AGAP002891-RA_3+	CUFF.4617.14_2+	CUFF.4617.11_2+	CUFF.4617.10_1+	CUFF.4617.12_2+	CUFF.4617.9_3+	CUFF.4617.1_2+	CUFF.4617.3_1+	CUFF.4617.2_1+	CUFF.4617.5_3+	CUFF.4617.4_1+	CUFF.4617.7_2+
./crux_output/comet_9733_3_1	0.398138	0.792857	0.835141	K.DAKVQNHMMQQST.M	AGAP003837-PA	AGAP003838-PA	ACOM034802-PA	AGAP003837-RA_2+	AGAP003838-RA_2+
./crux_output/comet_6683_2_1	0.397699	0.792857	0.835141	R.GTTAVDTEEVA.Q	CUFF.2562.1_2+
./crux_output/comet_10053_3_2	0.397109	0.792857	0.835141	K.DQDVTGIIQDFNHLET.I	gi|9790345|ref|NP_062908.1|
./crux_output/comet_6294_2_2	0.396921	0.792857	0.835141	P.SPPFFHIHTK.T	TCONS_00021014_3+
./crux_output/comet_10445_3_2	0.393916	0.792857	0.835141	R.GGGGGTSGGAGEGGGRSTQTNSPA.G	ACOM038878-PA
./crux_output/comet_6237_2_1	0.390964	0.792857	0.835141	G.QSAAGSPGR.T	ACOM039441-PA
./crux_output/comet_6915_2_4	0.386655	0.792857	0.835141	K.ELMALMLS.S	AGAP006238-PA	ACOM040003-PA	CUFF.1791.1_2+	AGAP006238-RA_3+
./crux_output/comet_8615_2_1	0.386523	0.792857	0.835141	L.NCALLPK.H	AGAP000412-RA_2+	CUFF.6798.1_2+	DECOY_AGAP000249-RA_1+
./crux_output/comet_7269_3_2	0.383660	0.792857	0.835141	K.SSSGACACVYVLMC.E	CUFF.1581.1_3+	CUFF.1581.2_3+	CUFF.1581.3_3+	CUFF.1581.4_3+	CUFF.1581.5_3+	CUFF.1581.6_3+
./crux_output/comet_8884_2_1	0.383389	0.792857	0.835141	R.KPPGNATGPGT.M	AGAP013148-RA_2+
./crux_output/comet_9420_3_2	0.382086	0.792857	0.835141	S.SGGEDGTDKGLLR.R	AGAP029504-PA	AGAP029504-PB	ACOM042539-PA	CUFF.2635.7_3+	CUFF.2635.6_2+	CUFF.2635.8_3+	AGAP007186-RA_1+	CUFF.2635.12_2+	CUFF.2635.10_1+	CUFF.2635.1_1+
./crux_output/comet_10423_2_1	0.375901	0.792857	0.835141	Q.EFTHRTR.A	CUFF.6150.5_2+	CUFF.6150.4_1+	CUFF.6150.3_3+	CUFF.6150.2_1+	CUFF.6150.1_2+	AGAP004446-RA_3+
./crux_output/comet_6093_2_1	0.375706	0.792857	0.835141	R.VMVWIGYC.V	AGAP003025-RA_2+	AGAP003025-RC_1+	AGAP003025-RB_1+	CUFF.4695.4_3+
./crux_output/comet_5358_2_2	0.375423	0.792857	0.835141	R.WFNGAGGGRSA.R	CUFF.3357.1_2+	CUFF.3357.3_2+	CUFF.3357.2_2+	CUFF.3357.4_2+	AGAP001566-RA_3+	AGAP001566-RB_3+
./crux_output/comet_5669_2_1	0.372220	0.792857	0.835141	R.AKTCPASW.C	AGAP008625-RA_2+	AGAP008625-RB_2+	CUFF.10140.1_2+
./crux_output/comet_4537_4_1	0.367506	0.792857	0.835141	D.HGNVRPICGCSTPTSTTGHER.T	CUFF.11596.1_3+
./crux_output/comet_4945_3_4	0.367389	0.792857	0.835141	R.FGCLEMEMFMY.V	CUFF.7323.8_1+	CUFF.7323.4_2+	CUFF.7323.5_3+	CUFF.7323.6_2+	CUFF.7323.7_1+	CUFF.7323.1_2+	CUFF.7323.2_3+	CUFF.7323.3_2+
./crux_output/comet_7363_2_2	0.358087	0.792857	0.835141	R.KDYTER.K	AGAP010413-RA_1+	CUFF.6870.3_2+	CUFF.6870.4_3+	CUFF.6870.5_2+	CUFF.6870.1_2+	CUFF.6870.2_1+	DECOY_AGAP002903-PA	DECOY_ACOM037496-PA	DECOY_AGAP002903-RA_1+
./crux_output/comet_8494_2_5	0.358018	0.792857	0.835141	S.IYEGCVMDAK.E	sp|Q06698|YL419_YEAST
./crux_output/comet_8460_3_1	0.352339	0.792857	0.835141	A.SCTTWDSTIPNRPSCSDR.S	AGAP013416-RA_2+	CUFF.4451.1_1+
./crux_output/comet_9558_2_1	0.350359	0.792857	0.835141	K.ATLLLHCP.D	AGAP006786-RA_3+
./crux_output/comet_9795_2_4	0.347533	0.792857	0.835141	R.SSTLMSGAATS.P	ACOM038062-PA
./crux_output/comet_6161_3_3	0.347326	0.792857	0.835141	K.QCFSNAPISPLEI.E	CUFF.1832.2_1+	CUFF.1832.1_1+
./crux_output/comet_8118_3_2	0.346958	0.792857	0.835141	D.SPSVPGEWCIK.F	CUFF.11731.2_3+
./crux_output/comet_6215_2_2	0.346632	0.792857	0.835141	R.IRLLVCFA.Q	CUFF.9774.4_1+	CUFF.9774.2_2+	CUFF.9774.3_1+	CUFF.9774.1_1+
./crux_output/comet_8423_2_2	0.345268	0.792857	0.835141	S.TDLMYRR.M	AGAP005345-PA	ACOM027894-PA	AGAP005345-RA_1+
./crux_output/comet_8539_4_3	0.342572	0.792857	0.835141	P.EGQTHPPDLTAPDPDGAHR.S	AGAP011449-PA	ACOM041516-PA	AGAP011449-RA_3+	CUFF.8237.1_1+
./crux_output/comet_7182_2_1	0.341429	0.792857	0.835141	R.NTVGIHPT.V	AGAP000565-PA	AGAP000565-PB	AGAP000565-PC	CUFF.17105.2_3+	AGAP000565-RA_3+	AGAP000565-RC_3+	AGAP000565-RB_2+
./crux_output/comet_8139_4_5	0.340840	0.792857	0.835141	K.KPCQVANDDIDDLSLG.E	sp|P41818|GLC8_YEAST
./crux_output/comet_6003_3_1	0.339585	0.792857	0.835141	R.SVSMVVCGAVCVP.I	CUFF.10144.1_3+
./crux_output/comet_4083_2_4	0.336999	0.792857	0.835141	K.GEEGEREEK.R	CUFF.7924.3_1+	CUFF.7924.2_1+
./crux_output/comet_5961_3_5	0.336548	0.792857	0.835141	R.STASFIPSVCVCVCK.E	CUFF.11152.2_1+	CUFF.11152.1_1+
./crux_output/comet_5871_3_4	0.332543	0.792857	0.835141	K.SSFGSTGNTAYSTP.L	sp|P33329|PPZ2_YEAST
./crux_output/comet_8640_2_3	0.331565	0.792857	0.835141	C.ACNVSNATR.T	CUFF.11249.1_3+	CUFF.11249.3_3+	CUFF.11249.2_3+
./crux_output/comet_7430_2_3	0.331556	0.792857	0.835141	K.YSLSLSGS.K	CUFF.3444.2_2+
./crux_output/comet_7810_2_1	0.327419	0.792857	0.835141	N.QMQYGVVRS.-	AGAP001865-RA_3+
./crux_output/comet_4382_2_1	0.327387	0.792857	0.835141	R.QFNPTLHC.P	ACOM032557-PA
./crux_output/comet_6746_2_1	0.327385	0.792857	0.835141	Q.QCSTVAR.T	AGAP012417-RA_3+
./crux_output/comet_10115_4_1	0.325732	0.792857	0.835141	V.VVKSHGWEPHSHSYSEFHSW.-	AGAP008893-PA	ACOM040706-PA
./crux_output/comet_8674_2_1	0.325543	0.792857	0.835141	S.FENVCKCACVR.T	TCONS_00031499_2+
./crux_output/comet_10128_2_1	0.325058	0.792857	0.835141	K.VHDYLDYAVD.V	AGAP013453-PA	ACOM037152-PA	AGAP013453-RA_1+
./crux_output/comet_6317_2_1	0.323057	0.792857	0.835141	K.SRFYSCPAVA.F	TCONS_00023747_3+
./crux_output/comet_6081_3_2	0.321723	0.792857	0.835141	R.DAVATRGQGDPLVSV.I	CUFF.8770.4_1+	CUFF.8770.3_3+	CUFF.8770.2_2+
./crux_output/comet_9945_2_1	0.315617	0.792857	0.835141	R.GRDVDYLPTL.H	AGAP007254-PA	ACOM025455-PA	AGAP007254-RA_1+
./crux_output/comet_9695_3_2	0.315035	0.792857	0.835141	K.LEEQTDEEEVAAAA.A	AGAP002735-PA	ACOM036444-PA	AGAP002735-RA_1+	CUFF.4449.2_1+	CUFF.4449.1_1+
./crux_output/comet_6429_2_1	0.313608	0.792857	0.835141	R.AMTPTGPK.Q	AGAP003940-PA	ACOM024079-PA	AGAP003940-RA_1+	CUFF.5645.1_2+
./crux_output/comet_7510_2_1	0.312771	0.792857	0.835141	N.EDSIYTK.E	AGAP000532-RB_1+	CUFF.16897.4_1+	CUFF.16897.3_1+	CUFF.16897.1_3+	AGAP000532-RA_1+	CUFF.16897.2_2+	DECOY_sp|P53969|SAM50_YEAST
./crux_output/comet_4557_3_1	0.309641	0.792857	0.835141	S.QHYQTLDLER.L	CUFF.9469.2_1+	CUFF.9469.1_2+
./crux_output/comet_8368_2_4	0.308885	0.792857	0.835141	T.TNLFDTNK.F	CUFF.9091.2_2+	CUFF.9091.1_2+
./crux_output/comet_7331_3_1	0.308345	0.792857	0.835141	K.STDSGNGAGGTHGGH.T	AGAP029047-PA	AGAP000443-RA_1+	CUFF.16393.4_1+	CUFF.16393.1_1+	CUFF.16393.3_3+
./crux_output/comet_5708_3_4	0.306614	0.792857	0.835141	K.YQQHSSHLTTV.V	CUFF.17494.2_2+
./crux_output/comet_7661_3_1	0.305542	0.792857	0.835141	R.QISHCTAAAAAV.G	CUFF.4956.1_1+
./crux_output/comet_5522_2_2	0.305492	0.792857	0.835141	R.TGEAVGEVVGE.A	CUFF.4618.2_2+	CUFF.4618.3_2+	CUFF.4618.1_1+	CUFF.4618.6_1+	CUFF.4618.7_1+	CUFF.4618.4_2+	CUFF.4618.5_3+
./crux_output/comet_7763_2_2	0.304372	0.792857	0.835141	R.GDEEILIQENNCEG.K	sp|P42223|SBE2_YEAST
./crux_output/comet_7396_2_4	0.304333	0.792857	0.835141	R.KAALLPPLK.Y	AGAP010158-RA_1+	CUFF.12004.1_2+
./crux_output/comet_8606_2_5	0.303664	0.792857	0.835141	K.ALNFNVIGR.Y	sp|Q12517|DCP1_YEAST
./crux_output/comet_7299_3_4	0.302916	0.792857	0.835141	-.PPEHGGVVVVIDTH.R	AGAP008710-RA_1+
./crux_output/comet_6894_3_3	0.302367	0.792857	0.835141	P.QTPSHLYYTPGQETTK.S	CUFF.2166.5_2+	CUFF.2166.3_3+
./crux_output/comet_6692_3_1	0.301002	0.792857	0.835141	T.ATMWLTCCFQPYR.R	AGAP003815-RA_1+
./crux_output/comet_10363_2_4	0.297752	0.792857	0.835141	R.SRQSVYSSVS.K	CUFF.9836.4_1+	CUFF.9836.2_3+	CUFF.9836.1_2+
./crux_output/comet_6544_2_1	0.292278	0.792857	0.835141	K.GIGQDNNGDTDDDDD.D	AGAP003914-RB_1+	CUFF.5680.4_1+	CUFF.5680.1_1+
./crux_output/comet_5576_3_4	0.291598	0.792857	0.835141	R.DSSAPSYTKMAKAK.A	AGAP009682-RA_2+	CUFF.11391.1_1+
./crux_output/comet_881_2_1	0.290953	0.792857	0.835141	R.GASSAHCSSTSP.T	AGAP003714-RA_2+	CUFF.5390.2_2+
./crux_output/comet_8153_2_2	0.289567	0.792857	0.835141	R.VFCVLCANL.F	CUFF.2405.1_1+
./crux_output/comet_8639_2_2	0.287423	0.792857	0.835141	R.WGPHSVAVA.A	AGAP003983-RA_2+
./crux_output/comet_5084_3_4	0.287391	0.792857	0.835141	R.AGRLFNSAANDK.L	AGAP007894-RA_3+	CUFF.9889.1_2+
./crux_output/comet_7112_2_1	0.284567	0.792857	0.835141	R.RGENKCRPV.H	CUFF.8415.3_3+	CUFF.8415.2_2+
./crux_output/comet_6347_3_1	0.280577	0.792857	0.835141	S.QSMINNWQLR.E	AGAP029897-PA	AGAP029897-PB	AGAP029897-PC	AGAP029897-PD	CUFF.11344.8_1+	CUFF.11344.1_1+	CUFF.11344.7_1+	CUFF.11344.6_1+	AGAP009554-RA_1+	CUFF.11344.17_1+
./crux_output/comet_6657_3_3	0.274458	0.792857	0.835141	R.QWMSSENCLLTIGA.P	AGAP009730-RA_2+	CUFF.11482.1_3+
./crux_output/comet_4886_2_2	0.270405	0.792857	0.835141	R.WDGVGHTTAPT.G	CUFF.8797.1_2+	AGAP011823-RA_2+
./crux_output/comet_4725_2_1	0.270354	0.792857	0.835141	R.TAPTHCTPSPAG.Q	AGAP000843-RA_3+
./crux_output/comet_9556_2_3	0.270041	0.792857	0.835141	R.TLPINNMP.V	sp|P31412|VATC_YEAST
./crux_output/comet_6590_2_1	0.269688	0.792857	0.835141	R.AFSFPLYFFLW.F	TCONS_00022131_1+
./crux_output/comet_6035_3_3	0.265442	0.792857	0.835141	T.DSGISLFSTDTLTK.H	AGAP002123-PA	ACOM042171-PA	AGAP002123-RA_2+	CUFF.3894.4_3+	CUFF.3894.5_1+	CUFF.3894.1_3+	CUFF.3894.3_3+	CUFF.3894.2_1+
./crux_output/comet_6014_2_5	0.261559	0.792857	0.835141	R.VFGLLKRTK.G	CUFF.13137.2_2+
./crux_output/comet_8233_2_2	0.247152	0.792857	0.835141	E.AQQNQGHSR.Q	AGAP003190-RA_3+
./crux_output/comet_8694_2_1	0.247083	0.792857	0.835141	E.ARPAQSGR.W	CUFF.17097.4_2+	CUFF.17097.2_1+	AGAP000847-RC_3+	CUFF.17097.3_3+
./crux_output/comet_9028_2_2	0.246331	0.792857	0.835141	F.LMSSDKMNSALK.F	AGAP008263-PA	ACOM030247-PA	AGAP008263-RA_2+
./crux_output/comet_9471_3_1	0.245211	0.792857	0.835141	K.VPFAHTYGGVLE.Q	TCONS_00015267_1+
./crux_output/comet_9607_4_1	0.240966	0.792857	0.835141	P.SEDRRSTLTDGDESDLSAGSTSSDER.D	AGAP029113-PA	AGAP004732-RA_3+	CUFF.349.4_1+	CUFF.349.5_2+	CUFF.349.1_1+	CUFF.349.2_1+	CUFF.349.3_1+
./crux_output/comet_6433_2_1	0.236409	0.792857	0.835141	S.SMGAGSSGAMK.M	AGAP006528-PA	ACOM039559-PA	CUFF.2010.4_1+	CUFF.2010.2_2+	CUFF.2010.1_1+	AGAP006528-RA_1+
./crux_output/comet_4613_2_2	0.234614	0.792857	0.835141	A.DSAYSNVR.C	AGAP010819-RA_3+
./crux_output/comet_7302_2_3	0.230639	0.792857	0.835141	S.GYGNGITNTTTR.V	sp|P18480|SNF5_YEAST
./crux_output/comet_7284_2_5	0.228208	0.792857	0.835141	K.IKKPTASR.R	CUFF.6205.6_2+	CUFF.6205.7_1+	CUFF.6205.5_2+	CUFF.6205.2_2+	CUFF.6205.3_1+	CUFF.6205.1_1+
./crux_output/comet_7680_2_1	0.217461	0.792857	0.835141	E.ALCVVMGR.I	AGAP002102-RA_3+
./crux_output/comet_7829_2_1	0.216201	0.792857	0.835141	R.AISSRFRS.I	CUFF.9809.1_3+
./crux_output/comet_6301_4_5	0.216194	0.792857	0.835141	D.QVHQLDDPMELLEK.V	sp|Q12039|HMI1_YEAST
./crux_output/comet_8441_2_1	0.213468	0.792857	0.835141	X.KTTSAATR.A	AGAP013292-RA_2+	CUFF.4864.1_2+
./crux_output/comet_8760_2_3	0.212949	0.792857	0.835141	R.GQFYRPA.S	AGAP003638-PA	ACOM028717-PA	CUFF.5342.1_2+	AGAP003638-RA_1+
./crux_output/comet_10189_2_3	0.210120	0.792857	0.835141	Y.GKAQNLPNTPR.H	AGAP003651-RB_3+	AGAP003651-RA_3+	CUFF.5381.2_1+	TCONS_00034122_3+	CUFF.5381.3_2+	CUFF.5381.4_2+	CUFF.5381.5_2+	TCONS_00034304_3+	TCONS_00034305_3+
./crux_output/comet_7098_2_2	0.207097	0.792857	0.835141	R.SYEASCCPT.V	CUFF.9764.2_3+
./crux_output/comet_10047_3_3	0.205980	0.792857	0.835141	R.TNYARSRPLDGR.C	AGAP007989-RA_2+	CUFF.9601.1_1+
./crux_output/comet_8461_2_1	0.203612	0.792857	0.835141	L.AGSAQIFQR.K	AGAP010187-RA_2+
./crux_output/comet_5660_3_4	0.203478	0.792857	0.835141	G.WCTQCVGILVSAER.X	CUFF.8720.1_1+
./crux_output/comet_5185_2_2	0.199912	0.792857	0.835141	G.ATARPVHSR.W	AGAP002643-RA_2+
./crux_output/comet_8511_2_1	0.198942	0.792857	0.835141	K.NLELLDV.S	AGAP010636-PA	AGAP010636-RA_1+
./crux_output/comet_7881_2_3	0.198731	0.792857	0.835141	K.LTPEQNNLL.P	TCONS_00038041_3+
./crux_output/comet_8526_2_4	0.198380	0.792857	0.835141	R.TSDGTTLKR.K	CUFF.16402.2_2+
./crux_output/comet_7655_3_1	0.197533	0.792857	0.835141	R.HDEAAAADDDDDDD.W	AGAP008914-PA	CUFF.10475.2_3+	CUFF.10475.1_2+
./crux_output/comet_6163_3_3	0.191944	0.792857	0.835141	K.CASNTATTPPCCAWSVVS.S	CUFF.2904.3_3+	CUFF.2904.7_1+	CUFF.2904.4_3+	CUFF.2904.1_2+	CUFF.2904.2_2+	CUFF.2904.5_3+	CUFF.2904.6_1+	CUFF.2904.8_1+
./crux_output/comet_4748_2_4	0.186306	0.792857	0.835141	R.LLTHTHLP.G	AGAP010490-PA	AGAP010490-PB	ACOM041679-PA	CUFF.7056.3_2+	CUFF.7056.2_2+	CUFF.7056.1_2+	AGAP010490-RA_1+	AGAP010490-RB_1+
./crux_output/comet_4484_2_1	0.185978	0.792857	0.835141	K.KLNAREGEHN.A	AGAP011827-RA_2+	CUFF.8783.1_3+
./crux_output/comet_9526_2_2	0.185405	0.792857	0.835141	I.VTKTSER.L	CUFF.17716.4_1+	CUFF.17716.2_1+	CUFF.17716.3_1+	CUFF.17716.1_3+	CUFF.17716.5_3+
./crux_output/comet_6283_2_1	0.185254	0.792857	0.835141	K.CDDDDDD.L	sp|Q12050|ELG1_YEAST
./crux_output/comet_8024_2_1	0.180055	0.792857	0.835141	R.QVSSEVTVS.A	TCONS_00011421_3+	TCONS_00011422_3+
./crux_output/comet_10559_2_2	0.175303	0.792857	0.835141	R.QSECEGCNTN.K	CUFF.1544.1_1+	CUFF.1544.4_2+	CUFF.1544.3_1+	CUFF.1544.2_1+
./crux_output/comet_8887_2_1	0.174464	0.792857	0.835141	T.ISFAMSCSAK.R	AGAP002365-RA_2+	CUFF.4078.1_2+
./crux_output/comet_8702_2_3	0.173984	0.792857	0.835141	R.ARSWQQHGYHAIP.L	CUFF.4616.1_1+
./crux_output/comet_10107_3_2	0.172746	0.792857	0.835141	K.NIMHSSYFYSHLLSF.Y	CUFF.16663.4_1+	CUFF.16663.5_1+
./crux_output/comet_8962_2_1	0.168707	0.792857	0.835141	V.FGVYENSR.T	TCONS_00023507_1+
./crux_output/comet_9876_4_1	0.166446	0.792857	0.835141	A.SSEPIVPVVESKNEVKR.Q	sp|P40343|VPS27_YEAST
./crux_output/comet_7172_3_3	0.162424	0.792857	0.835141	R.KYCVSEERIYCTHLH.A	CUFF.2671.4_2+
./crux_output/comet_5070_2_4	0.157771	0.792857	0.835141	K.TIPNVCC.R	CUFF.2010.4_1+	CUFF.2010.2_2+	CUFF.2010.1_1+
./crux_output/comet_10325_4_2	0.153915	0.792857	0.835141	P.HPTCAHSLSLLGVSSCMECER.G	AGAP012922-PA	ACOM028733-PA	CUFF.15503.2_1+	AGAP012922-RA_1+
./crux_output/comet_6240_3_4	0.151491	0.792857	0.835141	R.SLFNGSIIESMETP.G	ACOM035731-PA
./crux_output/comet_9847_3_4	0.151101	0.792857	0.835141	S.NGLGPFTLGSGGDGGR.C	AGAP006873-PA	ACOM031600-PA	CUFF.2313.4_2+	CUFF.2313.2_1+	CUFF.2313.3_1+	CUFF.2313.1_2+	AGAP006873-RA_1+
./crux_output/comet_8959_2_4	0.143981	0.792857	0.835141	K.GGVWTNVED.Q	sp|Q03654|CEF1_YEAST
./crux_output/comet_892_3_3	0.141151	0.792857	0.835141	K.LHDIQVVAYSSFGP.Q	sp|P38715|GRE3_YEAST
./crux_output/comet_10589_2_1	0.128129	0.792857	0.835141	R.STSTGTLPPNW.L	CUFF.759.6_1+	CUFF.759.5_2+	AGAP005076-RA_2+
./crux_output/comet_4643_2_1	0.127478	0.792857	0.835141	G.ACGQVGHMR.T	AGAP003882-PA	AGAP003882-PB	ACOM034726-PA	AGAP003882-RB_1+	AGAP003882-RA_1+	CUFF.5551.2_1+	CUFF.5551.1_1+
./crux_output/comet_4743_2_3	0.125238	0.792857	0.835141	R.APCSLCHA.X	CUFF.17038.4_2+	CUFF.17038.1_2+	CUFF.17038.5_2+	CUFF.17038.3_1+	CUFF.17038.2_2+
./crux_output/comet_8117_2_2	0.119279	0.792857	0.835141	C.TNYCFGVR.S	TCONS_00010517_1+
./crux_output/comet_8440_2_2	0.117552	0.792857	0.835141	K.QSRRCGHGT.T	CUFF.16264.4_1+	CUFF.16264.3_3+
./crux_output/comet_9460_2_1	0.116374	0.792857	0.835141	D.TTTATVTK.T	AGAP004823-RA_3+	CUFF.438.2_3+	CUFF.438.1_2+
./crux_output/comet_9480_2_2	0.116280	0.792857	0.835141	V.YLFYHR.Q	CUFF.651.2_2+
./crux_output/comet_7423_2_2	0.115451	0.792857	0.835141	R.IVYTHVCLTF.Y	CUFF.2714.10_1+	CUFF.2714.1_3+	CUFF.2714.3_3+	CUFF.2714.2_1+	CUFF.2714.5_1+	CUFF.2714.4_2+	CUFF.2714.9_1+
./crux_output/comet_7628_2_1	0.115196	0.792857	0.835141	R.ANESSVEELES.T	AGAP002822-PA	AGAP002822-RA_1+	CUFF.4507.1_1+
./crux_output/comet_7759_3_1	0.112930	0.792857	0.835141	K.SLDFSTKSSSLE.K	AGAP029189-PA	ACOM038028-PA	AGAP028041-RA_1+	CUFF.8067.1_1+
./crux_output/comet_8426_2_1	0.110258	0.792857	0.835141	R.LCGMQVYQAN.L	AGAP010480-PA	AGAP010480-PB	ACOM041077-PA	AGAP010480-RA_1+	CUFF.6986.2_1+	CUFF.6986.3_2+	CUFF.6986.1_3+
./crux_output/comet_6303_2_3	0.107512	0.792857	0.835141	K.TQHTSTHLEG.H	CUFF.9511.2_1+	CUFF.9511.1_2+
./crux_output/comet_5725_2_3	0.106262	0.792857	0.835141	K.CYWWWW.W	AGAP003669-RA_3+
./crux_output/comet_5886_2_2	0.106107	0.792857	0.835141	K.SDGDSESDQ.D	AGAP004751-PA	ACOM038445-PA	CUFF.292.1_1+	AGAP004751-RA_1+
./crux_output/comet_6049_2_3	0.104367	0.792857	0.835141	D.ESKEEDMQPQLSEQK.E	AGAP009990-PA	ACOM029408-PA	AGAP009990-RA_1+	CUFF.11859.1_1+	CUFF.11859.2_1+	CUFF.11859.3_2+	CUFF.11859.8_1+	CUFF.11859.9_1+
./crux_output/comet_10414_2_4	0.103995	0.792857	0.835141	R.VSDHAAGDEQLPGQH.D	AGAP005175-RA_2+	AGAP005175-RB_2+	CUFF.826.8_1+	CUFF.826.2_3+	CUFF.826.3_3+	CUFF.826.6_2+	CUFF.826.7_1+	CUFF.826.5_3+
./crux_output/comet_6583_2_2	0.097877	0.792857	0.835141	R.YPSDGWSTA.I	AGAP009933-RA_3+	CUFF.11751.3_3+	CUFF.11751.1_3+
./crux_output/comet_7107_2_1	0.096517	0.792857	0.835141	R.AVPATLPAQ.P	CUFF.2124.3_1+	CUFF.2124.1_3+	CUFF.2124.6_2+	CUFF.2124.7_1+	CUFF.2124.4_1+	CUFF.2124.5_2+	CUFF.2124.8_3+	AGAP006647-RB_3+	AGAP006647-RA_3+
./crux_output/comet_8059_3_1	0.091466	0.792857	0.835141	G.QHAYTTAHEPR.V	CUFF.7056.3_1+	CUFF.7056.2_1+	CUFF.7056.1_1+	AGAP010490-RA_3+	AGAP010490-RB_3+
./crux_output/comet_7520_3_2	0.087417	0.792857	0.835141	D.TTTVYDPTMVAR.S	AGAP009780-PA	ACOM026880-PA	CUFF.11566.2_1+	CUFF.11566.1_2+	AGAP009780-RA_2+
./crux_output/comet_6432_3_2	0.081073	0.792857	0.835141	R.CVGGGAEAACECGSR.P	CUFF.17041.1_3+	CUFF.17041.2_1+	AGAP000890-RA_3+
./crux_output/comet_8886_2_1	0.080518	0.792857	0.835141	R.SSELGGAYFP.V	CUFF.904.1_1+
./crux_output/comet_8158_2_2	0.079507	0.792857	0.835141	R.QSAAVHLAVW.F	AGAP003069-RA_1+
./crux_output/comet_7899_2_1	0.073009	0.792857	0.835141	R.MWCCCCQ.C	CUFF.2548.1_1+
./crux_output/comet_10626_3_1	0.072633	0.792857	0.835141	R.AGMFGLDPEVYGGV.E	AGAP008906-RA_3+
./crux_output/comet_5379_2_3	0.072186	0.792857	0.835141	K.TTKLYER.S	AGAP003047-RD_2+	AGAP003047-RA_1+	AGAP003047-RC_1+	AGAP003047-RB_1+	CUFF.4721.2_3+	CUFF.4721.1_2+
./crux_output/comet_6529_3_4	0.070030	0.792857	0.835141	R.ELNHHHHHQW.R	CUFF.3167.2_2+	CUFF.3167.3_3+	CUFF.3167.1_2+	CUFF.3167.4_1+	AGAP007636-RA_2+
./crux_output/comet_7545_3_1	0.068731	0.792857	0.835141	R.YNEIEFVPTN.V	TCONS_00031490_1+
./crux_output/comet_10318_2_4	0.067125	0.792857	0.835141	R.DVCVLGYS.R	CUFF.3759.3_1+	CUFF.3759.2_2+	CUFF.3759.1_1+
./crux_output/comet_4780_2_1	0.064570	0.792857	0.835141	R.GPSLPQPQ.Q	AGAP010704-RA_2+
./crux_output/comet_10291_3_5	0.062500	0.792857	0.835141	R.SCMPLPLHNSTLPPTQNPG.S	TCONS_00011281_1+
./crux_output/comet_5899_2_1	0.061470	0.792857	0.835141	R.IAYTSGVW.N	CUFF.5946.3_2+	CUFF.5946.2_2+	CUFF.5946.1_1+
./crux_output/comet_9568_2_1	0.061298	0.792857	0.835141	R.QDVQHVDA.D	CUFF.8605.2_2+	CUFF.8605.3_1+	CUFF.8605.4_3+	CUFF.8594.1_1+	CUFF.8594.2_1+	AGAP011667-RA_3+	AGAP011666-RA_3+
./crux_output/comet_4923_2_1	0.058374	0.792857	0.835141	R.GFVKNAFTLV.G	TCONS_00015169_2+
./crux_output/comet_5198_2_1	0.058036	0.792857	0.835141	K.KATETTTSW.A	ACOM028771-PA
./crux_output/comet_6926_2_3	0.058035	0.792857	0.835141	R.QDHADYLQQ.L	AGAP011552-PA	ACOM041319-PA	AGAP011552-RA_1+	CUFF.8833.1_1+
./crux_output/comet_8769_3_1	0.054596	0.792857	0.835141	R.VPLSQVSDVQND.R	AGAP000298-RA_3+
./crux_output/comet_8989_2_2	0.051559	0.792857	0.835141	R.SNSQNCGQQQLAS.R	CUFF.8415.1_3+	CUFF.8415.3_2+	CUFF.8415.2_1+
./crux_output/comet_6191_3_1	0.051353	0.792857	0.835141	K.LFSSLCGEPFVC.C	CUFF.2065.2_1+	CUFF.2065.3_2+	CUFF.2065.1_1+	CUFF.2065.6_3+	CUFF.2065.5_3+	CUFF.2065.4_2+
./crux_output/comet_6071_2_4	0.051029	0.792857	0.835141	K.HEMDSQIALH.C	AGAP008683-PA	ACOM029108-PA	CUFF.10303.1_1+	CUFF.10303.2_1+	AGAP008683-RA_1+
./crux_output/comet_7382_2_1	0.050943	0.792857	0.835141	R.ATCSGCLVS.T	AGAP007482-RA_2+
./crux_output/comet_10619_3_1	0.050736	0.792857	0.835141	K.SIFSIDIHPSGE.R	AGAP009488-PA	ACOM032382-PA	AGAP009488-RA_1+
./crux_output/comet_4636_2_1	0.048371	0.792857	0.835141	R.FGVFFVSCFS.V	CUFF.3377.3_3+	CUFF.3377.2_1+	CUFF.3377.4_2+	CUFF.3377.1_2+
./crux_output/comet_9643_3_5	0.045666	0.792857	0.835141	R.TLASCVCLLLFSC.T	CUFF.11299.2_3+	CUFF.11299.8_2+	CUFF.11299.3_3+	CUFF.11299.1_1+	CUFF.11299.6_1+	CUFF.11299.5_3+
./crux_output/comet_5368_3_3	0.045020	0.792857	0.835141	R.VPPDMITNRMAG.L	ACOM035330-PA
./crux_output/comet_7437_2_1	0.044863	0.792857	0.835141	I.IIIMKIIILIIIIK.I	CUFF.16235.5_1+	CUFF.16235.4_2+	CUFF.16235.7_1+	CUFF.16235.6_2+	CUFF.16235.1_3+	CUFF.16235.3_2+	CUFF.16235.2_2+
./crux_output/comet_5456_2_2	0.038874	0.792857	0.835141	R.IGSEPQRPVAD.G	AGAP006758-RA_3+	CUFF.2205.2_3+
./crux_output/comet_5579_2_2	0.037051	0.792857	0.835141	K.STATEAAAATS.S	AGAP005075-PA	AGAP005075-PB	AGAP005075-RB_3+	AGAP005075-RA_1+	CUFF.694.5_1+	CUFF.694.3_2+	CUFF.694.2_1+	CUFF.694.1_2+
./crux_output/comet_7913_2_1	0.036822	0.792857	0.835141	K.TAGIIAAQFCAN.P	CUFF.1424.3_1+
./crux_output/comet_6480_2_1	0.035249	0.792857	0.835141	R.LQYTSVT.K	CUFF.3781.2_1+
./crux_output/comet_9743_2_4	0.031481	0.792857	0.835141	Q.QQHGSAER.E	AGAP003983-RA_3+
./crux_output/comet_8202_4_1	0.030933	0.792857	0.835141	A.ISSVHRTTVFHCCR.A	CUFF.1144.3_1+	CUFF.1144.2_1+	CUFF.1144.5_1+	CUFF.1144.4_1+	AGAP005606-RA_1+
./crux_output/comet_8747_2_3	0.029115	0.792857	0.835141	E.LNVSVER.E	ACOM027080-PA
./crux_output/comet_7738_3_3	0.028961	0.792857	0.835141	R.AQLDTGGKGTPAQ.L	CUFF.753.1_3+	CUFF.753.3_3+	CUFF.753.2_2+	AGAP005139-RA_3+
./crux_output/comet_8825_3_1	0.028418	0.792857	0.835141	S.CMCSSKLFIR.T	CUFF.12070.1_2+	AGAP010205-RA_2+
./crux_output/comet_9114_2_1	0.026652	0.792857	0.835141	K.CEDVDGC.E	AGAP008117-PA	ACOM030493-PA	AGAP008117-RA_1+
./crux_output/comet_6126_4_1	0.026350	0.792857	0.835141	G.SDSDTETSSEQSEDEEGGK.R	AGAP012121-PA	ACOM026547-PA	AGAP012121-RA_1+
./crux_output/comet_8905_2_2	0.024271	0.792857	0.835141	L.FIASTHMGVAHR.R	CUFF.570.1_1+
./crux_output/comet_9656_3_3	0.023155	0.792857	0.835141	R.DGGSLHDVVGTRCDDYIY.K	AGAP003239-PA	ACOM035727-PA	AGAP003239-RA_1+	CUFF.4946.10_2+	CUFF.4946.11_2+	CUFF.4946.8_3+	CUFF.4946.9_3+	CUFF.4946.4_3+	CUFF.4946.5_1+	CUFF.4946.6_3+	CUFF.4946.7_3+	CUFF.4946.2_1+	CUFF.4946.3_3+
./crux_output/comet_9156_2_2	0.018287	0.792857	0.835141	R.CWDCCWWC.R	AGAP001786-RA_3+
./crux_output/comet_7084_2_4	0.011240	0.792857	0.835141	R.DLLYIAR.K	TCONS_00039546_3+
./crux_output/comet_8035_3_1	0.011238	0.792857	0.835141	N.TPCTVLSSSSLFFVR.X	CUFF.2103.4_1+	CUFF.2103.3_2+	CUFF.2103.2_1+	CUFF.2103.1_1+	CUFF.2103.6_3+	CUFF.2103.5_3+
./crux_output/comet_5067_3_5	0.010833	0.792857	0.835141	K.DLCFGCFHNNDAGGP.I	CUFF.3198.1_2+	CUFF.3198.3_2+
./crux_output/comet_8215_3_3	0.006064	0.792857	0.835141	K.DHRSIYGETHPEKE.A	CUFF.6470.8_3+	CUFF.6470.2_2+	CUFF.6470.3_1+	CUFF.6470.7_2+
./crux_output/comet_7827_3_1	0.005758	0.792857	0.835141	K.SVAPLRQSDFSIE.H	AGAP003406-PA	ACOM028352-PA	AGAP003406-RA_1+
./crux_output/comet_4372_3_2	0.005105	0.792857	0.835141	R.LPWRLNVEVW.G	CUFF.1786.1_3+	AGAP006229-RA_2+
./crux_output/comet_7856_3_2	0.004946	0.792857	0.835141	R.DQEPHPGVQYAGEHDAGRA.G	AGAP000448-RA_2+
./crux_output/comet_5359_2_1	0.002524	0.792857	0.835141	F.ANGFLSVK.S	sp|P53208|EAT1_YEAST
./crux_output/comet_9889_3_1	0.001117	0.792857	0.835141	K.TDSVFSCESVLELT.H	sp|P50107|LGUL_YEAST
./crux_output/comet_5298_3_1	0.000092	0.792857	0.835141	K.TKSIECPCLQ.Q	AGAP006748-RA_1+
./crux_output/comet_8848_2_1	-0.000570	0.792857	0.835141	S.GRVTLFAR.W	AGAP007661-RA_2+
./crux_output/comet_5586_2_2	-0.001218	0.792857	0.835141	R.DENDEDAD.D	CUFF.15949.2_3+
./crux_output/comet_6912_2_3	-0.002352	0.792857	0.835141	-.MGLLFAKIW.S	AGAP011254-PA	ACOM038091-PA	CUFF.8004.1_1+	AGAP011254-RA_1+
./crux_output/comet_6043_3_3	-0.004572	0.792857	0.835141	K.DTSMVLFFVCLSCSH.I	sp|P27999|RPB9_YEAST
./crux_output/comet_7742_2_1	-0.005347	0.792857	0.835141	R.TDNGGDDDD.S	AGAP005203-PA	AGAP005203-PB	AGAP005203-PC	AGAP005203-PD	AGAP005203-PE	AGAP005203-PF	ACOM035295-PA	ACOM035295-PB	ACOM035295-PC	ACOM035295-PD	ACOM035295-PE	ACOM035295-PF	AGAP005203-RH_3+	AGAP005203-RJ_3+	AGAP005203-RE_2+	AGAP005203-RD_3+	AGAP005203-RF_2+	AGAP005203-RA_3+	AGAP005203-RC_3+	AGAP005203-RB_3+	CUFF.839.8_1+
./crux_output/comet_5491_4_3	-0.010126	0.792857	0.835141	K.LPQSPRPLNDYFDEDS.I	AGAP028565-PA	ACOM027054-PA	TCONS_00027766_1+
./crux_output/comet_6032_2_5	-0.012630	0.792857	0.835141	R.KGQNLYYPP.D	AGAP007890-PA	ACOM030841-PA	AGAP007890-RA_1+
./crux_output/comet_6889_3_2	-0.013979	0.792857	0.835141	K.QKRDSLVEFGTHTH.T	CUFF.2135.1_1+	CUFF.2135.2_1+
./crux_output/comet_5431_2_1	-0.020827	0.792857	0.835141	E.VHAAAAER.S	AGAP005938-PA	ACOM024928-PA	AGAP005938-RA_1+	CUFF.1502.1_2+
./crux_output/comet_8786_3_3	-0.021669	0.792857	0.835141	R.DTSTTYSGVTRQ.N	AGAP009143-PA	AGAP009143-PB	ACOM027190-PA	CUFF.10802.3_2+	CUFF.10802.2_3+	CUFF.10802.1_1+	CUFF.10802.6_1+	CUFF.10802.4_1+	AGAP009143-RA_1+
./crux_output/comet_6585_2_3	-0.024201	0.792857	0.835141	R.SWAGAIPT.T	AGAP005700-PA	ACOM038802-PA	AGAP005700-RA_1+	CUFF.1277.1_2+	CUFF.1277.2_2+
./crux_output/comet_7417_2_1	-0.026969	0.792857	0.835141	R.AQPAVFGRS.A	CUFF.9097.1_1+	CUFF.9097.2_3+	CUFF.9097.3_3+	AGAP012175-RA_3+
./crux_output/comet_8054_2_2	-0.029238	0.792857	0.835141	K.AIYCDPPY.F	AGAP002916-PA	ACOM037473-PA	CUFF.4584.2_2+	CUFF.4584.3_3+	CUFF.4584.1_2+	AGAP002916-RA_1+
./crux_output/comet_6455_2_1	-0.033266	0.792857	0.835141	R.ASMVAFVSV.S	AGAP006730-RA_2+	CUFF.2195.1_3+
./crux_output/comet_9638_3_1	-0.036371	0.792857	0.835141	R.TAGCCPPTGCAT.S	CUFF.10429.2_2+	CUFF.10429.1_1+	AGAP008851-RA_2+	CUFF.10429.3_3+
./crux_output/comet_6252_3_1	-0.037188	0.792857	0.835141	D.QEEQHPGVKVADTEK.E	AGAP006266-PA	ACOM039952-PA	CUFF.1895.4_1+	CUFF.1895.1_1+	AGAP006266-RA_1+
./crux_output/comet_5553_2_2	-0.038867	0.792857	0.835141	V.AGFAGEVR.E	CUFF.2317.1_3+	AGAP006885-RA_3+
./crux_output/comet_9000_3_5	-0.040049	0.792857	0.835141	K.HPAWSMEIAHAIELQ.A	AGAP008848-PA	ACOM024383-PA	CUFF.10386.1_1+	AGAP008848-RA_1+
./crux_output/comet_7708_4_1	-0.040598	0.792857	0.835141	V.NVMTQAEVEALNKQQQQQQHTK.S	AGAP004745-PA	AGAP004745-PB	ACOM038431-PA	AGAP004745-RA_2+	AGAP004745-RB_2+	CUFF.275.1_1+
./crux_output/comet_4711_2_2	-0.041719	0.792857	0.835141	R.EAEAPGQLQGE.A	TCONS_00022932_3+
./crux_output/comet_4635_3_1	-0.042455	0.792857	0.835141	A.SDILNDAHVYR.A	AGAP013427-PA	ACOM033554-PA	AGAP013427-RA_2+
./crux_output/comet_8893_3_1	-0.045314	0.792857	0.835141	F.ACVVHDFLFTQLR.G	CUFF.6889.2_2+
./crux_output/comet_6311_3_1	-0.045720	0.792857	0.835141	V.QETAESTLNTAASKNK.A	ACOM043192-PA
./crux_output/comet_8619_2_3	-0.047488	0.792857	0.835141	K.RFVMQSVI.S	AGAP005020-PA	ACOM029230-PA	AGAP005020-RA_1+	CUFF.679.1_3+	CUFF.679.2_3+
./crux_output/comet_6024_2_1	-0.049058	0.792857	0.835141	K.QDCFDLAEG.M	sp|Q12013|AKR2_YEAST
./crux_output/comet_6381_3_2	-0.053326	0.792857	0.835141	G.GGYGGASSSYDSR.S	AGAP003663-PA	ACOM028751-PA	CUFF.5374.2_2+	CUFF.5374.3_2+	CUFF.5374.1_2+	AGAP003663-RA_2+
./crux_output/comet_8179_2_2	-0.059858	0.792857	0.835141	C.QGFPCQFETRR.A	CUFF.930.2_2+	CUFF.930.1_2+
./crux_output/comet_5051_3_1	-0.060635	0.792857	0.835141	K.SPYSSLYSRSPG.A	AGAP011902-PA	ACOM032151-PA	AGAP011902-RA_3+
./crux_output/comet_6966_2_1	-0.061248	0.792857	0.835141	T.ADGQFKSR.R	CUFF.4585.1_2+	CUFF.4585.5_3+	CUFF.4585.4_3+
./crux_output/comet_6849_2_4	-0.063088	0.792857	0.835141	R.LHRPAHA.G	AGAP012210-RA_3+	CUFF.9165.6_1+	CUFF.9165.7_2+	CUFF.9165.5_1+	CUFF.9165.8_1+
./crux_output/comet_10287_3_1	-0.064473	0.792857	0.835141	R.CEQVPAGAGLPEAAGANDA.P	AGAP009197-RA_2+
./crux_output/comet_9594_2_2	-0.067570	0.792857	0.835141	E.FDDYESDK.L	AGAP008340-PA	CUFF.9864.1_1+
./crux_output/comet_7018_2_1	-0.070229	0.792857	0.835141	K.AEERGDSIP.A	AGAP029516-PA	CUFF.8705.10_2+	CUFF.8705.14_2+	CUFF.8705.5_2+	CUFF.8705.7_2+	CUFF.8705.6_2+	CUFF.8705.1_2+	CUFF.8705.3_2+	CUFF.8705.9_2+	CUFF.8705.8_3+
./crux_output/comet_6830_2_4	-0.070484	0.792857	0.835141	R.ATSGDSER.L	CUFF.1971.1_3+
./crux_output/comet_8855_2_4	-0.075331	0.792857	0.835141	K.CDNHTDC.N	AGAP002441-RA_3+
./crux_output/comet_8212_3_3	-0.075889	0.792857	0.835141	N.MDDSEDYDDNAYESETEFER.Q	sp|Q99271|NAH1_YEAST
./crux_output/comet_4183_3_3	-0.076136	0.792857	0.835141	P.GEAGSGQGCDGGAEGR.V	CUFF.10115.1_1+	AGAP008604-RB_3+	AGAP008604-RA_2+
./crux_output/comet_7606_3_1	-0.078472	0.792857	0.835141	R.EANGCNDKDPEPC.L	CUFF.3006.6_2+
./crux_output/comet_9835_2_1	-0.084426	0.794297	0.898734	R.EYLTKVT.K	sp|P04819|DNLI1_YEAST
./crux_output/comet_8819_3_4	-0.085145	0.794297	0.898734	R.FITYTFLHAGSV.H	AGAP009451-PA	ACOM032317-PA	AGAP009451-RA_1+
./crux_output/comet_4649_2_4	-0.093621	0.794924	0.898734	Q.CIFCCVSK.S	AGAP001368-RB_2+
./crux_output/comet_9712_3_1	-0.099100	0.794924	0.898734	A.TAHCCNQGAGVFR.V	CUFF.3155.1_2+	AGAP001341-RA_1+
./crux_output/comet_9312_3_1	-0.099114	0.794924	0.898734	T.EIVLPSDDSAEK.D	AGAP001174-PA	ACOM043136-PA	AGAP001174-RA_3+
./crux_output/comet_4717_4_3	-0.115260	0.795000	0.898734	V.DCLWCGASSGCCFPHSKR.A	CUFF.8548.1_1+	AGAP011650-RA_2+
./crux_output/comet_9836_3_1	-0.119564	0.795000	0.898734	P.GEGGHDTGQAGPVR.S	AGAP001700-RA_3+	CUFF.3448.1_3+
./crux_output/comet_6691_3_2	-0.126975	0.795000	0.898734	R.WTCTSMAFGSRAT.W	AGAP007103-RD_2+	AGAP007103-RB_3+	AGAP007103-RC_1+	AGAP007103-RA_3+
./crux_output/comet_5855_3_1	-0.131601	0.795000	0.898734	K.QNFLPIPPPPP.X	CUFF.16055.2_3+
./crux_output/comet_9161_2_2	-0.140061	0.795000	0.898734	Q.QCGPQHR.F	ACOM026096-PA	CUFF.681.1_2+	AGAP005068-RA_3+
./crux_output/comet_9179_2_1	-0.141348	0.795000	0.898734	S.PDDKYAKK.I	AGAP028522-PA	ACOM041486-PA	TCONS_00023808_1+	TCONS_00023807_2+	TCONS_00023809_2+	TCONS_00023806_3+	TCONS_00023810_2+	TCONS_00023805_2+
./crux_output/comet_7346_2_1	-0.141618	0.795000	0.898734	D.GAAAHADGPER.V	AGAP005541-RA_3+	CUFF.1105.1_3+
./crux_output/comet_9522_3_3	-0.142885	0.795000	0.898734	R.LFEMGFGEQLTET.I	AGAP007511-PA	ACOM025745-PA	AGAP007511-RA_1+
./crux_output/comet_6209_2_1	-0.147134	0.795000	0.898734	R.TFGCTESLFV.R	AGAP007844-RA_2+	CUFF.9493.1_3+
./crux_output/comet_885_2_1	-0.147314	0.795000	0.898734	D.ASTFTER.V	AGAP007659-PA	AGAP007659-PB	ACOM025957-PA	AGAP007659-RB_1+	AGAP007659-RA_1+
./crux_output/comet_8166_3_4	-0.148090	0.795000	0.898734	K.QYDMSKISSNK.Q	CUFF.293.6_2+	CUFF.293.12_3+	CUFF.293.10_2+	CUFF.293.11_1+	CUFF.293.4_3+	CUFF.293.8_2+	CUFF.293.9_3+
./crux_output/comet_10527_2_1	-0.149291	0.795000	0.898734	R.AATHRTDVP.G	AGAP011871-RA_2+	CUFF.8995.4_3+	CUFF.8995.5_2+	CUFF.8995.6_1+	CUFF.8995.7_3+	CUFF.8995.1_1+	CUFF.8995.2_3+	CUFF.8995.3_3+	CUFF.8995.8_3+	CUFF.8995.9_2+	CUFF.8995.10_2+	CUFF.8995.11_1+
./crux_output/comet_7102_2_1	-0.152341	0.795000	0.898734	R.ALHVIKLR.C	AGAP009550-PA	AGAP009550-PB
./crux_output/comet_8229_2_1	-0.154891	0.795000	0.898734	R.GASKNESQPV.A	TCONS_00007386_3+	TCONS_00007387_2+	TCONS_00007385_1+
./crux_output/comet_10234_3_3	-0.156072	0.795000	0.898734	R.ISNSAMNFSTFVV.L	AGAP007303-RA_1+
./crux_output/comet_9854_3_1	-0.162865	0.797203	0.898734	R.TNCGLPGTVNKIA.F	AGAP003686-PA	CUFF.5361.1_3+	CUFF.5361.2_1+	AGAP003686-RA_1+
./crux_output/comet_5649_3_3	-0.169069	0.798403	0.898734	-.MSKSTNVSYER.V	sp|Q04231|RAD33_YEAST
./crux_output/comet_8986_4_1	-0.182499	0.798611	0.898734	R.WSSGGGIKGHQIFQPPHEC.G	CUFF.10243.2_1+	CUFF.10243.3_1+
./crux_output/comet_6474_3_2	-0.184798	0.798611	0.898734	R.EMFSFVLNSPP.X	CUFF.11706.1_1+
./crux_output/comet_7075_2_1	-0.189158	0.798611	0.898734	R.TPPIMQC.A	CUFF.10863.9_3+	CUFF.10863.1_3+	CUFF.10863.2_3+	CUFF.10863.4_3+	CUFF.10863.5_1+	CUFF.10863.6_1+	CUFF.10863.7_3+	CUFF.10863.3_2+
./crux_output/comet_6552_3_3	-0.198351	0.798611	0.898734	K.QPLYPPEIFFPPS.A	CUFF.9263.1_3+	CUFF.9263.5_2+	CUFF.9263.4_3+	CUFF.9263.3_2+	CUFF.9263.2_3+
./crux_output/comet_6000_2_1	-0.198556	0.798611	0.898734	R.AGSSPTVPPV.R	AGAP010174-RA_3+
./crux_output/comet_7674_2_2	-0.200695	0.798611	0.898734	R.TVTSTTASIV.G	AGAP013654-RA_3+
./crux_output/comet_10485_4_4	-0.215929	0.798631	0.898734	F.ENRANGQSKGFCVISLGSENSMR.L	AGAP005062-PA	ACOM035058-PA	AGAP005062-RA_2+	CUFF.705.1_2+
./crux_output/comet_5774_2_1	-0.219747	0.798631	0.898734	R.CESPAEHAAD.H	CUFF.4889.3_1+	AGAP003194-RA_3+	AGAP003194-RB_1+
./crux_output/comet_6451_2_4	-0.226051	0.798631	0.898734	K.TVFLSVCVW.K	CUFF.9165.6_2+	CUFF.9165.2_1+	CUFF.9165.3_3+	CUFF.9165.1_3+	CUFF.9165.7_3+	CUFF.9165.5_2+	CUFF.9165.8_2+
./crux_output/comet_6329_2_1	-0.227079	0.798631	0.898734	L.TIHNTTR.Q	AGAP004119-RA_3+	CUFF.5799.5_3+	CUFF.5799.4_2+	CUFF.5799.1_1+	CUFF.5799.3_1+	CUFF.5799.2_1+	DECOY_CUFF.3326.1_3+
./crux_output/comet_6382_3_2	-0.227783	0.798631	0.898734	-.MAGKKSPSEQEEFHT.H	ACOM026246-PA
./crux_output/comet_10070_2_1	-0.234180	0.798631	0.898734	R.GGGFRSAAAD.Q	CUFF.11566.2_3+	CUFF.11566.1_1+	AGAP009780-RA_1+
./crux_output/comet_6525_2_1	-0.241964	0.798631	0.898734	S.QITAESDQER.I	CUFF.5226.11_3+	CUFF.5226.12_3+	CUFF.5226.16_2+	CUFF.5226.1_2+	CUFF.5226.13_2+	AGAP003546-RA_3+	AGAP003546-RC_3+	CUFF.5226.10_2+	CUFF.5226.6_3+	CUFF.5226.3_3+
./crux_output/comet_5965_4_1	-0.244007	0.798631	0.898734	D.NGGQPPFCCTNGGVGFSCTGK.T	ACOM024897-PA
./crux_output/comet_5250_3_1	-0.251935	0.798631	0.898734	R.WPTSPARTLSSS.S	AGAP010585-RA_2+	CUFF.7099.1_2+	CUFF.7099.2_2+	CUFF.7099.3_3+
./crux_output/comet_10378_3_2	-0.253229	0.798631	0.898734	F.KPAAWVPPTEDDSDE.-	sp|P32469|DPH5_YEAST
./crux_output/comet_4683_2_1	-0.255069	0.798631	0.898734	R.GYNCTHPPLH.Y	TCONS_00018102_3+
./crux_output/comet_10455_2_1	-0.257557	0.798631	0.898734	A.VCVFAWGGK.Y	TCONS_00028398_3+
./crux_output/comet_8098_3_1	-0.258732	0.798631	0.898734	K.VCRRAGGTSLPD.R	AGAP005330-RA_3+
./crux_output/comet_7621_2_5	-0.266021	0.798631	0.898734	T.LLVVVCAK.R	CUFF.9390.1_2+	CUFF.9390.3_2+	CUFF.9390.2_3+
./crux_output/comet_5948_2_2	-0.269850	0.798631	0.898734	R.QSLGAIEPV.G	ACOM037493-PA
./crux_output/comet_10025_3_4	-0.283397	0.800194	0.898734	V.PQDEPTAGALPAVCDAAER.G	AGAP006440-RA_3+
./crux_output/comet_8317_2_1	-0.288543	0.800194	0.898734	A.ASGLYASER.R	AGAP005017-RA_3+
./crux_output/comet_5214_2_2	-0.296292	0.800194	0.898734	N.STEASYVWR.R	CUFF.3074.2_1+	CUFF.3074.1_1+
./crux_output/comet_8810_2_1	-0.297250	0.800194	0.898734	R.SMCGDEMC.F	CUFF.4135.2_1+	CUFF.4135.1_1+
./crux_output/comet_5375_2_5	-0.297910	0.800194	0.898734	K.QHWTSGW.I	AGAP006115-RA_3+	AGAP006115-RB_3+	CUFF.1658.12_2+	CUFF.1658.9_2+	CUFF.1658.1_3+	CUFF.1658.3_1+	CUFF.1658.2_1+	CUFF.1658.5_3+	CUFF.1658.4_2+	CUFF.1658.6_3+	CUFF.1658.14_3+	CUFF.1658.11_2+	CUFF.1658.10_1+
./crux_output/comet_6869_2_1	-0.309328	0.800194	0.898734	N.TTTTQNTHR.R	AGAP009806-RA_3+	CUFF.11650.3_2+	CUFF.11650.1_2+
./crux_output/comet_10640_2_4	-0.309780	0.800194	0.898734	K.LDTTVNVVWCM.V	TCONS_00032358_1+
./crux_output/comet_7697_3_4	-0.310922	0.800194	0.898734	K.HTELLLTTLSVS.H	sp|P38931|SSN2_YEAST
./crux_output/comet_7263_3_3	-0.317561	0.802517	0.898734	L.DSLTEHFDIPK.V	AGAP000425-PA	AGAP000425-RA_3+
./crux_output/comet_8724_2_3	-0.320287	0.802517	0.898734	V.QVWYEK.K	CUFF.10053.5_3+	CUFF.10053.3_3+	CUFF.10053.2_1+
./crux_output/comet_5167_2_2	-0.324837	0.804642	0.898734	R.CVPVCVYVS.L	CUFF.7898.5_2+
./crux_output/comet_6539_2_1	-0.338493	0.807348	0.898734	K.CMFVAGSVCVS.V	CUFF.2690.4_1+	CUFF.2690.5_1+	CUFF.2690.6_3+	CUFF.2690.7_1+	CUFF.2690.1_3+	CUFF.2690.2_3+	CUFF.2690.3_1+	CUFF.2690.8_3+
./crux_output/comet_10338_2_1	-0.346757	0.807348	0.898734	R.YLLDPTT.P	AGAP029103-PA	ACOM034771-PA	AGAP013193-RA_1+	CUFF.5577.3_1+	CUFF.5577.2_3+	CUFF.5577.1_1+	CUFF.5577.4_2+
./crux_output/comet_8111_2_2	-0.357580	0.807348	0.898734	R.KFETNTGDS.I	AGAP027984-PA	ACOM029970-PA	CUFF.9987.1_1+	AGAP027984-RA_1+
./crux_output/comet_9584_2_3	-0.378106	0.807348	0.898734	H.SDHGHCHGTVCTR.C	CUFF.11983.2_1+	AGAP012657-RA_3+	AGAP010040-RA_3+	CUFF.13982.2_1+
./crux_output/comet_10301_3_1	-0.383018	0.807348	0.898734	R.QTAANAGARGGANIEG.K	AGAP008639-RA_3+
./crux_output/comet_8405_2_1	-0.384893	0.807348	0.898734	T.LMLCSVK.T	AGAP029328-PA
./crux_output/comet_5274_3_1	-0.385906	0.807348	0.898734	K.YEDAIDYWTDVDATV.D	sp|P38340|NTM1_YEAST
./crux_output/comet_4391_2_2	-0.388790	0.807348	0.898734	T.ICCCTTPR.G	CUFF.16500.2_2+	CUFF.16500.1_1+	AGAP000614-RA_2+
./crux_output/comet_6587_2_2	-0.391936	0.807348	0.898734	G.QGAFGNMCR.G	sp|P49626|RL4B_YEAST	sp|P10664|RL4A_YEAST
./crux_output/comet_6536_2_1	-0.398620	0.807348	0.898734	K.KNFLMNHT.T	CUFF.5209.4_1+	CUFF.5139.1_3+
./crux_output/comet_5494_2_2	-0.407607	0.807348	0.898734	I.AQYSAER.R	CUFF.3887.2_2+
./crux_output/comet_8623_2_1	-0.420432	0.807348	0.898734	R.LNDVNYL.V	AGAP027981-PA	AGAP027981-RA_1+
./crux_output/comet_9910_3_2	-0.421197	0.807348	0.898734	F.ASASIPPNRSSTR.V	AGAP012977-RA_2+	CUFF.5848.1_2+
./crux_output/comet_5828_2_3	-0.424963	0.807348	0.898734	R.KGFICFCCW.F	CUFF.3224.1_1+
./crux_output/comet_10097_3_1	-0.425008	0.807348	0.898734	K.AHGWTSAGAYEVRGEVF.N	sp|P35845|OSH1_YEAST
./crux_output/comet_6299_2_1	-0.429713	0.807348	0.898734	V.QFCYSNK.T	CUFF.4143.1_1+
./crux_output/comet_8715_3_2	-0.431552	0.807348	0.898734	S.PVVQVMGDGENR.H	AGAP007823-PA	ACOM030970-PA	AGAP007823-RA_1+	CUFF.9456.1_3+	CUFF.9456.2_3+
./crux_output/comet_10362_2_1	-0.434097	0.807348	0.898734	R.CGQVEHDDDD.D	ACOM033092-PA	AGAP004246-RB_1+	CUFF.5914.4_2+	CUFF.5914.3_1+
./crux_output/comet_8609_3_1	-0.442058	0.807348	0.898734	E.PEMALDPDKER.I	AGAP006728-PA	ACOM023350-PA	AGAP006728-RA_1+	CUFF.2184.2_2+
./crux_output/comet_7508_3_1	-0.452342	0.807348	0.898734	R.LLIIHGLIDENVHFH.H	AGAP003138-PA	ACOM035576-PA	AGAP003138-RA_1+	CUFF.4789.1_3+
./crux_output/comet_9411_2_1	-0.457268	0.807348	0.898734	K.TFTTRCTCW.K	AGAP011835-RA_2+	CUFF.8787.1_2+
./crux_output/comet_5622_2_1	-0.459263	0.807348	0.898734	R.AGPPPAGAW.S	CUFF.3996.1_2+	AGAP002243-RA_2+
./crux_output/comet_8169_2_3	-0.468887	0.807348	0.898734	K.VNVILTYGS.F	TCONS_00007269_1+
./crux_output/comet_7204_3_1	-0.469897	0.807348	0.898734	F.AVFDGHAGDNVAK.H	AGAP008149-PA	ACOM030454-PA	CUFF.9744.1_3+	AGAP008149-RA_2+
./crux_output/comet_7569_3_2	-0.478818	0.807348	0.898734	K.SPVNIIDLAATLS.F	AGAP008202-PA	ACOM030362-PA	CUFF.9781.2_2+	CUFF.9781.3_3+	CUFF.9781.1_3+	CUFF.9781.5_3+	AGAP008202-RA_1+
./crux_output/comet_6944_3_2	-0.495259	0.807348	0.898734	Y.QYTGVTQGVDR.L	CUFF.2916.1_1+	CUFF.2916.2_2+
./crux_output/comet_8897_3_2	-0.495669	0.807348	0.898734	-.ARPCCPSVLRS.Q	AGAP003231-RA_3+
./crux_output/comet_7666_2_1	-0.504768	0.807348	0.898734	R.EMFCCCY.C	CUFF.16881.1_3+	CUFF.16881.2_3+
./crux_output/comet_6727_3_1	-0.506880	0.807348	0.898734	R.HHCSPIPKSHT.S	CUFF.1190.6_2+	CUFF.1190.4_2+	CUFF.1190.5_3+	CUFF.1190.2_1+	CUFF.1190.1_3+	CUFF.1190.9_3+	CUFF.1190.10_3+	AGAP005508-RA_3+	AGAP005508-RC_3+	AGAP005508-RB_3+	CUFF.1190.7_3+	CUFF.1190.3_3+
./crux_output/comet_6715_3_4	-0.525889	0.807348	0.898734	R.WPHANTKHYSAGPHT.I	CUFF.3848.1_2+
./crux_output/comet_7579_3_1	-0.536637	0.807348	0.898734	R.GFCCCCCHSFP.P	CUFF.2732.1_1+	CUFF.2732.5_2+	CUFF.2732.4_1+
./crux_output/comet_9785_2_5	-0.546660	0.807348	0.898734	R.ALSFTAVLV.D	AGAP001899-PA	ACOM023688-PA	AGAP001899-RA_1+
./crux_output/comet_9410_2_1	-0.550904	0.807348	0.898734	R.RGITSGEMVP.I	CUFF.9401.5_3+	CUFF.9401.4_2+	CUFF.9401.1_1+	CUFF.9401.3_2+	CUFF.9401.2_1+
./crux_output/comet_8602_2_2	-0.566572	0.807348	0.898734	G.LANADEER.A	AGAP008154-RA_1+	CUFF.9719.1_1+
./crux_output/comet_7714_3_2	-0.570511	0.807348	0.898734	Q.THVADCGPDRSGCDHECR.M	ACOM031203-PA
./crux_output/comet_9924_2_1	-0.574454	0.807348	0.898734	R.KCTHTHTWVS.S	CUFF.4074.2_2+	CUFF.4074.3_2+	CUFF.4074.1_2+
./crux_output/comet_7959_3_1	-0.574454	0.807348	0.898734	S.SSSSSCAATASSAAAAAASCWK.Q	CUFF.2907.7_3+	CUFF.2907.4_3+	CUFF.2907.6_1+	CUFF.2907.5_1+	CUFF.2907.9_3+	CUFF.2907.20_3+	CUFF.2907.15_1+	CUFF.2907.18_3+	CUFF.2907.13_3+	CUFF.2907.11_3+	CUFF.2907.10_3+	CUFF.2907.17_3+	CUFF.2907.16_3+	CUFF.2907.14_1+
./crux_output/comet_5030_2_1	-0.575643	0.807348	0.898734	R.DASCTSCSMIMDD.V	TCONS_00004580_3+
./crux_output/comet_7617_2_3	-0.585106	0.807348	0.898734	R.LCCSDPTNEITPG.X	CUFF.10226.1_3+	AGAP008657-RA_3+
./crux_output/comet_6459_2_2	-0.589553	0.807348	0.898734	R.AGSVGGPSHVSL.S	AGAP007573-PA	AGAP007573-RA_1+	CUFF.2832.4_3+	CUFF.2832.5_3+	CUFF.2832.2_3+	CUFF.2832.3_3+	CUFF.2832.1_3+
./crux_output/comet_9412_3_3	-0.597727	0.807348	0.898734	D.PVYGGQDEAAKR.X	CUFF.12104.2_1+	CUFF.12104.1_3+	AGAP010198-RA_2+
./crux_output/comet_8390_3_1	-0.607362	0.807348	0.898734	S.IHQSGNKWYR.G	CUFF.8411.1_3+	CUFF.8411.3_3+	CUFF.8411.2_1+
./crux_output/comet_9978_2_1	-0.609106	0.807348	0.898734	Q.ISMILFR.S	CUFF.3480.2_3+	CUFF.3480.1_3+
./crux_output/comet_9539_3_2	-0.609710	0.807348	0.898734	L.DSGSSSCGDGECER.K	CUFF.5226.11_3+	CUFF.5226.12_3+	CUFF.5226.16_2+	CUFF.5226.1_2+	CUFF.5226.13_2+	AGAP003546-RA_3+	AGAP003546-RC_3+	CUFF.5226.10_2+	CUFF.5226.6_3+	CUFF.5226.3_3+
./crux_output/comet_6833_2_2	-0.613416	0.807348	0.898734	R.FGEIIVTGRE.T	AGAP000167-RA_1+
./crux_output/comet_7393_2_1	-0.615973	0.807348	0.898734	K.KGPPANMC.A	AGAP001938-RA_3+	CUFF.3659.2_3+	CUFF.3659.1_1+
./crux_output/comet_6612_3_3	-0.628873	0.807348	0.898734	R.YDWAAANEREEIF.Q	CUFF.2926.5_1+	AGAP007605-RA_3+	CUFF.2926.8_3+	CUFF.2926.1_3+	CUFF.2926.2_1+	CUFF.2926.3_1+	CUFF.2926.4_3+	CUFF.2926.6_2+	CUFF.2926.7_1+
./crux_output/comet_7842_2_1	-0.655273	0.807348	0.898734	L.AAVAAASETNGK.L	sp|P32597|STH1_YEAST
./crux_output/comet_8273_2_3	-0.665894	0.807348	0.898734	X.QEAVLIYLK.N	CUFF.5920.1_1+
./crux_output/comet_7403_2_5	-0.667658	0.807348	0.898734	P.ESSSSDTYTK.A	AGAP001979-PA	AGAP001979-RA_1+	CUFF.3818.1_1+	CUFF.3818.3_1+	CUFF.3818.2_1+
./crux_output/comet_7206_3_1	-0.670836	0.807348	0.898734	R.DEEDSENSTGE.R	CUFF.7599.1_2+
./crux_output/comet_8818_2_1	-0.671685	0.807348	0.898734	K.VELYCIDP.V	CUFF.7258.3_1+	CUFF.7258.2_1+	CUFF.7258.1_2+
./crux_output/comet_10642_2_3	-0.672627	0.807348	0.898734	R.TEIMNFGDGPTIA.L	AGAP009008-PA	ACOM040453-PA	CUFF.10557.1_1+	AGAP009008-RA_1+
./crux_output/comet_10588_2_1	-0.685507	0.807348	0.898734	K.NCDDEESGEDSS.S	AGAP005106-PA	AGAP005106-PB	AGAP005106-RB_2+	AGAP005106-RA_2+	CUFF.729.1_3+
./crux_output/comet_4535_2_1	-0.695572	0.807348	0.898734	-.RSVHYQTR.P	CUFF.10867.1_2+
./crux_output/comet_8668_2_2	-0.701020	0.807348	0.898734	I.FGTKIIK.Q	AGAP009135-RA_3+	CUFF.10746.1_1+
./crux_output/comet_6859_2_1	-0.701149	0.807348	0.898734	S.TDSCALLK.E	CUFF.16395.1_3+	CUFF.16395.2_1+
./crux_output/comet_7214_2_5	-0.704882	0.807348	0.898734	K.QTSKVVW.Q	CUFF.7917.6_2+	CUFF.7917.5_3+	CUFF.7917.8_1+	CUFF.7917.7_3+	CUFF.7917.4_1+	CUFF.7917.2_3+
./crux_output/comet_5922_2_2	-0.709915	0.807348	0.898734	R.QARAHPRR.R	TCONS_00039534_3+
./crux_output/comet_7031_2_2	-0.716747	0.807348	0.898734	F.AQSMHNCGRR.Q	CUFF.7681.3_2+	CUFF.7681.5_1+	CUFF.7681.4_1+	CUFF.7681.7_1+	CUFF.7681.6_3+	CUFF.7681.8_2+
./crux_output/comet_4260_3_2	-0.719640	0.807348	0.898734	R.NWETSSPALVSV.C	CUFF.11299.2_2+	CUFF.11299.6_3+
./crux_output/comet_7675_3_1	-0.721344	0.807348	0.898734	K.DEYNICEEDEFSDEGGAGT.A	AGAP029809-PA	ACOM025709-PA	AGAP007488-RA_1+	CUFF.2805.1_3+
./crux_output/comet_6066_2_4	-0.728644	0.807348	0.898734	K.QIGRSER.E	CUFF.4452.1_3+	AGAP002758-RA_3+
./crux_output/comet_10151_3_1	-0.744298	0.807348	0.898734	R.GRCGWRDDDGGGGGGNYCG.D	AGAP000754-RA_1+
./crux_output/comet_10531_3_4	-0.760681	0.807348	0.898734	T.SCPNFVMVHR.I	CUFF.12092.2_2+	CUFF.12092.1_2+
./crux_output/comet_7630_2_5	-0.764493	0.807348	0.898734	R.DCQCVSAGADAW.R	CUFF.4126.2_3+	CUFF.4126.3_3+	CUFF.4126.1_1+	AGAP002397-RA_3+
./crux_output/comet_7616_2_3	-0.775284	0.807348	0.898734	K.LSSGSAAAVAA.A	ACOM032949-PA	AGAP013275-RA_1+	CUFF.16371.1_3+	CUFF.16371.2_2+
./crux_output/comet_7008_3_2	-0.777642	0.807348	0.898734	I.KPPPLQSSCCK.A	AGAP007377-PA	AGAP007377-PB	ACOM025630-PA	AGAP007377-RA_1+	CUFF.2735.2_1+	CUFF.2735.3_1+	CUFF.2735.1_1+	CUFF.2735.6_1+	CUFF.2735.7_3+	CUFF.2735.4_3+	CUFF.2735.5_3+	CUFF.2735.8_1+
./crux_output/comet_4879_3_5	-0.779422	0.807348	0.898734	L.QPPPAPHLCER.Y	AGAP010028-RA_2+
./crux_output/comet_5964_2_5	-0.784563	0.807348	0.898734	G.PTVCCCTR.C	CUFF.9499.4_2+	CUFF.9499.3_1+	CUFF.9499.2_3+	CUFF.9499.1_2+	AGAP012252-RA_3+
./crux_output/comet_5776_2_1	-0.786212	0.807348	0.898734	A.AAATTTKR.R	AGAP006471-RA_2+	CUFF.1964.5_1+	CUFF.1964.4_1+	CUFF.1964.2_3+	CUFF.1964.1_2+
./crux_output/comet_6403_3_2	-0.798360	0.807348	0.898734	F.QSVGGCVICKTER.I	CUFF.5777.8_1+
./crux_output/comet_5235_2_1	-0.801146	0.807348	0.898734	R.KESFVVW.R	CUFF.11560.1_1+	CUFF.11560.3_2+	CUFF.11560.4_3+	CUFF.11560.2_3+
./crux_output/comet_9936_3_2	-0.801461	0.807348	0.898734	N.DDDDEDEVAEAEPR.S	AGAP000520-PA	AGAP000520-RA_1+	CUFF.16437.1_2+
./crux_output/comet_4993_3_2	-0.815895	0.807348	0.898734	V.CCTFCCCCR.C	CUFF.707.6_3+	CUFF.707.5_2+
./crux_output/comet_9451_2_2	-0.816998	0.807348	0.898734	N.DYVTAAAR.R	TCONS_00040154_3+	TCONS_00040151_2+
./crux_output/comet_9190_3_5	-0.817319	0.807348	0.898734	R.FATNDFGFTGIL.D	CUFF.7511.1_1+	AGAP010807-RA_3+
./crux_output/comet_886_2_4	-0.836577	0.807348	0.898734	R.FRPQSQDGE.E	CUFF.16469.1_3+	CUFF.16469.2_3+	AGAP000561-RA_3+
./crux_output/comet_10223_2_3	-0.839867	0.807348	0.898734	K.LHNFPAGAAT.A	CUFF.2837.4_3+	CUFF.2837.3_1+	CUFF.2837.2_1+	CUFF.2837.1_2+
./crux_output/comet_6044_2_2	-0.842759	0.807348	0.898734	S.TAFCLLYK.L	AGAP004698-PA	ACOM036052-PA	CUFF.170.2_1+	CUFF.170.1_1+	AGAP004698-RA_2+
./crux_output/comet_5273_2_1	-0.844942	0.807348	0.898734	R.SVMIEDPTAN.S	AGAP000659-PA	CUFF.16609.2_2+	AGAP000659-RA_1+	CUFF.16609.1_2+
./crux_output/comet_4700_3_1	-0.860811	0.807348	0.898734	N.GDQEKNGDADEAEDEEAAHR.T	ACOM040000-PA
./crux_output/comet_6641_2_2	-0.868980	0.807557	0.898734	A.HISLLGER.E	TCONS_00033576_1+	TCONS_00039132_1+	TCONS_00034524_2+	TCONS_00032101_3+	TCONS_00000045_3+	TCONS_00039130_2+	TCONS_00039131_3+	TCONS_00028309_3+	TCONS_00034111_3+	TCONS_00034894_2+	TCONS_00034037_3+	TCONS_00033597_1+	TCONS_00034507_2+	TCONS_00014890_2+
./crux_output/comet_6635_2_1	-0.869801	0.807557	0.898734	P.RPAPGSVGGK.F	CUFF.8854.1_3+
./crux_output/comet_10538_2_1	-0.874424	0.807557	0.898734	S.KTNSVTVTGR.V	CUFF.10225.8_2+	CUFF.10225.1_3+	CUFF.10225.2_2+	CUFF.10225.3_2+	CUFF.10225.4_1+	CUFF.10225.5_3+	CUFF.10225.6_1+	CUFF.10225.7_1+
./crux_output/comet_7926_2_4	-0.904030	0.807557	0.898734	N.HVIYLPSCAR.S	AGAP008197-RA_1+
./crux_output/comet_9591_3_1	-0.909927	0.807557	0.898734	C.GAAAVAAARKSISIK.D	CUFF.8586.9_1+	CUFF.8586.2_1+	CUFF.8586.4_3+	CUFF.8586.12_3+	CUFF.8586.13_3+	CUFF.8586.10_1+	CUFF.8586.11_1+
./crux_output/comet_8712_3_1	-0.921398	0.807557	0.898734	R.RVCGTDGLGCDNHANG.G	AGAP006019-RA_3+
./crux_output/comet_9554_2_3	-0.931097	0.807557	0.898734	R.GQQKATGK.R	CUFF.10109.1_1+
./crux_output/comet_4624_2_1	-0.932147	0.807557	0.898734	R.SGYTGDNCDV.T	AGAP002739-PA	ACOM036434-PA	CUFF.4542.1_3+	CUFF.4542.2_2+	AGAP002739-RA_1+
./crux_output/comet_5612_2_3	-0.933552	0.807557	0.898734	K.ALRIITW.D	CUFF.6272.1_1+	CUFF.6272.2_3+	CUFF.6272.3_3+	AGAP013469-RA_3+
./crux_output/comet_8561_2_1	-0.946071	0.807557	0.898734	X.FGVTKKK.K	CUFF.10348.2_1+	CUFF.10348.3_1+	CUFF.10348.1_1+	CUFF.10348.6_2+	CUFF.10348.7_2+	CUFF.10348.4_1+	CUFF.10348.5_1+
./crux_output/comet_8288_2_5	-0.956961	0.807557	0.898734	E.TTTSTSLLR.R	CUFF.9489.1_1+	CUFF.9489.3_1+	CUFF.9489.2_3+	AGAP007839-RA_2+	DECOY_AGAP008996-PA	DECOY_ACOM040496-PA	DECOY_AGAP008996-RA_1+
./crux_output/comet_10091_2_1	-0.962842	0.807557	0.898734	R.QWPAPRED.R	AGAP002613-RA_2+
./crux_output/comet_4583_2_1	-0.963544	0.807557	0.898734	R.SWCTCSTW.W	CUFF.4000.3_3+	CUFF.4000.2_2+	CUFF.4000.1_2+	CUFF.4000.4_2+	AGAP002215-RA_2+
./crux_output/comet_9661_2_2	-0.982997	0.807557	0.898734	K.LKPISTCASC.L	CUFF.10893.3_3+
./crux_output/comet_6813_2_3	-0.986115	0.807557	0.898734	F.LMSADHMVR.S	CUFF.4374.1_3+	CUFF.4374.3_1+	CUFF.4374.2_3+	CUFF.4374.4_1+
./crux_output/comet_7891_2_1	-0.990936	0.807557	0.898734	R.SYSSVNLL.F	CUFF.6070.1_1+
./crux_output/comet_5908_3_3	-1.005031	0.807557	0.898734	X.DICIPLCNKR.S	CUFF.6089.1_1+	CUFF.6089.3_3+	CUFF.6089.4_3+	CUFF.6089.5_3+	CUFF.6089.6_1+	CUFF.6089.7_2+	CUFF.6089.2_1+
./crux_output/comet_4307_3_1	-1.042599	0.807557	0.898734	L.ERDTNKQGQGR.G	CUFF.2829.2_2+	CUFF.2829.1_2+	CUFF.2829.4_2+	CUFF.2829.5_2+
./crux_output/comet_9799_2_5	-1.058887	0.807557	0.898734	R.TLLEETGFG.X	CUFF.4109.1_1+
./crux_output/comet_9276_2_2	-1.075962	0.807557	0.898734	R.FGVYVCAC.E	CUFF.5242.7_3+	CUFF.5242.2_3+	CUFF.5242.8_3+
./crux_output/comet_9205_2_1	-1.088925	0.807557	0.898734	K.CDSENDCGDGSD.E	AGAP000331-PA	AGAP000331-PB	ACOM038717-PA	CUFF.16256.1_1+	CUFF.16256.2_1+	CUFF.16256.3_3+	CUFF.16256.4_2+	AGAP000331-RA_1+
./crux_output/comet_7339_3_5	-1.093280	0.807557	0.898734	F.GTNGNGVFFCSCSR.K	CUFF.16153.2_3+	CUFF.16153.3_1+
./crux_output/comet_8124_2_1	-1.133630	0.808604	1.000000	N.QSVAMKGK.G	AGAP002474-PA	ACOM036937-PA	AGAP002474-RA_1+
./crux_output/comet_7476_2_4	-1.163672	0.809399	1.000000	T.ETVNGQEQGK.R	CUFF.5884.1_1+	CUFF.5884.2_2+
./crux_output/comet_7377_2_4	-1.181899	0.809399	1.000000	R.DVPTQMPPLT.P	ACOM041058-PA	AGAP004619-RA_3+	CUFF.6525.6_3+
./crux_output/comet_6804_2_3	-1.239410	0.809399	1.000000	R.CTCSCRCW.S	AGAP000181-RA_1+
./crux_output/comet_5804_2_5	-1.254689	0.809399	1.000000	R.CYVMVICE.Q	AGAP001700-PA	ACOM034550-PA	AGAP001700-RA_1+	CUFF.3448.1_1+
./crux_output/comet_6499_2_1	-1.284252	0.809399	1.000000	T.VSCAAGASSK.R	AGAP011120-RA_2+	CUFF.7898.5_1+	CUFF.7898.1_1+	CUFF.7898.3_1+	CUFF.7898.2_1+
./crux_output/comet_9536_2_2	-1.338956	0.809399	1.000000	R.ATTRARAK.R	CUFF.10018.7_3+	CUFF.10018.4_3+	CUFF.10018.2_3+
./crux_output/comet_10289_2_4	-1.354263	0.809399	1.000000	R.DNVFVFDLV.G	AGAP006158-PA	ACOM024585-PA	AGAP006158-RA_1+	CUFF.1683.2_1+
./crux_output/comet_5974_2_1	-1.405448	0.809399	1.000000	K.ATDLGHGGTGT.V	CUFF.16611.1_3+	AGAP000671-RA_3+
./crux_output/comet_9512_3_3	-1.416476	0.809399	1.000000	Q.QQADGDDDDDDSDR.N	ACOM036390-PA
./crux_output/comet_5168_2_1	-1.421382	0.809399	1.000000	R.QTNIGKY.T	CUFF.17526.1_1+	CUFF.17526.2_1+
./crux_output/comet_4553_3_1	-1.471141	0.810435	1.000000	S.DDDDDDEEFDK.I	sp|Q05468|RQC1_YEAST
./crux_output/comet_9676_2_1	-1.507551	0.810599	1.000000	R.KTFLAPRS.W	TCONS_00011500_3+
./crux_output/comet_5792_2_1	-1.592525	0.813310	1.000000	R.RLSLGVVS.F	AGAP001454-PA	ACOM034166-PA	AGAP001454-RA_3+
./crux_output/comet_5848_2_3	-1.708551	0.813310	1.000000	K.TGTDFRTGI.R	TCONS_00004004_2+	TCONS_00004005_2+	TCONS_00004002_3+	TCONS_00004003_1+	TCONS_00033553_2+
./crux_output/comet_10424_2_5	-1.729856	0.813310	1.000000	S.INSYLAR.S	CUFF.7805.5_1+	CUFF.7805.4_1+	DECOY_AGAP010337-RB_3+
./crux_output/comet_7328_2_1	-1.740378	0.813310	1.000000	-.SDECGGQW.H	CUFF.2395.2_2+
./crux_output/comet_5724_2_2	-1.772983	0.813310	1.000000	S.VLYIEDR.A	AGAP010258-RA_2+	CUFF.12137.1_2+
./crux_output/comet_5870_2_2	-1.776247	0.813310	1.000000	X.QSSSSVIAK.T	CUFF.4226.3_3+	CUFF.4226.2_3+	CUFF.4226.4_3+
./crux_output/comet_5014_3_5	-1.926636	0.813472	1.000000	R.DDGDNDDGEPHNADG.I	CUFF.11983.1_2+	CUFF.11983.2_2+	CUFF.13982.2_2+	CUFF.13982.1_2+
./crux_output/comet_8125_3_2	-2.421910	0.816221	1.000000	R.DDEEDDEEEEE.E	AGAP000727-PA	AGAP000727-RA_1+	CUFF.16747.9_3+	CUFF.16747.3_1+	CUFF.16747.2_3+	CUFF.16747.1_2+	CUFF.16747.7_3+	CUFF.16747.6_1+	CUFF.16747.5_1+	CUFF.16747.4_3+
