PSMId	score	q-value	posterior_error_prob	peptide	proteinIds
./crux_output/comet_9906_2_1	2.010297	0.042553	0.033333	K.TNNATFATRR.C	DECOY_CUFF.15875.2_2+	DECOY_CUFF.15875.7_3+
./crux_output/comet_6608_4_1	1.501930	0.058824	0.058824	R.AAQCDGSICLVAGER.K	DECOY_AGAP000617-RA_1+	DECOY_AGAP000617-RB_1+	DECOY_CUFF.16512.1_1+
./crux_output/comet_6408_3_1	1.424581	0.078431	0.250000	K.DAFAFCGDSGTVCCK.F	DECOY_CUFF.7864.1_1+
./crux_output/comet_9723_2_1	1.417034	0.098039	0.250000	K.LDCLFYCCF.X	DECOY_CUFF.11993.2_2+
./crux_output/comet_8377_2_1	1.409864	0.115385	0.250000	R.CHCMKTFR.G	DECOY_AGAP009975-RA_3+	DECOY_CUFF.11839.2_2+	DECOY_CUFF.11839.1_1+
./crux_output/comet_9841_4_1	1.391507	0.127273	0.734694	F.FSSGSSSTHGKPLCAMGVGSDFSK.I	DECOY_AGAP006615-RA_1+	DECOY_CUFF.2077.2_1+
./crux_output/comet_8916_2_1	1.356512	0.142857	0.734694	S.DDDYRLGR.R	DECOY_AGAP001724-RA_1+	DECOY_CUFF.3500.6_1+	DECOY_CUFF.3500.5_2+	DECOY_CUFF.3500.4_3+	DECOY_CUFF.3500.3_3+	DECOY_CUFF.3500.2_2+	DECOY_CUFF.3500.1_1+
./crux_output/comet_10174_2_2	1.319561	0.160714	0.734694	R.TTSTSSSTTTR.T	DECOY_CUFF.16811.1_3+	DECOY_AGAP000747-RA_1+	DECOY_AGAP000747-RB_1+
./crux_output/comet_5771_2_2	1.310063	0.178571	0.734694	R.VASLGEPAYYR.T	DECOY_AGAP001407-RA_3+
./crux_output/comet_6633_3_1	1.271487	0.196429	0.734694	S.GQQSSGAMLAVNK.Q	DECOY_ACOM031228-PA
./crux_output/comet_7687_3_1	1.266790	0.206897	0.734694	R.CCCSSCWAVGTR.L	DECOY_CUFF.7877.1_1+	DECOY_AGAP011169-RA_2+
./crux_output/comet_10063_2_1	1.194151	0.220339	0.734694	R.ATSTDFNR.N	DECOY_CUFF.8167.1_3+
./crux_output/comet_8928_3_2	1.164254	0.237288	0.734694	R.DASVVNQVCANVVR.I	DECOY_CUFF.1888.4_2+
./crux_output/comet_7584_3_1	1.163188	0.250000	0.734694	K.DSCDNDTSNSCRG.A	DECOY_AGAP006943-PA	DECOY_CUFF.2412.1_3+	DECOY_AGAP006943-RA_1+
./crux_output/comet_9340_2_2	1.143816	0.262295	0.734694	K.QLIMSLIPK.L	DECOY_CUFF.2873.2_1+
./crux_output/comet_9602_3_3	1.103170	0.273973	0.734694	R.EACMCVCMCER.A	DECOY_AGAP001488-RB_2+	DECOY_AGAP001488-RA_1+	DECOY_CUFF.3241.2_2+
./crux_output/comet_7253_4_2	1.092192	0.273973	0.734694	R.DDDAHHVNPETASHTHGR.N	DECOY_CUFF.4068.1_1+	DECOY_CUFF.4068.3_3+	DECOY_AGAP002321-RA_3+
./crux_output/comet_9955_4_4	1.032306	0.273973	0.734694	R.SDVSACITLSYESVFSVSYPSM.C	DECOY_AGAP003878-RA_1+
./crux_output/comet_8137_2_1	1.005459	0.273973	0.734694	H.CACCCCCYCR.S	DECOY_CUFF.1634.10_1+	DECOY_AGAP006042-RB_2+	DECOY_AGAP006042-RA_1+	DECOY_CUFF.1634.9_1+	DECOY_CUFF.1634.8_1+	DECOY_CUFF.1634.7_2+	DECOY_CUFF.1634.6_1+	DECOY_CUFF.1634.5_3+	DECOY_CUFF.1634.4_3+	DECOY_CUFF.1634.3_3+	DECOY_CUFF.1634.2_1+	DECOY_CUFF.1634.1_3+
./crux_output/comet_8780_2_1	0.996289	0.283784	0.734694	N.GGENLYMELVK.R	DECOY_TCONS_00014211_3+
./crux_output/comet_10561_2_2	0.985018	0.297297	0.734694	L.AAAVTGGHGAVSPER.L	DECOY_AGAP002751-RA_3+
./crux_output/comet_6374_2_1	0.984278	0.310811	0.734694	E.LDFLTYAAR.A	DECOY_CUFF.3871.2_3+	DECOY_CUFF.3871.1_2+
./crux_output/comet_6421_2_1	0.984248	0.315789	0.734694	K.ESTFLNHR.F	DECOY_CUFF.5868.1_3+
./crux_output/comet_7990_4_4	0.979969	0.328947	0.734694	R.GAGGGWAGPLSHLLHGGR.R	DECOY_CUFF.4313.1_3+	DECOY_CUFF.4313.2_2+	DECOY_CUFF.4313.3_3+	DECOY_CUFF.4313.6_3+	DECOY_AGAP002579-RA_3+
./crux_output/comet_7071_3_1	0.978757	0.337500	0.734694	C.DTSVAGNGSRTESRVSVTR.S	DECOY_AGAP010081-RA_2+
./crux_output/comet_10425_3_1	0.977490	0.337500	0.734694	E.SALEALQTSGTRTEEGHG.-	DECOY_AGAP007134-PA
./crux_output/comet_8338_2_1	0.972971	0.345238	0.734694	R.AAAATASEPAR.R	DECOY_AGAP003151-RA_3+
./crux_output/comet_6896_2_1	0.970437	0.345238	0.734694	C.TSSVSSFEVR.C	DECOY_AGAP010146-PA	DECOY_ACOM022485-PA	DECOY_AGAP010146-RA_1+
./crux_output/comet_8450_2_3	0.967830	0.352941	0.734694	Q.LNEIQAK.K	DECOY_AGAP007395-PA	DECOY_ACOM025641-PA	DECOY_AGAP007395-RA_1+
./crux_output/comet_8092_2_1	0.967552	0.360465	0.734694	R.QVGACLVW.A	DECOY_AGAP006778-RA_3+	DECOY_CUFF.2243.1_2+
./crux_output/comet_8982_3_1	0.966458	0.369565	0.734694	K.QLYKSMPFGYGPNDSVG.K	DECOY_AGAP010960-PA	DECOY_ACOM022849-PA	DECOY_AGAP010960-RA_1+	DECOY_CUFF.7665.1_2+
./crux_output/comet_7498_2_4	0.965733	0.369565	0.734694	K.TGSNRPPNR.A	DECOY_CUFF.17072.8_3+	DECOY_CUFF.17072.3_3+	DECOY_CUFF.17072.1_2+	DECOY_CUFF.17072.7_3+	DECOY_CUFF.17072.6_3+	DECOY_CUFF.17072.5_2+	DECOY_CUFF.17072.4_2+	DECOY_CUFF.17072.2_3+
./crux_output/comet_9844_2_2	0.965010	0.369565	0.734694	K.TTTITTTDHHHS.S	DECOY_CUFF.2871.1_3+
./crux_output/comet_8190_3_2	0.962299	0.380435	0.734694	R.DVLLADGPEVYFSFST.R	DECOY_AGAP011086-PA	DECOY_ACOM023060-PA	DECOY_CUFF.7776.1_3+	DECOY_AGAP011086-RA_1+
./crux_output/comet_8153_2_1	0.962185	0.382979	0.734694	S.QSVCAMLER.L	DECOY_AGAP007533-PA	DECOY_ACOM025772-PA	DECOY_CUFF.2753.2_1+	DECOY_AGAP007533-RA_1+
./crux_output/comet_8819_3_2	0.960644	0.390000	0.734694	G.TGKWVMQTFQK.E	DECOY_AGAP007584-PA	DECOY_ACOM025843-PA	DECOY_CUFF.2927.9_3+	DECOY_CUFF.2927.8_2+	DECOY_CUFF.2927.5_2+	DECOY_CUFF.2927.4_2+	DECOY_CUFF.2927.7_1+	DECOY_CUFF.2927.6_1+	DECOY_CUFF.2927.1_2+	DECOY_AGAP007584-RA_1+	DECOY_CUFF.2927.10_2+
./crux_output/comet_6302_3_1	0.959642	0.390000	0.734694	A.EYYFGLAFETRK.G	DECOY_sp|Q07622|ACK1_YEAST
./crux_output/comet_8857_3_5	0.958162	0.390000	0.734694	D.LQEADSATAGQWVR.A	DECOY_AGAP007317-RA_3+	DECOY_CUFF.2630.1_1+
./crux_output/comet_8789_2_3	0.956769	0.400000	0.734694	P.SLVNVEQSFK.N	DECOY_AGAP006921-PA	DECOY_ACOM031535-PA	DECOY_AGAP006921-RA_3+	DECOY_CUFF.2370.2_1+
./crux_output/comet_10260_2_3	0.956758	0.410000	0.734694	K.NTLFVIPFELGG.S	DECOY_sp|Q12039|HMI1_YEAST
./crux_output/comet_8454_3_1	0.956708	0.420000	0.734694	K.DTGIAGCMVCIDQTLVFQ.E	DECOY_AGAP011192-PA	DECOY_AGAP011192-PB	DECOY_ACOM038203-PA	DECOY_CUFF.7935.2_1+	DECOY_CUFF.7935.1_1+
./crux_output/comet_6156_2_1	0.956577	0.421569	0.734694	Y.NSELVHTR.T	DECOY_CUFF.8873.1_2+	DECOY_CUFF.8873.2_2+
./crux_output/comet_7610_2_1	0.956261	0.423077	0.818540	Q.ENGKDNHPR.I	DECOY_AGAP008075-RB_3+
./crux_output/comet_9339_2_1	0.955872	0.425926	0.818540	R.TNIYPYVP.S	DECOY_TCONS_00039699_3+
./crux_output/comet_6679_2_1	0.954881	0.425926	0.818540	R.AVMQEVVR.E	DECOY_AGAP006968-PA	DECOY_ACOM031472-PA	DECOY_AGAP006968-RA_1+
./crux_output/comet_8975_2_1	0.954402	0.435185	0.818540	D.CQYVVNAYSDR.C	DECOY_CUFF.5272.1_1+
./crux_output/comet_9880_2_2	0.954388	0.440367	0.818540	A.RSGSGNGGSCSTTATR.L	DECOY_AGAP001441-RA_3+	DECOY_CUFF.3410.5_1+	DECOY_CUFF.3410.4_3+	DECOY_CUFF.3410.1_3+	DECOY_CUFF.3410.3_3+	DECOY_CUFF.3410.2_2+
./crux_output/comet_8087_3_3	0.953832	0.445455	0.818540	X.THKTVTNHTPQTAHK.K	DECOY_CUFF.8700.5_3+	DECOY_CUFF.8700.7_3+	DECOY_CUFF.8700.1_1+	DECOY_CUFF.8700.2_3+	DECOY_CUFF.8700.3_1+	DECOY_CUFF.8700.8_1+	DECOY_CUFF.8700.4_2+
./crux_output/comet_7629_3_3	0.953407	0.454545	0.818540	T.KSEPLDEAHWVTEPTPDSDTEYGER.S	DECOY_ACOM037065-PA
./crux_output/comet_8393_2_1	0.953332	0.463636	0.818540	X.ARAPCIK.S	DECOY_AGAP007105-RA_2+
./crux_output/comet_9028_2_1	0.952445	0.472727	0.818540	Q.TKTQSNMSVAEK.L	DECOY_AGAP029368-PA	DECOY_TCONS_00004059_2+
./crux_output/comet_9651_2_3	0.952358	0.477477	0.818540	L.NDTTYQLQK.T	DECOY_CUFF.13163.1_2+
./crux_output/comet_8832_2_5	0.952197	0.477876	0.818540	R.DGALLAFWLSC.H	DECOY_AGAP010833-RA_3+
./crux_output/comet_9524_2_1	0.951172	0.486726	0.818540	X.QEVEFVTK.R	DECOY_CUFF.2158.1_1+
./crux_output/comet_7536_2_3	0.951137	0.486957	0.818540	Y.EFIGKTTLCER.M	DECOY_sp|P36113|HEL1_YEAST
./crux_output/comet_7312_2_4	0.950598	0.491379	0.818540	L.LKAAGDDDHR.Q	DECOY_CUFF.17075.1_3+	DECOY_AGAP012964-RA_3+
./crux_output/comet_9982_2_1	0.950198	0.495726	0.818540	E.LFATLVSK.D	DECOY_AGAP010883-PA	DECOY_ACOM027707-PA	DECOY_CUFF.7555.1_1+	DECOY_AGAP010883-RA_1+
./crux_output/comet_6961_2_3	0.949466	0.504274	0.818540	F.NLAVMVR.K	DECOY_ACOM026857-PA
./crux_output/comet_8188_3_1	0.949460	0.512821	0.818540	K.YLFSDQAGTDF.F	DECOY_CUFF.16688.3_1+
./crux_output/comet_7977_2_3	0.949288	0.516949	0.818540	A.PNTAILEAAYR.E	DECOY_AGAP002890-PA	DECOY_AGAP002890-PB	DECOY_ACOM037534-PA	DECOY_CUFF.4616.1_1+	DECOY_AGAP002890-RA_3+	DECOY_AGAP002890-RB_3+
./crux_output/comet_7197_2_1	0.949102	0.521008	0.818540	R.TERETLTSATL.X	DECOY_CUFF.4935.1_3+	DECOY_AGAP003268-RA_3+
./crux_output/comet_7822_4_2	0.948730	0.527132	0.818540	K.ILNSAVCAVCSSSMESSSTHRSSSPVTHD.I	DECOY_CUFF.2363.1_2+
./crux_output/comet_8952_2_1	0.948478	0.527132	0.818540	T.WAFVCVR.S	DECOY_CUFF.8694.3_3+
./crux_output/comet_9919_2_3	0.948029	0.527132	0.818540	K.DVNTIRR.S	DECOY_CUFF.1869.4_2+	DECOY_CUFF.1869.3_3+	DECOY_CUFF.1869.2_1+	DECOY_CUFF.1869.1_1+
./crux_output/comet_6013_2_1	0.947843	0.527132	0.818540	K.IEDVFPK.R	DECOY_CUFF.4009.1_2+
./crux_output/comet_9509_2_2	0.947522	0.527132	0.818540	K.HSKPLACYSAGLRE.G	DECOY_AGAP007892-PA	DECOY_AGAP007892-PB	DECOY_ACOM030838-PA	DECOY_CUFF.9888.4_3+	DECOY_CUFF.9888.5_3+	DECOY_CUFF.9888.6_1+	DECOY_CUFF.9888.1_2+	DECOY_CUFF.9888.3_1+	DECOY_AGAP007892-RB_1+	DECOY_AGAP007892-RA_1+	DECOY_CUFF.9888.11_3+	DECOY_CUFF.9888.7_2+	DECOY_CUFF.9888.8_2+	DECOY_CUFF.9888.9_1+	DECOY_CUFF.9888.2_1+
./crux_output/comet_10463_2_2	0.947048	0.527132	0.818540	V.EGLLLDDEQEEDR.D	DECOY_ACOM029402-PA
./crux_output/comet_4882_2_1	0.943664	0.530769	0.818540	N.KTTSSLTSIR.S	DECOY_AGAP003979-RA_2+	DECOY_CUFF.5656.1_2+
./crux_output/comet_8279_2_2	0.943573	0.538462	0.818540	V.VPSSSPSGDAASHER.I	DECOY_AGAP000368-PA	DECOY_AGAP000368-RA_3+
./crux_output/comet_9396_2_2	0.943539	0.546154	0.818540	K.VSCVEYAAVL.R	DECOY_AGAP007765-RA_2+	DECOY_CUFF.9400.8_1+	DECOY_CUFF.9400.1_3+	DECOY_CUFF.9400.2_2+	DECOY_CUFF.9400.3_3+	DECOY_CUFF.9400.4_2+	DECOY_CUFF.9400.5_2+	DECOY_CUFF.9400.6_2+	DECOY_CUFF.9400.7_3+
./crux_output/comet_9744_3_1	0.943399	0.553846	0.818540	R.SHAVSNKYAFSRTD.R	DECOY_AGAP004152-RA_3+	DECOY_CUFF.5832.1_1+
./crux_output/comet_6689_2_1	0.942552	0.558824	0.818540	S.QPPHLTK.I	DECOY_CUFF.4303.2_3+	DECOY_CUFF.4303.1_3+
./crux_output/comet_6838_4_3	0.942419	0.558824	0.818540	R.ADIRSEATGGACDADGGDNYR.X	DECOY_CUFF.4000.3_1+	DECOY_CUFF.4000.2_3+
./crux_output/comet_10596_3_5	0.942406	0.558824	0.818540	K.AHSLTHTDWLDSQSVVFNGK.Q	DECOY_AGAP004595-PA	DECOY_ACOM041035-PA	DECOY_CUFF.6315.1_1+	DECOY_CUFF.6315.3_1+	DECOY_AGAP004595-RA_1+
./crux_output/comet_9497_3_3	0.941869	0.558824	0.818540	S.LHMIGNHKDFNR.I	DECOY_TCONS_00031113_3+
./crux_output/comet_5522_2_3	0.941729	0.566176	0.818540	R.FGYRDQFI.V	DECOY_CUFF.8268.1_3+
./crux_output/comet_8269_3_2	0.941114	0.573529	0.818540	A.SHMDLSDSSSHASPLK.N	DECOY_AGAP002274-PA	DECOY_AGAP002274-PB	DECOY_AGAP002274-RA_1+	DECOY_AGAP002274-RB_2+	DECOY_CUFF.4117.19_1+	DECOY_CUFF.4117.14_3+	DECOY_CUFF.4117.12_3+	DECOY_CUFF.4117.16_2+
./crux_output/comet_8334_3_5	0.941075	0.575540	0.818540	G.DFEDICCIGNDALVLAGK.M	DECOY_sp|P38132|MCM7_YEAST
./crux_output/comet_8995_3_2	0.940496	0.575540	0.818540	G.AGILKTFVDCSGK.G	DECOY_AGAP000380-PA	DECOY_AGAP000380-PB	DECOY_ACOM035978-PA	DECOY_CUFF.16374.3_2+	DECOY_CUFF.16374.2_3+	DECOY_CUFF.16374.1_1+	DECOY_CUFF.16374.5_1+	DECOY_CUFF.16374.4_2+	DECOY_AGAP000380-RB_2+	DECOY_AGAP000380-RA_1+
./crux_output/comet_5637_2_1	0.939762	0.582734	0.818540	V.CRGGAAAQER.L	DECOY_AGAP000139-RA_3+	DECOY_CUFF.15975.1_2+
./crux_output/comet_8734_2_3	0.939705	0.588608	0.818540	Q.DLLTHICGVGER.R	DECOY_AGAP007631-RA_3+
./crux_output/comet_4525_2_1	0.939704	0.588608	0.818540	A.RADDVIAAR.R	DECOY_CUFF.8384.4_1+	DECOY_CUFF.8384.1_3+	DECOY_CUFF.8384.2_1+	DECOY_CUFF.8384.3_3+	DECOY_AGAP011528-RA_3+
./crux_output/comet_10256_3_1	0.939679	0.588608	0.818540	K.GALGNTGAPESNAAEKPK.N	DECOY_AGAP001328-PA	DECOY_ACOM033946-PA	DECOY_AGAP001328-RA_1+	DECOY_CUFF.3124.1_1+	DECOY_CUFF.3124.3_3+	DECOY_CUFF.3124.2_2+	DECOY_CUFF.3124.5_3+	DECOY_CUFF.3124.4_1+
./crux_output/comet_8476_2_1	0.939664	0.588608	0.818540	R.ESSQTALNFFK.W	DECOY_CUFF.8812.1_1+
./crux_output/comet_7929_2_2	0.939096	0.588608	0.818540	K.KTNSAASSGETIR.R	DECOY_sp|Q03661|ESC1_YEAST
./crux_output/comet_8798_2_2	0.938712	0.588608	0.818540	K.NNARKSK.H	DECOY_CUFF.915.1_2+	DECOY_CUFF.915.2_1+
./crux_output/comet_8126_3_1	0.938358	0.588608	0.818540	T.IHSERGEGHAVSSYAR.K	DECOY_CUFF.4675.5_1+	DECOY_CUFF.4675.4_3+	DECOY_CUFF.4675.1_2+	DECOY_CUFF.4675.3_2+	DECOY_CUFF.4675.2_2+
./crux_output/comet_10047_3_2	0.938335	0.588608	0.818540	G.RDVRSLVACDGR.H	DECOY_AGAP001634-RA_3+	DECOY_CUFF.3390.4_1+	DECOY_CUFF.3390.2_2+	DECOY_CUFF.3390.3_3+	DECOY_CUFF.3390.1_3+
./crux_output/comet_8921_2_1	0.937983	0.588608	0.818540	K.GGIALTVW.N	DECOY_AGAP009022-PA	DECOY_ACOM040185-PA	DECOY_AGAP009022-RA_1+
./crux_output/comet_9285_2_1	0.937640	0.588608	0.818540	V.QGRCVQGPQLR.H	DECOY_CUFF.3967.3_2+	DECOY_CUFF.3967.1_1+	DECOY_AGAP002226-RA_3+
./crux_output/comet_7516_2_5	0.937490	0.588608	0.818540	R.TTLSASRA.R	DECOY_AGAP011393-RA_2+
./crux_output/comet_8082_2_1	0.936993	0.588608	0.818540	R.LNESSLSSV.S	DECOY_sp|P39518|LCF2_YEAST
./crux_output/comet_10357_2_2	0.936719	0.592593	0.818540	K.AGSTERLTR.F	DECOY_AGAP004497-RA_1+
./crux_output/comet_6201_3_1	0.936536	0.592593	0.818540	R.QENGIGFAPGAAFSQSL.Y	DECOY_AGAP008683-PA	DECOY_ACOM029104-PA	DECOY_CUFF.10303.1_1+	DECOY_CUFF.10303.2_1+	DECOY_AGAP008683-RA_1+
./crux_output/comet_7969_2_2	0.936316	0.592593	0.818540	-.SVGVAFQSTAR.S	DECOY_TCONS_00000482_1+
./crux_output/comet_5088_2_1	0.935864	0.598765	0.818540	R.ASLGTIDK.N	DECOY_sp|P40033|RSM18_YEAST
./crux_output/comet_5839_2_2	0.935529	0.604938	0.818540	R.WGTDLPSH.G	DECOY_AGAP001509-RA_1+
./crux_output/comet_7571_3_4	0.935426	0.611111	0.818540	X.QSANCIKQYNK.A	DECOY_CUFF.4658.4_2+	DECOY_CUFF.4658.5_3+	DECOY_CUFF.4658.2_1+	DECOY_CUFF.4658.1_3+
./crux_output/comet_5216_3_1	0.935377	0.612121	0.818540	Q.TASTSSGNWGSPPPTSR.M	DECOY_CUFF.7658.2_3+	DECOY_CUFF.7658.1_3+	DECOY_CUFF.7658.3_2+	DECOY_AGAP010970-RA_2+
./crux_output/comet_7067_3_2	0.935325	0.612121	0.818540	R.GSIWYLTSFCLITDRW.Q	DECOY_AGAP000154-PA	DECOY_ACOM040111-PA	DECOY_AGAP000154-RA_2+
./crux_output/comet_7914_3_3	0.935113	0.614458	0.818540	K.QVLEVGIASCET.S	DECOY_ACOM028081-PA
./crux_output/comet_8677_2_2	0.935012	0.616766	0.818540	R.AQTLITNER.S	DECOY_CUFF.3429.4_3+
./crux_output/comet_6311_3_2	0.934997	0.619792	0.818540	S.SKPTTSSSSAVPSENSK.S	DECOY_AGAP029522-PA	DECOY_ACOM034177-PA	DECOY_CUFF.3254.7_1+	DECOY_CUFF.3254.6_1+	DECOY_CUFF.3254.5_1+	DECOY_CUFF.3254.4_1+	DECOY_CUFF.3254.3_2+	DECOY_CUFF.3254.2_2+	DECOY_CUFF.3254.1_3+	DECOY_CUFF.3254.9_1+	DECOY_AGAP001467-RA_1+	DECOY_CUFF.3254.12_3+	DECOY_CUFF.3254.11_3+	DECOY_CUFF.3254.10_3+
./crux_output/comet_6049_2_5	0.934988	0.619792	0.818540	R.ESQGPPSGPNLMPSPSHS.N	DECOY_AGAP012428-PA	DECOY_AGAP012428-RA_1+
./crux_output/comet_10002_2_4	0.934690	0.619792	0.818540	-.ITDDLDLSFI.H	DECOY_CUFF.8303.11_1+	DECOY_CUFF.8303.10_1+	DECOY_CUFF.8303.9_1+
./crux_output/comet_10644_4_1	0.934545	0.619792	0.818540	R.SSAATIFSGVLLTALCSFYSIS.F	DECOY_AGAP008335-PA	DECOY_ACOM030124-PA	DECOY_AGAP008335-RA_1+
./crux_output/comet_8555_2_1	0.934404	0.619792	0.818540	N.LNESPHR.R	DECOY_AGAP011177-PA	DECOY_ACOM023223-PA	DECOY_CUFF.7936.1_1+	DECOY_CUFF.7936.4_3+	DECOY_AGAP011177-RA_2+
./crux_output/comet_9064_2_1	0.934332	0.619792	0.818540	C.KSHVACLR.I	DECOY_CUFF.11188.3_1+	DECOY_CUFF.11188.2_2+	DECOY_CUFF.11188.1_1+	DECOY_AGAP009538-RA_2+
./crux_output/comet_7359_2_2	0.934101	0.619792	0.818540	K.NSTTVPFER.C	DECOY_CUFF.8082.1_3+	DECOY_AGAP028166-RA_2+
./crux_output/comet_10046_3_1	0.934086	0.619792	0.818540	A.GGAASVSKVCLGER.N	DECOY_AGAP013392-RA_2+	DECOY_CUFF.16162.2_2+	DECOY_CUFF.16162.3_1+	DECOY_CUFF.16162.1_1+
./crux_output/comet_8295_2_4	0.934048	0.619792	0.818540	L.EIENGPANSR.Q	DECOY_CUFF.7322.2_1+
./crux_output/comet_8590_2_5	0.934024	0.619792	0.818540	R.LMSREAAAPASER.V	DECOY_AGAP028196-PA	DECOY_ACOM040683-PA	DECOY_AGAP028196-RA_2+	DECOY_CUFF.10479.1_2+
./crux_output/comet_5633_2_3	0.933946	0.619792	0.818540	R.WSFLAGFK.I	DECOY_CUFF.11673.2_1+	DECOY_CUFF.11673.3_1+	DECOY_CUFF.11673.1_1+	DECOY_CUFF.11673.4_2+
./crux_output/comet_6075_2_1	0.933828	0.619792	0.818540	R.VEAPCKSR.C	DECOY_AGAP006945-RA_2+
./crux_output/comet_10218_3_2	0.933379	0.619792	0.818540	K.NTGTYNSLSFIIK.S	DECOY_CUFF.6159.2_1+	DECOY_CUFF.6159.3_3+	DECOY_CUFF.6159.1_3+	DECOY_CUFF.6159.4_2+	DECOY_CUFF.6159.5_1+
./crux_output/comet_9894_2_1	0.933360	0.619792	0.818540	V.QNFEDLEK.A	DECOY_AGAP006610-PA	DECOY_ACOM039460-PA	DECOY_CUFF.2075.1_3+	DECOY_AGAP006610-RA_3+
./crux_output/comet_6985_2_1	0.933098	0.619792	0.818540	N.KFLMNNSTNR.I	DECOY_CUFF.5376.4_1+	DECOY_CUFF.5376.1_1+
./crux_output/comet_9834_3_3	0.932833	0.619792	0.818540	I.GRGAKGASGEGEPDVR.Q	DECOY_CUFF.1859.1_3+	DECOY_AGAP006388-RA_1+
./crux_output/comet_8348_2_1	0.932646	0.621762	0.818540	R.AFAVMSRS.V	DECOY_AGAP000911-PA	DECOY_ACOM033578-PA	DECOY_AGAP000911-RA_3+
./crux_output/comet_9773_3_1	0.932503	0.623711	0.818540	Q.QEDPKADHGPGAEPR.D	DECOY_AGAP012577-RA_3+	DECOY_AGAP010645-RA_1+
./crux_output/comet_6729_2_1	0.932322	0.628866	0.818540	R.RQPFEVR.A	DECOY_CUFF.7032.1_1+	DECOY_CUFF.7032.3_3+	DECOY_AGAP010314-RA_2+
./crux_output/comet_7408_3_2	0.932132	0.634021	0.818540	Q.QFLEDSRLHACR.N	DECOY_CUFF.9535.1_3+	DECOY_AGAP007924-RA_3+
./crux_output/comet_6415_3_2	0.932126	0.639175	0.818540	I.SHMFFLPFDK.C	DECOY_CUFF.6403.4_3+	DECOY_CUFF.6403.5_3+	DECOY_CUFF.6403.2_2+	DECOY_CUFF.6403.1_2+	DECOY_AGAP004625-RB_3+
./crux_output/comet_10623_2_2	0.932067	0.644330	0.818540	S.NTHIPPK.E	DECOY_AGAP005910-RA_3+	DECOY_AGAP005910-RB_3+	DECOY_CUFF.1493.1_2+
./crux_output/comet_7882_4_1	0.932045	0.649485	0.818540	G.PPAPPLVEDDYEDETPATDESGQLYSEK.R	DECOY_AGAP009126-PA	DECOY_ACOM027235-PA	DECOY_CUFF.10747.1_1+	DECOY_AGAP009126-RA_1+
./crux_output/comet_9537_2_2	0.931931	0.650485	0.818540	K.SITTTTSSNLTSG.W	DECOY_AGAP001672-RA_2+	DECOY_CUFF.3427.3_2+	DECOY_CUFF.3427.2_2+	DECOY_CUFF.3427.1_1+
./crux_output/comet_9352_3_1	0.931903	0.650485	0.818540	G.IWCSAFTCFHTAR.C	DECOY_AGAP012836-RA_2+	DECOY_AGAP004101-RA_3+
./crux_output/comet_10338_2_2	0.931775	0.650485	0.818540	K.FEVGITSA.T	DECOY_AGAP004559-PA	DECOY_AGAP004559-PB	DECOY_AGAP004559-PC	DECOY_AGAP004559-PD	DECOY_AGAP004559-PE	DECOY_AGAP004559-PF	DECOY_AGAP004559-PG	DECOY_AGAP004559-PH	DECOY_AGAP004559-PI	DECOY_AGAP004559-PJ	DECOY_AGAP004559-PK	DECOY_ACOM029566-PA	DECOY_sp|P38555|YPT31_YEAST	DECOY_sp|P51996|YPT32_YEAST	DECOY_AGAP004559-RJ_1+	DECOY_AGAP004559-RK_1+	DECOY_AGAP004559-RH_1+	DECOY_AGAP004559-RI_1+	DECOY_AGAP004559-RG_1+	DECOY_AGAP004559-RD_2+	DECOY_AGAP004559-RE_2+
./crux_output/comet_8386_2_1	0.931659	0.650485	0.818540	K.AFWGVKT.S	DECOY_AGAP013496-RA_2+
./crux_output/comet_8474_3_1	0.931553	0.650485	0.818540	I.ASRFVSAMDVK.N	DECOY_TCONS_00009794_1+
./crux_output/comet_7395_2_2	0.931361	0.650485	0.818540	Q.VTSVSTENGK.Y	DECOY_sp|P47025|MDV1_YEAST
./crux_output/comet_10132_3_1	0.931356	0.650485	0.818540	V.LYSTIHPHSYTK.T	DECOY_CUFF.9886.3_1+	DECOY_CUFF.9886.1_2+	DECOY_CUFF.9886.4_2+	DECOY_CUFF.9886.2_3+
./crux_output/comet_9851_3_5	0.931260	0.650485	0.818540	K.SFTAFRACIR.R	DECOY_AGAP006623-RA_2+
./crux_output/comet_6000_2_2	0.930803	0.655340	0.818540	T.KSHSVNNK.K	DECOY_CUFF.8309.9_3+
./crux_output/comet_8242_3_1	0.930552	0.656522	0.818540	S.GNSEGYGWTAEEALLK.S	DECOY_ACOM030055-PA
./crux_output/comet_9499_3_1	0.930505	0.656522	0.818540	A.EHGGGTHAGRPDLER.R	DECOY_AGAP009338-RA_3+
./crux_output/comet_5399_3_2	0.930459	0.656522	0.818540	R.QASSVTQEVYALQ.Q	DECOY_CUFF.2422.3_1+	DECOY_CUFF.2422.2_2+
./crux_output/comet_6907_2_1	0.930362	0.656522	0.818540	K.RAFQALP.E	DECOY_sp|P40367|GPI7_YEAST
./crux_output/comet_10291_3_1	0.930071	0.656522	0.818540	R.SAAGPAAADPGAARGGPRDGGPDA.A	DECOY_CUFF.4265.6_2+	DECOY_CUFF.4265.7_2+	DECOY_CUFF.4265.5_3+	DECOY_CUFF.4265.14_1+	DECOY_CUFF.4265.10_2+
./crux_output/comet_9510_2_2	0.929958	0.656522	0.818540	R.VSDGIEVMTER.G	DECOY_AGAP000954-PA	DECOY_AGAP000954-PB	DECOY_AGAP000954-PC	DECOY_AGAP000954-PD	DECOY_CUFF.17521.13_1+	DECOY_CUFF.17521.12_2+	DECOY_CUFF.17521.14_3+	DECOY_AGAP000954-RD_3+	DECOY_AGAP000954-RA_3+	DECOY_AGAP000954-RC_2+	DECOY_AGAP000954-RB_3+	DECOY_CUFF.17521.8_3+	DECOY_CUFF.17521.2_1+	DECOY_CUFF.17521.3_3+	DECOY_CUFF.17521.6_1+	DECOY_CUFF.17521.7_1+	DECOY_CUFF.17521.5_3+	DECOY_CUFF.17521.1_3+	DECOY_CUFF.17521.4_2+
./crux_output/comet_7740_2_5	0.929934	0.656522	0.818540	R.IFQQLPK.Y	DECOY_sp|Q04549|ARP10_YEAST
./crux_output/comet_9586_3_4	0.929867	0.656522	0.818540	Q.APSANHEAAGTQAYR.L	DECOY_AGAP005636-RA_2+
./crux_output/comet_7842_2_2	0.929752	0.656522	0.818540	A.LQETYAAPAK.Q	DECOY_CUFF.3026.1_2+	DECOY_AGAP001225-RA_3+
./crux_output/comet_9526_2_3	0.929742	0.656522	0.818540	R.RFSTQAL.R	DECOY_CUFF.7873.1_2+	DECOY_CUFF.7873.2_2+
./crux_output/comet_9225_3_2	0.929588	0.656522	0.818540	K.TAMATDPSDAISLA.V	DECOY_AGAP003146-PA	DECOY_AGAP003146-RA_2+	DECOY_CUFF.4803.1_3+
./crux_output/comet_6850_2_3	0.929529	0.656522	0.818540	H.EVALDHLGPK.H	DECOY_AGAP000494-RB_3+	DECOY_AGAP000494-RA_2+	DECOY_CUFF.16632.2_2+	DECOY_CUFF.16632.1_2+	DECOY_AGAP000493-RA_3+	DECOY_CUFF.16409.2_3+	DECOY_CUFF.16409.1_3+
./crux_output/comet_10482_3_3	0.929391	0.656522	0.818540	H.DTTGYGSRRGPER.N	DECOY_AGAP002687-RA_3+	DECOY_CUFF.4405.1_3+
./crux_output/comet_7919_2_4	0.929096	0.656522	0.818540	R.SVYRSTANAR.A	DECOY_AGAP007954-RA_3+
./crux_output/comet_7460_2_3	0.928912	0.656522	0.818540	H.VSGGEHPSR.R	DECOY_AGAP013401-RA_1+	DECOY_CUFF.1855.2_1+	DECOY_CUFF.1855.1_3+
./crux_output/comet_6020_3_1	0.928729	0.656522	0.818540	K.QGDEKGDDGSDSSIR.H	DECOY_AGAP003872-PA	DECOY_ACOM034742-PA	DECOY_CUFF.5555.1_1+	DECOY_AGAP003872-RA_1+
./crux_output/comet_7995_2_5	0.928410	0.660870	0.818540	K.QFNKKNK.I	DECOY_CUFF.1049.1_2+
./crux_output/comet_10175_3_3	0.928357	0.665217	0.818540	Q.GCEAGQGLRPVQHR.A	DECOY_AGAP002830-RA_2+	DECOY_CUFF.4498.1_3+
./crux_output/comet_7996_2_1	0.928318	0.666667	0.818540	A.FGANQIMK.C	DECOY_AGAP010488-PA	DECOY_ACOM041676-PA	DECOY_CUFF.7177.1_3+	DECOY_AGAP010488-RA_3+
./crux_output/comet_8702_2_2	0.928294	0.668103	0.818540	G.VEAESGARGPWHVR.G	DECOY_CUFF.2046.3_3+	DECOY_CUFF.2046.2_1+	DECOY_CUFF.2046.1_2+	DECOY_AGAP006515-RA_3+
./crux_output/comet_7664_2_3	0.928259	0.672414	0.818540	R.NDYKPFEK.A	DECOY_AGAP011097-PA	DECOY_ACOM023083-PA	DECOY_CUFF.7839.8_3+	DECOY_CUFF.7839.6_2+	DECOY_CUFF.7839.7_2+	DECOY_CUFF.7839.4_2+	DECOY_CUFF.7839.5_3+	DECOY_CUFF.7839.2_3+	DECOY_CUFF.7839.3_2+	DECOY_CUFF.7839.1_3+
./crux_output/comet_7955_3_1	0.928211	0.676724	0.818540	R.AFLAPHLANGDDA.I	DECOY_AGAP009550-RA_3+
./crux_output/comet_5206_2_2	0.928158	0.680851	0.818540	E.LYRDFPD.-	DECOY_sp|P42945|UTP10_YEAST
./crux_output/comet_9621_2_1	0.928145	0.680851	0.818540	A.GGSFGAKAK.R	DECOY_AGAP005101-RA_3+
./crux_output/comet_9900_3_2	0.927994	0.680851	0.818540	K.AEKYLVTLMQSDYNQ.P	DECOY_AGAP009304-RA_3+
./crux_output/comet_9172_2_1	0.927940	0.683544	0.818540	E.QCMEIYACFPGEK.F	DECOY_AGAP001863-PA	DECOY_AGAP001863-PB	DECOY_ACOM023729-PA	DECOY_AGAP001863-RA_1+	DECOY_AGAP001863-RB_1+
./crux_output/comet_10066_2_3	0.927887	0.683544	0.818540	E.EKNSAKEITGNDK.S	DECOY_AGAP004327-PA	DECOY_CUFF.5987.2_1+	DECOY_CUFF.5987.1_1+	DECOY_AGAP004327-RA_1+
./crux_output/comet_8280_2_2	0.927814	0.684874	0.818540	R.TCVLRMI.V	DECOY_AGAP005956-RA_2+	DECOY_CUFF.1560.1_1+
./crux_output/comet_4195_3_1	0.927802	0.685950	0.818540	F.QQESVARPVGR.G	DECOY_AGAP003209-RA_3+
./crux_output/comet_8053_2_1	0.927647	0.685950	0.818540	V.GVFMVTR.I	DECOY_sp|P32386|YBT1_YEAST
./crux_output/comet_5405_2_4	0.927609	0.685950	0.818540	K.NGCNGCSC.P	DECOY_AGAP006551-PA	DECOY_ACOM039502-PA	DECOY_AGAP006551-RA_3+
./crux_output/comet_10248_2_2	0.927500	0.687243	0.818540	K.MVCITFIL.V	DECOY_AGAP029523-PA	DECOY_AGAP029523-PB	DECOY_AGAP029523-PC	DECOY_ACOM042568-PA	DECOY_CUFF.2920.11_3+	DECOY_CUFF.2920.8_3+	DECOY_CUFF.2920.9_2+	DECOY_CUFF.2920.6_2+	DECOY_CUFF.2920.7_3+	DECOY_CUFF.2920.4_3+	DECOY_CUFF.2920.5_1+	DECOY_CUFF.2920.2_3+	DECOY_CUFF.2920.3_1+	DECOY_CUFF.2920.1_1+	DECOY_AGAP007709-RA_2+
./crux_output/comet_7927_3_1	0.927453	0.688525	0.818540	R.QVSHVNVSVTE.R	DECOY_TCONS_00017387_3+
./crux_output/comet_7832_3_4	0.927420	0.690476	0.818540	X.TTGTTHQHSARR.W	DECOY_TCONS_00005332_1+
./crux_output/comet_8061_2_5	0.927408	0.690476	0.818540	R.TSTASANSSGRSGK.S	DECOY_AGAP004604-PA	DECOY_CUFF.6454.6_1+	DECOY_CUFF.6454.2_2+	DECOY_CUFF.6454.1_3+	DECOY_AGAP004604-RA_1+
./crux_output/comet_8572_2_3	0.927301	0.690476	0.818540	K.IDDYPVK.R	DECOY_sp|P38073|EDS1_YEAST
./crux_output/comet_7334_3_1	0.927271	0.690476	0.818540	R.ESVEVPADTSSLPTNTAEA.V	DECOY_AGAP010849-PA	DECOY_ACOM027659-PA	DECOY_CUFF.7517.1_1+	DECOY_AGAP010849-RA_2+
./crux_output/comet_7793_2_1	0.927240	0.690476	0.818540	N.KPICNRHK.S	DECOY_CUFF.2873.2_1+
./crux_output/comet_6700_2_5	0.927173	0.690476	0.818540	R.WREVTGGPSR.A	DECOY_CUFF.9527.3_2+
./crux_output/comet_7975_2_1	0.927173	0.690476	0.818540	K.QRYYQKYYT.Y	DECOY_CUFF.457.2_2+	DECOY_CUFF.457.3_2+	DECOY_CUFF.457.1_2+
./crux_output/comet_6499_2_3	0.927132	0.690476	0.818540	S.QMMNLSSK.X	DECOY_CUFF.6353.1_1+
./crux_output/comet_9682_3_4	0.927132	0.690476	0.818540	R.GLAGWGAADMPGTPVYNEQWLCAF.F	DECOY_AGAP029065-PA
./crux_output/comet_8423_2_1	0.927039	0.690476	0.818540	R.TNNKGGLYS.L	DECOY_sp|P34226|SKT5_YEAST
./crux_output/comet_10275_2_1	0.926992	0.690476	0.818540	K.NVISPKQDGH.I	DECOY_TCONS_00004070_1+
./crux_output/comet_6697_3_3	0.926941	0.690476	0.818540	R.CRYGTNLNILVH.K	DECOY_AGAP007723-RA_1+	DECOY_CUFF.2965.3_1+	DECOY_CUFF.2965.2_3+	DECOY_CUFF.2965.1_1+	DECOY_CUFF.2965.5_1+	DECOY_CUFF.2965.4_1+
./crux_output/comet_9555_2_1	0.926755	0.690476	0.818540	R.TISVHEEVILA.N	DECOY_sp|P53170|PDK2_YEAST
./crux_output/comet_9687_2_1	0.926460	0.690476	0.818540	Q.GGGVPGAEPR.A	DECOY_AGAP002200-RA_2+	DECOY_CUFF.3959.3_3+	DECOY_CUFF.3959.2_3+	DECOY_CUFF.3959.4_2+	DECOY_CUFF.3959.1_2+
./crux_output/comet_7597_3_4	0.926386	0.690476	0.818540	P.AMTMMMTSVPLTVK.T	DECOY_CUFF.733.7_1+	DECOY_CUFF.733.10_2+	DECOY_CUFF.733.17_3+	DECOY_CUFF.733.19_1+	DECOY_CUFF.733.18_3+	DECOY_AGAP005039-RA_3+
./crux_output/comet_10410_2_1	0.926376	0.690476	0.818540	P.IFGGMSLLMDGPGF.-	DECOY_AGAP013426-PA	DECOY_ACOM035408-PA
./crux_output/comet_10184_4_1	0.926285	0.690476	0.818540	R.SSSSSNSCNSEEDQQQVPPFSIKGPLS.G	DECOY_AGAP027984-PA	DECOY_ACOM029970-PA	DECOY_CUFF.9987.2_1+	DECOY_CUFF.9987.1_1+	DECOY_AGAP027984-RA_1+
./crux_output/comet_6547_3_2	0.926240	0.690476	0.818540	K.STASAEKRMEK.L	DECOY_ACOM025386-PA
./crux_output/comet_10003_4_2	0.926054	0.690476	0.818540	R.DIRARPEASAVVECSR.S	DECOY_CUFF.4167.2_2+	DECOY_AGAP002411-RB_2+
./crux_output/comet_10515_3_1	0.926004	0.690476	0.818540	T.YGAWEPADSTRSTAR.X	DECOY_AGAP005263-RA_3+	DECOY_CUFF.904.1_1+
./crux_output/comet_9740_2_1	0.925882	0.690476	0.818540	H.QAEIHVVR.S	DECOY_CUFF.7805.5_3+	DECOY_CUFF.7805.3_3+	DECOY_CUFF.7805.2_3+	DECOY_CUFF.7805.1_3+	DECOY_CUFF.7805.6_3+	DECOY_CUFF.7805.4_3+
./crux_output/comet_9036_3_1	0.925853	0.690476	0.818540	K.QHMDNVGVVIETLYQN.G	DECOY_sp|P43565|RIM15_YEAST
./crux_output/comet_8477_3_1	0.925677	0.690476	0.818540	R.PSLTARGREGQCER.G	DECOY_CUFF.4260.1_3+
./crux_output/comet_10630_2_1	0.925401	0.690476	0.818540	R.LVQVAAHADP.E	DECOY_CUFF.7555.1_3+	DECOY_AGAP010883-RA_3+
./crux_output/comet_4443_2_5	0.925349	0.690476	0.818540	R.VKGQADAAAR.A	DECOY_AGAP011557-RA_3+
./crux_output/comet_4877_3_2	0.925256	0.690476	0.818540	R.DNSNQKRHNQTK.K	DECOY_AGAP005840-RA_3+
./crux_output/comet_5800_3_1	0.925213	0.690476	0.818540	R.VPSWTSGRGVGW.R	DECOY_CUFF.2928.7_3+	DECOY_CUFF.2928.5_2+	DECOY_CUFF.2928.2_1+	DECOY_CUFF.2928.1_1+	DECOY_CUFF.2928.10_1+	DECOY_CUFF.2928.11_2+	DECOY_CUFF.2928.12_2+
./crux_output/comet_9627_3_1	0.925184	0.690476	0.818540	K.QDAACIWTNNREI.G	DECOY_CUFF.9022.1_3+	DECOY_CUFF.9029.2_1+	DECOY_CUFF.9029.1_1+	DECOY_AGAP012092-RA_2+
./crux_output/comet_6552_3_4	0.925104	0.690476	0.818540	A.LQLREQGTQATCK.V	DECOY_AGAP005245-PI	DECOY_AGAP005245-RI_3+
./crux_output/comet_8842_2_5	0.924986	0.690476	0.818540	K.GAAVVTPFMMK.Q	DECOY_ACOM043128-PA
./crux_output/comet_6828_2_1	0.924854	0.690476	0.818540	R.RASISLTW.A	DECOY_sp|P06776|PDE2_YEAST
./crux_output/comet_4722_2_1	0.924837	0.690476	0.818540	K.MINSKQKMA.H	DECOY_AGAP028672-PA	DECOY_ACOM041593-PA	DECOY_CUFF.8445.13_1+	DECOY_CUFF.8445.4_3+	DECOY_CUFF.8445.3_1+
./crux_output/comet_9435_2_4	0.924733	0.690476	0.818540	Y.FGTAFQTR.A	DECOY_CUFF.3889.3_3+	DECOY_CUFF.3889.1_3+	DECOY_CUFF.3889.6_1+	DECOY_CUFF.3889.5_1+	DECOY_CUFF.3889.4_2+
./crux_output/comet_9039_3_1	0.924663	0.690476	0.818540	X.GTNDVLANAEARGSR.D	DECOY_AGAP012027-RA_3+	DECOY_CUFF.8958.1_2+	DECOY_CUFF.8958.3_3+	DECOY_CUFF.8958.2_2+	DECOY_CUFF.8958.4_3+	DECOY_CUFF.8958.7_2+	DECOY_CUFF.8958.6_2+
./crux_output/comet_7607_3_4	0.924463	0.690476	0.818540	V.ATPTNQHVTTACR.L	DECOY_CUFF.3659.2_3+	DECOY_CUFF.3659.1_3+
./crux_output/comet_10289_2_1	0.924294	0.693878	0.818540	-.QTLTESKMQ.G	DECOY_ACOM037098-PA
./crux_output/comet_6172_3_1	0.924248	0.694915	0.818540	R.LFASPSQKPMSP.T	DECOY_AGAP006935-RC_2+	DECOY_CUFF.2398.1_1+	DECOY_CUFF.2398.4_1+	DECOY_CUFF.2398.8_2+
./crux_output/comet_7635_2_1	0.924111	0.696970	0.818540	R.FIIGPSFC.L	DECOY_CUFF.9354.1_2+
./crux_output/comet_6670_3_4	0.924057	0.696970	0.818540	R.APSPCPRPPAPAQGKG.C	DECOY_AGAP000261-RA_1+
./crux_output/comet_9996_2_2	0.923960	0.696970	0.818540	R.HNADNITVMMR.T	DECOY_CUFF.3874.5_1+
./crux_output/comet_8749_3_2	0.923866	0.696970	0.818540	H.IYISAAVSTTSATSPK.X	DECOY_CUFF.9187.1_2+
./crux_output/comet_4021_3_2	0.923824	0.696970	0.818540	P.HLREASCTSTTTSPR.C	DECOY_AGAP000051-RA_2+	DECOY_CUFF.15823.3_2+	DECOY_CUFF.15823.1_3+
./crux_output/comet_9000_3_2	0.923658	0.696970	0.818540	Q.RVVSHLSPEANACHR.A	DECOY_AGAP007659-RB_3+	DECOY_AGAP007659-RA_3+
./crux_output/comet_7184_2_4	0.923642	0.696970	0.818540	K.TSDKGKGEPSS.S	DECOY_AGAP001643-PA	DECOY_ACOM034419-PA	DECOY_AGAP001643-RA_2+	DECOY_CUFF.3437.1_3+	DECOY_CUFF.3437.2_2+
./crux_output/comet_5660_3_1	0.923583	0.696970	0.818540	R.FGGAARGVADAHQQGHT.R	DECOY_AGAP008263-RA_1+
./crux_output/comet_5178_2_1	0.923572	0.696970	0.818540	R.ACAFVSVV.K	DECOY_CUFF.11522.4_2+	DECOY_CUFF.11522.3_2+	DECOY_CUFF.11522.1_2+
./crux_output/comet_9014_2_1	0.923413	0.696970	0.818540	R.EGTTLDYIA.K	DECOY_AGAP029512-PA	DECOY_AGAP029512-PB	DECOY_AGAP029512-PC	DECOY_ACOM025083-PA	DECOY_CUFF.1473.6_1+	DECOY_CUFF.1473.7_1+	DECOY_CUFF.1473.4_3+	DECOY_CUFF.1473.5_1+	DECOY_CUFF.1473.2_3+	DECOY_CUFF.1473.3_3+	DECOY_CUFF.1473.8_1+	DECOY_CUFF.1473.9_1+	DECOY_CUFF.1473.18_2+	DECOY_AGAP005840-RA_3+	DECOY_CUFF.1473.10_2+	DECOY_CUFF.1473.11_1+	DECOY_CUFF.1473.12_1+	DECOY_CUFF.1473.13_1+	DECOY_CUFF.1473.14_1+	DECOY_CUFF.1473.15_1+	DECOY_CUFF.1473.16_3+
./crux_output/comet_4627_2_1	0.923375	0.696970	0.818540	L.GGAHNIVR.L	DECOY_AGAP007006-PA	DECOY_AGAP007006-PB	DECOY_AGAP007006-PC	DECOY_ACOM031425-PA	DECOY_CUFF.2444.9_1+	DECOY_CUFF.2444.8_1+	DECOY_CUFF.2444.5_1+	DECOY_CUFF.2444.4_1+	DECOY_CUFF.2444.7_1+	DECOY_CUFF.2444.6_3+	DECOY_CUFF.2444.1_1+	DECOY_CUFF.2444.3_2+	DECOY_CUFF.2444.2_3+	DECOY_CUFF.2444.10_3+	DECOY_AGAP007006-RB_3+	DECOY_AGAP007006-RC_1+	DECOY_AGAP007006-RA_1+
./crux_output/comet_7172_3_2	0.923289	0.696970	0.818540	R.DTQTHPKVPENAASDSNNA.M	DECOY_AGAP003565-PA	DECOY_AGAP003565-PB	DECOY_AGAP003565-RA_1+	DECOY_CUFF.5220.1_1+
./crux_output/comet_8954_2_3	0.923275	0.696970	0.818540	S.ASREMTYDLGR.A	DECOY_AGAP004362-PA	DECOY_AGAP004362-PB	DECOY_AGAP004362-PD	DECOY_AGAP004362-PE	DECOY_AGAP004362-PF	DECOY_ACOM041006-PA	DECOY_AGAP004362-RB_1+	DECOY_AGAP004362-RC_2+	DECOY_AGAP004362-RA_1+	DECOY_AGAP004362-RF_1+	DECOY_AGAP004362-RD_3+	DECOY_AGAP004362-RE_1+	DECOY_CUFF.6089.1_1+	DECOY_CUFF.6089.3_3+	DECOY_CUFF.6089.4_2+	DECOY_CUFF.6089.4_3+	DECOY_CUFF.6089.5_3+	DECOY_CUFF.6089.6_1+	DECOY_CUFF.6089.7_1+	DECOY_CUFF.6089.7_2+	DECOY_CUFF.6089.2_1+
./crux_output/comet_6905_4_3	0.923224	0.696970	0.818540	R.SGTCVALGDPSSRVGTVW.D	DECOY_sp|P18851|GBB_YEAST
./crux_output/comet_7139_3_5	0.923150	0.696970	0.818540	R.GRQHAPGSVDHQAMK.L	DECOY_CUFF.5574.1_3+	DECOY_AGAP003901-RA_1+
./crux_output/comet_7117_2_1	0.923138	0.696970	0.818540	R.HLDLSTSCL.D	DECOY_TCONS_00040707_3+
./crux_output/comet_3128_2_1	0.923125	0.696970	0.818540	R.VAESRGTP.X	DECOY_AGAP028183-RA_3+
./crux_output/comet_7377_2_3	0.923084	0.696970	0.818540	S.TGGPSQAGEAPK.V	DECOY_CUFF.7078.1_1+	DECOY_AGAP010587-RA_3+
./crux_output/comet_9239_3_2	0.923055	0.696970	0.818540	A.NWQSQLNEQSSSAR.R	DECOY_AGAP029609-PA	DECOY_AGAP029609-PB	DECOY_ACOM027480-PA	DECOY_TCONS_00019762_1+	DECOY_TCONS_00019761_3+	DECOY_TCONS_00019764_3+
./crux_output/comet_7838_2_2	0.923001	0.696970	0.818540	F.ELCHPR.T	DECOY_CUFF.16631.1_3+	DECOY_CUFF.16631.2_3+	DECOY_CUFF.16631.5_2+	DECOY_CUFF.16631.4_3+	DECOY_CUFF.16631.9_1+	DECOY_CUFF.16631.10_2+
./crux_output/comet_9867_3_5	0.922982	0.696970	0.818540	R.APPWSSTSRTCRGSAPR.R	DECOY_AGAP012848-RA_2+
./crux_output/comet_6231_3_1	0.922917	0.696970	0.818540	R.GIANVSQLQER.P	DECOY_AGAP013193-RA_3+	DECOY_CUFF.5577.3_3+	DECOY_CUFF.5577.2_2+	DECOY_CUFF.5577.1_3+	DECOY_CUFF.5577.4_1+
./crux_output/comet_8920_2_3	0.922842	0.696970	0.818540	R.LWQLVW.S	DECOY_AGAP011333-RB_2+	DECOY_AGAP011333-RA_2+	DECOY_CUFF.8586.8_1+	DECOY_CUFF.8586.9_1+	DECOY_CUFF.8586.1_2+	DECOY_CUFF.8586.2_1+	DECOY_CUFF.8586.3_3+	DECOY_CUFF.8586.4_3+	DECOY_CUFF.8586.6_2+	DECOY_CUFF.8586.7_2+	DECOY_CUFF.8586.12_3+	DECOY_CUFF.8586.13_3+	DECOY_CUFF.8586.10_1+	DECOY_CUFF.8586.11_1+	DECOY_CUFF.8586.5_3+
./crux_output/comet_7001_2_2	0.922819	0.696970	0.818540	S.LSVLSHGVDR.A	DECOY_AGAP000019-PA	DECOY_ACOM035905-PA	DECOY_AGAP000019-RA_1+	DECOY_CUFF.15782.1_3+
./crux_output/comet_8442_2_1	0.922615	0.696970	0.818540	R.FEEEGGATR.A	DECOY_CUFF.3656.1_3+	DECOY_CUFF.3656.2_1+	DECOY_CUFF.3656.5_3+	DECOY_CUFF.3656.4_1+	DECOY_AGAP001916-RA_3+
./crux_output/comet_7025_3_3	0.922404	0.697885	0.818540	R.AAWQAAGCRLGHVEG.A	DECOY_CUFF.3264.8_3+	DECOY_CUFF.3264.9_3+	DECOY_CUFF.3264.6_3+	DECOY_CUFF.3264.7_1+	DECOY_CUFF.3264.4_3+	DECOY_CUFF.3264.5_1+	DECOY_CUFF.3264.3_1+	DECOY_CUFF.3264.1_2+	DECOY_CUFF.3264.10_3+	DECOY_CUFF.3264.13_2+	DECOY_CUFF.3264.15_1+	DECOY_CUFF.3264.16_3+
./crux_output/comet_10065_4_1	0.922351	0.700906	0.818540	-.TSNNSNCVCVSVCRSPPPQHK.X	DECOY_TCONS_00023368_1+
./crux_output/comet_7204_3_2	0.922340	0.703927	0.818540	S.ESPAKDAPESAAK.S	DECOY_AGAP001194-PA	DECOY_CUFF.3021.3_2+	DECOY_CUFF.3021.2_2+	DECOY_AGAP001194-RA_1+
./crux_output/comet_9202_2_1	0.922313	0.706587	0.818540	K.CVFVARTP.R	DECOY_CUFF.1651.2_2+
./crux_output/comet_8448_3_1	0.922301	0.706587	0.818540	K.QGSMVAKNPFRINCETC.A	DECOY_AGAP007087-RA_1+
./crux_output/comet_10230_2_1	0.922274	0.706587	0.818540	R.SNSSSTRHRP.R	DECOY_AGAP008080-RA_2+
./crux_output/comet_10054_3_1	0.922179	0.707463	0.818540	A.QANAQVPVSEEETATGV.-	DECOY_AGAP007637-RA_3+
./crux_output/comet_5647_2_1	0.922048	0.710448	0.818540	K.CSLIFETI.G	DECOY_AGAP008467-PA	DECOY_ACOM029926-PA	DECOY_AGAP008467-RA_2+	DECOY_CUFF.10006.2_1+	DECOY_CUFF.10006.1_1+
./crux_output/comet_4484_2_2	0.922044	0.711538	0.818540	K.KGGRQSNHVW.Q	DECOY_TCONS_00023861_3+
./crux_output/comet_5990_3_2	0.922035	0.711538	0.818540	R.GDWQGRGDAGAPRER.D	DECOY_AGAP000387-RA_3+
./crux_output/comet_10481_3_1	0.922009	0.711538	0.818540	K.TQMPNCKGILQ.M	DECOY_CUFF.9706.1_2+
./crux_output/comet_10484_2_3	0.921971	0.711538	0.818540	K.TTLFASVLGR.X	DECOY_CUFF.11154.8_1+	DECOY_CUFF.11154.9_2+	DECOY_CUFF.11154.7_2+	DECOY_CUFF.11154.10_1+	DECOY_CUFF.11154.11_3+
./crux_output/comet_9766_3_2	0.921968	0.711538	0.818540	R.CWRLCPALSAYRTC.G	DECOY_CUFF.3054.1_3+	DECOY_AGAP001234-RA_2+
./crux_output/comet_9843_2_4	0.921966	0.711538	0.818540	R.TAATHADNGARAAA.T	DECOY_AGAP003439-RA_2+	DECOY_CUFF.5785.49_2+	DECOY_CUFF.5785.50_1+	DECOY_CUFF.5785.51_1+	DECOY_CUFF.5785.52_1+	DECOY_CUFF.5785.53_3+	DECOY_CUFF.5785.54_1+
./crux_output/comet_9135_3_3	0.921806	0.711538	0.818540	R.ECHNDDDDDDDTAE.R	DECOY_AGAP002186-RA_2+	DECOY_CUFF.4237.5_2+	DECOY_CUFF.4237.2_2+	DECOY_CUFF.4237.1_2+	DECOY_CUFF.4237.12_2+	DECOY_CUFF.4237.10_3+	DECOY_CUFF.4237.15_2+	DECOY_AGAP002186-RB_2+
./crux_output/comet_7829_2_2	0.921704	0.711538	0.818540	R.AVTHRPRS.S	DECOY_CUFF.15915.6_3+	DECOY_CUFF.15915.10_1+	DECOY_CUFF.15915.11_2+	DECOY_CUFF.15915.5_3+	DECOY_CUFF.15915.1_1+	DECOY_CUFF.15915.9_1+	DECOY_AGAP000080-RD_2+	DECOY_AGAP000080-RC_2+	DECOY_AGAP000080-RB_2+	DECOY_AGAP000080-RA_2+	DECOY_AGAP000080-RE_2+
./crux_output/comet_8534_3_4	0.921671	0.711538	0.818540	K.RAGFGGFLEEK.T	DECOY_AGAP013148-RA_1+
./crux_output/comet_6574_3_1	0.921631	0.711538	0.818540	V.STDISVAPSVGEK.R	DECOY_TCONS_00034694_1+
./crux_output/comet_7033_2_1	0.921577	0.711538	0.818540	K.TTVVVMKR.R	DECOY_CUFF.2884.1_3+
./crux_output/comet_10088_4_4	0.921543	0.711538	0.818540	R.FGSDEDLTNSNFQTMPAFQHRR.S	DECOY_sp|Q12749|SMC6_YEAST
./crux_output/comet_6270_2_2	0.921457	0.711538	0.818540	K.QDHVPDNAAV.L	DECOY_AGAP009413-RA_3+
./crux_output/comet_6161_3_5	0.921432	0.711538	0.818540	R.VSGWVTPAALDSSW.W	DECOY_CUFF.5550.2_1+	DECOY_CUFF.5550.3_1+	DECOY_CUFF.5550.1_2+
./crux_output/comet_9757_3_1	0.921393	0.711538	0.818540	K.CVFSIRFEVKSQ.X	DECOY_AGAP001098-RA_1+	DECOY_CUFF.2977.2_2+
./crux_output/comet_9488_2_2	0.921226	0.711538	0.818540	K.EAVLVAHW.K	DECOY_CUFF.4207.3_1+	DECOY_CUFF.4207.1_2+
./crux_output/comet_8415_3_1	0.921193	0.711538	0.818540	K.DRYDPCVFTIER.V	DECOY_CUFF.16056.2_2+
./crux_output/comet_9832_2_1	0.921112	0.711538	0.818540	R.LDVEPVGAEEAGGGAD.E	DECOY_AGAP003301-RA_3+	DECOY_CUFF.4997.2_3+	DECOY_CUFF.4997.3_2+
./crux_output/comet_8892_3_2	0.920920	0.711538	0.818540	A.KRPCWGSSGPGITR.C	DECOY_CUFF.8176.1_3+	DECOY_CUFF.8176.3_2+	DECOY_CUFF.8176.2_1+
./crux_output/comet_7183_2_2	0.920905	0.711538	0.818540	D.ASQEAHLR.K	DECOY_AGAP009805-RE_3+
./crux_output/comet_6912_2_1	0.920645	0.711538	0.818540	R.TSIHTVKRH.P	DECOY_CUFF.3224.1_3+
./crux_output/comet_9993_2_1	0.920472	0.712329	0.818540	K.RQGTASQGIL.P	DECOY_CUFF.3021.1_1+	DECOY_CUFF.3021.3_1+	DECOY_CUFF.3021.2_1+	DECOY_AGAP001194-RA_3+
./crux_output/comet_6561_2_2	0.920452	0.715068	0.818540	R.GFVFARDK.V	DECOY_CUFF.2545.5_2+	DECOY_CUFF.2545.7_3+	DECOY_CUFF.2545.6_2+	DECOY_CUFF.2545.2_2+
./crux_output/comet_10271_3_4	0.920452	0.717808	0.818540	R.KACAIFKDSLAR.L	DECOY_AGAP008803-RB_2+	DECOY_CUFF.10317.2_1+	DECOY_CUFF.10317.3_1+	DECOY_CUFF.10317.1_1+
./crux_output/comet_10105_3_2	0.920416	0.718987	0.818540	R.VPPVGACGARSQASTL.R	DECOY_AGAP002877-RA_3+
./crux_output/comet_8043_3_5	0.920303	0.718987	0.818540	R.RLEADGTDALLD.A	DECOY_AGAP011930-RA_3+
./crux_output/comet_10448_3_3	0.920300	0.718987	0.818540	R.VSGFPSPILLCCICCSAA.D	DECOY_CUFF.10250.1_2+	DECOY_CUFF.10250.2_1+	DECOY_CUFF.10250.3_2+
./crux_output/comet_6002_2_1	0.920255	0.718987	0.818540	R.PGRRPNGTHH.R	DECOY_AGAP013468-PA	DECOY_ACOM028471-PA	DECOY_AGAP013468-RA_1+
./crux_output/comet_9886_2_1	0.920129	0.718987	0.818540	F.NGGTCTAGHRHR.R	DECOY_CUFF.4451.1_1+	DECOY_AGAP013363-RA_3+
./crux_output/comet_10541_4_1	0.920054	0.718987	0.818540	D.TGAAEGAAGDDHLAATATDDK.A	DECOY_AGAP005919-PA	DECOY_AGAP005919-RA_1+
./crux_output/comet_10115_4_3	0.920052	0.718987	0.818540	K.GFVYPLDEGHVTGMRQPYDGDA.P	DECOY_AGAP003115-PA	DECOY_AGAP003115-PB	DECOY_ACOM039312-PA	DECOY_ACOM035781-PA	DECOY_CUFF.4855.5_1+	DECOY_CUFF.4855.4_3+	DECOY_CUFF.4855.7_1+	DECOY_CUFF.4855.6_1+	DECOY_CUFF.4855.1_2+	DECOY_CUFF.4855.3_3+	DECOY_CUFF.4855.2_2+	DECOY_CUFF.4855.9_1+	DECOY_AGAP003115-RA_1+
./crux_output/comet_7335_2_1	0.920037	0.718987	0.818540	K.LLRSLLQGQRPGFHSLFHT.H	DECOY_AGAP010490-PA	DECOY_AGAP010490-PB	DECOY_ACOM041679-PA	DECOY_CUFF.7056.3_2+	DECOY_CUFF.7056.2_2+	DECOY_CUFF.7056.1_2+	DECOY_AGAP010490-RA_1+	DECOY_AGAP010490-RB_1+
./crux_output/comet_7138_2_1	0.919988	0.718987	0.818540	S.TQETTAFR.R	DECOY_TCONS_00038582_1+
./crux_output/comet_6555_2_1	0.919951	0.718987	0.818540	K.TVTGLQYLA.G	DECOY_AGAP009290-RA_3+	DECOY_CUFF.10998.3_3+	DECOY_CUFF.10998.2_3+	DECOY_CUFF.10998.1_3+
./crux_output/comet_9971_4_3	0.919841	0.718987	0.818540	-.PVCFCCYCCCCSTCYP.R	DECOY_CUFF.10534.1_3+
./crux_output/comet_5778_2_1	0.919825	0.718987	0.818540	K.EAGTAGNQQP.K	DECOY_AGAP001938-PA	DECOY_ACOM023614-PA	DECOY_AGAP001938-RA_2+	DECOY_CUFF.3659.2_2+	DECOY_CUFF.3659.1_3+
./crux_output/comet_7926_2_2	0.919787	0.718987	0.818540	K.PKDPTIASCVK.K	DECOY_CUFF.7577.1_3+
./crux_output/comet_8880_2_2	0.919699	0.718987	0.818540	K.TEDIDTLFPFT.N	DECOY_sp|P48361|ASK10_YEAST
./crux_output/comet_7936_2_2	0.919590	0.718987	0.818540	L.AGATIHQSQK.E	DECOY_CUFF.8106.1_1+	DECOY_CUFF.8106.2_3+
./crux_output/comet_9229_2_1	0.919452	0.718987	0.818540	L.VNDTYPKK.N	DECOY_sp|P43611|OSW7_YEAST
./crux_output/comet_4537_4_3	0.919161	0.718987	0.818540	R.STPSSSSSLVDNGDPSDLLGGMNS.A	DECOY_sp|Q99186|AP2M_YEAST
./crux_output/comet_9494_3_1	0.919078	0.718987	0.818540	K.GASGTYFINHGNEALT.G	DECOY_sp|P07271|PIF1_YEAST
./crux_output/comet_8285_2_1	0.919040	0.718987	0.818540	S.VQFEESER.D	DECOY_AGAP008935-PA	DECOY_ACOM040639-PA	DECOY_CUFF.10487.1_3+	DECOY_AGAP008935-RA_1+
./crux_output/comet_4731_2_1	0.918879	0.718987	0.818540	Q.RCPELVGR.C	DECOY_AGAP006868-RB_2+	DECOY_AGAP006868-RA_1+
./crux_output/comet_7883_3_2	0.918831	0.718987	0.818540	R.NWPNAWHGPHSHSCWRGVC.A	DECOY_AGAP012273-RA_3+	DECOY_CUFF.9516.1_1+	DECOY_CUFF.9516.2_2+
./crux_output/comet_6813_2_1	0.918725	0.718987	0.818540	R.KNQAAAAMSAP.W	DECOY_CUFF.17114.5_2+
./crux_output/comet_10452_2_3	0.918628	0.719697	0.818540	R.ATATTRYR.T	DECOY_CUFF.10319.1_3+	DECOY_AGAP008805-RA_2+
./crux_output/comet_8288_2_2	0.918592	0.722222	0.818540	E.TVCKNTKK.F	DECOY_CUFF.6475.1_1+
./crux_output/comet_7885_3_1	0.918585	0.724747	0.818540	S.IFCFMRPSSR.L	DECOY_TCONS_00028279_1+
./crux_output/comet_9366_3_2	0.918578	0.727273	0.818540	K.QRYIPLKNDC.Y	DECOY_CUFF.7695.2_3+	DECOY_CUFF.7695.1_2+
./crux_output/comet_9094_2_2	0.918565	0.729798	0.818540	K.TNEPNKTER.Q	DECOY_AGAP002388-PA	DECOY_ACOM037052-PA	DECOY_AGAP002388-RA_1+
./crux_output/comet_7011_2_5	0.918523	0.732323	0.818540	T.ARTSTLPK.V	DECOY_AGAP007374-PA	DECOY_ACOM025632-PA	DECOY_CUFF.2732.1_3+	DECOY_CUFF.2732.2_2+	DECOY_AGAP007374-RA_2+
./crux_output/comet_6945_2_1	0.918478	0.732500	0.818540	K.YPLCFQAIG.L	DECOY_CUFF.10540.1_3+	DECOY_CUFF.10540.2_3+
./crux_output/comet_7211_2_1	0.918473	0.732500	0.818540	L.TKTFSNAK.N	DECOY_sp|P47061|VPS53_YEAST
./crux_output/comet_7645_2_3	0.918271	0.732500	0.818540	R.WGCSSTSTMLRTAC.A	DECOY_AGAP000434-RA_3+
./crux_output/comet_5392_2_5	0.918141	0.735000	0.818540	R.AVIVSEAATR.A	DECOY_CUFF.15866.1_3+	DECOY_AGAP000090-RA_2+
./crux_output/comet_6458_3_4	0.918140	0.737500	0.818540	R.DPRPDCKGAGER.L	DECOY_AGAP002498-RA_1+	DECOY_CUFF.4202.1_3+
./crux_output/comet_4335_3_1	0.918124	0.737864	0.818540	E.VPAARGAQGAGAAGR.G	DECOY_AGAP000534-RB_2+	DECOY_AGAP000534-RA_2+	DECOY_CUFF.16908.2_2+	DECOY_CUFF.16908.3_2+	DECOY_CUFF.16908.1_2+	DECOY_CUFF.16908.6_2+	DECOY_CUFF.16908.7_2+
./crux_output/comet_6450_2_1	0.918112	0.737864	0.818540	K.FGYPSSFPFETT.I	DECOY_TCONS_00035030_2+	DECOY_TCONS_00035029_2+
./crux_output/comet_7644_2_1	0.918090	0.737864	0.818540	K.EIETVARE.E	DECOY_TCONS_00014671_2+
./crux_output/comet_8924_3_1	0.918073	0.737864	0.818540	K.QEDDCPEADDSR.R	DECOY_AGAP003914-RB_1+	DECOY_CUFF.5680.4_1+	DECOY_CUFF.5680.1_1+
./crux_output/comet_9452_2_4	0.917991	0.737864	0.818540	R.QSSPVHGCK.G	DECOY_CUFF.10886.1_2+	DECOY_AGAP009264-RB_2+	DECOY_AGAP009264-RA_2+
./crux_output/comet_8958_2_4	0.917942	0.737864	0.818540	R.CISRTFTI.I	DECOY_CUFF.2640.1_1+
./crux_output/comet_6205_2_3	0.917767	0.737864	0.818540	C.TATASTRR.T	DECOY_AGAP011937-RA_1+	DECOY_CUFF.8899.1_1+	DECOY_CUFF.8899.3_1+	DECOY_CUFF.8899.2_1+	DECOY_CUFF.8899.4_2+	DECOY_CUFF.8899.6_1+	DECOY_AGAP011340-RA_2+
./crux_output/comet_5761_2_2	0.917764	0.737864	0.818540	R.GIYGRHSTHER.D	DECOY_CUFF.10548.2_1+
./crux_output/comet_10161_3_4	0.917644	0.737864	0.818540	A.GAGAGIQEVAAEHQETNR.Q	DECOY_AGAP000723-RA_1+
./crux_output/comet_6006_2_1	0.917488	0.738717	0.818540	S.TAIVIVDCK.E	DECOY_CUFF.15867.2_1+
./crux_output/comet_7411_2_1	0.917442	0.738717	0.818540	K.KPPRPPIP.E	DECOY_AGAP007452-PB	DECOY_AGAP007452-PC	DECOY_ACOM025699-PA	DECOY_CUFF.2781.6_1+	DECOY_CUFF.2781.4_3+	DECOY_CUFF.2781.2_1+	DECOY_CUFF.2781.1_2+	DECOY_AGAP007452-RA_1+
./crux_output/comet_9681_3_1	0.917377	0.738717	0.818540	E.RTQPFGYSEVDDDDSR.N	DECOY_AGAP029492-PA	DECOY_ACOM041384-PA	DECOY_AGAP011525-RA_2+	DECOY_CUFF.8339.1_1+	DECOY_CUFF.8339.2_1+
./crux_output/comet_8752_3_5	0.917364	0.738717	0.818540	R.QTKQTNTHTNRAQ.R	DECOY_CUFF.910.1_3+
./crux_output/comet_9365_3_3	0.917336	0.738717	0.818540	-.VPGRDVGLGMNDA.G	DECOY_AGAP003994-RA_3+
./crux_output/comet_8623_2_2	0.917276	0.738717	0.818540	A.ARDTAYR.S	DECOY_AGAP027984-PA	DECOY_CUFF.9987.2_1+	DECOY_CUFF.9987.1_1+	DECOY_AGAP027984-RA_1+
./crux_output/comet_8926_2_1	0.917058	0.738717	0.818540	X.MYESASGELPK.I	DECOY_CUFF.9414.4_3+	DECOY_CUFF.9414.3_2+	DECOY_CUFF.9414.2_3+	DECOY_CUFF.9414.1_2+
./crux_output/comet_8210_2_1	0.916993	0.739437	0.818540	G.YGPTGSAAAAAR.L	DECOY_AGAP008692-RA_3+
./crux_output/comet_5981_2_1	0.916988	0.739437	0.818540	K.ADDRHAPVS.V	DECOY_CUFF.4552.2_2+	DECOY_CUFF.4552.1_3+	DECOY_AGAP002874-RA_2+
./crux_output/comet_6771_2_2	0.916985	0.739437	0.818540	K.SSEDQLRQCFFGK.X	DECOY_CUFF.7596.2_2+	DECOY_CUFF.7596.1_1+
./crux_output/comet_8467_2_2	0.916919	0.739437	0.818540	-.AFASTFLAT.G	DECOY_AGAP005382-RA_3+
./crux_output/comet_6609_2_2	0.916703	0.741784	0.818540	T.GEAPLPER.F	DECOY_CUFF.8995.4_3+	DECOY_CUFF.8995.7_3+	DECOY_CUFF.8995.1_1+	DECOY_CUFF.8995.2_3+	DECOY_CUFF.8995.3_1+	DECOY_CUFF.8995.8_3+	DECOY_CUFF.8995.9_2+	DECOY_CUFF.8995.10_2+	DECOY_CUFF.8995.11_2+	DECOY_AGAP011872-RA_3+
./crux_output/comet_6341_2_2	0.916668	0.744131	0.818540	R.DLSCSGISDVSV.D	DECOY_AGAP008983-PA	DECOY_ACOM040522-PA	DECOY_AGAP008983-RA_1+	DECOY_CUFF.10550.2_1+
./crux_output/comet_6487_3_1	0.916566	0.745327	0.818540	R.GSRGQVGCLVYAG.H	DECOY_AGAP013716-RA_3+	DECOY_CUFF.9824.2_1+	DECOY_CUFF.9824.1_1+
./crux_output/comet_5822_3_1	0.916535	0.745327	0.818540	Q.LFCVCEGLFR.X	DECOY_CUFF.10794.1_1+	DECOY_CUFF.10794.2_3+
./crux_output/comet_7594_2_2	0.916458	0.745921	0.818540	R.APSSAHSAAGSV.E	DECOY_AGAP005541-PA	DECOY_ACOM039018-PA	DECOY_AGAP005541-RA_1+	DECOY_CUFF.1105.1_1+
./crux_output/comet_9847_3_1	0.916368	0.746512	0.818540	A.GAAADTEAGDSGKRR.D	DECOY_CUFF.6726.2_3+	DECOY_CUFF.6726.1_1+	DECOY_AGAP010346-RA_2+
./crux_output/comet_6473_3_1	0.916358	0.747100	0.818540	K.ERHASGHLYEA.P	DECOY_CUFF.10591.3_3+	DECOY_CUFF.10591.1_2+	DECOY_AGAP009007-RA_3+
./crux_output/comet_9199_2_2	0.916337	0.747941	0.818540	A.APVTTVTR.R	DECOY_CUFF.16123.1_1+	DECOY_AGAP000236-RB_2+
./crux_output/comet_5736_2_1	0.916327	0.747941	0.818540	K.STSGSRAPMW.P	DECOY_AGAP007675-RA_2+
./crux_output/comet_9737_2_1	0.916276	0.747941	0.818540	Q.KTVATRSR.V	DECOY_CUFF.11731.2_3+
./crux_output/comet_6171_2_2	0.916236	0.747941	0.818540	K.YSCVDVTRV.K	DECOY_AGAP011016-PA	DECOY_AGAP011016-RA_1+
./crux_output/comet_9302_3_1	0.916185	0.747941	0.818540	T.GPTDICFCHGVQHK.Q	DECOY_CUFF.9947.1_3+	DECOY_AGAP008411-RA_2+
./crux_output/comet_8991_2_1	0.916170	0.747941	0.818540	D.GDEARPGEGR.C	DECOY_AGAP006688-RA_1+
./crux_output/comet_9797_2_4	0.916170	0.747941	0.818540	R.ATAATPPVPR.T	DECOY_TCONS_00031607_2+
./crux_output/comet_8532_2_3	0.915967	0.747941	0.818540	R.ELIQDSAANMP.H	DECOY_AGAP010202-PA	DECOY_ACOM042478-PA	DECOY_CUFF.12052.4_1+	DECOY_CUFF.12052.2_1+	DECOY_CUFF.12052.3_3+	DECOY_CUFF.12052.1_3+	DECOY_AGAP010202-RA_1+
./crux_output/comet_5785_2_2	0.915924	0.747941	0.818540	K.QSGGAATGNAQAL.P	DECOY_AGAP009625-PA	DECOY_ACOM032618-PA	DECOY_AGAP009625-RA_2+	DECOY_CUFF.11254.1_3+
./crux_output/comet_8912_2_1	0.915889	0.747941	0.818540	V.DCHPLSEQK.V	DECOY_AGAP005382-PA	DECOY_ACOM027942-PA	DECOY_AGAP005382-RA_3+
./crux_output/comet_8818_2_2	0.915883	0.747941	0.818540	K.DDIVFVSES.D	DECOY_AGAP002692-PA	DECOY_CUFF.4415.1_3+	DECOY_AGAP002692-RA_1+
./crux_output/comet_10424_2_4	0.915871	0.747941	0.818540	T.INYSLAR.S	DECOY_AGAP008810-RA_2+	DECOY_CUFF.10367.7_1+	DECOY_CUFF.10367.4_3+	DECOY_CUFF.10367.1_3+
./crux_output/comet_6386_2_2	0.915841	0.747941	0.818540	K.TIYECAR.L	DECOY_AGAP003186-PA	DECOY_ACOM035653-PA	DECOY_CUFF.4926.3_3+	DECOY_CUFF.4926.1_2+	DECOY_CUFF.4926.4_3+	DECOY_AGAP003186-RA_1+
./crux_output/comet_5987_2_1	0.915776	0.747941	0.818540	A.HPLTVTHNK.E	DECOY_CUFF.5955.3_2+
./crux_output/comet_9780_2_1	0.915666	0.747941	0.818540	R.NQNPSAMSPISENP.S	DECOY_CUFF.10580.2_2+	DECOY_CUFF.10580.3_2+	DECOY_CUFF.10580.1_2+
./crux_output/comet_5217_2_5	0.915649	0.747941	0.818540	R.HLSSAPNAAVW.P	DECOY_AGAP012809-RA_3+
./crux_output/comet_9404_3_5	0.915594	0.747941	0.818540	R.RPSEAHHVNWER.L	DECOY_AGAP004241-RA_2+	DECOY_CUFF.5893.1_3+
./crux_output/comet_7090_3_1	0.915572	0.747941	0.818540	R.PPETVGGGGGGQEVSEA.R	DECOY_ACOM043169-PA
./crux_output/comet_8505_2_1	0.915565	0.747941	0.818540	L.ADDSYSLQK.D	DECOY_sp|Q12025|EMC10_YEAST
./crux_output/comet_8726_2_1	0.915497	0.747941	0.818540	I.ARTSSGAAPAR.C	DECOY_CUFF.8034.2_3+	DECOY_CUFF.8034.1_2+	DECOY_AGAP011271-RA_2+
./crux_output/comet_5676_2_1	0.915393	0.747941	0.818540	E.VTTSLFNK.D	DECOY_sp|P16861|PFKA1_YEAST
./crux_output/comet_7130_3_2	0.915203	0.747941	0.818540	K.SELDLQGTVAAGL.G	DECOY_AGAP001209-PA	DECOY_ACOM033802-PA	DECOY_CUFF.3036.1_2+	DECOY_CUFF.3036.3_1+	DECOY_CUFF.3036.2_1+	DECOY_CUFF.3036.5_1+	DECOY_CUFF.3036.4_3+	DECOY_CUFF.3036.6_1+	DECOY_CUFF.3036.8_1+	DECOY_AGAP001209-RA_1+
./crux_output/comet_10251_3_3	0.915161	0.747941	0.818540	D.STFLSVSQACDLK.S	DECOY_sp|P35727|BLI1_YEAST
./crux_output/comet_5327_3_2	0.915122	0.747941	0.818540	K.GGGGGDGAGGAAALLD.G	DECOY_AGAP006115-PA	DECOY_AGAP006115-RA_1+	DECOY_AGAP006115-RB_1+	DECOY_CUFF.1658.12_3+	DECOY_CUFF.1658.9_3+	DECOY_CUFF.1658.1_1+	DECOY_CUFF.1658.3_2+	DECOY_CUFF.1658.2_2+	DECOY_CUFF.1658.5_1+	DECOY_CUFF.1658.4_3+	DECOY_CUFF.1658.6_1+	DECOY_CUFF.1658.14_1+	DECOY_CUFF.1658.11_3+	DECOY_CUFF.1658.10_2+
./crux_output/comet_6908_2_3	0.915039	0.747941	0.818540	R.TSLIYSGGRK.A	DECOY_CUFF.9567.1_3+	DECOY_AGAP007940-RB_3+
./crux_output/comet_8755_2_2	0.914994	0.747941	0.818540	R.AGASAQHAQAQ.V	DECOY_AGAP008796-RA_3+
./crux_output/comet_9327_2_2	0.914913	0.747941	0.818540	R.KPQQCWV.F	DECOY_AGAP009601-RA_3+	DECOY_CUFF.11232.2_1+	DECOY_CUFF.11232.1_1+
./crux_output/comet_7683_2_1	0.914878	0.747941	0.818540	K.SISFEFLA.V	DECOY_TCONS_00039521_2+
./crux_output/comet_6482_3_2	0.914744	0.747941	0.818540	R.ELDTFVTLVDNEYN.K	DECOY_AGAP004407-PA	DECOY_ACOM029709-PA	DECOY_AGAP004407-RA_2+
./crux_output/comet_4796_3_2	0.914724	0.747941	0.818540	R.GSSCRPRPLSW.S	DECOY_AGAP008093-RA_2+	DECOY_CUFF.9672.1_3+
./crux_output/comet_6380_2_1	0.914676	0.747941	0.818540	R.VAPRAACWGAAP.R	DECOY_AGAP011938-RA_3+	DECOY_CUFF.8900.1_1+
./crux_output/comet_8552_2_2	0.914584	0.747941	0.818540	R.EYEDVLQ.R	DECOY_ACOM029352-PA
./crux_output/comet_8075_3_2	0.914562	0.747941	0.818540	R.CCYSCCCYCH.H	DECOY_AGAP000689-RA_3+
./crux_output/comet_9553_2_1	0.914544	0.747941	0.818540	E.RGHTSQNVAR.Q	DECOY_CUFF.16102.1_2+	DECOY_CUFF.16102.2_2+
./crux_output/comet_8389_3_1	0.914416	0.747941	0.818540	R.CQQVRFSTTYVST.T	DECOY_AGAP008372-RA_2+	DECOY_CUFF.9910.1_3+
./crux_output/comet_9946_2_1	0.914299	0.747941	0.818540	R.TDSPLPHCVCVS.R	DECOY_AGAP006936-RB_2+	DECOY_AGAP006936-RA_1+
./crux_output/comet_5742_2_3	0.914289	0.747941	0.818540	R.RGDDVEAPER.G	DECOY_AGAP008262-RA_3+
./crux_output/comet_6019_2_5	0.914082	0.747941	0.818540	K.PLMMGLER.V	DECOY_CUFF.1901.7_2+
./crux_output/comet_7775_3_1	0.914067	0.747941	0.818540	R.KVKFWFCYQ.L	DECOY_CUFF.7397.11_1+	DECOY_CUFF.7397.1_3+	DECOY_CUFF.7397.3_3+	DECOY_CUFF.7397.7_1+
./crux_output/comet_8906_3_3	0.913772	0.747941	0.818540	K.IMYTFDLEPVTDST.N	DECOY_ACOM023378-PA
./crux_output/comet_9643_3_1	0.913767	0.747941	0.818540	K.GGTMANKMRVMTSTG.N	DECOY_ACOM027804-PA	DECOY_CUFF.924.8_1+	DECOY_CUFF.924.3_2+	DECOY_AGAP005285-RA_1+
./crux_output/comet_8112_2_2	0.913721	0.747941	0.818540	K.AEWGLCRT.R	DECOY_AGAP003635-RA_2+	DECOY_CUFF.5312.4_2+	DECOY_CUFF.5312.5_2+	DECOY_CUFF.5312.2_3+	DECOY_CUFF.5312.1_2+
./crux_output/comet_9287_2_2	0.913668	0.747941	0.818540	H.VDDFRRR.R	DECOY_CUFF.525.1_1+	DECOY_CUFF.525.4_1+	DECOY_AGAP004890-RB_3+	DECOY_AGAP004890-RA_3+
./crux_output/comet_7456_2_2	0.913614	0.747941	0.818540	K.TNEEEVR.Q	DECOY_AGAP002649-PA	DECOY_ACOM036577-PA	DECOY_AGAP002649-RA_1+	DECOY_CUFF.4394.3_1+	DECOY_CUFF.4394.2_2+	DECOY_CUFF.4394.1_1+
./crux_output/comet_5309_2_1	0.913563	0.747941	0.818540	K.ADTLEAKP.T	DECOY_AGAP006570-PA	DECOY_ACOM039513-PA	DECOY_AGAP006570-RA_1+
./crux_output/comet_5324_3_1	0.913457	0.747941	0.818540	V.CCSSIFIFLR.Q	DECOY_CUFF.7498.1_1+
./crux_output/comet_7476_2_2	0.913305	0.747941	0.818540	T.DGVGGGGERER.R	DECOY_CUFF.16434.1_3+	DECOY_CUFF.16434.2_2+	DECOY_AGAP013262-RA_3+
./crux_output/comet_8840_2_1	0.913232	0.747941	0.818540	R.VTGDHSQTNTQW.G	DECOY_CUFF.7531.3_3+	DECOY_CUFF.7531.2_3+	DECOY_CUFF.7531.1_1+
./crux_output/comet_9190_3_2	0.913223	0.747941	0.818540	T.KEGRDAPDQER.R	DECOY_CUFF.11067.1_1+	DECOY_AGAP009479-RA_3+
./crux_output/comet_8462_4_2	0.913195	0.747941	0.818540	K.VCSNVTSHFRKSVDGDGF.X	DECOY_CUFF.10768.4_3+	DECOY_CUFF.10768.5_3+	DECOY_CUFF.10768.1_2+	DECOY_CUFF.10768.2_2+	DECOY_CUFF.10768.3_1+	DECOY_CUFF.10768.6_3+	DECOY_CUFF.10768.7_2+
./crux_output/comet_9350_4_2	0.913163	0.747941	0.818540	K.ISSSAFNPVVIRLLEQMV.F	DECOY_AGAP005915-PA	DECOY_ACOM024951-PA	DECOY_CUFF.1490.1_3+	DECOY_AGAP005915-RA_1+
./crux_output/comet_4385_2_1	0.913087	0.747941	0.818540	R.SSVTNYSASV.S	DECOY_AGAP001854-RA_2+
./crux_output/comet_6546_3_1	0.913072	0.747941	0.818540	L.FSTMLCQFNR.A	DECOY_CUFF.9376.2_1+	DECOY_CUFF.9376.1_3+	DECOY_CUFF.9376.3_2+
./crux_output/comet_5856_2_2	0.913056	0.747941	0.818540	K.QSFGSIFNLE.K	DECOY_sp|P18963|IRA1_YEAST
./crux_output/comet_9060_2_3	0.913043	0.747941	0.818540	R.KTKMEETENK.K	DECOY_CUFF.9527.3_1+
./crux_output/comet_5461_2_1	0.912984	0.747941	0.818540	R.VAGGNGVECSV.P	DECOY_CUFF.9604.3_1+
./crux_output/comet_6620_2_1	0.912942	0.747941	0.818540	Q.QGAGCVAER.R	DECOY_AGAP005901-RA_2+	DECOY_CUFF.1535.9_2+	DECOY_CUFF.1535.8_3+	DECOY_CUFF.1535.1_2+	DECOY_CUFF.1535.3_3+	DECOY_CUFF.1535.2_2+	DECOY_CUFF.1535.5_3+	DECOY_CUFF.1535.4_1+	DECOY_CUFF.1535.10_2+
./crux_output/comet_10045_2_1	0.912859	0.747941	0.818540	R.CVGKCFAFVDWV.C	DECOY_AGAP008080-RA_2+
./crux_output/comet_6531_2_1	0.912855	0.747941	0.818540	V.QGDDYGTQR.I	DECOY_AGAP013523-RA_3+
./crux_output/comet_8872_3_4	0.912780	0.747941	0.818540	R.LSTYMLPRPHSGIS.I	DECOY_AGAP013614-RA_2+
./crux_output/comet_6612_3_4	0.912684	0.747941	0.818540	A.MQCLADAMAMRGEK.E	DECOY_AGAP003475-PA	DECOY_AGAP003475-PB	DECOY_ACOM028442-PA	DECOY_AGAP003475-RA_3+	DECOY_AGAP003475-RB_1+
./crux_output/comet_9082_3_2	0.912595	0.747941	0.818540	R.NTMGTTTTHTHL.T	DECOY_TCONS_00014891_2+
./crux_output/comet_9385_4_3	0.912466	0.747941	0.818540	L.QVLSMGSGSMLITEKNYPAER.V	DECOY_CUFF.9997.5_2+	DECOY_CUFF.9997.4_2+	DECOY_CUFF.9997.2_2+
./crux_output/comet_6398_2_1	0.912258	0.747941	0.818540	R.SIRGSSTPDEGSW.P	DECOY_TCONS_00024926_1+	DECOY_TCONS_00024933_1+
./crux_output/comet_6662_3_1	0.912222	0.747941	0.818540	E.QGDGSRGGQGAHHGK.D	DECOY_AGAP011441-RA_3+
./crux_output/comet_9938_2_1	0.912138	0.747941	0.818540	K.CYLTLLMAVCG.P	DECOY_sp|Q03530|RCE1_YEAST
./crux_output/comet_5195_2_2	0.911983	0.747941	0.818540	F.CTPSTVVK.A	DECOY_AGAP007620-PA	DECOY_ACOM025899-PA	DECOY_CUFF.2891.9_2+	DECOY_CUFF.2891.8_3+	DECOY_CUFF.2891.3_1+	DECOY_CUFF.2891.2_3+	DECOY_CUFF.2891.1_3+	DECOY_CUFF.2891.7_1+	DECOY_CUFF.2891.6_1+	DECOY_CUFF.2891.5_2+	DECOY_CUFF.2891.18_1+	DECOY_CUFF.2891.16_1+	DECOY_CUFF.2891.15_1+	DECOY_CUFF.2891.14_1+	DECOY_CUFF.2891.13_3+	DECOY_CUFF.2891.12_3+	DECOY_CUFF.2891.11_2+	DECOY_CUFF.2891.10_1+	DECOY_AGAP007620-RA_2+
./crux_output/comet_5333_2_1	0.911971	0.747941	0.818540	V.ATTRSRFR.V	DECOY_AGAP004003-RA_3+
./crux_output/comet_5491_4_1	0.911796	0.747941	0.818540	R.DRHLHDNQVGERGNDE.E	DECOY_CUFF.976.4_3+	DECOY_CUFF.976.1_3+	DECOY_CUFF.976.2_3+	DECOY_CUFF.976.3_3+	DECOY_AGAP005351-RA_3+
./crux_output/comet_7803_2_1	0.911786	0.747941	0.818540	L.AVPDAPPR.W	DECOY_AGAP002996-RD_2+	DECOY_AGAP002996-RA_3+	DECOY_AGAP002996-RC_2+	DECOY_AGAP002996-RB_1+	DECOY_CUFF.4699.7_1+	DECOY_CUFF.4699.2_3+	DECOY_CUFF.4699.1_2+
./crux_output/comet_6584_2_1	0.911725	0.747941	0.818540	R.GCGALSSAGTT.L	DECOY_AGAP028072-RA_2+	DECOY_CUFF.8067.4_1+	DECOY_CUFF.8067.1_2+
./crux_output/comet_9241_2_1	0.911708	0.747941	0.818540	K.EEADPIPSSRE.L	DECOY_CUFF.4989.6_2+	DECOY_CUFF.4989.5_1+	DECOY_CUFF.4989.8_2+	DECOY_CUFF.4989.3_2+	DECOY_CUFF.4989.2_1+	DECOY_CUFF.4989.1_3+	DECOY_CUFF.4989.7_3+	DECOY_CUFF.4989.4_2+	DECOY_AGAP003276-RA_2+
./crux_output/comet_9914_3_2	0.911631	0.747941	0.818540	V.ERDTNVSSSQESR.V	DECOY_CUFF.3376.4_2+
./crux_output/comet_8321_3_1	0.911558	0.747941	0.818540	A.ASSILGSLESLK.L	DECOY_sp|P07257|QCR2_YEAST
./crux_output/comet_7772_3_1	0.911477	0.747941	0.818540	K.MTGGIRNPKFSNQ.A	DECOY_AGAP009110-RA_3+	DECOY_CUFF.10695.1_1+
./crux_output/comet_10631_4_4	0.911293	0.747941	0.818540	Q.GAVNVDSVENYVVAPRCSSFK.T	DECOY_CUFF.10289.2_3+	DECOY_CUFF.10289.1_2+
./crux_output/comet_8333_2_3	0.911281	0.747941	0.818540	K.NSFRTLA.S	DECOY_CUFF.4513.2_2+	DECOY_CUFF.4513.3_1+	DECOY_CUFF.4513.4_1+
./crux_output/comet_5482_2_4	0.911223	0.747941	0.818540	K.ADVGDPDPK.H	DECOY_AGAP007279-PA	DECOY_ACOM025493-PA	DECOY_CUFF.2610.4_2+	DECOY_CUFF.2610.6_2+	DECOY_CUFF.2610.1_2+	DECOY_CUFF.2610.3_2+
./crux_output/comet_5912_2_1	0.911157	0.747941	0.818540	K.HLDVGSEETNFE.L	DECOY_sp|P32794|AFG2_YEAST
./crux_output/comet_6032_2_1	0.911088	0.747941	0.818540	C.RGGGGRGHGGGR.E	DECOY_AGAP000348-RA_3+	DECOY_CUFF.16233.1_3+
./crux_output/comet_7599_2_4	0.910866	0.747941	0.818540	R.GAGGRPGASPST.Q	DECOY_CUFF.4819.5_2+	DECOY_CUFF.4819.4_3+	DECOY_CUFF.4819.1_1+	DECOY_CUFF.4819.3_3+	DECOY_CUFF.4819.2_1+	DECOY_AGAP003070-RA_3+
./crux_output/comet_6638_2_4	0.910834	0.747941	0.818540	R.TSVAIRPACLCVS.V	DECOY_CUFF.2703.1_1+
./crux_output/comet_5946_2_1	0.910805	0.747941	0.818540	P.EVGRCFSGYK.N	DECOY_AGAP012011-RA_3+	DECOY_CUFF.8942.1_1+
./crux_output/comet_5540_4_2	0.910702	0.747941	0.818540	K.GFNSEAQFHSHNEFLK.S	DECOY_TCONS_00021484_2+	DECOY_TCONS_00021483_1+
./crux_output/comet_10241_4_2	0.910542	0.747941	0.818540	R.SSSSASGGSGNHPLAPGHGPSGSHRSGHGGQS.S	DECOY_AGAP007994-PA	DECOY_AGAP007994-RA_1+	DECOY_CUFF.9600.1_1+
./crux_output/comet_8183_2_3	0.910419	0.747941	0.818540	K.KSTEFDCK.K	DECOY_AGAP007314-RA_3+
./crux_output/comet_9191_3_4	0.910384	0.747941	0.818540	R.LFFSVFSFQNPYC.F	DECOY_CUFF.9881.1_3+	DECOY_CUFF.9881.2_1+	DECOY_CUFF.9881.4_3+	DECOY_CUFF.9881.7_1+	DECOY_CUFF.9881.6_1+
./crux_output/comet_7127_2_2	0.910336	0.747941	0.818540	K.FYKLDC.E	DECOY_sp|P32580|SUV3_YEAST
./crux_output/comet_5894_2_1	0.910197	0.747941	0.818540	K.DDENLVKN.R	DECOY_AGAP005261-PA	DECOY_AGAP005261-PB	DECOY_ACOM037738-PA	DECOY_AGAP005261-RA_3+	DECOY_CUFF.901.3_2+	DECOY_CUFF.901.1_3+	DECOY_CUFF.901.4_2+	DECOY_CUFF.901.2_2+
./crux_output/comet_6245_3_3	0.910105	0.747941	0.818540	S.GSTAAAAPAGNGGSSTAK.A	DECOY_AGAP003849-PB	DECOY_AGAP003849-PC	DECOY_ACOM034781-PA	DECOY_CUFF.5515.7_3+	DECOY_CUFF.5515.6_3+	DECOY_CUFF.5515.9_3+	DECOY_CUFF.5515.8_2+	DECOY_AGAP003849-RC_1+	DECOY_AGAP003849-RB_1+
./crux_output/comet_8443_3_2	0.910080	0.747941	0.818540	N.KCFGVMKNVK.K	DECOY_CUFF.11945.4_1+	DECOY_CUFF.11945.2_1+	DECOY_CUFF.11945.1_1+
./crux_output/comet_8410_2_3	0.910061	0.747941	0.818540	R.GSAGDLQGYDTQVTS.L	DECOY_CUFF.2290.1_2+	DECOY_AGAP006784-RA_1+
./crux_output/comet_4366_3_1	0.910060	0.747941	0.818540	R.TTTPTSCYRGTLTLQVACG.G	DECOY_CUFF.895.8_2+	DECOY_CUFF.895.2_3+	DECOY_CUFF.895.5_2+	DECOY_CUFF.895.6_2+	DECOY_CUFF.895.7_1+	DECOY_AGAP005205-RF_2+
./crux_output/comet_7004_2_1	0.909980	0.747941	0.818540	R.TAKGSGAPDPLA.G	DECOY_AGAP008239-RA_3+	DECOY_CUFF.9805.1_1+
./crux_output/comet_5666_2_1	0.909862	0.747941	0.818540	C.HVIAFYLR.R	DECOY_CUFF.822.1_1+
./crux_output/comet_9192_3_1	0.909778	0.747941	0.818540	K.ITESHEVNTTW.R	DECOY_CUFF.5252.3_1+	DECOY_CUFF.5252.2_3+	DECOY_CUFF.5252.1_1+	DECOY_CUFF.5252.4_2+
./crux_output/comet_7897_2_3	0.909739	0.747941	0.818540	K.KLQSSYRGGP.P	DECOY_AGAP008054-RA_3+
./crux_output/comet_6454_3_1	0.909545	0.747941	0.818540	R.DAALAAQGSAGGAGDF.R	DECOY_AGAP008067-RA_3+
./crux_output/comet_9715_2_1	0.909493	0.747941	0.818540	G.NYMTSMTAGEK.T	DECOY_ACOM037548-PA	DECOY_CUFF.4559.1_2+	DECOY_AGAP002884-RA_2+
./crux_output/comet_9582_2_2	0.909345	0.747941	0.818540	R.GSQALDPDDGAR.R	DECOY_CUFF.4943.1_1+	DECOY_AGAP003271-RA_3+
./crux_output/comet_6334_3_3	0.909277	0.747941	0.818540	R.RVCVSCGCSFPTR.R	DECOY_CUFF.3376.2_1+	DECOY_CUFF.3376.1_2+	DECOY_AGAP001606-RA_2+
./crux_output/comet_5723_2_1	0.909178	0.747941	0.818540	R.AAAREAGGPNAAAP.N	DECOY_CUFF.7806.1_3+
./crux_output/comet_8179_2_4	0.909010	0.747941	0.818540	V.QSDYRRSNDER.R	DECOY_CUFF.9285.2_3+
./crux_output/comet_8979_3_2	0.908987	0.747941	0.818540	R.LSPPAAAAAGESASVASDA.G	DECOY_ACOM036475-PA
./crux_output/comet_10201_3_3	0.908905	0.747941	0.818540	K.HESSFFFYKLIVT.K	DECOY_sp|Q3E787|YC095_YEAST
./crux_output/comet_6851_2_1	0.908760	0.747941	0.818540	R.VSSDYIAKG.Y	DECOY_sp|P40884|IMA5_YEAST
./crux_output/comet_9719_3_5	0.908705	0.747941	0.818540	L.GQDREPQHHGRER.E	DECOY_CUFF.4539.5_1+	DECOY_CUFF.4539.2_2+	DECOY_CUFF.4539.1_2+	DECOY_AGAP002737-RB_1+	DECOY_AGAP002737-RA_3+
./crux_output/comet_7086_3_3	0.908695	0.747941	0.818540	G.GNANMPLLDDGTWK.S	DECOY_AGAP011053-PA	DECOY_ACOM023009-PA	DECOY_AGAP011053-RA_3+
./crux_output/comet_5404_2_3	0.908569	0.747941	0.818540	Y.NSAIAHFR.K	DECOY_CUFF.10404.1_1+
./crux_output/comet_8674_2_2	0.908553	0.747941	0.818540	R.CICCKAATSVCL.H	DECOY_CUFF.7904.6_1+	DECOY_CUFF.7904.5_1+	DECOY_CUFF.7904.4_1+	DECOY_CUFF.7904.13_1+
./crux_output/comet_9970_3_3	0.908530	0.747941	0.818540	R.EGGYQSGPTYIRDGHLWV.I	DECOY_AGAP011094-PA	DECOY_ACOM023077-PA	DECOY_CUFF.7793.1_3+	DECOY_CUFF.7793.2_2+
./crux_output/comet_6232_2_1	0.908403	0.747941	0.818540	N.GASEAAFER.V	DECOY_AGAP001699-RA_3+
./crux_output/comet_10167_3_1	0.908312	0.747941	0.818540	V.GNFSHTSRFSSSK.L	DECOY_sp|P40021|ZRG8_YEAST
./crux_output/comet_7728_3_1	0.908274	0.747941	0.818540	K.QADSFEAQRIEG.E	DECOY_sp|Q05637|PHM6_YEAST
./crux_output/comet_7199_2_1	0.908257	0.747941	0.818540	R.EDRWCKTDNQSPRE.I	DECOY_AGAP005939-RA_3+
./crux_output/comet_9206_2_3	0.908249	0.747941	0.818540	R.TTGTNCEPSNTR.N	DECOY_CUFF.16134.2_2+	DECOY_CUFF.16134.3_1+	DECOY_CUFF.16134.1_1+
./crux_output/comet_5636_2_2	0.907853	0.747941	0.818540	R.WGWYATQ.A	DECOY_CUFF.16478.3_1+	DECOY_CUFF.16478.2_2+
./crux_output/comet_9231_3_3	0.907820	0.747941	0.818540	R.SPCCCCSCSCDASG.R	DECOY_AGAP002649-RA_3+	DECOY_CUFF.4394.3_3+	DECOY_CUFF.4394.2_1+	DECOY_CUFF.4394.1_3+
./crux_output/comet_4822_2_2	0.907799	0.747941	0.818540	K.TITGTSSR.I	DECOY_CUFF.7787.1_1+	DECOY_AGAP011087-RA_2+
./crux_output/comet_9238_2_1	0.907796	0.747941	0.818540	R.PEHQCHVTAAAN.L	DECOY_AGAP006031-RA_2+	DECOY_CUFF.1585.2_3+
./crux_output/comet_7445_3_1	0.907371	0.747941	0.818540	R.TYSRYCGSVPRH.P	DECOY_CUFF.2883.1_1+	DECOY_AGAP007690-RA_2+
./crux_output/comet_9105_3_3	0.907350	0.747941	0.818540	G.YGDYHTEMQFKDK.S	DECOY_AGAP005849-PA	DECOY_ACOM025072-PA	DECOY_AGAP005849-RA_1+	DECOY_CUFF.1453.1_1+	DECOY_CUFF.1453.2_1+
./crux_output/comet_6442_2_1	0.907206	0.747941	0.818540	K.TSDVSATSAT.S	DECOY_AGAP009594-PA	DECOY_CUFF.11219.1_3+
./crux_output/comet_9897_3_2	0.907162	0.747941	0.818540	S.SNSSYASGAPGGAPPK.S	DECOY_ACOM039560-PA
./crux_output/comet_6860_2_1	0.907160	0.747941	0.818540	R.QNAVIKCVVS.V	DECOY_CUFF.9014.3_2+	DECOY_CUFF.9014.2_2+	DECOY_CUFF.9014.1_1+	DECOY_CUFF.9014.4_2+
./crux_output/comet_8968_2_2	0.907145	0.747941	0.818540	R.VCVSHCQEPAAW.L	DECOY_CUFF.16123.1_3+
./crux_output/comet_8942_2_1	0.906779	0.747941	0.818540	R.ECCQRQLATPQCLSW.W	DECOY_CUFF.12088.2_1+	DECOY_CUFF.12088.5_3+	DECOY_CUFF.12088.4_2+	DECOY_CUFF.12088.3_2+	DECOY_CUFF.12088.1_2+	DECOY_CUFF.12088.6_3+	DECOY_AGAP010189-RA_3+
./crux_output/comet_4901_3_1	0.906778	0.747941	0.818540	K.VHCAATSGARSSC.P	DECOY_AGAP000610-RA_2+
./crux_output/comet_7254_4_2	0.906697	0.747941	0.818540	K.FYQPSAPNMKDCIHCK.D	DECOY_sp|Q05580|HEL2_YEAST
./crux_output/comet_9508_3_1	0.906506	0.747941	0.818540	K.QEKGKGAQDGDHQHT.D	DECOY_AGAP003006-RA_3+
./crux_output/comet_8010_3_1	0.906381	0.747941	0.818540	V.MACVVGSAISYR.I	DECOY_CUFF.17573.1_1+
./crux_output/comet_9828_3_2	0.906212	0.747941	0.818540	V.FQMIDGFPDHCVCR.D	DECOY_CUFF.16393.7_3+	DECOY_CUFF.16393.2_3+	DECOY_CUFF.16393.9_3+
./crux_output/comet_5847_3_1	0.906131	0.749588	0.818540	R.GQRQHEQQAGVFASH.Q	DECOY_AGAP003493-RA_1+
./crux_output/comet_8929_2_2	0.906108	0.751236	0.818540	K.YTLFTDER.K	DECOY_CUFF.9630.2_3+
./crux_output/comet_10396_3_2	0.906086	0.751645	0.818540	R.EIGNCYTAGSDDYIKAQA.F	DECOY_CUFF.11839.2_3+
./crux_output/comet_6796_2_2	0.906034	0.753289	0.920000	M.AQHDKIK.Q	DECOY_AGAP001887-PA	DECOY_CUFF.3622.4_3+	DECOY_AGAP001887-RA_3+
./crux_output/comet_9864_2_3	0.906002	0.753670	0.920000	R.FFRNYN.N	DECOY_AGAP003818-PA	DECOY_ACOM034828-PA	DECOY_AGAP003818-RB_1+	DECOY_CUFF.5498.2_2+	DECOY_CUFF.5498.7_3+	DECOY_CUFF.5498.6_3+	DECOY_CUFF.5498.5_1+	DECOY_CUFF.5498.4_3+	DECOY_CUFF.5498.3_1+	DECOY_CUFF.5498.1_2+
./crux_output/comet_5535_2_2	0.905951	0.753670	0.920000	A.ADPEAAPR.F	DECOY_ACOM040153-PA
./crux_output/comet_6403_3_1	0.905890	0.753670	0.920000	G.RLASGVYGGGGGGGGGGR.R	DECOY_CUFF.11350.8_1+	DECOY_CUFF.11350.6_2+	DECOY_CUFF.11350.7_2+	DECOY_AGAP009659-RA_1+
./crux_output/comet_5254_2_1	0.905834	0.753670	0.920000	R.WALTPWV.S	DECOY_AGAP010026-RA_2+	DECOY_CUFF.12095.1_1+	DECOY_CUFF.12095.3_1+	DECOY_CUFF.12095.2_1+	DECOY_CUFF.12095.5_1+	DECOY_CUFF.12095.4_1+
./crux_output/comet_4853_2_1	0.905721	0.755302	0.920000	K.VRNRISDCCGE.K	DECOY_AGAP002461-RA_3+
./crux_output/comet_7748_2_2	0.905688	0.756933	0.920000	K.NSTQVQCCKA.T	DECOY_CUFF.9299.1_1+
./crux_output/comet_3707_3_1	0.905685	0.758564	0.920000	R.RCEYSAALQSCSAAPAYW.T	DECOY_AGAP006376-RB_3+	DECOY_CUFF.1954.10_3+	DECOY_CUFF.1954.11_2+	DECOY_CUFF.1954.12_2+
./crux_output/comet_8509_2_2	0.905645	0.760196	0.920000	K.EFAHHEQT.R	DECOY_CUFF.6908.13_2+	DECOY_CUFF.6908.10_3+	DECOY_CUFF.6908.11_2+	DECOY_CUFF.6908.16_1+	DECOY_CUFF.6908.17_1+	DECOY_CUFF.6908.18_2+	DECOY_CUFF.6908.21_2+	DECOY_CUFF.6908.1_3+	DECOY_CUFF.6908.2_2+	DECOY_CUFF.6908.7_1+	DECOY_CUFF.6908.8_1+	DECOY_CUFF.6908.24_2+
./crux_output/comet_5944_2_1	0.905632	0.760450	0.920000	K.TPLNEHSSAYS.S	DECOY_AGAP009081-RA_2+
./crux_output/comet_8253_2_1	0.905631	0.760450	0.920000	R.DDDDDDDDED.G	DECOY_AGAP005288-PA	DECOY_ACOM027817-PA	DECOY_CUFF.939.7_3+	DECOY_AGAP005288-RA_1+	DECOY_CUFF.939.9_1+	DECOY_CUFF.939.3_1+	DECOY_CUFF.939.2_3+
./crux_output/comet_8567_2_1	0.905595	0.760450	0.920000	K.FEEADERT.F	DECOY_sp|P32660|ATC5_YEAST
./crux_output/comet_7875_2_2	0.905537	0.760450	0.920000	R.AGSGSATTRSATRT.S	DECOY_AGAP000708-RB_2+	DECOY_AGAP000708-RA_2+	DECOY_CUFF.16762.5_2+	DECOY_CUFF.16762.6_2+	DECOY_CUFF.16762.1_2+	DECOY_CUFF.16762.2_1+
./crux_output/comet_6760_2_3	0.905492	0.760450	0.920000	R.AEAAGRGEAEA.G	DECOY_CUFF.10067.4_2+	DECOY_CUFF.10067.1_1+	DECOY_CUFF.10067.2_1+	DECOY_CUFF.10067.3_1+	DECOY_CUFF.10067.5_1+	DECOY_AGAP008535-RA_3+
./crux_output/comet_9358_3_2	0.905461	0.760450	0.920000	R.GTAPLGREAGHEHGQ.P	DECOY_CUFF.8722.8_3+	DECOY_CUFF.8722.9_2+	DECOY_CUFF.8722.4_2+	DECOY_CUFF.8722.5_1+	DECOY_CUFF.8722.6_3+	DECOY_CUFF.8722.7_1+	DECOY_CUFF.8722.1_1+	DECOY_CUFF.8722.2_1+	DECOY_CUFF.8722.3_1+	DECOY_AGAP011722-RA_3+
./crux_output/comet_8300_2_1	0.905358	0.760450	0.920000	-.AFVANEVDA.S	DECOY_TCONS_00033792_3+
./crux_output/comet_4890_3_3	0.905281	0.760766	0.920000	K.CVGGASSGPAADLP.G	DECOY_AGAP000629-PA	DECOY_AGAP013491-PA	DECOY_CUFF.16538.2_2+	DECOY_CUFF.16538.1_2+	DECOY_AGAP013491-RA_1+	DECOY_AGAP000629-RA_1+
./crux_output/comet_9568_2_2	0.905248	0.760766	0.920000	W.AGQTHGGER.N	DECOY_CUFF.7929.4_3+	DECOY_CUFF.7929.1_3+
./crux_output/comet_6577_3_1	0.905209	0.760766	0.920000	R.IDVYKPTFEL.K	DECOY_sp|P53131|PRP43_YEAST
./crux_output/comet_7632_3_1	0.905180	0.760766	0.920000	E.PSVKNSVSVRNK.H	DECOY_CUFF.9872.1_1+
./crux_output/comet_4998_2_3	0.904984	0.762360	0.920000	K.LSEIYGK.F	DECOY_sp|P40077|DSE1_YEAST
./crux_output/comet_8513_4_3	0.904870	0.763955	0.920000	X.THYLILLIEELTGYTR.N	DECOY_CUFF.774.2_3+	DECOY_CUFF.774.3_3+	DECOY_CUFF.774.1_1+
./crux_output/comet_4267_3_4	0.904838	0.765550	0.920000	P.HASHQRSQHGR.A	DECOY_CUFF.4930.4_3+	DECOY_CUFF.4930.2_3+	DECOY_CUFF.4930.1_1+	DECOY_AGAP003202-RA_1+
./crux_output/comet_9830_2_2	0.904799	0.767145	0.920000	R.TTTATAGSAAAR.P	DECOY_CUFF.16074.5_1+
./crux_output/comet_7684_2_1	0.904722	0.767516	0.920000	R.ILGQAFPK.L	DECOY_CUFF.11595.3_2+	DECOY_CUFF.11595.1_1+	DECOY_AGAP009786-RA_1+
./crux_output/comet_8447_3_1	0.904690	0.767886	0.920000	R.CWCGTGTPARKSAGTTPTS.S	DECOY_AGAP005193-RA_2+
./crux_output/comet_6069_2_3	0.904617	0.768254	0.920000	A.DQSVITHR.L	DECOY_CUFF.3453.1_1+
./crux_output/comet_6321_3_1	0.904586	0.768621	0.920000	R.RLGSGRSWCC.A	DECOY_AGAP013449-RA_3+
./crux_output/comet_8743_2_1	0.904474	0.768987	0.920000	K.LGPISCVV.S	DECOY_AGAP012066-PA	DECOY_AGAP012907-PA	DECOY_ACOM026617-PA	DECOY_AGAP012907-RA_1+	DECOY_CUFF.8990.1_1+	DECOY_AGAP012066-RA_1+
./crux_output/comet_10436_2_1	0.904428	0.770570	0.920000	R.EPHSRLLRG.A	DECOY_AGAP006782-RA_1+
./crux_output/comet_8632_2_1	0.904417	0.770958	0.920000	A.ARDVDFK.S	DECOY_sp|P0CX43|RL1A_YEAST	DECOY_sp|P0CX44|RL1B_YEAST
./crux_output/comet_4939_3_1	0.904324	0.770958	0.920000	R.HIFLNSFGVFGEDVH.E	DECOY_TCONS_00018491_1+
./crux_output/comet_10018_3_1	0.904238	0.770958	0.920000	R.GGGTSSASVISFPTTG.G	DECOY_CUFF.1053.2_3+
./crux_output/comet_9455_2_1	0.904217	0.770958	0.920000	V.DESIFSDHQSACK.Y	DECOY_CUFF.2745.1_3+
./crux_output/comet_8690_2_1	0.904108	0.770958	0.920000	R.YLAGDAGADAA.P	DECOY_AGAP009000-RA_3+	DECOY_CUFF.10552.1_2+
./crux_output/comet_5817_2_1	0.904056	0.770958	0.920000	R.HVGPELVAVA.D	DECOY_CUFF.9130.4_2+	DECOY_CUFF.9130.6_2+	DECOY_CUFF.9130.1_3+	DECOY_CUFF.9130.2_1+	DECOY_CUFF.9130.3_2+	DECOY_AGAP012163-RA_3+
./crux_output/comet_7311_3_2	0.904013	0.770958	0.920000	C.IASWATSASCAR.R	DECOY_AGAP002548-RA_2+	DECOY_CUFF.4268.3_2+	DECOY_CUFF.4268.2_2+
./crux_output/comet_9341_4_3	0.904009	0.770958	0.920000	E.VEKQLEDYLNQLNSKYNSK.T	DECOY_AGAP003676-PA	DECOY_ACOM028782-PA	DECOY_AGAP003676-RA_1+
./crux_output/comet_10625_4_4	0.904000	0.770958	0.920000	R.ISDVPECISEVEICWLRH.L	DECOY_CUFF.5387.1_2+
./crux_output/comet_6520_2_2	0.903754	0.770958	0.920000	R.GGKGEGHGGVKP.A	DECOY_AGAP006884-RA_1+
./crux_output/comet_9237_3_2	0.903715	0.770958	0.920000	K.ESSTTPDFIARHAFRYD.P	DECOY_AGAP000749-RA_3+
./crux_output/comet_6671_3_1	0.903648	0.770958	0.920000	R.PPGRAIGSRGCVSG.R	DECOY_AGAP008732-RA_3+
./crux_output/comet_9547_4_2	0.903571	0.770958	0.920000	K.WLVSGAPCSASPNTLYCNGN.G	DECOY_ACOM036764-PA
./crux_output/comet_7482_2_1	0.903539	0.770958	0.920000	K.ASNAEPVW.M	DECOY_AGAP007975-PA	DECOY_AGAP007975-PB	DECOY_ACOM030724-PA	DECOY_CUFF.9614.2_3+	DECOY_CUFF.9614.1_3+	DECOY_CUFF.9614.3_2+	DECOY_AGAP007975-RB_3+	DECOY_AGAP007975-RA_2+
./crux_output/comet_9690_3_1	0.903527	0.770958	0.920000	A.SQVVSGGDAGRTSTAK.Y	DECOY_CUFF.3352.1_1+	DECOY_CUFF.3352.2_2+	DECOY_CUFF.3352.3_1+	DECOY_CUFF.3352.4_3+	DECOY_CUFF.3352.5_3+	DECOY_CUFF.3352.6_3+
./crux_output/comet_5767_2_2	0.903484	0.770958	0.920000	A.DRPDDASGR.H	DECOY_AGAP012154-RA_3+	DECOY_CUFF.9070.1_1+	DECOY_CUFF.9070.2_3+
./crux_output/comet_7997_2_3	0.903463	0.770958	0.920000	R.WGAPLGGVQ.P	DECOY_AGAP003931-RA_1+
./crux_output/comet_7345_2_3	0.903306	0.770958	0.920000	R.LLLLLLLRHGVLALL.H	DECOY_ACOM036469-PA
./crux_output/comet_9691_4_1	0.903261	0.770958	0.920000	I.ASSTSIACWINASSTGGTKQR.V	DECOY_AGAP001439-RA_1+
./crux_output/comet_10116_4_3	0.903181	0.770958	0.920000	R.EGSHVATCTGGGRGSGTRGAAGPGPGEV.V	DECOY_CUFF.1066.2_3+	DECOY_AGAP005518-RA_3+
./crux_output/comet_8206_3_3	0.903049	0.770958	0.920000	Y.THTDTLCQTIQ.-	DECOY_AGAP004164-RB_3+
./crux_output/comet_8166_3_1	0.903026	0.770958	0.920000	R.QFDAYCVLALT.P	DECOY_CUFF.4288.1_3+
./crux_output/comet_6467_2_1	0.902922	0.770958	0.920000	K.EFVSMMNSLN.D	DECOY_sp|Q03338|PRP3_YEAST
./crux_output/comet_6074_3_1	0.902872	0.770958	0.920000	K.TDCTNTNFMQQQHGTVS.N	DECOY_AGAP012403-RA_1+
./crux_output/comet_5569_2_3	0.902784	0.770958	0.920000	H.ASPGPTSHHR.K	DECOY_AGAP007607-RA_3+
./crux_output/comet_8281_3_1	0.902765	0.770958	0.920000	V.YACMASGHAGTPVPR.E	DECOY_AGAP006645-RA_1+	DECOY_AGAP006645-RC_1+	DECOY_AGAP006645-RD_2+	DECOY_AGAP006645-RB_2+	DECOY_CUFF.2156.1_1+
./crux_output/comet_6569_3_1	0.902650	0.770958	0.920000	R.SRPVCDRCGFA.R	DECOY_CUFF.2838.4_1+	DECOY_CUFF.2838.5_3+	DECOY_CUFF.2838.1_3+	DECOY_CUFF.2838.2_2+	DECOY_CUFF.2838.3_1+	DECOY_AGAP007474-RA_3+
./crux_output/comet_9246_2_5	0.902565	0.770958	0.920000	R.LVYSTLAVDSA.V	DECOY_AGAP010819-PA	DECOY_AGAP010831-PA	DECOY_AGAP010832-PA	DECOY_AGAP010832-RA_1+	DECOY_AGAP010831-RA_3+	DECOY_AGAP010819-RA_1+
./crux_output/comet_5393_2_1	0.902500	0.772455	0.920000	R.VSMVSERICEG.V	DECOY_ACOM034850-PA
./crux_output/comet_8852_2_2	0.902487	0.773952	0.920000	F.LSVPCLK.C	DECOY_AGAP010862-RA_3+	DECOY_CUFF.7525.1_2+
./crux_output/comet_6298_2_1	0.902466	0.774627	0.920000	K.HVINIPSAEL.K	DECOY_AGAP000865-PA	DECOY_AGAP000865-PB	DECOY_ACOM036172-PA	DECOY_CUFF.17072.8_1+	DECOY_CUFF.17072.3_1+	DECOY_CUFF.17072.1_3+	DECOY_CUFF.17072.7_1+	DECOY_CUFF.17072.6_1+	DECOY_CUFF.17072.5_3+	DECOY_CUFF.17072.4_3+	DECOY_CUFF.17072.2_1+	DECOY_AGAP000865-RA_1+
./crux_output/comet_6617_3_2	0.902439	0.774627	0.920000	K.GFVFTSKEARET.V	DECOY_CUFF.3890.5_1+	DECOY_CUFF.3890.8_2+
./crux_output/comet_9623_3_1	0.902378	0.775148	0.920000	S.LTRTGSNASGTPCSSR.S	DECOY_AGAP002024-RA_2+	DECOY_CUFF.3877.1_2+	DECOY_CUFF.3877.2_3+	DECOY_CUFF.3877.3_2+	DECOY_CUFF.3877.4_2+	DECOY_CUFF.3877.5_2+	DECOY_CUFF.3877.6_2+	DECOY_CUFF.3877.7_2+	DECOY_CUFF.3877.8_2+	DECOY_CUFF.3877.9_3+	DECOY_CUFF.3877.10_1+
./crux_output/comet_5198_2_3	0.902353	0.775148	0.920000	C.QAGKSASCSK.E	DECOY_CUFF.9155.1_2+
./crux_output/comet_893_2_4	0.902322	0.775148	0.920000	K.VHLAAVPLGD.F	DECOY_sp|P05694|METE_YEAST
./crux_output/comet_8900_3_5	0.902295	0.775148	0.920000	R.LRLIECCPDLERY.C	DECOY_AGAP003738-PA	DECOY_ACOM034942-PA	DECOY_AGAP003738-RA_3+
./crux_output/comet_9754_2_2	0.902193	0.775148	0.920000	W.NGSHGVAPR.T	DECOY_CUFF.7901.3_2+	DECOY_CUFF.7901.1_3+	DECOY_CUFF.7901.6_1+	DECOY_CUFF.7901.7_2+	DECOY_CUFF.7901.4_2+	DECOY_CUFF.7901.5_3+	DECOY_CUFF.7901.8_2+	DECOY_CUFF.7901.9_3+	DECOY_AGAP010909-RA_2+	DECOY_CUFF.7901.14_1+	DECOY_CUFF.7901.15_1+	DECOY_CUFF.7901.16_1+	DECOY_CUFF.7901.10_3+	DECOY_CUFF.7901.11_3+	DECOY_CUFF.7901.12_1+	DECOY_CUFF.7901.13_1+
./crux_output/comet_10358_3_2	0.901992	0.776627	0.920000	R.QRVWCVPGMLTAD.I	DECOY_CUFF.5987.2_2+	DECOY_CUFF.5987.1_2+	DECOY_AGAP004327-RA_2+
./crux_output/comet_7983_3_1	0.901932	0.778107	0.920000	G.PPNTRGLVVCLGCEK.X	DECOY_CUFF.2907.4_2+	DECOY_CUFF.2907.5_3+
./crux_output/comet_5183_2_1	0.901896	0.778552	0.920000	R.VSDTNEGGLSV.X	DECOY_AGAP001984-RA_2+
./crux_output/comet_5407_2_3	0.901886	0.778552	0.920000	K.LAMTSRR.S	DECOY_CUFF.7754.1_2+	DECOY_AGAP011057-RA_2+	DECOY_TCONS_00035333_1+
./crux_output/comet_6191_3_2	0.901881	0.778552	0.920000	R.KEPACSIGFMMF.Q	DECOY_TCONS_00033564_1+	DECOY_CUFF.12801.2_1+
./crux_output/comet_8167_3_1	0.901832	0.778552	0.920000	K.PGCGTNSGRRGTPKCT.E	DECOY_CUFF.9054.6_2+	DECOY_CUFF.9054.9_3+	DECOY_CUFF.9054.12_1+	DECOY_CUFF.9054.11_1+	DECOY_CUFF.9054.10_3+
./crux_output/comet_7103_2_4	0.901801	0.778552	0.920000	I.NGLDPAGSDATCNATR.E	DECOY_AGAP000682-PA	DECOY_ACOM033597-PA	DECOY_AGAP000682-RA_3+
./crux_output/comet_7546_2_1	0.901783	0.778552	0.920000	R.RSNFTLS.A	DECOY_CUFF.16538.2_3+	DECOY_CUFF.16538.1_3+	DECOY_AGAP000629-RA_2+
./crux_output/comet_7413_3_5	0.901777	0.778552	0.920000	K.WLCSQNLQPPIT.G	DECOY_CUFF.4946.10_2+	DECOY_CUFF.4946.11_1+	DECOY_CUFF.4946.8_2+	DECOY_CUFF.4946.9_1+	DECOY_CUFF.4946.4_3+	DECOY_CUFF.4946.5_1+	DECOY_CUFF.4946.6_2+	DECOY_CUFF.4946.7_1+	DECOY_CUFF.4946.1_2+	DECOY_CUFF.4946.2_3+	DECOY_CUFF.4946.3_1+
./crux_output/comet_10363_2_3	0.901767	0.778552	0.920000	R.QGGGSQGAPVEL.L	DECOY_AGAP008909-RA_3+
./crux_output/comet_7564_2_2	0.901747	0.778552	0.920000	K.CECVFVLVA.C	DECOY_CUFF.2796.11_1+	DECOY_CUFF.2796.10_2+	DECOY_AGAP007396-RD_1+	DECOY_AGAP007396-RB_3+	DECOY_AGAP007396-RC_2+	DECOY_AGAP007396-RA_2+	DECOY_CUFF.2796.3_3+	DECOY_CUFF.2796.2_1+	DECOY_CUFF.2796.1_3+	DECOY_CUFF.2796.6_2+	DECOY_CUFF.2796.5_3+	DECOY_CUFF.2796.4_3+
./crux_output/comet_5492_2_3	0.901697	0.778552	0.920000	K.ISCSRIC.S	DECOY_CUFF.437.1_1+	DECOY_CUFF.437.2_2+	DECOY_CUFF.437.3_3+	DECOY_AGAP004850-RA_2+
./crux_output/comet_7302_2_1	0.901687	0.778552	0.920000	R.DHQAEKRLVC.R	DECOY_AGAP000139-PA	DECOY_ACOM040142-PA	DECOY_AGAP000139-RA_1+	DECOY_CUFF.15975.1_3+
./crux_output/comet_7363_2_1	0.901677	0.778552	0.920000	G.AGAPPGGER.G	DECOY_CUFF.2369.7_3+	DECOY_AGAP006901-RA_3+
./crux_output/comet_4696_4_4	0.901671	0.778552	0.920000	K.MLTGELNTQNYYGQSASTE.L	DECOY_AGAP028635-PA	DECOY_CUFF.9141.1_2+	DECOY_AGAP012213-RA_1+
./crux_output/comet_8060_2_2	0.901636	0.778552	0.920000	R.TTQYAFANT.P	DECOY_AGAP002953-RA_2+	DECOY_CUFF.4607.1_3+
./crux_output/comet_8915_3_2	0.901528	0.778552	0.920000	R.ATSRHASAASGQLTCRGAG.R	DECOY_AGAP010559-RA_3+
./crux_output/comet_9899_3_2	0.901359	0.778552	0.920000	R.THPAVQVRWSFVS.T	DECOY_TCONS_00017860_3+	DECOY_TCONS_00017861_3+	DECOY_TCONS_00017859_2+
./crux_output/comet_5521_2_2	0.901322	0.778552	0.920000	V.AQYFACGK.V	DECOY_CUFF.9872.1_2+
./crux_output/comet_7430_2_1	0.901236	0.778552	0.920000	K.FRFLAC.X	DECOY_CUFF.6000.1_2+
./crux_output/comet_5451_3_2	0.901228	0.778552	0.920000	F.QTDQAPLRVGR.H	DECOY_AGAP001947-RA_3+	DECOY_CUFF.3658.2_3+	DECOY_CUFF.3658.1_3+
./crux_output/comet_6043_3_1	0.901176	0.778552	0.920000	M.WGNAMSGSAFTFCGRR.L	DECOY_AGAP012069-RA_2+
./crux_output/comet_7214_2_3	0.901129	0.778552	0.920000	R.GKSGLYKP.N	DECOY_sp|P40164|PP4R3_YEAST
./crux_output/comet_9732_3_1	0.901042	0.778552	0.920000	K.PSSTTWGVPCPNLQ.K	DECOY_CUFF.1191.2_3+	DECOY_CUFF.1191.1_1+
./crux_output/comet_6630_2_2	0.901008	0.778552	0.920000	R.EFASSCQR.P	DECOY_CUFF.1633.1_1+	DECOY_CUFF.1633.2_1+	DECOY_CUFF.1633.3_1+
./crux_output/comet_7611_4_1	0.900976	0.778552	0.920000	R.YDSNYRAGYSANGGRYYSGGAGGE.Q	DECOY_sp|Q02796|LGE1_YEAST
./crux_output/comet_8989_2_1	0.900843	0.778552	0.920000	A.ADTEVRDCGAGDR.L	DECOY_AGAP011751-RA_3+
./crux_output/comet_6448_2_1	0.900827	0.778552	0.920000	R.NQAGAQADACQLVAA.E	DECOY_AGAP012192-RA_3+
./crux_output/comet_6768_2_1	0.900820	0.778552	0.920000	K.FTSLIGSSS.Q	DECOY_CUFF.11276.6_3+	DECOY_CUFF.11276.5_3+	DECOY_CUFF.11276.2_3+	DECOY_CUFF.11276.1_3+	DECOY_CUFF.11276.4_3+	DECOY_CUFF.11276.3_3+
./crux_output/comet_8430_3_1	0.900646	0.778552	0.920000	R.FWENAPTCMRYTSAPAAG.R	DECOY_CUFF.11483.4_3+	DECOY_CUFF.11483.1_2+	DECOY_CUFF.11483.3_1+	DECOY_CUFF.11483.2_1+
./crux_output/comet_6284_2_1	0.900595	0.778552	0.920000	R.ADFLCPSV.S	DECOY_AGAP006908-RA_3+	DECOY_CUFF.2357.5_3+	DECOY_CUFF.2357.2_3+	DECOY_CUFF.2357.3_3+	DECOY_CUFF.2357.1_2+
./crux_output/comet_10506_2_3	0.900524	0.778552	0.920000	K.CDDNGDCG.D	DECOY_AGAP002739-PA	DECOY_ACOM036434-PA	DECOY_CUFF.4542.1_3+	DECOY_CUFF.4542.2_2+	DECOY_AGAP002739-RA_1+
./crux_output/comet_5017_2_1	0.900425	0.778552	0.920000	X.TISGSNSNEGK.N	DECOY_CUFF.4910.1_2+
./crux_output/comet_4693_2_1	0.900214	0.778552	0.920000	R.HNRGCDVSGA.A	DECOY_CUFF.11334.1_2+	DECOY_CUFF.11334.2_3+
./crux_output/comet_8237_2_2	0.900009	0.778552	0.920000	S.CCLTCISITCR.S	DECOY_AGAP007805-RA_3+
./crux_output/comet_5445_3_2	0.899911	0.779944	0.920000	R.IRTSSTPSKTCW.A	DECOY_CUFF.3357.1_1+	DECOY_CUFF.3357.3_1+	DECOY_CUFF.3357.2_1+	DECOY_CUFF.3357.4_1+	DECOY_AGAP001566-RA_2+	DECOY_AGAP001566-RB_2+
./crux_output/comet_4887_2_4	0.899876	0.780250	0.920000	K.QQSVGTPK.V	DECOY_ACOM023014-PA
./crux_output/comet_6563_2_2	0.899862	0.781641	0.920000	K.IWDPNVS.A	DECOY_AGAP008003-PA	DECOY_ACOM030682-PA	DECOY_CUFF.9641.3_1+	DECOY_CUFF.9641.2_1+	DECOY_CUFF.9641.1_1+	DECOY_CUFF.9641.4_3+	DECOY_AGAP008003-RA_3+
./crux_output/comet_8198_2_4	0.899846	0.783032	0.920000	K.QFFLCENL.F	DECOY_CUFF.3183.8_1+	DECOY_CUFF.3183.4_2+	DECOY_CUFF.3183.5_3+	DECOY_CUFF.3183.6_1+	DECOY_CUFF.3183.7_2+	DECOY_CUFF.3183.1_2+	DECOY_CUFF.3183.2_3+	DECOY_CUFF.3183.3_3+
./crux_output/comet_7203_3_1	0.899832	0.783634	0.920000	K.KVHHHIADPAVSGIT.C	DECOY_AGAP029532-PA	DECOY_ACOM030679-PA	DECOY_CUFF.9674.1_2+	DECOY_CUFF.9674.3_3+	DECOY_AGAP007996-RA_2+	DECOY_AGAP007996-RB_2+	DECOY_CUFF.9674.2_1+
./crux_output/comet_5470_2_1	0.899783	0.783634	0.920000	R.AAVAACSAFIP.S	DECOY_CUFF.9903.6_1+	DECOY_CUFF.9903.10_2+	DECOY_CUFF.9903.8_3+	DECOY_CUFF.9903.7_3+	DECOY_CUFF.9903.4_1+	DECOY_CUFF.9903.2_3+	DECOY_CUFF.9903.3_3+	DECOY_CUFF.9903.1_3+
./crux_output/comet_5314_2_1	0.899665	0.783934	0.920000	R.LAGFSRVS.P	DECOY_CUFF.10214.1_1+
./crux_output/comet_6105_2_3	0.899622	0.785124	0.920000	R.WNRSYW.H	DECOY_AGAP006512-RA_3+	DECOY_CUFF.2044.3_1+	DECOY_CUFF.2044.8_1+	DECOY_CUFF.2044.1_2+	DECOY_CUFF.2044.2_1+	DECOY_CUFF.2044.5_3+	DECOY_CUFF.2044.4_1+	DECOY_CUFF.2044.7_1+	DECOY_CUFF.2044.6_2+
./crux_output/comet_8387_2_1	0.899606	0.785124	0.920000	D.HVVVTHER.C	DECOY_CUFF.7517.1_3+	DECOY_AGAP010849-RA_1+
./crux_output/comet_9085_2_1	0.899564	0.785124	0.920000	K.TATSASSNST.T	DECOY_AGAP011123-PA	DECOY_AGAP011123-PB	DECOY_ACOM023140-PA	DECOY_CUFF.7837.2_3+
./crux_output/comet_7859_4_1	0.899508	0.785124	0.920000	K.FDEDEFFGGKVTIDDTAQ.E	DECOY_AGAP009027-PA	DECOY_ACOM029122-PA	DECOY_CUFF.10624.1_1+	DECOY_AGAP009027-RA_1+
./crux_output/comet_5731_2_2	0.899355	0.786445	0.920000	K.PFQLGCHN.V	DECOY_sp|Q07351|STP4_YEAST
./crux_output/comet_4483_2_1	0.899305	0.786445	0.920000	K.DVLFSVLFNA.R	DECOY_AGAP002272-PA	DECOY_AGAP002272-PB	DECOY_AGAP002272-PC	DECOY_CUFF.4117.9_1+	DECOY_AGAP002272-RB_1+	DECOY_AGAP002272-RC_1+	DECOY_AGAP002272-RA_1+	DECOY_CUFF.4117.8_3+	DECOY_CUFF.4117.3_1+	DECOY_CUFF.4117.1_1+	DECOY_CUFF.4117.6_1+
./crux_output/comet_6229_2_3	0.899286	0.786445	0.920000	R.ADDHDRAL.Q	DECOY_AGAP029051-PA	DECOY_AGAP029051-PB	DECOY_AGAP029051-PC	DECOY_AGAP029051-PD	DECOY_AGAP029051-PE	DECOY_AGAP029051-PF	DECOY_AGAP029051-PG	DECOY_AGAP029051-PH	DECOY_AGAP029051-PI	DECOY_AGAP029051-PJ	DECOY_AGAP029051-PK	DECOY_AGAP029051-PL	DECOY_ACOM043056-PA	DECOY_CUFF.8418.6_1+	DECOY_CUFF.8418.12_1+	DECOY_CUFF.8418.13_2+	DECOY_CUFF.8418.10_3+	DECOY_CUFF.8418.11_1+	DECOY_CUFF.8418.16_2+	DECOY_CUFF.8418.17_1+	DECOY_CUFF.8418.14_2+
./crux_output/comet_8283_2_1	0.899251	0.786445	0.920000	P.ETGEGPGGGR.S	DECOY_CUFF.3500.11_1+	DECOY_CUFF.3500.6_1+	DECOY_CUFF.3500.5_2+	DECOY_CUFF.3500.4_3+	DECOY_CUFF.3500.3_3+	DECOY_CUFF.3500.2_2+	DECOY_CUFF.3500.1_1+	DECOY_CUFF.3500.9_3+	DECOY_CUFF.3500.8_1+	DECOY_CUFF.3500.10_3+	DECOY_AGAP001726-RA_3+
./crux_output/comet_8589_2_1	0.899239	0.786445	0.920000	K.ACNNKERT.X	DECOY_CUFF.1105.1_3+
./crux_output/comet_4300_3_2	0.899238	0.786445	0.920000	K.KGQGLDTCTHGRI.I	DECOY_CUFF.968.1_1+
./crux_output/comet_6028_2_1	0.899235	0.786445	0.920000	E.AGSESTSKK.Y	DECOY_AGAP012142-PA	DECOY_ACOM026498-PA	DECOY_CUFF.9074.1_3+	DECOY_AGAP012142-RA_3+
./crux_output/comet_6061_3_1	0.899210	0.786445	0.920000	K.TSTTRLRCSDAP.E	DECOY_CUFF.17098.2_1+
./crux_output/comet_9613_4_2	0.899180	0.786445	0.920000	R.VLTLWCCARTGPYYHNC.L	DECOY_TCONS_00040362_2+
./crux_output/comet_7280_3_3	0.899106	0.786445	0.920000	K.DTPNQFIKEEQQEQHE.E	DECOY_sp|P40563|AIM21_YEAST
./crux_output/comet_7781_2_4	0.899088	0.786445	0.920000	H.LYHHTR.X	DECOY_CUFF.5546.3_3+	DECOY_CUFF.5546.2_3+	DECOY_CUFF.5546.1_2+	DECOY_CUFF.5546.6_3+	DECOY_CUFF.5546.5_1+	DECOY_CUFF.5546.4_1+
./crux_output/comet_4322_3_4	0.898968	0.786445	0.920000	G.SSWPWPWASAK.K	DECOY_AGAP004214-RA_2+	DECOY_CUFF.5862.1_1+	DECOY_CUFF.5862.2_2+
./crux_output/comet_5878_2_1	0.898911	0.786445	0.920000	K.VPRRPVLC.V	DECOY_CUFF.6862.3_1+
./crux_output/comet_7242_3_1	0.898848	0.786445	0.920000	I.LFILDAKCSSFR.K	DECOY_TCONS_00011281_1+
./crux_output/comet_6128_3_3	0.898812	0.786445	0.920000	R.GGSLTGGGGREATIG.G	DECOY_AGAP005946-PA	DECOY_AGAP005946-RA_1+	DECOY_CUFF.1515.1_1+
./crux_output/comet_7070_3_1	0.898766	0.786445	0.920000	L.NAPNTWTSFKER.N	DECOY_AGAP008686-PA	DECOY_ACOM029113-PA	DECOY_AGAP008686-RA_1+
./crux_output/comet_8002_3_4	0.898600	0.786445	0.920000	G.ANTSKGGGGAGGEGQEGK.G	DECOY_AGAP006475-PA	DECOY_AGAP006475-PB	DECOY_CUFF.1975.1_3+	DECOY_CUFF.1975.3_3+	DECOY_CUFF.1975.2_3+	DECOY_CUFF.1975.5_1+	DECOY_CUFF.1975.4_1+	DECOY_CUFF.1975.6_1+
./crux_output/comet_4749_2_1	0.898539	0.786445	0.920000	S.PICVDAAFVR.M	DECOY_CUFF.17072.8_2+	DECOY_CUFF.17072.6_2+
./crux_output/comet_8549_3_1	0.898480	0.786445	0.920000	E.TDNSLHQTCVAAK.R	DECOY_CUFF.417.1_1+
./crux_output/comet_7018_2_2	0.898467	0.786445	0.920000	K.AEANGTAMIP.K	DECOY_AGAP010371-PA	DECOY_ACOM040813-PA	DECOY_AGAP010371-RA_3+
./crux_output/comet_3704_4_1	0.898467	0.786445	0.920000	R.SNGDTNHSLHTVSQASCNY.G	DECOY_AGAP003710-PA	DECOY_ACOM028833-PA	DECOY_AGAP003710-RA_2+
./crux_output/comet_7161_2_1	0.898391	0.786445	0.920000	I.EANREAER.E	DECOY_CUFF.10862.3_2+	DECOY_CUFF.10862.2_2+	DECOY_CUFF.10862.1_3+
./crux_output/comet_6634_3_3	0.898365	0.786445	0.920000	G.MTGDPAGPAGQGAYGGR.Q	DECOY_ACOM037810-PA
./crux_output/comet_9590_2_1	0.898336	0.786445	0.920000	D.QKAGSNFAR.I	DECOY_AGAP004521-PA	DECOY_ACOM029592-PA	DECOY_AGAP004521-RA_3+
./crux_output/comet_5951_2_1	0.898245	0.786445	0.920000	R.YFALIQTTNG.K	DECOY_CUFF.4441.8_3+	DECOY_CUFF.4441.3_2+
./crux_output/comet_5290_2_2	0.898218	0.786445	0.920000	R.GVPSVGSHVR.W	DECOY_AGAP003580-RA_1+	DECOY_CUFF.5236.1_3+
./crux_output/comet_6889_3_1	0.898141	0.786445	0.920000	R.TTGCPRREVRSVHT.A	DECOY_CUFF.9078.2_1+
./crux_output/comet_6882_3_1	0.898000	0.786445	0.920000	R.SQAQTESHARVS.S	DECOY_AGAP006451-PA	DECOY_ACOM039709-PA	DECOY_CUFF.1949.1_1+	DECOY_CUFF.1949.2_1+	DECOY_AGAP006451-RA_1+
./crux_output/comet_6459_2_1	0.897909	0.786445	0.920000	K.KLYQDTLAD.I	DECOY_AGAP011130-PA	DECOY_ACOM023160-PA	DECOY_AGAP011130-RA_3+
./crux_output/comet_7165_3_3	0.897318	0.786445	0.920000	R.RNGCRQAPRR.P	DECOY_CUFF.4539.2_1+	DECOY_CUFF.4539.1_1+
./crux_output/comet_878_2_1	0.897257	0.786445	0.920000	R.VYFHVGP.G	DECOY_CUFF.14291.1_3+
./crux_output/comet_7289_2_3	0.897237	0.786445	0.920000	R.FGEPPPVAT.W	DECOY_CUFF.4940.1_2+	DECOY_AGAP003222-RA_2+
./crux_output/comet_7422_2_1	0.897135	0.786445	0.920000	K.TESIYMIA.S	DECOY_AGAP000773-PA	DECOY_AGAP000773-PB	DECOY_ACOM042361-PA	DECOY_AGAP000773-RA_1+	DECOY_CUFF.16820.2_1+	DECOY_CUFF.16820.1_2+
./crux_output/comet_902_2_1	0.897007	0.786445	0.920000	R.EAGPGATQAGGGAAAADA.R	DECOY_CUFF.9247.1_1+	DECOY_CUFF.9247.3_2+	DECOY_CUFF.9247.2_3+	DECOY_CUFF.9247.4_1+	DECOY_AGAP012332-RA_2+
./crux_output/comet_6715_3_2	0.896964	0.786445	0.920000	R.GAGEHDRGQRPGPGAGAGG.A	DECOY_CUFF.16722.1_1+	DECOY_AGAP000737-RA_1+
./crux_output/comet_6708_4_1	0.896943	0.786445	0.920000	D.GELTDPIGDNDDDVDQDDPIGDNK.A	DECOY_AGAP029659-PA	DECOY_CUFF.8812.1_2+
./crux_output/comet_10345_3_1	0.896833	0.786445	0.920000	R.SSRGEEWSGSGYAKNVS.S	DECOY_CUFF.2811.5_1+
./crux_output/comet_8613_2_3	0.896781	0.786445	0.920000	R.KGVFEIGDA.V	DECOY_TCONS_00026895_2+
./crux_output/comet_6037_2_4	0.896703	0.786445	0.920000	R.QGSSVPHAW.L	DECOY_CUFF.2740.7_2+	DECOY_CUFF.2740.4_1+	DECOY_CUFF.2740.5_1+	DECOY_CUFF.2740.2_3+	DECOY_CUFF.2740.3_3+	DECOY_CUFF.2740.1_2+	DECOY_AGAP007421-RA_2+	DECOY_CUFF.2740.6_3+
./crux_output/comet_7627_2_1	0.896666	0.786445	0.920000	R.CDAPPFSAT.A	DECOY_CUFF.3755.1_3+	DECOY_AGAP002061-RA_2+
./crux_output/comet_4999_4_2	0.896665	0.786445	0.920000	R.LISTYSRYSAVAHTDVANYGLF.Y	DECOY_CUFF.13686.1_3+
./crux_output/comet_10530_3_5	0.896638	0.786445	0.920000	R.RWSKASGSWTANSV.A	DECOY_AGAP000283-RA_2+	DECOY_CUFF.16160.2_3+
./crux_output/comet_8336_3_1	0.896538	0.786445	0.920000	A.CYETNTRNRFGR.A	DECOY_TCONS_00009802_1+
./crux_output/comet_8490_3_2	0.896477	0.786445	0.920000	R.CLQFAFLWLCW.F	DECOY_AGAP002053-PA	DECOY_AGAP002053-RA_3+
./crux_output/comet_10149_3_1	0.896398	0.786445	0.920000	S.DGARSTAPVPAR.T	DECOY_CUFF.3500.11_3+	DECOY_CUFF.3500.6_3+	DECOY_CUFF.3500.5_1+	DECOY_CUFF.3500.4_2+	DECOY_CUFF.3500.3_2+	DECOY_CUFF.3500.2_1+	DECOY_CUFF.3500.1_3+	DECOY_CUFF.3500.9_2+	DECOY_CUFF.3500.8_3+	DECOY_CUFF.3500.10_2+	DECOY_AGAP001726-RA_2+
./crux_output/comet_10212_3_4	0.895885	0.787724	0.920000	S.RLQVSRPEGSPR.A	DECOY_CUFF.4742.3_1+	DECOY_CUFF.4742.1_1+	DECOY_AGAP003005-RC_3+	DECOY_AGAP003005-RB_3+
./crux_output/comet_8746_3_1	0.895884	0.789003	0.920000	R.RCPGAAAHCVT.E	DECOY_CUFF.2705.3_1+	DECOY_CUFF.2705.1_3+	DECOY_CUFF.2705.6_3+	DECOY_CUFF.2705.4_3+	DECOY_AGAP007373-RB_3+	DECOY_AGAP007373-RA_1+
./crux_output/comet_8225_3_1	0.895855	0.790281	0.920000	R.TAWRPLSCNL.R	DECOY_AGAP004888-RA_2+
./crux_output/comet_8152_3_1	0.895824	0.790816	0.920000	K.HTAPKACTQFAFSTM.Q	DECOY_CUFF.17042.6_1+	DECOY_CUFF.17042.4_3+	DECOY_CUFF.17042.5_3+	DECOY_AGAP000880-RC_2+	DECOY_AGAP000880-RB_3+	DECOY_AGAP000880-RA_1+
./crux_output/comet_4748_2_2	0.895776	0.790816	0.920000	L.ARAKVTER.K	DECOY_CUFF.8647.1_1+
./crux_output/comet_8799_2_1	0.895639	0.792092	0.983651	V.ITVFTVSR.Q	DECOY_AGAP002161-RB_2+	DECOY_AGAP002161-RA_1+	DECOY_CUFF.3906.2_1+
./crux_output/comet_5398_2_2	0.895631	0.793367	0.983651	R.KDMARVK.K	DECOY_CUFF.9505.1_2+	DECOY_CUFF.9505.2_3+
./crux_output/comet_6048_3_2	0.895594	0.793631	0.983651	P.SDRFHGGGGAGAGVGGGGR.D	DECOY_AGAP000043-PA	DECOY_CUFF.15844.2_1+	DECOY_CUFF.15844.3_2+	DECOY_CUFF.15844.1_2+	DECOY_CUFF.15844.5_2+	DECOY_AGAP000043-RA_1+
./crux_output/comet_4441_2_1	0.895387	0.794904	0.983651	R.VNHVLARCR.D	DECOY_TCONS_00034234_3+	DECOY_AGAP012766-RA_1+
./crux_output/comet_5737_2_2	0.895295	0.796178	0.983651	G.ANAYGGLDK.T	DECOY_AGAP007780-PA	DECOY_AGAP007780-PB	DECOY_ACOM031029-PA	DECOY_AGAP007780-RA_1+	DECOY_AGAP007780-RB_3+
./crux_output/comet_9795_2_1	0.895218	0.797452	0.983651	R.YLSTGDVVC.S	DECOY_CUFF.6555.1_2+	DECOY_AGAP004665-RA_3+
./crux_output/comet_5848_2_1	0.895106	0.798726	0.983651	K.ASTRRETF.G	DECOY_CUFF.8099.1_3+	DECOY_CUFF.8099.2_1+
./crux_output/comet_8121_2_3	0.895083	0.800000	0.983651	R.EGYMSQLT.V	DECOY_AGAP029169-PA	DECOY_ACOM026859-PA	DECOY_CUFF.11587.1_3+
./crux_output/comet_4844_2_1	0.894978	0.801274	0.983651	K.AAPLFRGN.A	DECOY_TCONS_00034795_3+
./crux_output/comet_5060_2_1	0.894964	0.802548	0.983651	R.PQYGEALEW.A	DECOY_AGAP010518-PA	DECOY_ACOM041712-PA	DECOY_AGAP010518-RA_1+
./crux_output/comet_6791_3_1	0.894951	0.802696	0.983651	R.AGAGRAGGHGGGGGQGV.R	DECOY_AGAP006428-RA_3+
./crux_output/comet_5385_2_3	0.894885	0.802696	0.983651	T.AGAGPPLPAR.E	DECOY_AGAP008636-RA_3+	DECOY_CUFF.10138.4_1+	DECOY_CUFF.10138.5_3+	DECOY_CUFF.10138.1_1+	DECOY_CUFF.10138.3_3+	DECOY_CUFF.10138.2_3+
./crux_output/comet_5490_2_3	0.894835	0.802696	0.983651	P.AGAPVPAGPHR.S	DECOY_CUFF.16784.4_3+	DECOY_CUFF.16784.1_2+	DECOY_CUFF.16784.2_1+	DECOY_CUFF.16784.3_3+	DECOY_CUFF.16784.6_1+
./crux_output/comet_4420_2_2	0.894797	0.802696	0.983651	R.NISECFAL.G	DECOY_CUFF.5987.2_2+	DECOY_CUFF.5987.1_2+	DECOY_AGAP004327-RA_2+
./crux_output/comet_7619_4_2	0.894782	0.802696	0.983651	R.GLYLIISSISSVGLKQQGVWS.H	DECOY_CUFF.3064.2_1+	DECOY_CUFF.3064.1_2+	DECOY_CUFF.3064.3_1+
./crux_output/comet_8729_2_1	0.894751	0.802696	0.983651	R.QYYLPLLGTC.Y	DECOY_AGAP009661-PA	DECOY_ACOM032668-PA	DECOY_AGAP009661-RA_1+	DECOY_CUFF.11341.1_1+
./crux_output/comet_7453_2_1	0.894708	0.802696	0.983651	A.AGGLTTARTR.A	DECOY_CUFF.4452.1_2+	DECOY_AGAP002758-RA_2+
./crux_output/comet_5601_2_3	0.894434	0.802696	0.983651	R.EENQMADEK.R	DECOY_CUFF.3252.1_2+	DECOY_CUFF.3252.2_1+
./crux_output/comet_10267_2_1	0.894417	0.802696	0.983651	R.EAPHFREFPSSS.D	DECOY_AGAP010784-RA_2+
./crux_output/comet_6870_2_1	0.894404	0.802696	0.983651	L.QYEEFEQK.F	DECOY_sp|P53008|CWH41_YEAST
./crux_output/comet_6750_3_1	0.894314	0.802696	0.983651	H.APTKGDGCCKFESHTCK.G	DECOY_AGAP001662-PA	DECOY_AGAP001662-PB	DECOY_AGAP001662-RA_1+	DECOY_CUFF.3462.6_1+	DECOY_CUFF.3462.4_2+	DECOY_CUFF.3462.5_3+	DECOY_CUFF.3462.2_1+	DECOY_CUFF.3462.3_2+	DECOY_CUFF.3462.1_1+
./crux_output/comet_7263_3_2	0.894293	0.802696	0.983651	F.GAYESHGREAPK.F	DECOY_AGAP004191-RA_1+
./crux_output/comet_5263_3_4	0.894004	0.802696	0.983651	R.SNSSSGATQQLSIS.H	DECOY_AGAP028025-PA	DECOY_ACOM024346-PA	DECOY_AGAP028025-RA_1+	DECOY_CUFF.10342.1_1+
./crux_output/comet_3740_4_1	0.893774	0.802696	0.983651	R.ENQGCTGTEKREQAEVEE.K	DECOY_AGAP002649-RA_3+	DECOY_CUFF.4394.3_3+	DECOY_CUFF.4394.2_1+	DECOY_CUFF.4394.1_3+
./crux_output/comet_6930_2_2	0.893647	0.802696	0.983651	H.AGVMLKFR.S	DECOY_CUFF.10312.3_1+
./crux_output/comet_8226_3_1	0.893587	0.802696	0.983651	M.AAGAEGDEATYTTKR.Q	DECOY_sp|P38860|MTG2_YEAST
./crux_output/comet_4543_2_3	0.893493	0.802696	0.983651	R.DAGASPLHGE.S	DECOY_CUFF.8413.3_2+	DECOY_CUFF.8413.2_2+	DECOY_CUFF.8413.1_2+	DECOY_AGAP011586-RA_3+
./crux_output/comet_7300_2_1	0.893397	0.802696	0.983651	R.KASWTTTRNAT.K	DECOY_CUFF.10822.1_1+	DECOY_CUFF.10822.3_3+	DECOY_CUFF.10822.5_2+	DECOY_AGAP009201-RA_2+
./crux_output/comet_4160_3_3	0.893248	0.802696	0.983651	R.LGIATCPLREV.R	DECOY_CUFF.2060.1_1+	DECOY_AGAP006462-RA_1+	DECOY_AGAP006462-RB_1+
./crux_output/comet_10180_2_3	0.893163	0.802696	0.983651	K.QGISTSSHDRGDAAS.A	DECOY_AGAP005332-RB_1+	DECOY_AGAP005332-RA_1+
./crux_output/comet_8326_3_1	0.893040	0.802696	0.983651	N.TQSHQKHIYK.N	DECOY_CUFF.7641.20_1+	DECOY_CUFF.7641.21_3+	DECOY_CUFF.7641.24_1+	DECOY_CUFF.7641.25_1+	DECOY_CUFF.7641.26_3+	DECOY_CUFF.7641.22_2+	DECOY_CUFF.7641.23_2+	DECOY_CUFF.7641.18_3+	DECOY_CUFF.7641.13_1+	DECOY_CUFF.7641.15_2+	DECOY_CUFF.7641.14_2+	DECOY_CUFF.7641.17_2+	DECOY_CUFF.7641.7_1+	DECOY_CUFF.7641.6_2+	DECOY_CUFF.7641.3_1+	DECOY_CUFF.7641.2_3+
./crux_output/comet_10142_3_4	0.892971	0.802696	0.983651	T.GFSKTFDVQFIATR.G	DECOY_sp|P47090|YJY5_YEAST
./crux_output/comet_10378_3_5	0.892930	0.802696	0.983651	R.RNFGGGGGGGGGGNGPGGPGGG.G	DECOY_ACOM035693-PA
./crux_output/comet_9493_4_2	0.892917	0.802696	0.983651	R.NAESESSPATNGHNAEPKIA.R	DECOY_CUFF.16662.1_1+
./crux_output/comet_9635_3_1	0.892835	0.802696	0.983651	P.EADAAHHDSPVDSR.H	DECOY_AGAP002274-RA_3+	DECOY_AGAP002274-RB_1+	DECOY_CUFF.4117.19_3+	DECOY_CUFF.4117.14_2+	DECOY_CUFF.4117.12_2+	DECOY_CUFF.4117.16_1+
./crux_output/comet_9731_2_3	0.892489	0.802938	0.983651	F.ICVYEYER.K	DECOY_CUFF.17437.2_2+	DECOY_CUFF.17437.3_1+
./crux_output/comet_6656_2_2	0.892472	0.804162	0.983651	R.QGAARVAHG.V	DECOY_AGAP002869-RA_1+	DECOY_CUFF.4781.1_1+
./crux_output/comet_10349_3_1	0.892379	0.804401	0.983651	C.PNGNFNHKEESDAPYEK.N	DECOY_CUFF.8713.1_3+
./crux_output/comet_7343_3_4	0.892284	0.804878	0.983651	R.TEICVAPTDIVHT.P	DECOY_TCONS_00033658_1+
./crux_output/comet_6785_4_1	0.892243	0.804878	0.983651	R.CTTRHRPCGSSCCLSGSW.P	DECOY_AGAP007484-RA_2+
./crux_output/comet_9399_3_2	0.892223	0.806098	0.983651	K.QHHHYSPSNSGIQY.L	DECOY_CUFF.1884.29_1+
./crux_output/comet_7237_2_1	0.892196	0.806334	0.983651	V.GLEIDDDPEGGPK.T	DECOY_AGAP005644-PA	DECOY_ACOM038875-PA	DECOY_CUFF.1184.4_3+	DECOY_CUFF.1184.1_2+	DECOY_CUFF.1184.3_3+	DECOY_CUFF.1184.2_3+	DECOY_AGAP005644-RA_1+
./crux_output/comet_7840_2_3	0.892150	0.807186	0.983651	R.FSSNSSSSSSSR.D	DECOY_AGAP010168-RA_2+	DECOY_CUFF.12015.1_1+
./crux_output/comet_5274_3_2	0.892128	0.807186	0.983651	R.AVRDTRNGEGEFCEH.W	DECOY_AGAP001901-PA	DECOY_ACOM023674-PA	DECOY_CUFF.3627.1_3+	DECOY_AGAP001901-RA_1+
./crux_output/comet_7173_2_4	0.892110	0.807186	0.983651	K.LYNDYKDQ.S	DECOY_CUFF.1022.1_2+	DECOY_CUFF.1022.2_2+
./crux_output/comet_8935_2_2	0.892094	0.807186	0.983651	R.AMTSKTSR.Q	DECOY_AGAP002623-PA	DECOY_CUFF.4365.2_3+	DECOY_CUFF.4365.1_1+	DECOY_AGAP002623-RA_1+
./crux_output/comet_4260_3_1	0.891887	0.807186	0.983651	L.MSTTGDKHQRK.I	DECOY_AGAP009307-PA	DECOY_ACOM032830-PA	DECOY_AGAP009307-RA_3+
./crux_output/comet_4753_2_2	0.891870	0.807186	0.983651	K.PIAPNFDPMQ.R	DECOY_ACOM040634-PA
./crux_output/comet_8563_2_1	0.891847	0.807186	0.983651	K.ERGSGGSQPGQ.H	DECOY_AGAP012389-RA_2+
./crux_output/comet_9003_2_2	0.891777	0.807186	0.983651	X.CWSGMSSPHRAR.T	DECOY_AGAP010782-RA_2+	DECOY_CUFF.7492.3_2+	DECOY_CUFF.7492.2_1+	DECOY_CUFF.7492.1_2+	DECOY_CUFF.7492.6_3+	DECOY_CUFF.7492.5_1+	DECOY_CUFF.7492.4_1+
./crux_output/comet_5860_2_2	0.891392	0.807186	0.983651	R.GCDDDMENN.L	DECOY_CUFF.10761.1_2+
./crux_output/comet_5529_2_1	0.891277	0.807186	0.983651	R.SSPFSAPFT.F	DECOY_AGAP009636-RA_2+
./crux_output/comet_4729_3_2	0.891195	0.807186	0.983651	R.QDTQTDHEPK.Q	DECOY_AGAP000666-RA_2+
./crux_output/comet_6648_2_2	0.891074	0.807186	0.983651	R.RPNTVVH.R	DECOY_CUFF.11868.1_2+	DECOY_CUFF.11868.2_1+	DECOY_CUFF.11868.3_2+
./crux_output/comet_8939_2_3	0.890993	0.807416	0.983651	R.VAGAVAVAVG.L	DECOY_CUFF.11680.4_1+	DECOY_CUFF.11680.6_3+	DECOY_CUFF.11680.7_1+	DECOY_CUFF.11680.5_2+
./crux_output/comet_8715_3_1	0.890988	0.808612	0.983651	S.QPIADDEDKNR.S	DECOY_sp|P06786|TOP2_YEAST
./crux_output/comet_9397_2_1	0.890985	0.809809	0.983651	R.EFEMTEPDLGEDI.A	DECOY_AGAP001298-PA	DECOY_ACOM033917-PA	DECOY_CUFF.3100.3_2+	DECOY_CUFF.3100.2_2+	DECOY_CUFF.3100.1_2+	DECOY_CUFF.3100.5_3+	DECOY_CUFF.3100.4_2+	DECOY_AGAP001298-RA_1+
./crux_output/comet_8356_3_1	0.890938	0.811005	0.983651	E.LNMLKELVNK.L	DECOY_AGAP006234-PA	DECOY_ACOM040013-PA	DECOY_AGAP006234-RA_3+
./crux_output/comet_9592_4_1	0.890933	0.811164	0.983651	L.ACERLMTGCNLAIEQHEYGAMR.Y	DECOY_AGAP000812-PA	DECOY_ACOM040250-PA	DECOY_CUFF.16946.1_3+	DECOY_CUFF.16946.2_1+	DECOY_CUFF.16946.3_1+	DECOY_CUFF.16946.4_2+	DECOY_CUFF.16946.5_1+	DECOY_CUFF.16946.6_2+	DECOY_AGAP000812-RA_1+
./crux_output/comet_9485_2_3	0.890776	0.811164	0.983651	R.VKRHLSAH.L	DECOY_CUFF.9711.1_1+	DECOY_CUFF.9711.2_3+
./crux_output/comet_8908_2_3	0.890752	0.811164	0.983651	R.TSTSGSEDSYLKT.R	DECOY_CUFF.5349.1_1+	DECOY_AGAP003677-RA_2+
./crux_output/comet_7544_2_2	0.890644	0.811164	0.983651	G.ATDSHSRSR.G	DECOY_AGAP003174-RA_3+	DECOY_CUFF.4879.8_3+	DECOY_CUFF.4879.3_3+	DECOY_CUFF.4879.2_1+	DECOY_CUFF.4879.1_1+	DECOY_CUFF.4879.7_2+	DECOY_CUFF.4879.6_2+	DECOY_CUFF.4879.5_1+	DECOY_CUFF.4879.4_2+
./crux_output/comet_9517_2_2	0.890534	0.811164	0.983651	Y.GSTGDAHREDR.G	DECOY_AGAP008349-RA_3+
./crux_output/comet_6046_2_1	0.890357	0.812352	0.983651	K.CSVPSKPWSQW.P	DECOY_CUFF.15883.5_3+
./crux_output/comet_5358_2_5	0.890345	0.813302	0.983651	R.TSAARQGMAAD.Q	DECOY_AGAP003080-RA_2+	DECOY_AGAP003080-RB_2+	DECOY_CUFF.4735.2_1+	DECOY_CUFF.4735.3_1+
./crux_output/comet_8603_2_1	0.890264	0.813302	0.983651	R.TDTTSAASWA.P	DECOY_CUFF.386.3_3+	DECOY_CUFF.386.2_1+	DECOY_CUFF.386.1_3+	DECOY_AGAP004805-RA_3+	DECOY_AGAP004805-RB_3+
./crux_output/comet_7378_2_1	0.890223	0.813302	0.983651	K.ASFFTQKC.V	DECOY_sp|P38185|YBH1_YEAST
./crux_output/comet_7600_3_1	0.890100	0.813302	0.983651	K.GDSKKSSNTQSS.G	DECOY_AGAP003276-PA	DECOY_ACOM035779-PA	DECOY_CUFF.4989.6_1+	DECOY_CUFF.4989.5_3+	DECOY_CUFF.4989.8_1+	DECOY_CUFF.4989.3_1+	DECOY_CUFF.4989.2_3+	DECOY_CUFF.4989.1_2+	DECOY_CUFF.4989.7_2+	DECOY_CUFF.4989.4_1+	DECOY_AGAP003276-RA_1+
./crux_output/comet_4740_2_1	0.889897	0.813302	0.983651	R.TLFIAVC.Q	DECOY_AGAP001949-PA	DECOY_ACOM023605-PA	DECOY_AGAP001949-RA_2+
./crux_output/comet_10646_4_3	0.889832	0.813302	0.983651	H.EKAAAAAAEALEAETHTSSTK.V	DECOY_AGAP010981-PA	DECOY_ACOM043061-PA	DECOY_CUFF.7698.2_1+	DECOY_CUFF.7698.5_2+	DECOY_CUFF.7698.4_1+	DECOY_CUFF.7698.3_3+	DECOY_CUFF.7698.1_1+
./crux_output/comet_6636_3_2	0.889746	0.813302	0.983651	R.EPWHGASSVYAGHS.E	DECOY_CUFF.4555.1_2+	DECOY_CUFF.4555.2_1+	DECOY_CUFF.4555.3_3+	DECOY_CUFF.4555.4_1+	DECOY_CUFF.4555.5_3+
./crux_output/comet_9644_2_1	0.889662	0.813302	0.983651	K.VFNFRTT.S	DECOY_CUFF.3183.5_2+	DECOY_CUFF.3183.3_2+
./crux_output/comet_5070_2_1	0.889494	0.813302	0.983651	K.HGNEGGRH.T	DECOY_CUFF.16863.3_1+	DECOY_CUFF.16863.4_1+	DECOY_CUFF.16863.5_3+
./crux_output/comet_7752_2_5	0.889481	0.813302	0.983651	E.NVTQPEEEEER.N	DECOY_AGAP000198-PA	DECOY_AGAP000198-RA_1+	DECOY_CUFF.16096.3_1+	DECOY_CUFF.16096.1_1+	DECOY_CUFF.16096.4_2+	DECOY_CUFF.16096.2_3+	DECOY_CUFF.16096.5_2+
./crux_output/comet_10081_2_4	0.889458	0.813302	0.983651	N.KSHFGLGDHKGR.W	DECOY_AGAP008807-RA_3+	DECOY_CUFF.10367.6_2+	DECOY_CUFF.10367.5_3+	DECOY_CUFF.10367.3_1+	DECOY_CUFF.10367.2_1+
./crux_output/comet_7233_2_1	0.889454	0.813302	0.983651	R.DRQPQVTA.A	DECOY_AGAP008915-RA_2+
./crux_output/comet_10127_2_3	0.889281	0.813302	0.983651	K.FRYNNQI.R	DECOY_AGAP005806-RA_3+	DECOY_CUFF.1367.1_2+
./crux_output/comet_8434_3_2	0.889207	0.813873	0.983651	K.MERDLREALDTND.Q	DECOY_ACOM031578-PA
./crux_output/comet_7415_2_2	0.889196	0.813873	0.983651	K.CLVRRCSGFDT.T	DECOY_TCONS_00034611_3+	DECOY_TCONS_00041003_3+	DECOY_TCONS_00041005_3+	DECOY_TCONS_00041004_3+	DECOY_TCONS_00034612_3+	DECOY_TCONS_00033558_3+
./crux_output/comet_7008_3_1	0.889175	0.813873	0.983651	R.GQHYRNQRGNA.R	DECOY_AGAP003175-RA_3+	DECOY_CUFF.4863.3_3+	DECOY_CUFF.4863.1_3+
./crux_output/comet_5494_2_1	0.889061	0.813873	0.983651	R.VTTRMMS.R	DECOY_AGAP004018-RA_3+	DECOY_AGAP004018-RB_1+
./crux_output/comet_5603_3_1	0.889028	0.813873	0.983651	R.LYAELSNSSTFA.P	DECOY_CUFF.9520.2_3+	DECOY_CUFF.9520.1_3+
./crux_output/comet_8453_2_2	0.888943	0.813873	0.983651	R.EGEREGRATNAAG.X	DECOY_CUFF.4658.4_1+	DECOY_CUFF.4658.5_2+	DECOY_CUFF.4658.2_3+	DECOY_CUFF.4658.1_2+
./crux_output/comet_8248_3_5	0.888747	0.813873	0.983651	R.PQAPLSGGGTRWS.D	DECOY_AGAP001328-RA_3+	DECOY_CUFF.3124.1_3+	DECOY_CUFF.3124.3_2+	DECOY_CUFF.3124.2_1+	DECOY_CUFF.3124.5_2+	DECOY_CUFF.3124.4_3+
./crux_output/comet_6152_2_2	0.888587	0.815029	0.983651	R.RYAAPADHDC.H	DECOY_AGAP028100-RA_3+
./crux_output/comet_8436_2_1	0.888521	0.815279	0.983651	R.SSIFSFSCGSCSSP.S	DECOY_AGAP009385-RA_1+	DECOY_AGAP009385-RB_1+
./crux_output/comet_10187_2_1	0.888511	0.815279	0.983651	K.VCIAHIQN.Q	DECOY_AGAP010459-RA_1+
./crux_output/comet_8040_4_1	0.888499	0.815279	0.983651	R.FEGKYAREGGYAIIQ.H	DECOY_AGAP029747-PA	DECOY_AGAP011427-RA_1+	DECOY_CUFF.8303.12_2+
./crux_output/comet_5205_2_1	0.888105	0.815279	0.983651	R.SQAPYAIGEDCYGG.Q	DECOY_AGAP001135-RA_3+
./crux_output/comet_8411_3_2	0.888083	0.815279	0.983651	G.AFTDYDAKVGSK.I	DECOY_sp|P43550|DAK2_YEAST
./crux_output/comet_5786_2_3	0.887922	0.815279	0.983651	R.QVLCYVQ.Q	DECOY_AGAP006379-RA_3+
./crux_output/comet_7593_2_2	0.887834	0.815279	0.983651	K.HDLSIDDDIPEET.R	DECOY_AGAP005106-PA	DECOY_AGAP005106-PB	DECOY_ACOM035130-PA	DECOY_AGAP005106-RB_2+	DECOY_AGAP005106-RA_2+	DECOY_CUFF.729.1_3+
./crux_output/comet_8764_3_2	0.887814	0.815279	0.983651	R.ESSQCSKDLLQ.A	DECOY_AGAP003024-RB_2+	DECOY_AGAP003024-RC_2+	DECOY_AGAP003024-RA_1+	DECOY_AGAP003024-RD_2+	DECOY_CUFF.4689.1_2+
./crux_output/comet_9157_4_5	0.887706	0.815279	0.983651	R.GSSGRGLSGQNFGSNGGGGGSSMKGYLGGGSSGGGGG.G	DECOY_ACOM036894-PA
./crux_output/comet_8233_2_1	0.887585	0.815279	0.983651	R.AGAAERAHGAD.A	DECOY_AGAP008904-RA_3+
./crux_output/comet_7046_2_1	0.887341	0.816420	0.983651	R.LCGNDSHNTNSAVAAS.K	DECOY_ACOM025751-PA
./crux_output/comet_5132_2_1	0.887327	0.817460	0.983651	K.QYNRDTPST.A	DECOY_CUFF.10332.1_3+	DECOY_AGAP008818-RA_3+
./crux_output/comet_6944_3_1	0.887325	0.817460	0.983651	S.KYPNDCSVLK.A	DECOY_CUFF.16486.5_2+	DECOY_CUFF.16486.1_2+	DECOY_CUFF.16486.2_3+
./crux_output/comet_8961_2_4	0.887278	0.817460	0.983651	K.SWFQAFTGS.L	DECOY_AGAP010074-PA	DECOY_ACOM024116-PA	DECOY_CUFF.11957.1_1+	DECOY_AGAP010074-RA_3+
./crux_output/comet_6690_2_1	0.887267	0.817460	0.983651	R.RPVVNVQN.D	DECOY_AGAP006765-PA	DECOY_AGAP006765-PB	DECOY_ACOM031730-PA	DECOY_AGAP006765-RA_3+	DECOY_AGAP006765-RB_1+
./crux_output/comet_5884_2_2	0.887168	0.817460	0.983651	F.AIRISTSSR.R	DECOY_AGAP005910-RA_2+	DECOY_AGAP005910-RB_1+	DECOY_CUFF.1493.1_1+
./crux_output/comet_8102_3_2	0.886965	0.817667	0.983651	A.HLGSERTSCVR.K	DECOY_CUFF.11242.2_2+
./crux_output/comet_4425_2_4	0.886910	0.818284	0.983651	N.YLSYGEER.S	DECOY_sp|P36123|SA190_YEAST
./crux_output/comet_7695_2_1	0.886897	0.818284	0.983651	G.RACLSEGCSR.Y	DECOY_TCONS_00032355_2+
./crux_output/comet_5955_2_1	0.886897	0.818284	0.983651	K.IAEEGEDTISKGGEG.R	DECOY_AGAP009222-RA_2+	DECOY_CUFF.10833.1_2+
./crux_output/comet_9656_3_2	0.886490	0.819413	0.983651	R.TGTATSTWCSRGPSACRTS.W	DECOY_AGAP002678-RA_2+	DECOY_CUFF.4402.4_1+	DECOY_CUFF.4402.1_2+	DECOY_CUFF.4402.2_3+
./crux_output/comet_10490_2_1	0.886487	0.820542	0.983651	N.VECASDTSQNEER.H	DECOY_AGAP012375-PA	DECOY_AGAP012375-RA_3+
./crux_output/comet_7368_2_1	0.886437	0.821121	0.983651	R.QGHQDGHV.L	DECOY_CUFF.8362.1_3+	DECOY_CUFF.8362.2_2+	DECOY_CUFF.8362.3_2+	DECOY_AGAP011545-RA_1+
./crux_output/comet_8382_2_1	0.886316	0.821121	0.983651	R.YLSSAFCSECSIS.V	DECOY_AGAP007954-RA_3+
./crux_output/comet_7768_3_1	0.886290	0.821121	0.983651	R.AGRSSFACGCGQVAA.T	DECOY_AGAP011732-RA_2+	DECOY_CUFF.8672.1_3+
./crux_output/comet_10492_2_5	0.886158	0.821121	0.983651	K.VYILPIS.S	DECOY_AGAP000625-RA_3+	DECOY_CUFF.6100.1_2+	DECOY_CUFF.16556.1_2+
./crux_output/comet_5221_4_2	0.886098	0.821121	0.983651	K.AFTPLEDPPAETCSPVVGWHQ.L	DECOY_AGAP004827-PA	DECOY_CUFF.474.8_3+	DECOY_CUFF.474.7_2+	DECOY_CUFF.474.6_3+	DECOY_CUFF.474.5_3+	DECOY_CUFF.474.4_2+	DECOY_CUFF.474.3_2+	DECOY_CUFF.474.2_3+	DECOY_CUFF.474.1_3+	DECOY_AGAP004827-RA_1+
./crux_output/comet_6297_2_1	0.885995	0.821121	0.983651	K.YPLEFEHA.G	DECOY_AGAP028115-PA	DECOY_ACOM030055-PA	DECOY_AGAP028115-RA_1+
./crux_output/comet_9522_3_2	0.885961	0.821121	0.983651	R.TMAMRRSSSSGSML.X	DECOY_TCONS_00022932_2+
./crux_output/comet_5544_2_1	0.885768	0.821121	0.983651	R.SSSSSSIAGNS.S	DECOY_AGAP006792-RA_3+
./crux_output/comet_9520_2_1	0.885658	0.821121	0.983651	K.GCSCAVTAPGPCSSI.P	DECOY_AGAP006264-RA_1+	DECOY_AGAP006264-RB_3+	DECOY_CUFF.1802.1_1+	DECOY_CUFF.1802.2_2+
./crux_output/comet_9292_3_1	0.885435	0.821121	0.983651	R.SWADYACMGVTGCET.V	DECOY_AGAP008544-RA_3+	DECOY_CUFF.10050.1_3+
./crux_output/comet_10312_3_1	0.885295	0.821121	0.983651	K.NDDDDEDDSNND.D	DECOY_sp|P38193|PP4R2_YEAST
./crux_output/comet_7461_4_2	0.885268	0.821121	0.983651	R.KQVIHQFLEAYIHKALADI.N	DECOY_AGAP006479-PA	DECOY_ACOM039653-PA	DECOY_CUFF.1981.4_2+	DECOY_CUFF.1981.1_2+	DECOY_CUFF.1981.3_1+	DECOY_CUFF.1981.2_1+	DECOY_AGAP006479-RA_1+
./crux_output/comet_6009_3_3	0.885251	0.821121	0.983651	G.ENNENHQCDPPVPGAK.V	DECOY_AGAP008344-RB_3+	DECOY_AGAP008344-RA_3+	DECOY_CUFF.9936.2_2+
./crux_output/comet_5372_2_5	0.885083	0.821121	0.983651	K.ATATVTCDCVW.K	DECOY_CUFF.5675.1_1+	DECOY_AGAP003993-RA_2+
./crux_output/comet_4557_3_4	0.885049	0.821121	0.983651	L.AGPPENMQGFVR.A	DECOY_sp|P00830|ATPB_YEAST
./crux_output/comet_3918_3_2	0.884710	0.821121	0.983651	R.AAHQEARRDHGEAQQ.H	DECOY_AGAP002567-RA_3+
./crux_output/comet_7305_2_2	0.884709	0.821121	0.983651	R.QGGGAQEPAAGGAV.R	DECOY_AGAP009176-RA_1+	DECOY_CUFF.10824.1_3+	DECOY_CUFF.10824.3_2+
./crux_output/comet_10485_4_1	0.884624	0.821121	0.983651	N.HTHVCSHYSFNGSCPARVSIPK.X	DECOY_CUFF.10522.4_3+	DECOY_CUFF.10522.1_1+	DECOY_CUFF.10522.2_3+	DECOY_CUFF.10522.3_1+
./crux_output/comet_7376_2_4	0.884581	0.821121	0.983651	H.TANQQEGNR.R	DECOY_AGAP003891-RA_3+
./crux_output/comet_6242_4_1	0.884491	0.821121	0.983651	R.QLNVQNEPVVANPWS.P	DECOY_ACOM036726-PA
./crux_output/comet_4884_2_2	0.884479	0.821121	0.983651	K.TFNDQFALT.A	DECOY_sp|Q06673|ECM30_YEAST
./crux_output/comet_7999_3_1	0.884449	0.821121	0.983651	X.NACSSECMHEC.-	DECOY_AGAP012540-RA_1+
./crux_output/comet_7681_2_2	0.884154	0.821121	0.983651	K.GFVKVLPYM.I	DECOY_AGAP012296-PA	DECOY_ACOM026307-PA	DECOY_AGAP012296-RA_3+	DECOY_CUFF.9293.1_2+
./crux_output/comet_9466_2_3	0.884126	0.821121	0.983651	R.YSVTQMTGMTN.K	DECOY_CUFF.6207.1_3+
./crux_output/comet_4895_2_1	0.884111	0.821121	0.983651	R.RFTYNNTTTSC.L	DECOY_CUFF.9975.1_3+	DECOY_CUFF.9975.3_2+	DECOY_CUFF.9975.2_1+	DECOY_CUFF.9975.4_2+
./crux_output/comet_880_2_2	0.883954	0.821121	0.983651	Q.GPGTGDGSGGCGDGQGK.L	DECOY_AGAP008223-RA_3+
./crux_output/comet_6809_2_1	0.883849	0.821121	0.983651	R.CQGAPTCTF.C	DECOY_AGAP013287-RA_2+	DECOY_CUFF.16909.4_2+	DECOY_CUFF.16909.3_2+	DECOY_CUFF.16909.2_1+	DECOY_CUFF.16909.1_3+
./crux_output/comet_10073_2_1	0.883711	0.821121	0.983651	R.EAGRGPGGGREG.R	DECOY_AGAP013275-RA_3+	DECOY_CUFF.16371.1_1+	DECOY_CUFF.16371.2_1+
./crux_output/comet_4960_3_1	0.883688	0.821121	0.983651	R.KDMGYKSLMEV.D	DECOY_AGAP004039-PA	DECOY_AGAP004039-PB	DECOY_ACOM033443-PA	DECOY_CUFF.5757.6_1+	DECOY_CUFF.5757.7_2+	DECOY_CUFF.5757.5_2+	DECOY_CUFF.5757.4_3+	DECOY_CUFF.5757.3_2+	DECOY_CUFF.5757.2_1+	DECOY_CUFF.5757.1_1+	DECOY_AGAP004039-RB_1+	DECOY_AGAP004039-RA_1+
./crux_output/comet_5948_2_1	0.883617	0.821121	0.983651	P.KSAAVHGDK.S	DECOY_ACOM037425-PA
./crux_output/comet_7082_4_1	0.883543	0.821121	0.983651	R.RTSSRQCDSGPPVSYLGL.Q	DECOY_AGAP008306-RA_1+	DECOY_AGAP008306-RB_3+
./crux_output/comet_7624_3_1	0.883505	0.821121	0.983651	K.CDVTHERASMNC.X	DECOY_AGAP007833-RA_3+	DECOY_CUFF.9461.1_1+
./crux_output/comet_6979_3_1	0.883217	0.821121	0.983651	K.TGGTDSSAQHLW.K	DECOY_AGAP009372-RA_1+	DECOY_CUFF.11022.1_2+
./crux_output/comet_7386_2_2	0.883097	0.821121	0.983651	R.ASSGSSSTVFP.S	DECOY_AGAP000657-RA_2+
./crux_output/comet_7431_3_1	0.882501	0.821121	0.983651	R.QGLVTGDAAAAGDDDR.S	DECOY_AGAP002223-RA_3+
./crux_output/comet_6219_3_1	0.882443	0.822198	0.983651	D.GEDSSDTLSSIESMK.K	DECOY_AGAP009550-PA	DECOY_AGAP009550-PB
./crux_output/comet_6093_2_3	0.882394	0.822390	0.983651	R.VACQGAHVAD.G	DECOY_AGAP008690-RA_3+	DECOY_CUFF.10174.1_1+	DECOY_CUFF.10174.2_3+
./crux_output/comet_8843_3_1	0.882249	0.823466	0.983651	R.GSTEHHWHRSVMET.A	DECOY_AGAP000676-PA	DECOY_ACOM036256-PA	DECOY_AGAP000676-RA_1+	DECOY_CUFF.16686.1_3+
./crux_output/comet_9134_3_1	0.882221	0.823656	0.983651	G.LLHSFVGVSFLTK.I	DECOY_AGAP004562-PA	DECOY_AGAP004562-RA_1+	DECOY_CUFF.6263.3_2+	DECOY_CUFF.6263.1_1+	DECOY_CUFF.6263.2_3+
./crux_output/comet_8571_2_1	0.882051	0.824599	0.983651	N.FILATLK.A	DECOY_sp|Q08446|SGT1_YEAST	DECOY_AGAP010191-RA_2+
./crux_output/comet_5421_2_2	0.881720	0.824599	0.983651	R.IEDDNTHNTHS.T	DECOY_CUFF.8672.1_1+
./crux_output/comet_6212_2_1	0.881663	0.824599	0.983651	E.YCLTDMDR.T	DECOY_sp|P26793|FEN1_YEAST
./crux_output/comet_8724_2_2	0.881430	0.824599	0.983651	R.ARDAYRT.W	DECOY_CUFF.11035.2_3+	DECOY_CUFF.11035.3_2+	DECOY_CUFF.11035.1_2+
./crux_output/comet_9888_2_1	0.881233	0.824599	0.983651	R.APEDIAGAGDL.Q	DECOY_AGAP000558-PB	DECOY_CUFF.16455.2_1+	DECOY_AGAP000558-RB_1+
./crux_output/comet_5202_3_5	0.881009	0.824895	0.983651	R.LHSSAATQASSRS.A	DECOY_AGAP000383-PA
./crux_output/comet_5594_3_2	0.880909	0.824895	0.983651	R.GAPAPVLLLLLLLD.S	DECOY_TCONS_00031662_1+
./crux_output/comet_4832_2_1	0.880791	0.824895	0.983651	R.NSSDPPKSTP.S	DECOY_CUFF.17328.1_2+
./crux_output/comet_10418_2_1	0.880727	0.824895	0.983651	T.FTMAQCR.C	DECOY_CUFF.16139.2_1+	DECOY_CUFF.16139.3_1+	DECOY_CUFF.16139.1_1+
./crux_output/comet_8473_4_3	0.880650	0.824895	0.983651	K.GGSDFFGEPDDTITKMIW.T	DECOY_AGAP006817-PA	DECOY_ACOM031635-PA	DECOY_AGAP006817-RA_2+	DECOY_CUFF.2279.2_1+	DECOY_CUFF.2279.1_1+
./crux_output/comet_4879_3_4	0.880509	0.824895	0.983651	K.STSPAPGEGVSTRG.K	DECOY_AGAP000141-PA	DECOY_ACOM040141-PA	DECOY_AGAP000141-RA_1+	DECOY_CUFF.16016.1_3+	DECOY_CUFF.16016.2_2+	DECOY_CUFF.16016.3_3+
./crux_output/comet_6691_3_1	0.880471	0.824895	0.983651	K.GTREAAFHGGSQSGD.G	DECOY_CUFF.8182.1_3+	DECOY_CUFF.8182.2_2+	DECOY_CUFF.8182.3_2+
./crux_output/comet_7529_3_2	0.880442	0.824895	0.983651	K.DHPDFDPPPQQV.D	DECOY_AGAP007517-PA	DECOY_ACOM025760-PA	DECOY_AGAP007517-RA_1+
./crux_output/comet_6927_3_4	0.880385	0.824895	0.983651	R.TAEFEDFRGSV.P	DECOY_AGAP006406-RA_3+
./crux_output/comet_10069_2_1	0.880273	0.824895	0.983651	K.CASVSWQW.P	DECOY_AGAP009572-RA_1+
./crux_output/comet_6354_2_4	0.879866	0.824895	0.983651	G.QDDDVAER.A	DECOY_AGAP006422-RA_3+
./crux_output/comet_5669_2_2	0.879510	0.825949	0.983651	R.AAGSDTPKSS.S	DECOY_AGAP003746-PA	DECOY_ACOM034943-PA	DECOY_AGAP003746-RA_1+	DECOY_CUFF.5428.1_2+
./crux_output/comet_4791_2_1	0.879437	0.827004	0.983651	R.GTGTNHGQSVA.T	DECOY_CUFF.2078.1_2+
./crux_output/comet_9532_2_1	0.879400	0.827044	0.983651	P.GASAECCEGTHSK.V	DECOY_CUFF.519.1_3+
./crux_output/comet_5036_2_2	0.879162	0.827044	0.983651	-.FCDGRVFC.L	DECOY_CUFF.1538.1_3+	DECOY_CUFF.1538.2_3+
./crux_output/comet_5007_3_1	0.878969	0.827044	0.983651	P.GAEEEKSHLSSK.R	DECOY_CUFF.15814.1_1+	DECOY_CUFF.15814.2_1+
./crux_output/comet_8766_3_1	0.878818	0.827044	0.983651	R.PEDDAADTTGGHNTTTT.A	DECOY_CUFF.16203.1_3+	DECOY_AGAP013047-RA_3+
./crux_output/comet_7562_2_4	0.878712	0.827044	0.983651	R.LHLIVGHL.P	DECOY_CUFF.4048.2_3+	DECOY_AGAP013245-RA_2+
./crux_output/comet_7786_2_3	0.878441	0.827225	0.983651	R.SIFSSSSSSQDS.F	DECOY_CUFF.9740.2_2+	DECOY_CUFF.9740.1_1+
./crux_output/comet_6486_3_1	0.878306	0.827263	0.983651	R.AWWYFITNNS.V	DECOY_CUFF.5350.1_1+
./crux_output/comet_4435_2_3	0.878132	0.827263	0.983651	S.CDVQFCDK.N	DECOY_AGAP029715-PA	DECOY_ACOM040805-PA	DECOY_AGAP010361-RA_1+
./crux_output/comet_6215_2_4	0.878130	0.827263	0.983651	K.RSPSILTFA.R	DECOY_CUFF.9150.1_3+
./crux_output/comet_8328_2_1	0.877865	0.827263	0.983651	H.YNSCFIAR.F	DECOY_CUFF.2486.2_1+	DECOY_CUFF.2486.1_1+
./crux_output/comet_9804_2_1	0.877856	0.827263	0.983651	K.MYIGVYN.L	DECOY_sp|P32494|NGG1_YEAST
./crux_output/comet_6753_3_1	0.877465	0.828304	0.983651	E.DFWTGVCLECFIHNCR.E	DECOY_AGAP004640-PA	DECOY_AGAP004640-PB	DECOY_AGAP004640-RA_1+	DECOY_AGAP004640-RB_1+
./crux_output/comet_4754_3_3	0.877458	0.829344	0.983651	K.CVNTAVRPEAW.A	DECOY_AGAP009921-PA	DECOY_AGAP009921-PB	DECOY_ACOM029299-PA	DECOY_AGAP009921-RA_2+	DECOY_CUFF.11772.2_1+	DECOY_CUFF.11772.3_2+	DECOY_CUFF.11772.1_2+
./crux_output/comet_9882_3_5	0.877349	0.830385	0.983651	R.PPPTGQGGGGGGGGRCSASGN.A	DECOY_ACOM040732-PA
./crux_output/comet_8380_3_1	0.877299	0.830457	0.983651	Q.WVCRASNHTCGWAFSR.N	DECOY_AGAP007771-RA_3+	DECOY_CUFF.9393.1_2+
./crux_output/comet_10468_2_2	0.877292	0.830457	0.983651	R.HQDAGRET.A	DECOY_AGAP002060-RA_3+	DECOY_CUFF.3764.3_2+	DECOY_CUFF.3764.2_2+	DECOY_CUFF.3764.1_1+
./crux_output/comet_10154_4_4	0.876539	0.830457	0.983651	L.YSGAKSGVNPGVCLANLSGMNSEDAT.-	DECOY_AGAP003897-PA
./crux_output/comet_10159_3_1	0.876514	0.830457	0.983651	R.SSRWWCPLCLASGCH.C	DECOY_CUFF.3121.1_3+	DECOY_AGAP001336-RA_2+
./crux_output/comet_4997_2_1	0.876248	0.830457	0.983651	K.YAKNSAF.E	DECOY_sp|P17255|VATA_YEAST
./crux_output/comet_10153_2_1	0.876136	0.830457	0.983651	K.GMDPFIE.S	DECOY_sp|Q00578|RAD25_YEAST
./crux_output/comet_4838_3_1	0.875815	0.830457	0.983651	K.KKYEDMTLFQ.Q	DECOY_AGAP006475-PA	DECOY_AGAP006475-PB	DECOY_ACOM039669-PA	DECOY_CUFF.1975.1_3+	DECOY_CUFF.1975.3_3+	DECOY_CUFF.1975.2_3+	DECOY_CUFF.1975.5_1+	DECOY_CUFF.1975.4_1+	DECOY_CUFF.1975.6_1+	DECOY_AGAP006475-RA_1+
./crux_output/comet_10475_3_1	0.875768	0.830457	0.983651	I.FLNIISIGISYPK.T	DECOY_sp|Q06390|MRB1_YEAST
./crux_output/comet_5415_4_2	0.875479	0.830457	0.983651	T.SCSTIVSPTNGSAASTAGPEAK.V	DECOY_ACOM041994-PA
./crux_output/comet_6904_3_1	0.875034	0.830457	0.983651	R.CGTSISTATFSST.N	DECOY_AGAP001996-RA_3+
./crux_output/comet_5774_2_2	0.874913	0.830457	0.983651	R.ASEPACFGYS.D	DECOY_AGAP010432-RA_2+
./crux_output/comet_9596_2_1	0.874894	0.830457	0.983651	R.VYSSNNCSHAD.S	DECOY_sp|Q12207|NCE2_YEAST
./crux_output/comet_9952_2_1	0.874161	0.830457	0.983651	R.DPDDGDGL.A	DECOY_CUFF.1564.1_3+	DECOY_AGAP006016-RA_3+
./crux_output/comet_4969_4_3	0.873972	0.830457	0.983651	H.SGTGPEPRVEWIRGAER.K	DECOY_AGAP003022-RA_3+
./crux_output/comet_6246_4_1	0.873087	0.830457	0.983651	S.AHSLTFTICRVANPR.N	DECOY_CUFF.4617.1_2+
./crux_output/comet_5292_2_2	0.872988	0.830457	0.983651	R.NNGGGGGGGGGAAGNGGGGDA.N	DECOY_AGAP000314-PA	DECOY_CUFF.16189.1_2+	DECOY_AGAP000314-RB_1+	DECOY_AGAP000314-RA_1+	DECOY_CUFF.16189.2_2+
./crux_output/comet_6923_2_2	0.872899	0.830457	0.983651	V.SSSSSPGSHDSK.S	DECOY_AGAP007736-PA	DECOY_ACOM031086-PA	DECOY_CUFF.9398.1_3+	DECOY_CUFF.9398.2_1+	DECOY_CUFF.9398.3_1+	DECOY_CUFF.9398.4_3+	DECOY_AGAP007736-RA_3+	DECOY_CUFF.9398.5_2+
./crux_output/comet_5741_2_2	0.872707	0.830457	0.983651	K.MNAQIMEP.Q	DECOY_AGAP009569-PA	DECOY_ACOM032544-PA	DECOY_CUFF.11234.1_1+	DECOY_CUFF.11234.2_2+	DECOY_CUFF.11234.3_1+	DECOY_AGAP009569-RA_1+
./crux_output/comet_5705_3_5	0.872703	0.830457	0.983651	R.HALVGAHRGAAGGD.Q	DECOY_AGAP011898-RA_3+	DECOY_AGAP011898-RB_3+
./crux_output/comet_6529_3_2	0.872618	0.830457	0.983651	R.THAGPPSYCVRE.I	DECOY_CUFF.10340.2_3+	DECOY_CUFF.10340.3_3+
./crux_output/comet_10545_3_2	0.872225	0.831472	0.983651	K.GGDDGQACPGSESGSRYDGHA.S	DECOY_ACOM035531-PA
./crux_output/comet_6163_3_1	0.872217	0.831643	0.983651	S.CTFFCLCLCVSVNCK.T	DECOY_TCONS_00031806_2+
./crux_output/comet_9197_3_1	0.872070	0.832347	0.983651	K.EDDTAPVSENEEDAP.Q	DECOY_AGAP005743-PA	DECOY_ACOM031249-PA	DECOY_AGAP005743-RA_3+
./crux_output/comet_10245_2_4	0.871875	0.832347	0.983651	R.AVTVRVTP.C	DECOY_CUFF.347.2_2+	DECOY_CUFF.347.1_1+
./crux_output/comet_7109_2_1	0.871821	0.832347	0.983651	R.PHDDNEGSYKG.D	DECOY_CUFF.8937.2_3+	DECOY_CUFF.8937.3_1+	DECOY_CUFF.8937.4_3+	DECOY_CUFF.8937.5_3+	DECOY_CUFF.8937.6_1+	DECOY_CUFF.8937.7_1+	DECOY_CUFF.8937.8_2+	DECOY_CUFF.8937.9_2+	DECOY_CUFF.8937.12_2+	DECOY_CUFF.8937.13_2+	DECOY_CUFF.8937.10_2+	DECOY_CUFF.8937.11_1+
./crux_output/comet_7469_2_3	0.871693	0.832347	0.983651	K.EEGEEEEEK.E	DECOY_AGAP000847-PA	DECOY_AGAP000847-PC	DECOY_AGAP013275-PA	DECOY_CUFF.17097.4_3+	DECOY_CUFF.17097.2_2+	DECOY_AGAP013275-RA_1+	DECOY_AGAP000847-RC_1+	DECOY_CUFF.16371.1_2+	DECOY_CUFF.16371.2_2+	DECOY_CUFF.17097.3_1+
./crux_output/comet_5572_2_1	0.871277	0.832347	0.983651	K.VSNFTSIG.C	DECOY_CUFF.9413.4_1+	DECOY_CUFF.9413.1_1+
./crux_output/comet_4849_3_1	0.871088	0.832347	0.983651	R.VARSCGSCITT.X	DECOY_CUFF.8076.2_2+	DECOY_AGAP011303-RA_3+
./crux_output/comet_5517_2_1	0.870940	0.832347	0.983651	R.SGEFFNSSFNA.W	DECOY_CUFF.5451.6_3+	DECOY_CUFF.5451.7_3+	DECOY_CUFF.5451.2_2+	DECOY_CUFF.5451.3_2+	DECOY_CUFF.5451.1_1+
./crux_output/comet_7769_3_1	0.870925	0.832347	0.983651	R.HTNTSDPTMSNTTKS.N	DECOY_AGAP003364-PA	DECOY_ACOM028289-PA	DECOY_AGAP003364-RA_1+
./crux_output/comet_6470_2_1	0.870916	0.832347	0.983651	R.DDHRDAAST.H	DECOY_CUFF.16127.2_1+	DECOY_CUFF.16127.1_3+	DECOY_AGAP000217-RA_3+
./crux_output/comet_9707_3_1	0.870270	0.832347	0.983651	N.HTGHCDDDDDDDDDR.F	DECOY_CUFF.2476.3_1+	DECOY_CUFF.2476.7_2+	DECOY_CUFF.2476.8_2+
./crux_output/comet_4229_3_1	0.870048	0.832347	0.983651	R.HGKPGGDHVNRE.Q	DECOY_CUFF.4385.1_2+	DECOY_AGAP002539-RB_3+	DECOY_AGAP002539-RA_3+
./crux_output/comet_6776_4_3	0.869212	0.832347	0.983651	K.KEIEGGIITSKLQEF.N	DECOY_CUFF.9617.2_1+
./crux_output/comet_10319_3_1	0.868902	0.832347	0.983651	R.EQKSSFCVVVSNCN.S	DECOY_CUFF.6165.11_2+
./crux_output/comet_9531_2_1	0.868704	0.832347	0.983651	R.GDAAADDNEGEV.G	DECOY_AGAP005288-PA	DECOY_ACOM027816-PA	DECOY_CUFF.939.7_3+	DECOY_AGAP005288-RA_1+	DECOY_CUFF.939.9_1+	DECOY_CUFF.939.3_1+	DECOY_CUFF.939.2_3+
./crux_output/comet_7539_4_1	0.868234	0.832347	0.983651	T.GTRNSCSRWSSTCLSGSR.M	DECOY_AGAP000607-RA_2+
./crux_output/comet_9472_4_2	0.868134	0.832347	0.983651	R.GCQVLADSQDSVDQLRQ.L	DECOY_CUFF.4943.1_1+	DECOY_AGAP003271-RA_3+
./crux_output/comet_10179_2_1	0.867605	0.832347	0.983651	R.TEAAFSHGWCSGVN.R	DECOY_AGAP011124-RA_2+	DECOY_CUFF.7826.2_2+
./crux_output/comet_7657_2_1	0.867488	0.832347	0.983651	T.GFSVDFCSCCEK.R	DECOY_CUFF.2251.1_1+	DECOY_CUFF.2251.3_2+	DECOY_CUFF.2251.2_2+	DECOY_CUFF.2251.4_2+
./crux_output/comet_7400_3_2	0.867366	0.832347	0.983651	Y.QENSEDSASSDYDAK.D	DECOY_AGAP012331-PA	DECOY_ACOM042581-PA
./crux_output/comet_5018_2_3	0.867094	0.832347	0.983651	R.VIDMYDNSG.R	DECOY_AGAP001507-PA	DECOY_ACOM034230-PA	DECOY_AGAP001507-RA_3+
./crux_output/comet_6554_2_2	0.865980	0.832347	0.983651	R.DTSGGEASQHQAPHGACA.E	DECOY_AGAP003098-RA_3+	DECOY_CUFF.4752.1_2+
./crux_output/comet_5772_2_2	0.865679	0.832347	0.983651	-.GEGSVTDAASQADA.R	DECOY_AGAP006325-RA_3+
./crux_output/comet_7852_2_2	0.865538	0.832347	0.983651	R.GDATRCDEQ.F	DECOY_AGAP005637-RA_3+
./crux_output/comet_9482_3_1	0.865421	0.832347	0.983651	K.NYCSACCYCCST.P	DECOY_AGAP029269-PA	DECOY_TCONS_00021049_3+	DECOY_TCONS_00021048_3+
./crux_output/comet_9549_3_1	0.864738	0.832512	0.983651	-.SDESHTGDMDDQMS.C	DECOY_AGAP008344-PA	DECOY_AGAP008344-PB	DECOY_ACOM030115-PA	DECOY_AGAP008344-RB_1+	DECOY_AGAP008344-RA_1+	DECOY_CUFF.9936.2_3+
./crux_output/comet_8327_2_1	0.864551	0.832677	0.983651	R.MKQLSEECD.R	DECOY_CUFF.6122.2_2+
./crux_output/comet_4815_3_4	0.864167	0.833661	0.983651	A.GSLPGPMGACCTR.I	DECOY_AGAP005864-RA_3+	DECOY_CUFF.1444.1_1+	DECOY_CUFF.1444.2_1+
./crux_output/comet_5194_2_1	0.864145	0.834646	0.983651	R.ALVIGLAF.L	DECOY_AGAP001723-PA	DECOY_ACOM034555-PA	DECOY_AGAP001723-RA_1+
./crux_output/comet_8502_2_2	0.864082	0.835630	0.983651	R.AAFCHGENGDFRE.X	DECOY_CUFF.8937.2_1+	DECOY_CUFF.8937.3_2+	DECOY_CUFF.8937.4_1+	DECOY_CUFF.8937.5_1+	DECOY_CUFF.8937.6_2+	DECOY_AGAP011939-RA_2+
./crux_output/comet_7403_2_2	0.864038	0.836614	0.983651	K.ASFSPNDHSAA.D	DECOY_AGAP011680-PA	DECOY_ACOM031825-PA	DECOY_CUFF.8666.1_3+	DECOY_AGAP011680-RA_1+
./crux_output/comet_7734_2_1	0.863842	0.837598	0.983651	T.GFCMITCSSR.A	DECOY_AGAP008035-RA_2+
./crux_output/comet_7904_2_2	0.863834	0.838583	0.983651	R.EGDMTLEEQ.L	DECOY_AGAP009004-PA	DECOY_AGAP009004-RA_2+
./crux_output/comet_5215_3_2	0.863738	0.838741	0.983651	A.VCEYDDTLSACR.R	DECOY_AGAP001286-PA	DECOY_ACOM033894-PA	DECOY_AGAP001286-RA_2+
./crux_output/comet_4981_2_2	0.863664	0.839725	0.983651	N.DNDDTGNNER.T	DECOY_sp|P09959|SWI6_YEAST
./crux_output/comet_5607_2_1	0.863616	0.839844	0.983651	R.FGDDDNNEGCD.A	DECOY_CUFF.16609.2_1+	DECOY_CUFF.16609.1_1+
./crux_output/comet_10605_2_1	0.863557	0.839844	0.983651	K.TMWMNSSDAG.H	DECOY_AGAP007802-PA	DECOY_ACOM030985-PA	DECOY_AGAP007802-RA_1+	DECOY_CUFF.9469.1_1+
./crux_output/comet_8148_3_1	0.863450	0.839844	0.983651	K.HDDESMDMGDEDPFDDLQVCS.V	DECOY_AGAP011541-PA	DECOY_AGAP011541-RA_1+	DECOY_CUFF.8369.3_3+	DECOY_CUFF.8369.2_2+	DECOY_CUFF.8369.1_3+	DECOY_CUFF.8369.4_1+
./crux_output/comet_10426_3_1	0.862890	0.839844	0.983651	K.FDEVTSFSTVENMSDTWW.S	DECOY_AGAP007172-PA	DECOY_AGAP007172-PB	DECOY_ACOM025360-PA	DECOY_AGAP007172-RB_3+	DECOY_AGAP007172-RA_1+	DECOY_CUFF.2541.1_2+	DECOY_CUFF.2541.2_1+	DECOY_CUFF.2541.4_2+
./crux_output/comet_4219_3_1	0.862828	0.839844	0.983651	D.GFVSREGEVSCCMK.A	DECOY_AGAP004523-PA	DECOY_ACOM029585-PA	DECOY_AGAP004523-RA_1+
./crux_output/comet_10641_2_4	0.862527	0.839844	0.983651	R.ENHQCQTGTR.Q	DECOY_CUFF.3967.3_1+	DECOY_CUFF.3967.1_3+
./crux_output/comet_4071_2_1	0.862355	0.840820	0.983651	L.CDDNIPMER.K	DECOY_CUFF.6542.1_2+
./crux_output/comet_4675_4_1	0.861932	0.840976	0.983651	K.GGYGGGGGYYSGDGRGEGYGSSGGG.S	DECOY_AGAP000453-PA	DECOY_AGAP000453-RA_1+	DECOY_CUFF.16395.1_2+	DECOY_CUFF.16395.2_3+
./crux_output/comet_7407_3_1	0.861792	0.841951	0.983651	D.HNEDGNYLSSEGDK.V	DECOY_AGAP002200-PA	DECOY_AGAP002200-RA_3+	DECOY_CUFF.3959.3_2+	DECOY_CUFF.3959.2_2+	DECOY_CUFF.3959.4_3+	DECOY_CUFF.3959.1_3+
./crux_output/comet_10585_4_1	0.861497	0.842927	0.983651	K.ASIGTGGGLGLGYNNNDFSS.A	DECOY_AGAP006381-PA	DECOY_ACOM039824-PA	DECOY_CUFF.1901.1_1+
./crux_output/comet_3871_4_3	0.861235	0.843080	0.983651	K.SFSDTTVLDNCSSGAFF.I	DECOY_AGAP002315-PB	DECOY_AGAP002315-PC	DECOY_ACOM037193-PA	DECOY_CUFF.4131.3_2+	DECOY_AGAP002315-RB_1+	DECOY_AGAP002315-RC_2+
./crux_output/comet_7325_3_1	0.860293	0.843233	0.983651	R.CSSRYCDPWLSH.W	DECOY_AGAP002529-RA_2+	DECOY_CUFF.4378.5_3+	DECOY_CUFF.4378.1_2+	DECOY_CUFF.4378.3_2+	DECOY_CUFF.4378.2_1+
./crux_output/comet_5640_2_2	0.859387	0.843537	0.983651	R.VGFGSVGFC.M	DECOY_CUFF.3820.1_2+	DECOY_AGAP002084-RA_1+	DECOY_AGAP002084-RB_1+
./crux_output/comet_5550_2_5	0.859221	0.843537	0.983651	R.KFVLLISR.Q	DECOY_CUFF.770.1_3+	DECOY_CUFF.770.6_3+
./crux_output/comet_7698_2_5	0.859130	0.844509	0.983651	R.AFGHNCMK.T	DECOY_CUFF.10352.2_1+	DECOY_CUFF.10352.1_2+
./crux_output/comet_9043_2_1	0.858864	0.845057	0.983651	R.KGNCGENCGEA.N	DECOY_AGAP008483-RA_3+
./crux_output/comet_4223_3_1	0.858801	0.845057	0.983651	K.MSGGGGGSGTSGGGVGPGGGM.Q	DECOY_AGAP000449-PA	DECOY_AGAP000449-PB	DECOY_CUFF.16381.5_1+	DECOY_CUFF.16381.1_3+	DECOY_AGAP000449-RA_1+	DECOY_AGAP000449-RB_1+	DECOY_CUFF.16381.2_2+
./crux_output/comet_10574_3_1	0.858577	0.845057	0.983651	K.MEDVMGTDVSDPEV.E	DECOY_sp|P32317|AFG1_YEAST
./crux_output/comet_6495_2_4	0.857997	0.845057	0.983651	R.SVHPAWSQHSDDGDGAD.L	DECOY_AGAP001344-RA_3+
./crux_output/comet_9051_2_2	0.857204	0.845057	0.983651	R.SESEYTDCGNWM.I	DECOY_CUFF.5361.1_1+	DECOY_CUFF.5361.2_2+	DECOY_AGAP003686-RA_2+
./crux_output/comet_5689_4_2	0.857151	0.845057	0.983651	K.HHQSADNRPPEDIEER.A	DECOY_AGAP029774-PA	DECOY_ACOM030623-PA	DECOY_AGAP028427-RA_1+	DECOY_CUFF.9681.4_3+	DECOY_CUFF.9681.3_2+	DECOY_CUFF.9681.1_2+
./crux_output/comet_5071_3_1	0.856975	0.845057	0.983651	K.CCRMYAKCENAR.P	DECOY_CUFF.10520.7_2+	DECOY_CUFF.10520.1_3+	DECOY_CUFF.10520.8_3+	DECOY_CUFF.10520.5_3+	DECOY_CUFF.10520.3_1+	DECOY_CUFF.10520.4_3+	DECOY_CUFF.10520.2_2+
./crux_output/comet_5688_2_1	0.856584	0.845057	0.983651	X.QVFIKIVK.K	DECOY_CUFF.4658.4_2+	DECOY_CUFF.4658.5_1+	DECOY_CUFF.4658.2_1+	DECOY_CUFF.4658.1_3+
./crux_output/comet_5554_2_1	0.856468	0.845057	0.983651	K.EHYESNGEK.I	DECOY_sp|Q03266|PABC_YEAST
./crux_output/comet_8099_4_3	0.855661	0.845057	0.983651	K.TGIIYESFPGTYILQ.E	DECOY_CUFF.3197.1_2+
./crux_output/comet_5375_2_1	0.855583	0.845057	0.983651	R.RFFICC.V	DECOY_CUFF.5550.2_3+	DECOY_CUFF.5550.3_3+	DECOY_CUFF.5550.1_1+
./crux_output/comet_6183_3_1	0.854832	0.845057	0.983651	R.CGTAVASSMGQHCSI.H	DECOY_AGAP006048-RA_3+	DECOY_CUFF.1595.2_2+	DECOY_CUFF.1595.1_1+
./crux_output/comet_9309_3_1	0.854430	0.845057	0.983651	K.PYWCRCCACSRR.W	DECOY_CUFF.8430.1_1+	DECOY_AGAP011570-RA_2+
./crux_output/comet_9876_4_4	0.853994	0.845057	0.983651	L.PVFGDAYVELKYVGPLK.D	DECOY_AGAP000756-PA	DECOY_AGAP000756-PB	DECOY_ACOM038633-PA	DECOY_AGAP000756-RA_2+	DECOY_AGAP000756-RB_2+	DECOY_CUFF.16800.5_2+	DECOY_CUFF.16800.4_3+	DECOY_CUFF.16800.3_2+	DECOY_CUFF.16800.2_2+	DECOY_CUFF.16800.1_3+
./crux_output/comet_10529_2_3	0.853740	0.845057	0.983651	R.CMCSEEKDSKEV.W	DECOY_CUFF.16673.2_3+
./crux_output/comet_9478_3_1	0.852928	0.845057	0.983651	R.SSSSSSNTSNSSNGNEMAG.N	DECOY_AGAP012273-PA	DECOY_CUFF.9516.1_2+	DECOY_CUFF.9516.2_3+
./crux_output/comet_6852_2_1	0.852757	0.845057	0.983651	R.SPDYGTTDQG.N	DECOY_AGAP009061-RA_3+	DECOY_CUFF.10700.2_1+	DECOY_CUFF.10700.3_3+	DECOY_CUFF.10700.1_3+
./crux_output/comet_7705_4_3	0.852082	0.845057	0.983651	R.SFYMQRSCYYCYDISS.I	DECOY_CUFF.1092.1_3+
./crux_output/comet_8487_3_1	0.851017	0.845057	0.983651	R.AKACSEDSKDNDW.K	DECOY_AGAP012916-PA	DECOY_ACOM027516-PA	DECOY_AGAP012916-RA_1+
./crux_output/comet_10651_2_2	0.849990	0.845057	0.983651	T.NHCCETTR.T	DECOY_AGAP010313-RA_3+	DECOY_CUFF.7028.1_2+	DECOY_CUFF.7028.2_3+	DECOY_CUFF.7028.3_3+
./crux_output/comet_4984_3_1	0.849115	0.845644	0.983651	R.QMCDHGARSCFS.L	DECOY_AGAP004801-RA_2+	DECOY_CUFF.478.5_1+	DECOY_CUFF.478.22_2+	DECOY_CUFF.478.23_1+	DECOY_CUFF.478.21_2+	DECOY_CUFF.478.13_3+	DECOY_CUFF.478.11_2+	DECOY_CUFF.478.10_2+	DECOY_CUFF.478.16_3+	DECOY_CUFF.478.15_1+	DECOY_CUFF.478.14_3+	DECOY_CUFF.478.19_2+	DECOY_CUFF.478.18_3+	DECOY_AGAP004801-RB_2+	DECOY_AGAP004801-RC_3+	DECOY_CUFF.478.3_3+	DECOY_CUFF.478.2_3+	DECOY_CUFF.478.1_2+	DECOY_CUFF.478.7_2+	DECOY_CUFF.478.6_3+	DECOY_CUFF.478.4_3+
./crux_output/comet_5725_2_1	0.849018	0.845644	0.983651	-.QFENNESMS.V	DECOY_sp|Q12122|HOSM_YEAST
./crux_output/comet_8560_2_3	0.848495	0.845644	0.983651	Q.GFGGNMGHCTGAMGR.G	DECOY_AGAP006437-RA_3+
./crux_output/comet_4400_2_3	0.847724	0.845644	0.983651	R.SESYPTANQCTSE.K	DECOY_CUFF.4475.3_3+	DECOY_CUFF.4475.1_3+	DECOY_CUFF.4475.2_2+
./crux_output/comet_9031_4_2	0.846834	0.845650	0.983651	L.YTGDDAMTAREIIR.C	DECOY_AGAP008813-PA	DECOY_ACOM039278-PA	DECOY_CUFF.10336.1_2+	DECOY_CUFF.10336.2_2+	DECOY_AGAP008813-RA_1+	DECOY_CUFF.10336.4_1+	DECOY_CUFF.10336.7_1+	DECOY_CUFF.10336.6_1+	DECOY_CUFF.10336.3_2+	DECOY_CUFF.10336.5_2+	DECOY_CUFF.10336.8_1+
./crux_output/comet_7396_2_1	0.846714	0.845650	0.983651	V.ILHRVLAK.I	DECOY_TCONS_00029363_1+
./crux_output/comet_6511_3_5	0.846609	0.845650	0.983651	R.SHSPETSSTPFSN.N	DECOY_CUFF.9392.3_1+	DECOY_CUFF.9392.1_3+	DECOY_AGAP028064-RA_2+
./crux_output/comet_9680_2_1	0.846474	0.845650	0.983651	R.QTCDSDCGQ.P	DECOY_CUFF.9744.1_3+
./crux_output/comet_8446_4_1	0.844774	0.845650	0.983651	G.ASLAISRVAPGGAQHAVATR.D	DECOY_AGAP011441-RA_3+
./crux_output/comet_9705_2_1	0.844718	0.845650	0.983651	K.DDSDGGDSSGC.G	DECOY_AGAP001209-PA	DECOY_ACOM033802-PA	DECOY_CUFF.3036.1_2+	DECOY_CUFF.3036.3_1+	DECOY_CUFF.3036.2_1+	DECOY_CUFF.3036.5_1+	DECOY_CUFF.3036.4_3+	DECOY_CUFF.3036.7_1+	DECOY_CUFF.3036.6_1+	DECOY_CUFF.3036.8_1+	DECOY_AGAP001209-RA_1+
./crux_output/comet_7585_3_1	0.844574	0.845650	0.983651	S.IAAFRIAGPHR.E	DECOY_AGAP008705-RA_2+	DECOY_CUFF.10220.1_3+
./crux_output/comet_9664_4_5	0.844175	0.845650	0.983651	R.FFSASTDPSLDNGVTASCKPQRMEE.A	DECOY_ACOM032437-PA
./crux_output/comet_10295_2_1	0.844108	0.845650	0.983651	R.VDDDDDDDN.C	DECOY_CUFF.4834.8_3+	DECOY_CUFF.4834.13_1+	DECOY_CUFF.4834.6_2+	DECOY_CUFF.4834.4_1+	DECOY_CUFF.4834.5_2+	DECOY_CUFF.4834.2_3+	DECOY_CUFF.4834.1_2+	DECOY_CUFF.4834.9_3+	DECOY_CUFF.4834.11_1+	DECOY_CUFF.4834.12_1+	DECOY_CUFF.4834.14_1+
./crux_output/comet_8419_3_3	0.843720	0.845650	0.983651	V.YPNSEPAECGDER.S	DECOY_sp|P47102|GEA1_YEAST
./crux_output/comet_10581_2_2	0.843415	0.845650	0.983651	S.ADADSPEDEK.G	DECOY_AGAP004520-PA	DECOY_ACOM029586-PA	DECOY_AGAP004520-RA_1+
./crux_output/comet_9405_2_1	0.841080	0.845938	0.983651	K.NMWCSQCDA.W	DECOY_AGAP008315-RA_3+
./crux_output/comet_10043_3_1	0.840789	0.845938	0.983651	D.GGGAGGAGDGGDEDEDDDEER.G	DECOY_AGAP009028-PA	DECOY_ACOM029127-PA	DECOY_AGAP009028-RA_1+	DECOY_CUFF.10628.2_1+
./crux_output/comet_7853_2_2	0.840159	0.846872	0.983651	K.EDDDDDDSGE.F	DECOY_sp|Q05468|RQC1_YEAST
./crux_output/comet_7790_2_4	0.840114	0.847015	0.983651	R.CCCCCWV.D	DECOY_CUFF.10673.2_3+	DECOY_CUFF.10673.1_1+
./crux_output/comet_7589_2_3	0.839626	0.847866	0.983651	P.KPLLPKKR.K	DECOY_AGAP005382-PA	DECOY_ACOM027942-PA	DECOY_AGAP005382-RA_3+
./crux_output/comet_9242_4_1	0.839380	0.847866	0.983651	L.SSGDHQCHHCRDASGYAHHAR.A	DECOY_AGAP004957-RA_2+
./crux_output/comet_9276_2_1	0.839004	0.847866	0.983651	R.TSDYTDATT.T	DECOY_AGAP000893-RA_3+	DECOY_CUFF.17084.1_1+	DECOY_CUFF.17084.2_1+	DECOY_CUFF.17084.4_3+	DECOY_CUFF.17084.5_2+	DECOY_CUFF.17084.3_2+
./crux_output/comet_8085_4_1	0.838099	0.847866	0.983651	G.VHSIFDCAVSECTSDNVDFK.S	DECOY_TCONS_00033633_1+
./crux_output/comet_5075_2_2	0.837936	0.847866	0.983651	K.CTSSCACCGRTSS.A	DECOY_AGAP002571-RA_1+
./crux_output/comet_8500_2_2	0.836660	0.847866	0.983651	K.DERDKSSSTD.Y	DECOY_sp|P27637|BUD14_YEAST
./crux_output/comet_8379_4_5	0.835444	0.848191	0.983651	R.GASESHEAARDAAAHEETR.F	DECOY_CUFF.1298.3_2+	DECOY_CUFF.1298.2_2+	DECOY_CUFF.1298.1_2+	DECOY_CUFF.1298.5_1+	DECOY_CUFF.1298.4_2+	DECOY_AGAP005710-RA_3+
./crux_output/comet_6490_3_1	0.835370	0.848191	0.983651	K.SHSGMEHGAQYSHN.N	DECOY_AGAP011360-PA	DECOY_ACOM022778-PA	DECOY_AGAP011360-RB_3+	DECOY_AGAP011360-RA_2+	DECOY_CUFF.8208.5_2+	DECOY_CUFF.8208.4_2+	DECOY_CUFF.8208.6_3+	DECOY_CUFF.8208.1_2+	DECOY_CUFF.8208.3_2+	DECOY_CUFF.8208.2_2+
./crux_output/comet_7361_2_1	0.835161	0.848191	0.983651	L.IILLLTLRLLLLLK.N	DECOY_CUFF.11772.2_2+	DECOY_CUFF.11772.3_3+	DECOY_CUFF.11772.1_2+
./crux_output/comet_8309_2_1	0.834132	0.848191	0.983651	R.DDDDDNDDMD.W	DECOY_CUFF.9695.1_2+
./crux_output/comet_6804_2_1	0.834072	0.848191	0.983651	R.CRCSCTCW.S	DECOY_AGAP000181-RA_1+
./crux_output/comet_6136_3_2	0.833585	0.848191	0.983651	R.TGCGDDVDTQQRQS.F	DECOY_AGAP007862-PA	DECOY_AGAP007862-RA_1+	DECOY_AGAP007862-RB_1+	DECOY_CUFF.9509.1_1+
./crux_output/comet_7638_4_1	0.832227	0.848191	0.983651	K.ILAHVCGCVCVCMCLCD.V	DECOY_CUFF.15891.1_2+	DECOY_CUFF.15891.2_2+
./crux_output/comet_9620_3_1	0.831742	0.848191	0.983651	R.GDCAQHCETCGVC.T	DECOY_CUFF.10086.1_1+
./crux_output/comet_9551_2_1	0.831293	0.848191	0.983651	R.DQCCCCCHTRV.V	DECOY_TCONS_00007563_3+
./crux_output/comet_4479_2_1	0.829752	0.848191	0.983651	R.TTTTTTTTCCQ.S	DECOY_AGAP000262-RA_2+
./crux_output/comet_8212_3_2	0.829529	0.848191	0.983651	R.CESCCACYHDVSRRMGDHC.C	DECOY_TCONS_00003917_2+	DECOY_TCONS_00003916_1+
./crux_output/comet_7858_2_1	0.829369	0.848191	0.983651	E.CDDHNQER.T	DECOY_CUFF.8607.2_3+	DECOY_CUFF.8607.1_1+
./crux_output/comet_8904_2_4	0.828085	0.848191	0.983651	I.EEEEDDSNDSEK.E	DECOY_CUFF.5114.5_2+
./crux_output/comet_4140_2_2	0.826715	0.848191	0.983651	R.QWGGDSGAGEW.V	DECOY_AGAP006280-RA_2+
./crux_output/comet_876_3_2	0.825619	0.848191	0.983651	A.PGDDDDDDGDGNNSK.F	DECOY_sp|P33301|XRS2_YEAST
./crux_output/comet_6124_2_2	0.825202	0.848191	0.983651	R.AGCDCDSG.V	DECOY_AGAP007209-RA_1+	DECOY_AGAP007209-RC_1+	DECOY_AGAP007209-RB_1+	DECOY_AGAP007209-RE_1+	DECOY_AGAP007209-RD_1+
./crux_output/comet_4035_2_2	0.824998	0.848191	0.983651	D.GDGACRGGDER.D	DECOY_CUFF.16303.1_3+	DECOY_AGAP000390-RA_3+
./crux_output/comet_6439_2_1	0.824462	0.848191	0.983651	R.QQGTYDVCW.I	DECOY_AGAP011211-RA_3+
./crux_output/comet_10321_3_2	0.822847	0.848191	0.983651	R.MCDDFKCTNNH.E	DECOY_CUFF.4866.2_2+	DECOY_CUFF.4866.1_1+	DECOY_AGAP003177-RA_3+
./crux_output/comet_4942_2_2	0.821154	0.848191	0.983651	R.AGGGGVWCECP.S	DECOY_TCONS_00014673_3+
./crux_output/comet_9007_3_1	0.820602	0.848191	0.983651	R.WIGCASNSCNCP.K	DECOY_AGAP008870-RA_2+
./crux_output/comet_7174_2_1	0.820501	0.848191	0.983651	R.DDDDDDSCQD.D	DECOY_CUFF.4834.8_3+	DECOY_CUFF.4834.13_1+	DECOY_CUFF.4834.6_2+	DECOY_CUFF.4834.4_1+	DECOY_CUFF.4834.5_2+	DECOY_CUFF.4834.2_3+	DECOY_CUFF.4834.1_2+	DECOY_CUFF.4834.9_3+	DECOY_CUFF.4834.11_1+	DECOY_CUFF.4834.12_1+	DECOY_CUFF.4834.14_1+
./crux_output/comet_9594_2_1	0.819949	0.848191	0.983651	K.FDDGPPWDA.E	DECOY_AGAP029129-PA	DECOY_ACOM036520-PA	DECOY_AGAP002682-RA_1+	DECOY_AGAP002682-RB_2+	DECOY_CUFF.4408.1_2+
./crux_output/comet_5657_2_1	0.818208	0.848191	0.983651	R.NNHVDASYGNN.N	DECOY_AGAP003638-PA	DECOY_ACOM028717-PA	DECOY_CUFF.5342.1_2+	DECOY_AGAP003638-RA_1+
./crux_output/comet_10528_2_1	0.816157	0.848191	0.983651	K.QEDNQQADQ.Q	DECOY_AGAP006669-RA_3+	DECOY_CUFF.2162.1_3+	DECOY_CUFF.2162.2_1+	DECOY_CUFF.2162.3_3+	DECOY_CUFF.2162.4_3+	DECOY_CUFF.2162.5_3+
./crux_output/comet_7338_4_2	0.814828	0.848191	0.983651	E.CAADLCDACRLGITESR.F	DECOY_AGAP000368-PA	DECOY_AGAP000368-RA_3+
./crux_output/comet_8800_2_1	0.814720	0.848191	0.983651	R.ECACDIC.V	DECOY_CUFF.16284.9_2+	DECOY_CUFF.16284.1_1+	DECOY_CUFF.16284.3_1+	DECOY_CUFF.16284.2_3+	DECOY_CUFF.16284.5_2+	DECOY_CUFF.16284.4_3+	DECOY_CUFF.16284.7_2+	DECOY_CUFF.16284.6_2+	DECOY_CUFF.16284.10_1+
./crux_output/comet_10650_4_2	0.813642	0.848191	0.983651	R.RPFSSGCHPCCYKHC.A	DECOY_sp|P38164|SEA4_YEAST
./crux_output/comet_9585_2_1	0.812516	0.848191	0.983651	T.GCCMSACGESGSSR.G	DECOY_AGAP029558-PA	DECOY_ACOM026970-PA	DECOY_AGAP009731-RA_3+	DECOY_CUFF.11481.1_3+
./crux_output/comet_8366_3_1	0.811977	0.848191	0.983651	R.VCVCVCCVCRSAVC.A	DECOY_CUFF.15951.1_3+	DECOY_CUFF.15951.2_3+	DECOY_AGAP000112-RA_2+
./crux_output/comet_9577_3_1	0.811492	0.848191	0.983651	R.GCCCCHDNGAGAQP.G	DECOY_CUFF.11509.8_1+	DECOY_CUFF.11509.2_1+	DECOY_CUFF.11509.6_2+	DECOY_CUFF.11509.4_2+	DECOY_CUFF.11509.5_2+	DECOY_CUFF.11509.3_1+	DECOY_CUFF.11509.1_3+	DECOY_CUFF.11509.7_1+	DECOY_CUFF.11509.11_2+
./crux_output/comet_6720_4_1	0.810891	0.848191	0.983651	R.HEGLDGMCEVCHIRGEDR.V	DECOY_TCONS_00028645_2+
./crux_output/comet_8145_2_1	0.810033	0.848191	0.983651	R.CCSTTTSGSSRCG.C	DECOY_CUFF.15931.12_2+	DECOY_CUFF.15931.11_2+	DECOY_CUFF.15931.13_2+	DECOY_CUFF.15931.10_2+	DECOY_CUFF.15931.15_2+	DECOY_CUFF.15931.9_2+	DECOY_CUFF.15931.8_2+	DECOY_CUFF.15931.7_2+	DECOY_CUFF.15931.6_2+	DECOY_CUFF.15931.5_2+	DECOY_CUFF.15931.4_3+	DECOY_CUFF.15931.3_1+	DECOY_CUFF.15931.1_2+	DECOY_AGAP000054-RA_2+	DECOY_CUFF.15931.2_2+
./crux_output/comet_8394_4_2	0.808718	0.848191	0.983651	A.ASSRCCGMTCITTATCR.A	DECOY_AGAP002924-RA_2+	DECOY_AGAP002924-RB_2+	DECOY_CUFF.4606.2_1+	DECOY_CUFF.4606.1_3+
./crux_output/comet_5833_2_1	0.807891	0.848191	0.983651	R.SDSEGEDAE.N	DECOY_CUFF.7547.4_3+	DECOY_AGAP010815-RA_3+
./crux_output/comet_7640_2_1	0.805961	0.848191	0.983651	R.RSCCTACCACW.T	DECOY_AGAP013051-RA_2+
./crux_output/comet_5337_3_3	0.805839	0.848191	0.983651	I.LFIPNIISFIIK.Y	DECOY_CUFF.5561.2_2+	DECOY_CUFF.5561.3_3+	DECOY_CUFF.5561.1_3+
./crux_output/comet_8088_3_4	0.805766	0.848191	0.983651	R.KPPTGECHTDC.A	DECOY_CUFF.6046.1_2+
./crux_output/comet_8999_2_1	0.805598	0.848191	0.983651	R.CNCDMQC.Q	DECOY_CUFF.10977.1_2+
./crux_output/comet_9481_3_3	0.805306	0.848191	0.983651	K.CALFSSCTSCCW.A	DECOY_TCONS_00032328_3+
./crux_output/comet_6712_3_5	0.802464	0.848191	0.983651	K.SSSDNSSSSSGSSSSNSN.S	DECOY_CUFF.17574.1_1+	DECOY_CUFF.17574.2_1+
./crux_output/comet_10049_2_2	0.802103	0.848191	0.983651	H.CCDCTTGTGTSER.I	DECOY_AGAP002159-RA_2+	DECOY_CUFF.3904.5_3+	DECOY_CUFF.3904.3_1+	DECOY_CUFF.3904.2_1+	DECOY_CUFF.3904.1_1+
./crux_output/comet_7577_2_2	0.797230	0.848191	0.983651	R.EEGCECMGVCCV.X	DECOY_CUFF.16940.2_1+
./crux_output/comet_4183_3_1	0.796649	0.848191	0.983651	K.DMGGASASTTYLMC.G	DECOY_AGAP003282-PA	DECOY_AGAP003282-PB	DECOY_AGAP003282-RA_1+	DECOY_AGAP003282-RB_1+	DECOY_CUFF.5036.3_3+	DECOY_CUFF.5036.1_1+	DECOY_CUFF.5036.7_3+	DECOY_CUFF.5036.6_1+	DECOY_CUFF.5036.4_3+
./crux_output/comet_4148_3_3	0.794973	0.848191	0.983651	R.TCHSESANSANTQG.I	DECOY_AGAP005541-RA_3+	DECOY_CUFF.1105.1_3+
./crux_output/comet_8955_2_3	0.790441	0.848191	0.983651	K.EENEDGDKSTGEN.F	DECOY_AGAP006656-RA_3+	DECOY_AGAP006656-RB_3+	DECOY_CUFF.2351.2_3+	DECOY_CUFF.2351.3_3+	DECOY_CUFF.2351.4_1+	DECOY_CUFF.2351.5_2+
./crux_output/comet_9141_2_1	0.789496	0.848191	0.983651	R.GESYEEEDFEDE.L	DECOY_sp|Q12161|PSH1_YEAST
./crux_output/comet_9151_4_1	0.782490	0.849073	0.983651	K.PEDLDSDQKSDESDSNESETESEEGW.I	DECOY_AGAP009961-PA	DECOY_ACOM029361-PA	DECOY_AGAP009961-RA_1+	DECOY_CUFF.11827.1_1+	DECOY_CUFF.11827.6_2+	DECOY_CUFF.11827.5_2+	DECOY_CUFF.11827.4_3+	DECOY_CUFF.11827.3_2+	DECOY_CUFF.11827.2_2+
./crux_output/comet_10495_2_1	0.781951	0.849123	0.983651	R.AGCDCVTWC.R	DECOY_AGAP012245-RA_3+	DECOY_CUFF.9180.1_3+	DECOY_CUFF.9180.3_1+	DECOY_CUFF.9180.2_2+	DECOY_CUFF.9180.4_2+
./crux_output/comet_4795_2_3	0.780138	0.849123	0.983651	R.ACSCLTAFSC.R	DECOY_AGAP001867-RA_3+	DECOY_CUFF.3623.4_2+	DECOY_CUFF.3623.1_3+	DECOY_CUFF.3623.3_1+	DECOY_CUFF.3623.2_3+
./crux_output/comet_6271_2_2	0.778904	0.849123	0.983651	R.QGEDGDGEAGAAN.H	DECOY_AGAP000553-RA_2+	DECOY_CUFF.16445.3_3+	DECOY_CUFF.16445.1_1+
./crux_output/comet_10408_2_1	0.777716	0.849123	0.983651	R.SYDMCAVCGGA.F	DECOY_AGAP010930-PA	DECOY_ACOM022815-PA	DECOY_AGAP010930-RA_1+
./crux_output/comet_5443_3_1	0.776361	0.849123	0.983651	K.PPTIPLRPLTSLL.P	DECOY_CUFF.9475.1_2+	DECOY_CUFF.9475.2_2+	DECOY_CUFF.9475.3_3+	DECOY_CUFF.9475.4_3+
./crux_output/comet_7527_2_1	0.774408	0.849123	0.983651	K.DESSSSGDDSMAGDE.H	DECOY_sp|Q12153|SSF2_YEAST
./crux_output/comet_6014_2_2	0.771792	0.849255	0.983651	S.KVRIAAHLR.C	DECOY_CUFF.10183.4_3+	DECOY_CUFF.10183.3_2+
./crux_output/comet_10099_4_1	0.769617	0.849434	0.983651	R.DEEEPEDEDGDLIDDDE.N	DECOY_sp|P53935|NST1_YEAST
./crux_output/comet_8130_2_1	0.767738	0.849434	0.983651	K.DDDDDNDEDD.D	DECOY_sp|Q08438|VHS3_YEAST
./crux_output/comet_6096_3_1	0.764556	0.849434	0.983651	-.CSCWCWWGCWC.C	DECOY_AGAP008185-RA_2+	DECOY_CUFF.9749.1_3+
./crux_output/comet_59_3_1	0.761630	0.849434	0.983651	C.QFCCCCCCK.R	DECOY_TCONS_00001938_1+
./crux_output/comet_6126_4_2	0.759836	0.849434	0.983651	S.PYSSSMYGFDDFDDEDK.Q	DECOY_AGAP010482-PA	DECOY_ACOM029804-PA	DECOY_AGAP010482-RA_1+
./crux_output/comet_4717_4_2	0.757236	0.849434	0.983651	V.CDSYRCTDSFSCKDVER.N	DECOY_AGAP006378-PA	DECOY_ACOM039835-PA	DECOY_AGAP006378-RA_1+	DECOY_CUFF.1901.1_1+
./crux_output/comet_10635_2_1	0.756003	0.849434	0.983651	D.LGCVCVCDDDDDDDK.K	DECOY_CUFF.7873.2_1+
./crux_output/comet_5355_2_1	0.745859	0.850305	0.983651	D.AEEDDDND.-	DECOY_AGAP011757-PA
./crux_output/comet_9512_3_1	0.745730	0.851175	0.983651	C.AWSCSCCCCWK.C	DECOY_AGAP007127-PA
./crux_output/comet_8481_3_1	0.743852	0.851724	0.983651	R.CDCAWWWMCW.R	DECOY_AGAP005985-RA_2+
./crux_output/comet_8876_3_1	0.742032	0.851724	0.983651	G.ACDEEWWGCGR.C	DECOY_TCONS_00039546_1+
./crux_output/comet_10559_2_1	0.740138	0.851724	0.983651	R.TNCGECESQN.K	DECOY_CUFF.1544.1_1+	DECOY_CUFF.1544.4_2+	DECOY_CUFF.1544.3_1+	DECOY_CUFF.1544.2_1+
./crux_output/comet_10549_2_1	0.739398	0.851724	0.983651	K.TDGNNSSCH.L	DECOY_AGAP001743-PA	DECOY_ACOM034600-PA	DECOY_CUFF.3480.2_1+	DECOY_CUFF.3480.1_1+	DECOY_AGAP001743-RA_1+
./crux_output/comet_7630_2_1	0.735904	0.851724	0.983651	R.GACPCHASMYDA.W	DECOY_sp|P21951|DPOE_YEAST
./crux_output/comet_7847_2_1	0.727739	0.851724	1.000000	T.DSSCCCCR.S	DECOY_ACOM040091-PA
./crux_output/comet_5473_2_1	0.723628	0.851724	1.000000	K.CGGNCGADHGGAE.D	DECOY_ACOM037283-PA
./crux_output/comet_5030_2_5	0.723105	0.851724	1.000000	R.SCSSSLCDCVCAS.S	DECOY_CUFF.8917.5_3+
./crux_output/comet_7398_2_1	0.722244	0.851724	1.000000	R.SGCCCCCCCT.T	DECOY_CUFF.15954.3_2+
./crux_output/comet_5560_2_1	0.713355	0.851724	1.000000	R.MCSCHCSASSA.S	DECOY_CUFF.9059.1_1+	DECOY_AGAP012134-RA_2+	DECOY_CUFF.9059.2_1+
