PSMId	score	q-value	posterior_error_prob	peptide	proteinIds
comet:./crux_output/comet_10085_2_1	7.155425	0.009709	0.009709	K.CCAADDKEACFAVEGPK.L	sp|P02769|ALBU_BOVIN
comet:./crux_output/comet_10130_3_1	6.421261	0.009709	0.009709	K.CCAADDKEACFAVEGPK.L	sp|P02769|ALBU_BOVIN
comet:./crux_output/comet_9646_4_1	5.630405	0.009709	0.009709	K.VHKECCHGDLLECADDRADLAK.Y	sp|P02769|ALBU_BOVIN
comet:./crux_output/comet_9560_2_1	5.339607	0.009709	0.009709	K.EYEATLEECCAK.D	sp|P02769|ALBU_BOVIN
comet:./crux_output/comet_10186_3_1	5.283050	0.009709	0.009709	K.CCAADDKEACFAVEGPK.L	sp|P02769|ALBU_BOVIN
comet:./crux_output/comet_6854_3_1	5.090228	0.009709	0.009709	K.VHKECCHGDLLECADDR.A	sp|P02769|ALBU_BOVIN
comet:./crux_output/comet_6287_3_1	4.806918	0.009709	0.009709	K.LKECCDKPLLEK.S	sp|P02769|ALBU_BOVIN
comet:./crux_output/comet_6801_3_1	4.729572	0.009709	0.009709	K.VHKECCHGDLLECADDR.A	sp|P02769|ALBU_BOVIN
comet:./crux_output/comet_9617_2_1	4.705444	0.009709	0.009709	K.EYEATLEECCAK.D	sp|P02769|ALBU_BOVIN
comet:./crux_output/comet_10024_3_1	4.612966	0.009709	0.009709	K.CCAADDKEACFAVEGPK.L	sp|P02769|ALBU_BOVIN
comet:./crux_output/comet_9492_2_1	4.377592	0.009709	0.009709	K.EYEATLEECCAK.D	sp|P02769|ALBU_BOVIN
comet:./crux_output/comet_9653_3_1	4.283134	0.009709	0.009709	K.ECCHGDLLECADDR.A	sp|P02769|ALBU_BOVIN
comet:./crux_output/comet_9753_2_1	4.232021	0.009709	0.009709	K.ECCHGDLLECADDR.A	sp|P02769|ALBU_BOVIN
comet:./crux_output/comet_9765_3_1	4.223379	0.009709	0.009709	K.ECCHGDLLECADDR.A	sp|P02769|ALBU_BOVIN
comet:./crux_output/comet_9709_3_1	4.221148	0.009709	0.009709	K.ECCHGDLLECADDR.A	sp|P02769|ALBU_BOVIN
comet:./crux_output/comet_6343_3_1	4.210340	0.009709	0.009709	K.LKECCDKPLLEK.S	sp|P02769|ALBU_BOVIN
comet:./crux_output/comet_3746_3_1	4.208291	0.009709	0.009709	K.TCVADESHAGCEK.S	sp|P02769|ALBU_BOVIN
comet:./crux_output/comet_10078_3_1	4.142802	0.009709	0.009709	K.CCAADDKEACFAVEGPK.L	sp|P02769|ALBU_BOVIN
comet:./crux_output/comet_3780_3_1	4.123248	0.009709	0.009709	K.TCVADESHAGCEK.S	sp|P02769|ALBU_BOVIN
comet:./crux_output/comet_9697_2_1	4.038503	0.009709	0.009709	K.ECCHGDLLECADDR.A	sp|P02769|ALBU_BOVIN
comet:./crux_output/comet_9703_4_1	4.036828	0.009709	0.009709	K.VHKECCHGDLLECADDRADLAK.Y	sp|P02769|ALBU_BOVIN
comet:./crux_output/comet_9434_2_1	3.993749	0.009709	0.009709	K.EYEATLEECCAK.D	sp|P02769|ALBU_BOVIN
comet:./crux_output/comet_6228_3_1	3.978973	0.009709	0.009709	K.LKECCDKPLLEK.S	sp|P02769|ALBU_BOVIN
comet:./crux_output/comet_9670_2_1	3.778506	0.009709	0.009709	K.EYEATLEECCAK.D	sp|P02769|ALBU_BOVIN
comet:./crux_output/comet_6489_3_1	3.772095	0.009709	0.009709	K.LKECCDKPLLEK.S	sp|P02769|ALBU_BOVIN
comet:./crux_output/comet_3814_3_1	3.766794	0.009709	0.009709	K.TCVADESHAGCEK.S	sp|P02769|ALBU_BOVIN
comet:./crux_output/comet_8201_2_1	3.749341	0.009709	0.009709	R.ETYGDMADCCEK.Q	sp|P02769|ALBU_BOVIN
comet:./crux_output/comet_7583_2_1	3.723968	0.009709	0.009709	K.YICDNQDTISSK.L	sp|P02769|ALBU_BOVIN
comet:./crux_output/comet_8141_2_1	3.698015	0.009709	0.009709	R.ETYGDMADCCEK.Q	sp|P02769|ALBU_BOVIN
comet:./crux_output/comet_7649_2_1	3.682300	0.009709	0.009709	K.YICDNQDTISSK.L	sp|P02769|ALBU_BOVIN
comet:./crux_output/comet_9730_2_1	3.647312	0.009709	0.009709	K.EYEATLEECCAK.D	sp|P02769|ALBU_BOVIN
comet:./crux_output/comet_7880_2_1	3.643432	0.009709	0.009709	R.ETYGDMADCCEK.Q	sp|P02769|ALBU_BOVIN
comet:./crux_output/comet_9974_3_1	3.581080	0.009709	0.009709	K.CCAADDKEACFAVEGPK.L	sp|P02769|ALBU_BOVIN
comet:./crux_output/comet_10501_2_1	3.540041	0.009709	0.009709	K.YNGVFQECCQAEDK.G	sp|P02769|ALBU_BOVIN
comet:./crux_output/comet_10554_2_1	3.526032	0.009709	0.009709	K.YNGVFQECCQAEDK.G	sp|P02769|ALBU_BOVIN
comet:./crux_output/comet_10611_2_1	3.518607	0.009709	0.009709	K.YNGVFQECCQAEDK.G	sp|P02769|ALBU_BOVIN
comet:./crux_output/comet_4378_2_1	3.504830	0.009709	0.009709	K.SHCIAEVEK.D	sp|P02769|ALBU_BOVIN
comet:./crux_output/comet_9812_3_1	3.417964	0.009709	0.009709	K.ECCHGDLLECADDR.A	sp|P02769|ALBU_BOVIN
comet:./crux_output/comet_5973_2_1	3.409600	0.009709	0.009709	K.ECCDKPLLEK.S	sp|P02769|ALBU_BOVIN
comet:./crux_output/comet_7761_2_1	3.408587	0.009709	0.009709	K.YICDNQDTISSK.L	sp|P02769|ALBU_BOVIN
comet:./crux_output/comet_4419_2_1	3.371092	0.009709	0.009709	K.SHCIAEVEK.D	sp|P02769|ALBU_BOVIN
comet:./crux_output/comet_9863_3_1	3.353321	0.009709	0.009709	K.ECCHGDLLECADDR.A	sp|P02769|ALBU_BOVIN
comet:./crux_output/comet_7711_2_1	3.323802	0.009709	0.009709	K.YICDNQDTISSK.L	sp|P02769|ALBU_BOVIN
comet:./crux_output/comet_8028_2_1	3.314747	0.009709	0.009709	R.ETYGDMADCCEK.Q	sp|P02769|ALBU_BOVIN
comet:./crux_output/comet_6389_3_1	3.308067	0.009709	0.009709	K.LKECCDKPLLEK.S	sp|P02769|ALBU_BOVIN
comet:./crux_output/comet_4461_2_1	3.287399	0.009709	0.009709	K.SHCIAEVEK.D	sp|P02769|ALBU_BOVIN
comet:./crux_output/comet_9639_2_1	3.214004	0.009709	0.009709	K.ECCHGDLLECADDR.A	sp|P02769|ALBU_BOVIN
comet:./crux_output/comet_8077_2_1	3.212870	0.009709	0.009709	R.ETYGDMADCCEK.Q	sp|P02769|ALBU_BOVIN
comet:./crux_output/comet_9967_2_1	3.186408	0.009709	0.009709	R.INVYYNEASGGK.Y	AGAP010929-PA	AGAP008622-PA	ACOM042500-PA	ACOM022823-PA	AGAP008622-RA_2+	AGAP010929-RA_3+	CUFF.10119.1_3+
comet:./crux_output/comet_6823_2_1	3.161759	0.009709	0.009709	K.CCTESLVNR.R	sp|P02769|ALBU_BOVIN
comet:./crux_output/comet_8260_2_1	3.144367	0.009709	0.009709	R.ETYGDMADCCEK.Q	sp|P02769|ALBU_BOVIN
comet:./crux_output/comet_8594_2_1	3.077830	0.009709	0.009709	K.CGPCPVSAIK.Q	AGAP009099-PA	ACOM027314-PA	AGAP009099-RA_3+	CUFF.10723.3_1+
comet:./crux_output/comet_3848_3_1	3.053890	0.009709	0.009709	K.TCVADESHAGCEK.S	sp|P02769|ALBU_BOVIN
comet:./crux_output/comet_9550_3_1	3.027610	0.009709	0.009709	R.TNAENEFVTIKK.D	gi|39794653|gb|AAH63697.1|	gi|1346343|sp|P04264|K2C1_HUMAN
comet:./crux_output/comet_8314_2_1	3.017454	0.009709	0.009709	F.HADICTLPDTEK.Q	sp|P02769|ALBU_BOVIN
comet:./crux_output/comet_10409_3_1	3.010647	0.009709	0.009709	K.ECCHGDLLECADDR.A	sp|P02769|ALBU_BOVIN
comet:./crux_output/comet_7850_2_1	2.993517	0.009709	0.009709	R.GTGTAGDSLVLHK.G	AGAP007041-PA	ACOM031357-PA	AGAP007041-RA_1+
comet:./crux_output/comet_6772_2_1	2.947048	0.009709	0.009709	K.CCTESLVNR.R	sp|P02769|ALBU_BOVIN
comet:./crux_output/comet_10020_2_1	2.907189	0.009709	0.009709	K.EACFAVEGPK.L	sp|P02769|ALBU_BOVIN
comet:./crux_output/comet_6843_4_1	2.860191	0.009709	0.009709	K.VHKECCHGDLLECADDR.A	sp|P02769|ALBU_BOVIN
comet:./crux_output/comet_7061_2_1	2.851911	0.009709	0.009709	K.DLGEEHFK.G	sp|P02769|ALBU_BOVIN
comet:./crux_output/comet_8133_3_1	2.842747	0.009709	0.009709	R.FKDLGEEHFK.G	sp|P02769|ALBU_BOVIN
comet:./crux_output/comet_6878_2_1	2.830141	0.009709	0.009709	K.CCTESLVNR.R	sp|P02769|ALBU_BOVIN
comet:./crux_output/comet_4341_2_1	2.805884	0.009709	0.009709	K.SHCIAEVEK.D	sp|P02769|ALBU_BOVIN
comet:./crux_output/comet_10243_3_1	2.791850	0.009709	0.009709	K.CCAADDKEACFAVEGPK.L	sp|P02769|ALBU_BOVIN
comet:./crux_output/comet_10030_2_1	2.777444	0.009709	0.009709	K.CCAADDKEACFAVEGPK.L	sp|P02769|ALBU_BOVIN
comet:./crux_output/comet_6767_2_1	2.775554	0.009709	0.009709	K.AQYEDIAQK.S	gi|39794653|gb|AAH63697.1|
comet:./crux_output/comet_8070_3_1	2.747486	0.009709	0.009709	R.FKDLGEEHFK.G	sp|P02769|ALBU_BOVIN
comet:./crux_output/comet_6275_2_1	2.744783	0.009709	0.009709	K.LKECCDKPLLEK.S	sp|P02769|ALBU_BOVIN
comet:./crux_output/comet_7813_2_1	2.735870	0.009709	0.009709	K.YICDNQDTISSK.L	sp|P02769|ALBU_BOVIN
comet:./crux_output/comet_10229_4_1	2.697253	0.009709	0.009709	K.QEPERNECFLSHKDDSPDLPK.L	sp|P02769|ALBU_BOVIN
comet:./crux_output/comet_4502_2_1	2.684410	0.009709	0.009709	K.SHCIAEVEK.D	sp|P02769|ALBU_BOVIN
comet:./crux_output/comet_6026_2_1	2.675318	0.009709	0.009709	K.ECCDKPLLEK.S	sp|P02769|ALBU_BOVIN
comet:./crux_output/comet_9383_2_1	2.645752	0.009709	0.009709	D.PHACYSTVFDK.L	sp|P02769|ALBU_BOVIN
comet:./crux_output/comet_7115_2_1	2.607946	0.009709	0.009709	K.DLGEEHFK.G	sp|P02769|ALBU_BOVIN
comet:./crux_output/comet_9966_2_1	2.589811	0.009709	0.009709	K.EACFAVEGPK.L	sp|P02769|ALBU_BOVIN
comet:./crux_output/comet_8194_3_1	2.582462	0.009709	0.009709	R.FKDLGEEHFK.G	sp|P02769|ALBU_BOVIN
comet:./crux_output/comet_7224_3_1	2.558271	0.009709	0.009709	R.TNHVGISHGEDDEVTYPK.H	AGAP012225-PA	ACOM026392-PA	AGAP012225-RA_1+	CUFF.9139.1_3+
comet:./crux_output/comet_6790_4_1	2.554224	0.009709	0.009709	K.VHKECCHGDLLECADDR.A	sp|P02769|ALBU_BOVIN
comet:./crux_output/comet_6898_4_1	2.506971	0.009709	0.009709	K.VHKECCHGDLLECADDR.A	sp|P02769|ALBU_BOVIN
comet:./crux_output/comet_10075_2_1	2.497135	0.009709	0.009709	K.EACFAVEGPK.L	sp|P02769|ALBU_BOVIN
comet:./crux_output/comet_7865_3_1	2.489087	0.009709	0.009709	R.GTGTAGDSLVLHK.G	AGAP007041-PA	ACOM031357-PA	AGAP007041-RA_1+
comet:./crux_output/comet_7286_2_1	2.434548	0.009709	0.009709	K.DDSPDLPK.L	sp|P02769|ALBU_BOVIN
comet:./crux_output/comet_9760_4_1	2.421755	0.009709	0.009709	K.VHKECCHGDLLECADDRADLAK.Y	sp|P02769|ALBU_BOVIN
comet:./crux_output/comet_3711_3_1	2.384885	0.009709	0.009709	K.TCVADESHAGCEK.S	sp|P02769|ALBU_BOVIN
comet:./crux_output/comet_5957_3_1	2.307309	0.009709	0.009709	K.ECCDKPLLEK.S	sp|P02769|ALBU_BOVIN
comet:./crux_output/comet_7179_2_1	2.288531	0.009709	0.009709	K.DDSPDLPK.L	sp|P02769|ALBU_BOVIN
comet:./crux_output/comet_7821_2_1	2.252656	0.009709	0.009709	R.ETYGDMADCCEK.Q	sp|P02769|ALBU_BOVIN
comet:./crux_output/comet_7341_2_1	2.248782	0.009709	0.009709	K.DDSPDLPK.L	sp|P02769|ALBU_BOVIN
comet:./crux_output/comet_10284_4_1	2.243952	0.009709	0.009709	K.QEPERNECFLSHKDDSPDLPK.L	sp|P02769|ALBU_BOVIN
comet:./crux_output/comet_8109_2_1	2.226984	0.009709	0.009709	R.FKDLGEEHFK.G	sp|P02769|ALBU_BOVIN
comet:./crux_output/comet_10629_2_1	2.217635	0.009709	0.009709	R.FITVQQPPR.L	AGAP011100-PD	ACOM023090-PA	CUFF.7827.3_2+	CUFF.7827.5_1+	AGAP011100-RA_1+	CUFF.7827.1_2+
comet:./crux_output/comet_7663_2_1	2.200243	0.009709	0.009709	R.SLLEGEGSSGGGGR.G	gi|21961605|gb|AAH34697.1|
comet:./crux_output/comet_6011_3_1	2.194731	0.009709	0.009709	K.ECCDKPLLEK.S	sp|P02769|ALBU_BOVIN
comet:./crux_output/comet_9600_3_1	2.191276	0.009709	0.009709	K.ECCHGDLLECADDR.A	sp|P02769|ALBU_BOVIN
comet:./crux_output/comet_6721_2_1	2.178792	0.009709	0.009709	K.AQYEDIAQK.S	gi|39794653|gb|AAH63697.1|
comet:./crux_output/comet_7802_3_1	2.178097	0.009709	0.009709	R.GTGTAGDSLVLHK.G	AGAP007041-PA	ACOM031357-PA	AGAP007041-RA_1+
comet:./crux_output/comet_9368_3_1	2.166939	0.009709	0.009709	D.PHACYSTVFDK.L	sp|P02769|ALBU_BOVIN
comet:./crux_output/comet_9329_2_1	2.165417	0.009709	0.009709	K.AEFVEVTK.L	sp|P02769|ALBU_BOVIN
comet:./crux_output/comet_6742_4_1	2.164270	0.009709	0.009709	K.VHKECCHGDLLECADDR.A	sp|P02769|ALBU_BOVIN
comet:./crux_output/comet_7230_2_1	2.164044	0.009709	0.009709	K.DDSPDLPK.L	sp|P02769|ALBU_BOVIN
comet:./crux_output/comet_9215_2_1	2.073106	0.009709	0.009709	K.AEFVEVTK.L	sp|P02769|ALBU_BOVIN
comet:./crux_output/comet_9072_2_1	2.065645	0.009709	0.009709	R.LAADDFR.T	gi|34783124|gb|AAH02539.2|	gi|33991652|gb|AAH56421.1|	gi|27769301|gb|AAH42437.1|	gi|24659602|gb|AAH39169.1|	gi|21961605|gb|AAH34697.1|	gi|18089255|gb|AAH20982.1|	gi|17512236|gb|AAH19097.1|	gi|15080273|gb|AAH11901.1|	gi|14602965|gb|AAH09971.1|	gi|6016413|sp|Q15323|K1H1_HUMAN
comet:./crux_output/comet_9829_2_1	2.007988	0.013699	0.023256	R.GSFESLQATR.M	AGAP007041-PA	ACOM031357-PA	AGAP007041-RA_1+
comet:./crux_output/comet_9113_2_1	2.001337	0.013699	0.023256	R.LAADDFR.T	gi|34783124|gb|AAH02539.2|	gi|33991652|gb|AAH56421.1|	gi|27769301|gb|AAH42437.1|	gi|24659602|gb|AAH39169.1|	gi|21961605|gb|AAH34697.1|	gi|18089255|gb|AAH20982.1|	gi|17512236|gb|AAH19097.1|	gi|15080273|gb|AAH11901.1|	gi|14602965|gb|AAH09971.1|	gi|6016413|sp|Q15323|K1H1_HUMAN
comet:./crux_output/comet_9907_2_1	1.993665	0.013699	0.023256	R.INVYYNEASGGK.Y	AGAP010929-PA	AGAP008622-PA	ACOM042500-PA	ACOM022823-PA	AGAP008622-RA_2+	AGAP010929-RA_3+	CUFF.10119.1_3+
comet:./crux_output/comet_8019_3_1	1.988247	0.013699	0.023256	R.FKDLGEEHFK.G	sp|P02769|ALBU_BOVIN
comet:./crux_output/comet_10570_2_1	1.987964	0.013699	0.023256	R.FITVQQPPR.L	AGAP011100-PD	ACOM023090-PA	CUFF.7827.3_2+	CUFF.7827.5_1+	AGAP011100-RA_1+	CUFF.7827.1_2+
comet:./crux_output/comet_9272_2_1	1.980078	0.013699	0.023256	K.AEFVEVTK.L	sp|P02769|ALBU_BOVIN
comet:./crux_output/comet_7060_2_1	1.961539	0.013699	0.023256	K.DLGEEHFK.G	sp|P02769|ALBU_BOVIN
comet:./crux_output/comet_6457_3_1	1.907263	0.013699	0.023256	R.SQYEQLAEQNRK.D	gi|21961605|gb|AAH34697.1|
comet:./crux_output/comet_5923_2_1	1.884494	0.013699	0.023256	K.ECCDKPLLEK.S	sp|P02769|ALBU_BOVIN
comet:./crux_output/comet_5644_2_1	1.881920	0.013699	0.023256	R.NECFLSHK.D	sp|P02769|ALBU_BOVIN
comet:./crux_output/comet_9521_3_1	1.880801	0.013699	0.023256	R.GCCCCCSADKYR.N	TCONS_00028013_3+
comet:./crux_output/comet_5694_2_1	1.880794	0.013699	0.023256	R.NECFLSHK.D	sp|P02769|ALBU_BOVIN
comet:./crux_output/comet_8052_2_1	1.874799	0.013699	0.023256	R.FKDLGEEHFK.G	sp|P02769|ALBU_BOVIN
comet:./crux_output/comet_5598_2_1	1.856706	0.013699	0.023256	R.NECFLSHK.D	sp|P02769|ALBU_BOVIN
comet:./crux_output/comet_10173_4_1	1.849029	0.013699	0.023256	K.QEPERNECFLSHKDDSPDLPK.L	sp|P02769|ALBU_BOVIN
comet:./crux_output/comet_5727_2_1	1.844265	0.013699	0.023256	K.TNNDWTGASR.L	AGAP001649-PA	ACOM034418-PA	AGAP001649-RA_1+	CUFF.3430.2_1+	CUFF.3430.1_2+
comet:./crux_output/comet_5442_3_1	1.813004	0.013699	0.023256	K.NKYEDEINKR.T	gi|46812692|gb|AAH69269.1|	gi|39794653|gb|AAH63697.1|	gi|27503816|gb|AAH42132.1|	gi|21961227|gb|AAH34535.1|	gi|18999435|gb|AAH24292.1|	gi|15559584|gb|AAH14152.1|	gi|1346343|sp|P04264|K2C1_HUMAN
comet:./crux_output/comet_4261_3_1	1.807257	0.013699	0.023256	R.YKYPEDSKEER.D	AGAP009099-PA	ACOM027314-PA	AGAP009099-RA_3+	CUFF.10723.3_1+
comet:./crux_output/comet_8261_2_1	1.799069	0.013699	0.023256	F.HADICTLPDTEK.Q	sp|P02769|ALBU_BOVIN
comet:./crux_output/comet_6336_3_1	1.797915	0.013699	0.023256	K.QEPERNECFLSHK.D	sp|P02769|ALBU_BOVIN
comet:./crux_output/comet_8648_2_2	1.796449	0.013699	0.023256	K.CGPCPVSAIK.Q	AGAP009099-PA	ACOM027314-PA	AGAP009099-RA_3+	CUFF.10723.3_1+
comet:./crux_output/comet_6223_3_1	1.790189	0.013699	0.023256	K.QEPERNECFLSHK.D	sp|P02769|ALBU_BOVIN
comet:./crux_output/comet_10514_2_1	1.786031	0.013699	0.023256	R.FITVQQPPR.L	AGAP011100-PD	ACOM023090-PA	CUFF.7827.3_2+	CUFF.7827.5_1+	AGAP011100-RA_1+	CUFF.7827.1_2+
comet:./crux_output/comet_7121_2_1	1.782574	0.013699	0.023256	K.NMMAACDPR.H	AGAP010510-PA	AGAP010929-PA	AGAP008622-PA	ACOM041694-PA	ACOM042500-PA	ACOM022823-PA	AGAP008622-RA_2+	CUFF.7003.2_1+	AGAP010929-RA_3+	AGAP010510-RA_1+	CUFF.10119.1_3+
comet:./crux_output/comet_7256_2_1	1.766706	0.013699	0.023256	K.YICDNQDTISSK.L	sp|P02769|ALBU_BOVIN
comet:./crux_output/comet_9439_2_1	1.724501	0.013699	0.023256	D.PHACYSTVFDK.L	sp|P02769|ALBU_BOVIN
comet:./crux_output/comet_9923_3_1	1.724243	0.013699	0.023256	K.ECCHGDLLECADDR.A	sp|P02769|ALBU_BOVIN
comet:./crux_output/comet_8365_2_1	1.716682	0.013699	0.023256	F.HADICTLPDTEK.Q	sp|P02769|ALBU_BOVIN
comet:./crux_output/comet_7534_2_1	1.705553	0.013699	0.023256	K.YICDNQDTISSK.L	sp|P02769|ALBU_BOVIN
comet:./crux_output/comet_10340_4_1	1.679110	0.013699	0.023256	K.QEPERNECFLSHKDDSPDLPK.L	sp|P02769|ALBU_BOVIN
comet:./crux_output/comet_7762_2_1	1.677249	0.013699	0.023256	K.LSSPATLNSR.V	gi|136429|sp|P00761|TRYP_PIG
comet:./crux_output/comet_4542_2_1	1.670344	0.013699	0.023256	K.SHCIAEVEK.D	sp|P02769|ALBU_BOVIN
comet:./crux_output/comet_7826_2_1	1.621552	0.013699	0.023256	K.DVDGAYMTK.V	gi|39794653|gb|AAH63697.1|	gi|1346343|sp|P04264|K2C1_HUMAN
comet:./crux_output/comet_7985_2_1	1.614623	0.013699	0.023256	R.TLLEGEESR.M	gi|39794653|gb|AAH63697.1|	gi|1346343|sp|P04264|K2C1_HUMAN
comet:./crux_output/comet_9376_2_1	1.613063	0.013699	0.023256	K.AEFVEVTK.L	sp|P02769|ALBU_BOVIN
comet:./crux_output/comet_10118_2_1	1.601660	0.013699	0.023256	R.SLVNLGGSK.S	gi|39794653|gb|AAH63697.1|	gi|1346343|sp|P04264|K2C1_HUMAN
comet:./crux_output/comet_7791_2_1	1.585816	0.013699	0.023256	R.GTGTAGDSLVLHK.G	AGAP007041-PA	ACOM031357-PA	AGAP007041-RA_1+
comet:./crux_output/comet_5397_3_1	1.572886	0.013699	0.023256	K.NKYEDEINKR.T	gi|46812692|gb|AAH69269.1|	gi|39794653|gb|AAH63697.1|	gi|27503816|gb|AAH42132.1|	gi|21961227|gb|AAH34535.1|	gi|18999435|gb|AAH24292.1|	gi|15559584|gb|AAH14152.1|	gi|1346343|sp|P04264|K2C1_HUMAN
comet:./crux_output/comet_9371_3_2	1.563333	0.013699	0.023256	R.CCCCCCCCCR.L	CUFF.7998.1_2+	CUFF.5201.1_2+	CUFF.16245.1_3+	CUFF.16245.2_1+	CUFF.3623.4_2+	CUFF.3623.1_2+	CUFF.3623.3_1+	CUFF.3623.2_2+	CUFF.5201.2_2+	DECOY_CUFF.7998.1_2+	DECOY_CUFF.5201.1_2+	DECOY_CUFF.16245.1_3+	DECOY_CUFF.16245.2_1+	DECOY_CUFF.3623.4_2+	DECOY_CUFF.3623.1_2+	DECOY_CUFF.3623.3_1+	DECOY_CUFF.3623.2_2+	DECOY_CUFF.5201.2_2+
comet:./crux_output/comet_8157_3_1	1.554237	0.013699	0.023256	K.QMQLWLCSLNER.K	CUFF.342.6_1+
comet:./crux_output/comet_8172_2_1	1.546025	0.013699	0.023256	R.FKDLGEEHFK.G	sp|P02769|ALBU_BOVIN
comet:./crux_output/comet_10587_3_1	1.535236	0.013699	0.023256	R.NECFLSHKDDSPDLPK.L	sp|P02769|ALBU_BOVIN
comet:./crux_output/comet_6661_3_1	1.520537	0.013699	0.023256	R.LGCAPFRDGGR.G	CUFF.8877.1_3+
comet:./crux_output/comet_5994_2_1	1.486700	0.019481	0.125000	K.QLEQQIQR.G	ACOM032897-PA	CUFF.11018.1_3+	CUFF.11018.2_3+
comet:./crux_output/comet_7511_3_1	1.486543	0.019481	0.125000	R.IFYTIDSDICSTAYCTK.L	CUFF.560.1_2+
comet:./crux_output/comet_7560_3_1	1.455454	0.019481	0.125000	R.CCTRSMCSSER.S	CUFF.9341.8_2+	CUFF.9341.2_3+	CUFF.9341.3_3+	CUFF.9341.1_1+	CUFF.9341.6_1+	CUFF.9341.7_1+	CUFF.9341.4_3+	CUFF.9341.5_1+	AGAP012372-RA_2+
comet:./crux_output/comet_9905_2_1	1.449052	0.019481	0.125000	K.EACFAVEGPK.L	sp|P02769|ALBU_BOVIN
comet:./crux_output/comet_6428_3_1	1.437047	0.019481	0.125000	K.QEPERNECFLSHK.D	sp|P02769|ALBU_BOVIN
comet:./crux_output/comet_7201_2_1	1.435695	0.019481	0.125000	K.YICDNQDTISSK.L	sp|P02769|ALBU_BOVIN
comet:./crux_output/comet_5571_2_1	1.429835	0.019481	0.125000	R.LCVLHEK.T	sp|P02769|ALBU_BOVIN
comet:./crux_output/comet_6953_4_1	1.429462	0.019481	0.125000	K.VHKECCHGDLLECADDR.A	sp|P02769|ALBU_BOVIN
comet:./crux_output/comet_9409_2_3	1.414802	0.032051	0.416667	R.CCCCCCCCCR.L	CUFF.7998.1_2+	CUFF.5201.1_2+	CUFF.16245.1_3+	CUFF.16245.2_1+	CUFF.3623.4_2+	CUFF.3623.1_2+	CUFF.3623.3_1+	CUFF.3623.2_2+	CUFF.5201.2_2+	DECOY_CUFF.7998.1_2+	DECOY_CUFF.5201.1_2+	DECOY_CUFF.16245.1_3+	DECOY_CUFF.16245.2_1+	DECOY_CUFF.3623.4_2+	DECOY_CUFF.3623.1_2+	DECOY_CUFF.3623.3_1+	DECOY_CUFF.3623.2_2+	DECOY_CUFF.5201.2_2+
comet:./crux_output/comet_5662_2_1	1.409931	0.032051	0.416667	R.LCVLHEK.T	sp|P02769|ALBU_BOVIN
comet:./crux_output/comet_10134_2_1	1.393779	0.038217	0.416667	R.VATVSLPR.S	gi|136429|sp|P00761|TRYP_PIG
comet:./crux_output/comet_9419_3_1	1.386542	0.042945	0.416667	D.PHACYSTVFDK.L	sp|P02769|ALBU_BOVIN
comet:./crux_output/comet_10391_2_1	1.384543	0.042945	0.416667	R.VQLQIEQAR.E	ACOM032897-PA	CUFF.11018.1_3+	CUFF.11018.2_3+
comet:./crux_output/comet_6278_3_1	1.380714	0.042945	0.416667	K.QEPERNECFLSHK.D	sp|P02769|ALBU_BOVIN
comet:./crux_output/comet_8149_2_2	1.370651	0.042945	0.416667	R.ANASHKSGR.F	CUFF.4121.1_3+	CUFF.4121.3_2+	CUFF.4121.2_1+	CUFF.4121.5_1+	CUFF.4121.4_1+	CUFF.4121.6_3+	AGAP002379-RA_1+
comet:./crux_output/comet_8592_3_3	1.367353	0.042945	0.416667	R.TEVTPAEIAEEIEK.E	AGAP007726-PA	ACOM026015-PA	AGAP007726-RA_1+	AGAP007726-RB_1+	CUFF.2941.5_3+	CUFF.2941.4_3+	CUFF.2941.1_2+	CUFF.2941.3_2+	CUFF.2941.2_1+
comet:./crux_output/comet_5911_3_1	1.359935	0.042945	0.416667	K.ECCDKPLLEK.S	sp|P02769|ALBU_BOVIN
comet:./crux_output/comet_10062_2_1	1.344932	0.048193	0.416667	R.SLVNLGGSK.S	gi|39794653|gb|AAH63697.1|	gi|1346343|sp|P04264|K2C1_HUMAN
comet:./crux_output/comet_10371_2_1	1.341247	0.048193	0.416667	H.ADICTLPDTEK.Q	sp|P02769|ALBU_BOVIN
comet:./crux_output/comet_7709_2_1	1.328148	0.048193	0.416667	K.LSSPATLNSR.V	gi|136429|sp|P00761|TRYP_PIG
comet:./crux_output/comet_7933_2_1	1.315956	0.053892	0.441176	R.TLLEGEESR.M	gi|39794653|gb|AAH63697.1|	gi|1346343|sp|P04264|K2C1_HUMAN
comet:./crux_output/comet_895_4_1	1.309878	0.059524	0.441176	K.VHKECCHGDLLECADDR.A	sp|P02769|ALBU_BOVIN
comet:./crux_output/comet_5617_2_1	1.274174	0.065089	0.441176	R.LCVLHEK.T	sp|P02769|ALBU_BOVIN
comet:./crux_output/comet_10320_2_1	1.250491	0.075581	0.441176	K.GGMCEMEP.F	CUFF.11141.2_2+
comet:./crux_output/comet_8485_3_1	1.249139	0.075581	0.441176	R.TEVTPAEIAEEIEK.E	AGAP007726-PA	ACOM026015-PA	AGAP007726-RA_1+	AGAP007726-RB_1+	CUFF.2941.5_3+	CUFF.2941.4_3+	CUFF.2941.1_2+	CUFF.2941.3_2+	CUFF.2941.2_1+
comet:./crux_output/comet_8870_3_1	1.234307	0.075581	0.441176	R.RGSGGTKPFPTPAERTPMDWCYECY.S	AGAP010911-RA_3+
comet:./crux_output/comet_4582_2_1	1.190238	0.079545	0.441176	K.SHCIAEVEK.D	sp|P02769|ALBU_BOVIN
comet:./crux_output/comet_5526_2_1	1.175973	0.079545	0.441176	R.LCVLHEK.T	sp|P02769|ALBU_BOVIN
comet:./crux_output/comet_5255_2_1	1.174950	0.079545	0.441176	R.FPTFCCR.T	AGAP000781-RA_2+	CUFF.16824.1_3+
comet:./crux_output/comet_6332_2_1	1.172273	0.079545	0.441176	K.LKECCDKPLLEK.S	sp|P02769|ALBU_BOVIN
comet:./crux_output/comet_9166_2_1	1.163905	0.084746	0.441176	K.AEFVEVTK.L	sp|P02769|ALBU_BOVIN
comet:./crux_output/comet_7287_2_2	1.148809	0.089385	0.441176	V.IPILLIVILIVRYK.I	ACOM037803-PA
comet:./crux_output/comet_9319_3_1	1.146680	0.089385	0.441176	D.PHACYSTVFDK.L	sp|P02769|ALBU_BOVIN
comet:./crux_output/comet_7987_3_1	1.134308	0.093407	0.441176	R.TRHTETHTPEIK.G	TCONS_00026717_3+
comet:./crux_output/comet_4057_3_1	1.126465	0.093407	0.441176	K.TCVADESHAGCEK.S	sp|P02769|ALBU_BOVIN
comet:./crux_output/comet_7273_2_1	1.124152	0.093407	0.441176	R.ETYGDMADCCEK.Q	sp|P02769|ALBU_BOVIN
comet:./crux_output/comet_10341_2_1	1.111181	0.097826	0.441176	R.VQLQIEQAR.E	ACOM032897-PA	CUFF.11018.1_3+	CUFF.11018.2_3+
comet:./crux_output/comet_10389_4_1	1.109037	0.097826	0.441176	K.QEPERNECFLSHKDDSPDLPK.L	sp|P02769|ALBU_BOVIN
comet:./crux_output/comet_9975_2_1	1.099306	0.102703	0.441176	R.VATVSLPR.S	gi|136429|sp|P00761|TRYP_PIG
comet:./crux_output/comet_10262_2_5	1.082832	0.107527	0.441176	E.SILSSGIR.G	CUFF.7936.3_1+	CUFF.7936.6_2+	CUFF.7936.4_2+	AGAP011177-RA_1+
comet:./crux_output/comet_10080_2_1	1.058407	0.109375	0.441176	R.VATVSLPR.S	gi|136429|sp|P00761|TRYP_PIG
comet:./crux_output/comet_6435_3_1	1.051991	0.109375	0.441176	K.LKECCDKPLLEK.S	sp|P02769|ALBU_BOVIN
comet:./crux_output/comet_6951_2_1	1.046634	0.109375	0.441176	K.LCTFSITQK.D	AGAP001157-PA	ACOM033710-PA	AGAP001157-RA_1+
comet:./crux_output/comet_4638_2_1	1.046194	0.109375	0.441176	R.LSQKFPK.A	sp|P02769|ALBU_BOVIN
comet:./crux_output/comet_7949_3_1	1.042770	0.109375	0.441176	R.CGCGAPPPSAART.G	AGAP000222-RA_2+	AGAP000222-RB_2+	CUFF.16246.8_2+	CUFF.16246.5_1+	CUFF.16246.4_1+	CUFF.16246.3_1+	CUFF.16246.2_1+	CUFF.16246.1_1+
comet:./crux_output/comet_7873_2_1	1.038160	0.109375	0.441176	K.YICDNQDTISSK.L	sp|P02769|ALBU_BOVIN
comet:./crux_output/comet_6312_3_5	1.030223	0.112245	0.441176	R.TASTALKHTER.E	CUFF.5853.1_3+
comet:./crux_output/comet_6761_2_1	1.015054	0.112245	0.441176	S.ALCDISVK.X	CUFF.12046.1_1+
comet:./crux_output/comet_8466_3_1	1.011988	0.112245	0.441176	R.ETYGDMADCCEKQEPER.N	sp|P02769|ALBU_BOVIN
tide:./crux_output/comet_8973_2_1	1.007392	0.112245	0.441176	S.TSSITTGSVCRR.S	AGAP006675-RA_2+
tide:./crux_output/comet_10250_3_2	1.003058	0.115000	0.441176	Y.AATLEEQLHAAQQETQQEQEMK.K	AGAP000610-PA	ACOM042671-PA	AGAP000610-RA_1+
comet:./crux_output/comet_8568_2_1	1.002365	0.115000	0.441176	K.GASSFLISVV.I	TCONS_00039659_2+
comet:./crux_output/comet_8221_4_1	0.998104	0.115000	0.441176	R.QLQQGAGGLGNLMSGFGGK.-	AGAP004610-PA	ACOM041045-PA	AGAP004610-RA_1+
comet:./crux_output/comet_6407_3_1	0.997476	0.115000	0.441176	K.NRVNESVCVR.E	CUFF.9014.3_2+	CUFF.9014.1_1+	CUFF.9014.4_2+
tide:./crux_output/comet_9968_3_3	0.990403	0.119403	0.689655	R.EASPPTSRAVSTTMSASSAASSSSSS.S	CUFF.7894.9_2+	CUFF.7894.8_1+	CUFF.7894.1_2+	CUFF.7894.3_1+	CUFF.7894.2_1+	CUFF.7894.5_2+	CUFF.7894.4_1+	CUFF.7894.7_1+	CUFF.7894.6_2+	AGAP011118-RA_2+
tide:./crux_output/comet_9262_2_2	0.983688	0.137931	0.689655	K.LMSSSMFPPK.S	AGAP029444-PA	ACOM033473-PA	AGAP010054-RA_2+	CUFF.11971.2_2+
tide:./crux_output/comet_10423_2_1	0.982497	0.137931	0.689655	Q.EFTHRTR.A	CUFF.6150.5_2+	CUFF.6150.4_1+	CUFF.6150.3_3+	CUFF.6150.2_1+	CUFF.6150.1_2+	AGAP004446-RA_3+
tide:./crux_output/comet_7486_2_1	0.978588	0.147059	0.689655	R.LHKSVLCAGGEEG.A	AGAP010731-PA	ACOM027471-PA	CUFF.7372.1_3+	AGAP010731-RA_2+
tide:./crux_output/comet_7500_2_2	0.976279	0.149758	0.689655	D.ATDFTTIAR.R	CUFF.16820.2_1+	CUFF.16820.1_2+
tide:./crux_output/comet_9420_3_1	0.976012	0.149758	0.689655	N.TCAGIWGISWR.G	AGAP006178-RA_1+
tide:./crux_output/comet_7874_2_1	0.975471	0.149758	0.689655	F.SAESFEQALER.E	AGAP001715-PA	ACOM043207-PA	AGAP001715-RA_1+
tide:./crux_output/comet_9507_2_1	0.971215	0.153846	0.689655	N.SNTPVDGRTVER.R	CUFF.1731.2_3+	CUFF.1731.3_3+	CUFF.1731.1_3+	CUFF.1731.5_2+	CUFF.1731.4_3+
tide:./crux_output/comet_10598_3_1	0.968467	0.156398	0.689655	F.VCFSINVHLIDSI.-	AGAP003785-RC_3+	AGAP003785-RD_3+
comet:./crux_output/comet_5382_2_1	0.968225	0.156398	0.689655	K.NPVITDQTK.K	AGAP009373-PA	AGAP009373-RA_3+
tide:./crux_output/comet_7412_2_2	0.968012	0.156398	0.689655	K.RKVVVLLLPLPPLVL.V	CUFF.8400.2_3+	CUFF.8400.1_3+
tide:./crux_output/comet_7758_2_1	0.967828	0.160377	0.689655	N.QMQYGVVRS.-	AGAP001865-RA_3+
tide:./crux_output/comet_6018_2_2	0.967390	0.164319	0.689655	L.RNPRCYCR.G	CUFF.9532.3_3+	AGAP007918-RA_3+
tide:./crux_output/comet_8893_3_1	0.965567	0.172093	0.689655	F.ACVVHDFLFTQLR.G	CUFF.6889.2_2+
tide:./crux_output/comet_8035_3_2	0.965103	0.172093	0.689655	T.QMQQAHQAPILHNGK.A	AGAP005546-PA	ACOM039017-PA	CUFF.1106.1_2+	AGAP005546-RA_1+
comet:./crux_output/comet_877_3_3	0.964677	0.172727	0.689655	K.TCVADESHAGCEK.S	sp|P02769|ALBU_BOVIN
tide:./crux_output/comet_10472_2_1	0.963132	0.172727	0.689655	R.ATRAQADGR.Q	AGAP009807-RA_2+	CUFF.11587.1_1+
tide:./crux_output/comet_7123_3_3	0.962613	0.172727	0.689655	Q.TDCPNNTSFKLIQAVGSK.Y	CUFF.16128.4_3+	CUFF.16128.5_3+	CUFF.16128.1_3+	CUFF.16128.2_3+	CUFF.16128.3_1+
tide:./crux_output/comet_8181_3_1	0.962444	0.172727	0.689655	D.LYTCFDSIVENFDVYK.V	AGAP003283-PA	AGAP012597-PA	ACOM035796-PA	AGAP012597-RA_1+	AGAP003283-RA_1+	CUFF.5078.3_1+	CUFF.5078.2_2+	CUFF.5078.5_2+	CUFF.5078.4_3+	CUFF.5078.7_3+	CUFF.5078.6_1+
tide:./crux_output/comet_10617_2_1	0.962361	0.172727	0.689655	Q.EGKQFNNK.N	sp|P16523|MER1_YEAST
tide:./crux_output/comet_10309_3_3	0.961602	0.180180	0.689655	A.QNPTVCKQPERPEK.M	CUFF.3500.5_3+
tide:./crux_output/comet_9718_2_1	0.960960	0.180180	0.689655	P.CIFIFFEKK.K	CUFF.3006.12_3+
tide:./crux_output/comet_8814_3_3	0.958842	0.185841	0.689655	K.QSATGTGIGHGSGQANVQELGCGLTCDQC.A	CUFF.11645.2_1+	AGAP009823-RA_3+
comet:./crux_output/comet_10027_2_1	0.958779	0.185841	0.689655	R.VATVSLPR.S	gi|136429|sp|P00761|TRYP_PIG
tide:./crux_output/comet_8368_2_2	0.958682	0.185841	0.689655	C.TDICVAFK.K	CUFF.5434.3_2+	AGAP013256-RA_1+
tide:./crux_output/comet_7845_2_2	0.958212	0.185841	0.689655	R.IVQCALFNSLGDLGD.X	CUFF.1298.3_3+	CUFF.1298.2_3+	CUFF.1298.1_3+	CUFF.1298.4_3+	AGAP005710-RA_1+
tide:./crux_output/comet_9474_2_5	0.958125	0.187773	0.689655	L.TLTTTHPSNGR.R	CUFF.1178.1_3+	CUFF.1178.2_2+	CUFF.1178.3_3+	CUFF.1178.4_1+	CUFF.1178.5_3+	CUFF.1178.6_3+	TCONS_00034817_3+
tide:./crux_output/comet_10152_3_3	0.956947	0.187773	0.689655	K.AGRATSAAAGGGSAPAATMPT.V	AGAP006776-PA	AGAP006776-PB	ACOM031722-PA	CUFF.2282.2_2+	CUFF.2282.1_3+	AGAP006776-RA_1+
tide:./crux_output/comet_7282_2_3	0.956825	0.187773	0.689655	T.TETEYNRGK.G	CUFF.1432.3_2+	CUFF.1432.2_3+	CUFF.1432.1_1+
tide:./crux_output/comet_5966_3_1	0.956457	0.203463	0.791165	M.QGYEKRVNHDQVVNK.V	sp|Q02648|TRM44_YEAST
tide:./crux_output/comet_9562_3_3	0.956436	0.203463	0.791165	N.QYTANNNRLNSNSR.R	AGAP001168-PA	AGAP001168-PB	ACOM043163-PA	AGAP001168-RB_2+	AGAP001168-RA_2+	CUFF.3007.1_1+	CUFF.3007.3_3+	CUFF.3007.2_3+
tide:./crux_output/comet_7228_2_1	0.956104	0.206009	0.791165	V.NDRYSTVEI.-	CUFF.4493.3_2+	CUFF.4493.2_3+	CUFF.4493.1_3+
tide:./crux_output/comet_10058_3_2	0.955934	0.206009	0.791165	R.SSHPNLQDGGALQISVQ.G	AGAP008379-PA	CUFF.9941.5_3+	CUFF.9941.1_1+	CUFF.9941.2_1+	CUFF.9941.3_3+	CUFF.9941.4_3+	CUFF.9941.6_3+	AGAP008379-RA_1+
tide:./crux_output/comet_7270_3_1	0.955864	0.209402	0.791165	C.QCVEFNSSLKAMK.W	CUFF.2459.1_3+
tide:./crux_output/comet_8714_3_3	0.954860	0.210970	0.791165	R.TQQWGTKAAAPSER.M	AGAP007806-RB_1+	AGAP007806-RC_1+	AGAP007806-RA_1+	CUFF.9488.1_3+	CUFF.9488.2_3+
tide:./crux_output/comet_7246_2_4	0.954850	0.210970	0.791165	R.LSLPAHSLCVPCPR.S	TCONS_00021610_3+
tide:./crux_output/comet_8150_2_1	0.954637	0.210970	0.791165	V.ISSRTISAR.T	CUFF.3198.1_2+	CUFF.3198.3_2+
tide:./crux_output/comet_9281_2_2	0.954171	0.218487	0.791165	H.TDITTPYR.L	CUFF.5908.4_3+	CUFF.5908.1_1+	CUFF.5908.3_2+	CUFF.5908.2_2+
tide:./crux_output/comet_8913_3_4	0.953444	0.221757	0.791165	P.SADWKVVVFGGPDAR.S	TCONS_00012077_2+
tide:./crux_output/comet_6059_2_2	0.952253	0.237500	0.791165	K.QYSPLFASSK.R	CUFF.7679.1_2+
tide:./crux_output/comet_9935_2_1	0.952096	0.239669	0.791165	X.CGLTSIVRK.R	CUFF.1191.2_3+	CUFF.1191.1_1+
tide:./crux_output/comet_9179_2_1	0.951749	0.239669	0.791165	S.PDDKYAKK.I	AGAP028522-PA	ACOM041486-PA	TCONS_00023808_1+	TCONS_00023807_2+	TCONS_00023809_2+	TCONS_00023806_3+	TCONS_00023810_2+	TCONS_00023805_2+
tide:./crux_output/comet_10282_4_2	0.951038	0.245902	0.791165	H.FTSTQDISYKSMRPALMEFTNVCNISHSEEK.I	AGAP001243-PA	AGAP001243-RA_1+	CUFF.3049.3_2+	CUFF.3049.2_2+	CUFF.3049.1_3+
tide:./crux_output/comet_7217_2_3	0.950829	0.245902	0.791165	A.GEQPGAQAGER.S	AGAP006606-RA_1+
tide:./crux_output/comet_8934_3_1	0.950317	0.248980	0.791165	V.SSFHVDSYVMVVAYK.S	CUFF.2101.3_1+	CUFF.2101.2_2+	CUFF.2101.5_1+	CUFF.2101.6_3+
tide:./crux_output/comet_7964_2_2	0.949944	0.252033	0.791165	P.DDLIAETAFDK.Y	sp|Q12457|NSI1_YEAST
tide:./crux_output/comet_5821_2_2	0.949133	0.263158	0.791165	D.LYNADLAK.L	AGAP001234-PA	ACOM033822-PA	CUFF.3054.1_2+	AGAP001234-RA_1+
tide:./crux_output/comet_9910_3_2	0.948774	0.266129	0.791165	F.ASASIPPNRSSTR.V	AGAP012977-RA_2+	CUFF.5848.1_2+
tide:./crux_output/comet_8754_3_1	0.948456	0.273092	0.791165	R.TTTAATTAATTAASC.S	AGAP004664-RA_2+	CUFF.6496.1_1+	CUFF.6496.2_3+	CUFF.6496.3_3+	CUFF.6496.4_1+	CUFF.6496.5_1+	CUFF.6496.6_3+
tide:./crux_output/comet_6568_3_1	0.947541	0.278884	0.791165	A.AAAAAAATSEPAVVSSSK.I	ACOM027921-PA
tide:./crux_output/comet_10189_2_4	0.947522	0.278884	0.791165	Q.WSNIPAVPGVR.R	CUFF.10791.1_3+
tide:./crux_output/comet_10010_2_1	0.946768	0.280769	0.791165	R.SLVNLGGSK.S	gi|39794653|gb|AAH63697.1|	gi|1346343|sp|P04264|K2C1_HUMAN
tide:./crux_output/comet_10324_2_1	0.946473	0.280769	0.791165	L.CQSGTVSSSSYPK.C	CUFF.3026.1_1+	AGAP001225-RA_2+
tide:./crux_output/comet_6508_2_1	0.946169	0.280769	0.791165	T.TSASILSESSK.S	sp|P39712|FLO9_YEAST
tide:./crux_output/comet_9421_2_1	0.946148	0.280769	0.791165	L.TLTTTHPSNGR.R	CUFF.1178.1_3+	CUFF.1178.2_2+	CUFF.1178.3_3+	CUFF.1178.4_1+	CUFF.1178.5_3+	CUFF.1178.6_3+	TCONS_00034817_3+
tide:./crux_output/comet_9868_3_3	0.945938	0.280769	0.791165	V.LNTDVSLCNILK.S	sp|P35999|PMIP_YEAST
tide:./crux_output/comet_10101_3_3	0.944992	0.280769	0.791165	Y.SSGTNSNAPTKAKK.R	CUFF.934.2_1+	CUFF.934.1_1+	CUFF.934.4_3+	CUFF.934.5_2+
tide:./crux_output/comet_10131_2_1	0.944851	0.280769	0.791165	X.NANATHSLVLR.Q	CUFF.924.8_2+	CUFF.924.1_3+	CUFF.924.3_3+	CUFF.924.2_3+	CUFF.924.5_2+	CUFF.924.4_3+	CUFF.924.6_3+	AGAP005285-RA_2+
tide:./crux_output/comet_7036_3_2	0.944452	0.280769	0.791165	R.QLSDENFLLCHR.X	AGAP003560-RA_3+
tide:./crux_output/comet_7021_3_1	0.944145	0.280769	0.791165	G.EWFPIDQLEPQAVSSGGR.L	AGAP003738-RA_2+
tide:./crux_output/comet_10509_3_2	0.943654	0.283525	0.791165	K.GCNVDLVTRDTSDTALH.L	AGAP002243-PA	ACOM041997-PA	CUFF.3996.1_3+	AGAP002243-RA_3+
tide:./crux_output/comet_9429_2_1	0.943321	0.292776	0.791165	K.AEFVEVTK.L	sp|P02769|ALBU_BOVIN
tide:./crux_output/comet_5939_2_1	0.942886	0.292776	0.791165	K.QLEQQIQR.G	ACOM032897-PA	CUFF.11018.1_3+	CUFF.11018.2_3+
tide:./crux_output/comet_10586_3_5	0.942322	0.300752	0.791165	A.TRPTHQPMPCRR.R	CUFF.16718.1_2+	AGAP000733-RA_2+
tide:./crux_output/comet_9402_2_1	0.942273	0.300752	0.791165	S.AGEFMIRR.T	AGAP012332-PA	ACOM042580-PA	CUFF.9247.1_2+	CUFF.9247.3_3+	CUFF.9247.2_1+	CUFF.9247.4_2+	AGAP012332-RA_3+
tide:./crux_output/comet_7708_4_1	0.941965	0.300752	0.791165	V.NVMTQAEVEALNKQQQQQQHTK.S	AGAP004745-PA	AGAP004745-PB	ACOM038431-PA	AGAP004745-RA_2+	AGAP004745-RB_2+	CUFF.275.1_1+
tide:./crux_output/comet_9527_2_1	0.941848	0.301115	0.791165	L.QSAESLPGRVHGR.S	AGAP008082-RA_3+	AGAP008082-RB_1+	AGAP008082-RC_1+
tide:./crux_output/comet_9137_2_3	0.941822	0.301115	0.791165	G.EQKPNTSER.E	CUFF.2144.4_1+	CUFF.2144.6_2+	CUFF.2144.1_2+	CUFF.2144.2_3+	CUFF.2144.3_3+
tide:./crux_output/comet_9913_3_1	0.941747	0.301115	0.791165	I.NQAAFHCSWTEVAGRFR.W	TCONS_00038201_2+
comet:./crux_output/comet_10374_2_1	0.940650	0.309963	0.791165	K.GGMCEMEP.F	CUFF.11141.2_2+
tide:./crux_output/comet_8512_3_1	0.940635	0.309963	0.791165	E.FPQYAMFNIGCLYAQGK.S	CUFF.5547.5_2+
tide:./crux_output/comet_9824_2_1	0.940482	0.311355	0.791165	R.AQAAAPPVRP.P	CUFF.7698.2_2+	CUFF.7698.5_3+	CUFF.7698.4_2+	CUFF.7698.3_1+	CUFF.7698.1_2+
tide:./crux_output/comet_7967_3_1	0.940337	0.311355	0.791165	R.NRSAGGAVSHADVLAS.H	CUFF.9600.1_2+
tide:./crux_output/comet_6503_2_2	0.939630	0.322581	0.791165	T.AHEIAVGSR.V	CUFF.17023.2_2+	CUFF.17023.1_1+
tide:./crux_output/comet_8598_3_1	0.939589	0.322581	0.791165	R.YEAYNKKVPIMSQWAVD.H	CUFF.11926.3_2+	CUFF.11926.6_1+	CUFF.11926.5_3+	CUFF.11926.4_3+	CUFF.11926.2_1+	CUFF.11926.1_3+
tide:./crux_output/comet_7085_2_4	0.939462	0.322581	0.791165	R.IIMGDYLSMGPSTS.S	AGAP006656-PA	AGAP006656-RA_1+
tide:./crux_output/comet_5379_2_1	0.939389	0.322581	0.791165	G.VSHPALER.I	AGAP008947-PA	CUFF.10489.1_2+	AGAP008947-RA_1+
tide:./crux_output/comet_5710_2_3	0.939386	0.322581	0.791165	R.LCVLHEK.T	sp|P02769|ALBU_BOVIN
tide:./crux_output/comet_9047_3_1	0.939314	0.322581	0.791165	R.TQNIALVYYTH.T	CUFF.11831.4_2+	CUFF.11831.6_2+	CUFF.11831.5_1+	CUFF.11831.2_1+	CUFF.11831.3_3+	CUFF.11831.1_3+
tide:./crux_output/comet_9961_3_4	0.939014	0.323843	0.791165	D.DIEAFVLQIEGR.K	AGAP001938-PA	ACOM023614-PA	AGAP001938-RA_2+	CUFF.3659.2_2+	CUFF.3659.1_3+
tide:./crux_output/comet_10254_3_3	0.938995	0.323843	0.791165	R.TDIMIGSNSTTIICILT.N	AGAP012544-RA_2+
tide:./crux_output/comet_10304_3_1	0.938675	0.326241	0.791165	R.QIIMNDYITSQQMQGRTSAAGGNG.A	AGAP029113-PA	AGAP004732-RA_3+	CUFF.349.4_1+	CUFF.349.5_2+	CUFF.349.1_1+	CUFF.349.2_1+	CUFF.349.3_1+
tide:./crux_output/comet_10380_2_1	0.938153	0.330986	0.791165	I.QNRLHEK.R	CUFF.10150.2_2+	CUFF.10150.1_2+
tide:./crux_output/comet_8858_3_1	0.938054	0.330986	0.791165	K.VAADGGAAAEARGTGRP.V	AGAP000810-RA_3+	CUFF.16929.1_1+	CUFF.16929.2_1+
tide:./crux_output/comet_10097_3_1	0.937969	0.332168	0.791165	K.AHGWTSAGAYEVRGEVF.N	sp|P35845|OSH1_YEAST
tide:./crux_output/comet_7409_2_4	0.937941	0.332168	0.791165	K.FVGAVSQIK.K	ACOM028636-PA
tide:./crux_output/comet_9589_3_5	0.937548	0.333333	0.791165	G.PCHGGKMDIEMLR.K	CUFF.16511.1_3+	CUFF.16511.2_2+
tide:./crux_output/comet_7932_2_2	0.937406	0.333333	0.791165	E.LFQSPHQPK.Q	CUFF.5924.5_2+	CUFF.5924.4_2+	CUFF.5924.2_3+	CUFF.5924.1_1+
tide:./crux_output/comet_10222_3_1	0.937266	0.333333	0.791165	R.QQNEQRPLFGDSGANGSFSLP.V	AGAP008930-RA_3+
tide:./crux_output/comet_10503_2_4	0.937227	0.333333	0.791165	A.TCSVPFSVK.N	TCONS_00028398_1+
tide:./crux_output/comet_6290_3_5	0.937171	0.333333	0.791165	K.GLPFAGQIEER.X	CUFF.939.7_3+	AGAP005288-RA_3+	AGAP005288-RB_3+	AGAP005288-RC_3+	CUFF.939.9_1+	CUFF.939.3_1+	CUFF.939.2_3+	CUFF.939.1_2+	CUFF.939.6_2+	CUFF.939.4_3+	CUFF.939.13_1+	CUFF.939.12_3+	CUFF.939.11_2+
tide:./crux_output/comet_8245_2_1	0.936948	0.334471	0.791165	R.TLPQSHETGTPK.R	AGAP004651-RA_3+
tide:./crux_output/comet_9786_3_2	0.936929	0.334471	0.791165	K.TRLSVCVIER.A	CUFF.16800.5_3+	CUFF.16800.4_2+	CUFF.16800.3_1+	CUFF.16800.2_3+	CUFF.16800.1_1+
tide:./crux_output/comet_6328_2_1	0.936499	0.338983	0.791165	K.QHKSTIENL.T	CUFF.9160.2_3+	CUFF.9160.4_3+	CUFF.9160.3_3+
tide:./crux_output/comet_9840_3_5	0.936393	0.338983	0.791165	R.ATGWTISLVER.L	AGAP009775-RA_2+	CUFF.11564.5_2+	CUFF.11564.1_2+	CUFF.11564.3_3+	CUFF.11564.2_1+
tide:./crux_output/comet_8845_2_4	0.936242	0.340067	0.791165	R.FITASSSVAATATATT.V	TCONS_00020943_3+
tide:./crux_output/comet_8215_3_1	0.935956	0.340067	0.791165	D.CQYDSSQWRRWK.W	AGAP004508-RA_3+
tide:./crux_output/comet_7508_3_2	0.935249	0.353333	0.791165	H.LATVMHRAGVHRHQR.R	AGAP005234-RB_3+	AGAP005234-RA_1+
tide:./crux_output/comet_4473_3_2	0.935232	0.353333	0.791165	R.AGTYARASTSPAR.A	AGAP000926-RA_2+	AGAP000926-RB_2+	CUFF.17140.13_2+	CUFF.17140.9_2+	CUFF.17140.4_2+	CUFF.17140.7_2+	CUFF.17140.6_2+	CUFF.17140.3_3+	CUFF.17140.8_1+	CUFF.17140.5_2+	CUFF.17140.15_1+	CUFF.17140.14_2+	CUFF.17140.11_1+	CUFF.17140.10_1+
tide:./crux_output/comet_10322_3_1	0.935165	0.353333	0.791165	R.CARAAFAGAGGQERI.S	AGAP010087-RA_1+	CUFF.11922.3_2+	CUFF.11922.2_1+	CUFF.11922.1_3+	CUFF.11922.4_2+
tide:./crux_output/comet_6567_3_5	0.935034	0.355482	0.791165	L.CDPPYGIRESIK.V	sp|Q12463|TRM11_YEAST
tide:./crux_output/comet_8639_2_1	0.935012	0.357616	0.791165	P.DAGHPLQGK.H	AGAP008727-RD_3+	AGAP008727-RF_1+	AGAP008727-RA_3+	AGAP008727-RB_1+
tide:./crux_output/comet_5518_2_1	0.934976	0.361842	0.791165	K.ACHLWVW.D	CUFF.3934.1_1+
tide:./crux_output/comet_10328_4_1	0.934745	0.361842	0.791165	R.VSGYEDYYVWQDPKPGTERDPP.N	AGAP012400-PA	ACOM042578-PA	AGAP012400-RA_3+
tide:./crux_output/comet_9629_4_4	0.934642	0.362745	0.791165	R.PGMQGDVFYLLMQIMDCQLSVFR.A	AGAP010713-PA	ACOM027451-PA	AGAP010713-RA_1+	CUFF.7347.2_3+	CUFF.7347.1_2+
tide:./crux_output/comet_5599_2_3	0.934595	0.362745	0.791165	R.ASSRSGASTR.S	AGAP000327-RA_2+
tide:./crux_output/comet_6279_3_2	0.934479	0.364821	0.791165	Y.VCSVCLSIFCK.F	AGAP008522-PA	ACOM029861-PA	AGAP008522-RA_3+
tide:./crux_output/comet_8691_2_2	0.934237	0.368932	0.791165	E.AKELAAAER.C	AGAP008304-PA	ACOM030181-PA	AGAP008304-RA_1+	CUFF.9965.2_2+
tide:./crux_output/comet_5783_2_2	0.934207	0.368932	0.791165	R.SVQWSGNGKN.S	AGAP010115-RA_3+	CUFF.11924.1_3+	CUFF.11924.2_1+
tide:./crux_output/comet_8566_2_1	0.934098	0.370968	0.791165	L.NCALLPK.H	AGAP000412-RA_2+	CUFF.6798.1_2+	DECOY_AGAP000249-RA_1+
tide:./crux_output/comet_5032_2_2	0.934068	0.371795	0.791165	R.LYATAAMAE.Q	AGAP002104-PA	ACOM042220-PA	CUFF.3912.2_3+	CUFF.3912.3_3+	CUFF.3912.1_3+	CUFF.3912.5_1+	AGAP002104-RA_1+
tide:./crux_output/comet_6986_2_4	0.934049	0.371795	0.791165	L.AMVTSAIIK.Y	sp|P53169|YBP2_YEAST
tide:./crux_output/comet_6372_2_3	0.934010	0.375000	0.791165	R.CRPSSPIW.T	CUFF.5203.1_2+	CUFF.5203.2_3+	CUFF.5203.3_1+	AGAP003492-RD_2+	AGAP003492-RC_2+	AGAP003492-RB_1+	AGAP003492-RA_3+
tide:./crux_output/comet_8541_3_5	0.933757	0.375000	0.791165	R.TEVTPAEIAEEIEK.E	AGAP007726-PA	ACOM026015-PA	AGAP007726-RA_1+	AGAP007726-RB_1+	CUFF.2941.5_3+	CUFF.2941.4_3+	CUFF.2941.1_2+	CUFF.2941.3_2+	CUFF.2941.2_1+
tide:./crux_output/comet_9483_3_2	0.933619	0.375000	0.791165	R.TNAENEFVTIKK.D	gi|39794653|gb|AAH63697.1|	gi|1346343|sp|P04264|K2C1_HUMAN
tide:./crux_output/comet_10552_2_3	0.933602	0.375000	0.791165	R.GFDVLEAYKP.E	sp|P36033|FRE2_YEAST
tide:./crux_output/comet_10206_2_5	0.933523	0.375000	0.791165	E.SILSSGIR.G	CUFF.7936.3_1+	CUFF.7936.6_2+	CUFF.7936.4_2+	AGAP011177-RA_1+
tide:./crux_output/comet_4307_3_1	0.933466	0.375000	0.791165	L.ERDTNKQGQGR.G	CUFF.2829.2_2+	CUFF.2829.1_2+	CUFF.2829.4_2+	CUFF.2829.5_2+
tide:./crux_output/comet_10537_4_2	0.933386	0.375000	0.791165	R.YYCFQCVCLFFFLLNIFNA.N	CUFF.11072.9_2+	CUFF.11072.6_3+	CUFF.11072.2_3+	CUFF.11072.7_2+
tide:./crux_output/comet_9563_4_3	0.933360	0.375000	0.791165	R.TDSESMLDGILLDGESRGSSVSLNS.T	AGAP009826-PA	ACOM026833-PA	CUFF.11605.1_2+	CUFF.11605.3_3+	CUFF.11605.2_3+	AGAP009826-RA_1+
tide:./crux_output/comet_7973_2_4	0.933330	0.375000	0.791165	R.KGSEPDLNQLCVR.E	TCONS_00030778_1+
tide:./crux_output/comet_6182_3_2	0.933261	0.375000	0.791165	R.LQFSITTIYAHTH.T	CUFF.3121.1_1+
tide:./crux_output/comet_5653_2_1	0.933126	0.375000	0.791165	R.SGAVTNSASYVTIA.G	CUFF.2927.1_3+	CUFF.2927.2_3+	AGAP007582-RA_3+
tide:./crux_output/comet_7520_3_1	0.933067	0.375000	0.791165	R.NDLLAFDSSSTLA.W	CUFF.795.1_3+
tide:./crux_output/comet_8159_4_1	0.932974	0.375000	0.791165	R.QFVANHSERTAVATGTK.W	CUFF.7277.1_3+	AGAP010641-RA_2+
tide:./crux_output/comet_5334_2_1	0.932912	0.375000	0.791165	K.FLYCILPLQ.V	CUFF.13174.1_1+
tide:./crux_output/comet_6869_2_1	0.932884	0.375000	0.791165	N.TTTTQNTHR.R	AGAP009806-RA_3+	CUFF.11650.3_2+	CUFF.11650.1_2+
tide:./crux_output/comet_7863_3_4	0.932882	0.375000	0.791165	R.SDRLVQPGGDAHQA.A	AGAP008625-RA_3+	AGAP008625-RB_3+	CUFF.10140.1_3+
tide:./crux_output/comet_6112_2_3	0.932818	0.375758	0.791165	K.ADRSLHTR.S	CUFF.4121.1_2+	CUFF.4121.6_2+
tide:./crux_output/comet_7595_2_2	0.932734	0.375758	0.791165	N.ISTGSPTGK.Q	sp|Q3E784|SLO1_YEAST
tide:./crux_output/comet_8205_2_1	0.932622	0.376506	0.791165	R.ANASHKSGR.F	CUFF.4121.1_3+	CUFF.4121.3_2+	CUFF.4121.2_1+	CUFF.4121.5_1+	CUFF.4121.4_1+	CUFF.4121.6_3+	AGAP002379-RA_1+
tide:./crux_output/comet_10567_4_1	0.932595	0.376506	0.791165	V.EAATMLSFGRGSEEHQSHLR.E	AGAP005790-PA	AGAP005790-RA_1+
tide:./crux_output/comet_4724_2_5	0.932492	0.378378	0.791165	G.ISQKLMK.H	TCONS_00018441_3+
comet:./crux_output/comet_10191_2_1	0.932198	0.380240	0.791165	R.VATVSLPR.S	gi|136429|sp|P00761|TRYP_PIG
tide:./crux_output/comet_7356_2_3	0.931863	0.395833	0.791165	-.SSSVIYQQSSDK.L	CUFF.9223.3_3+
tide:./crux_output/comet_9486_3_1	0.931820	0.395833	0.791165	L.TVFSCFYLHSHER.M	CUFF.5520.1_3+
tide:./crux_output/comet_9305_2_1	0.931719	0.396450	0.791165	K.ATNTSHPSSIPIA.D	AGAP012652-RA_3+
tide:./crux_output/comet_8441_2_2	0.931690	0.396450	0.791165	F.RASTSSPK.R	CUFF.1344.3_1+	CUFF.1344.2_3+	CUFF.1344.1_2+	CUFF.1344.5_3+	CUFF.1344.4_1+
tide:./crux_output/comet_10595_2_1	0.931527	0.400000	0.791165	I.TSHLANATSEK.Y	sp|P25270|MRM1_YEAST
tide:./crux_output/comet_8340_2_2	0.931451	0.400000	0.791165	S.AGATTSITTR.A	AGAP009074-RA_2+	CUFF.10732.5_3+	CUFF.10732.4_3+	CUFF.10732.7_1+	CUFF.10732.6_1+	CUFF.10732.3_1+	CUFF.10732.8_1+	CUFF.10732.2_2+	CUFF.10732.1_2+
tide:./crux_output/comet_6812_2_1	0.931359	0.401734	0.791165	F.CFGFTFPR.R	CUFF.7294.1_1+
tide:./crux_output/comet_7700_2_3	0.931237	0.401734	0.791165	R.DGSVSYRR.S	AGAP000169-RA_3+	CUFF.16007.1_1+
tide:./crux_output/comet_10609_2_1	0.931228	0.401734	0.791165	K.IEFVEIYEP.F	ACOM038474-PA
tide:./crux_output/comet_8801_3_1	0.931182	0.401734	0.791165	M.PECAAGAARHPDGER.H	CUFF.3092.3_1+	CUFF.3092.1_3+	AGAP001296-RA_1+
tide:./crux_output/comet_6256_2_3	0.931169	0.401734	0.791165	K.TAMKSAVR.N	ACOM022394-PA
tide:./crux_output/comet_10524_2_2	0.931141	0.401734	0.791165	K.QHVHAAANER.Y	AGAP003794-RA_1+	AGAP003794-RB_1+
tide:./crux_output/comet_5907_3_4	0.930327	0.411429	0.791165	T.VGFLLTTPENK.T	sp|Q02202|ECM9_YEAST
tide:./crux_output/comet_10568_4_1	0.930288	0.411429	0.791165	R.RMMDPSEGSSALTQTKYIER.V	AGAP001168-PA	ACOM043163-PA	AGAP001168-RB_1+	AGAP001168-RA_2+	CUFF.3007.1_1+	CUFF.3007.3_1+	CUFF.3007.2_3+
tide:./crux_output/comet_8683_2_1	0.930102	0.411429	0.791165	R.SRPIPEEP.R	CUFF.2341.1_2+
tide:./crux_output/comet_5561_2_5	0.930088	0.411429	0.791165	K.AGTTAVQR.A	CUFF.5831.1_3+
tide:./crux_output/comet_6081_3_2	0.929909	0.417614	0.791165	R.DAVATRGQGDPLVSV.I	CUFF.8770.4_1+	CUFF.8770.3_3+	CUFF.8770.2_2+
tide:./crux_output/comet_6536_2_2	0.929880	0.417614	0.791165	R.QLGDVPFQT.I	AGAP003714-RA_3+	CUFF.5390.2_3+
tide:./crux_output/comet_9783_3_1	0.929714	0.420485	0.791165	F.LASAKPDDMNNLAGK.N	sp|P38814|SBE22_YEAST
tide:./crux_output/comet_7982_2_2	0.929704	0.420485	0.791165	R.AGGGTVHLSGAR.E	AGAP001858-RA_3+	CUFF.3612.1_1+	CUFF.3612.2_2+
tide:./crux_output/comet_10307_2_2	0.929641	0.420485	0.791165	K.TLAFGSFDEI.K	AGAP000467-PA	AGAP000467-PB	ACOM028037-PA	CUFF.16784.4_2+	CUFF.16784.1_1+	CUFF.16784.2_3+	CUFF.16784.3_2+	CUFF.16784.6_3+	AGAP000467-RA_1+
tide:./crux_output/comet_8864_2_1	0.929619	0.420485	0.791165	R.SLYNFRLNHS.V	CUFF.612.1_1+
tide:./crux_output/comet_9945_2_3	0.929446	0.420485	0.791165	K.NDVFVSSALPV.T	CUFF.10147.9_2+	CUFF.10147.7_1+	CUFF.10147.8_3+
tide:./crux_output/comet_10420_2_1	0.929364	0.420485	0.791165	H.ADICTLPDTEK.Q	sp|P02769|ALBU_BOVIN
tide:./crux_output/comet_10104_3_1	0.929360	0.420485	0.791165	R.RENFSSRDHPISTISS.P	CUFF.3967.3_1+	CUFF.3967.1_3+	AGAP002226-RA_2+
tide:./crux_output/comet_10197_2_3	0.929241	0.420485	0.791165	R.AGALLDRHDSR.V	CUFF.16082.1_2+	CUFF.16082.3_1+	CUFF.16082.2_2+	CUFF.16082.4_3+	AGAP000153-RA_3+
tide:./crux_output/comet_5365_2_4	0.928955	0.420485	0.791165	K.QAYLQVK.L	CUFF.966.3_1+	CUFF.966.2_2+	CUFF.966.1_2+
tide:./crux_output/comet_5724_2_2	0.928898	0.420485	0.791165	S.VLYIEDR.A	AGAP010258-RA_2+	CUFF.12137.1_2+
tide:./crux_output/comet_9796_2_2	0.928895	0.420485	0.791165	R.SLEHSSSAAAMK.R	ACOM028585-PA
tide:./crux_output/comet_9008_3_3	0.928893	0.420485	0.791165	R.KFSQDHASSNFSLYNK.S	AGAP005217-RA_1+
tide:./crux_output/comet_5683_2_1	0.928889	0.420485	0.791165	-.VDSGYENK.Q	CUFF.7915.1_2+
tide:./crux_output/comet_4902_3_1	0.928820	0.420485	0.791165	K.HTHAEANPWRLGMVT.V	TCONS_00021049_3+	TCONS_00021048_3+
tide:./crux_output/comet_10199_3_1	0.928697	0.420485	0.791165	R.GATHQSNAAGDDREGR.S	CUFF.10872.1_1+	AGAP009239-RA_3+
tide:./crux_output/comet_6017_3_2	0.928680	0.420485	0.791165	R.QGVWVWEASGSVCEL.K	AGAP011964-RA_2+
tide:./crux_output/comet_8455_3_4	0.928651	0.420485	0.791165	H.SNLGVYFCSLLGGR.S	CUFF.9987.2_1+	CUFF.9987.1_1+
tide:./crux_output/comet_10301_3_1	0.928603	0.420485	0.791165	R.QTAANAGARGGANIEG.K	AGAP008639-RA_3+
tide:./crux_output/comet_6581_3_1	0.928557	0.420485	0.791165	R.INQSHRKCLPG.R	AGAP007392-RA_1+
tide:./crux_output/comet_8949_3_1	0.928309	0.427419	0.791165	K.QGKAEPDPDVAVK.I	AGAP002805-PA	ACOM037638-PA	AGAP002805-RA_2+
tide:./crux_output/comet_6590_2_1	0.928289	0.428954	0.791165	R.AFSFPLYFFLW.F	TCONS_00022131_1+
tide:./crux_output/comet_7913_2_4	0.928046	0.441176	0.791165	R.LINNCFMNLP.V	AGAP001585-RB_3+	AGAP001585-RC_1+
tide:./crux_output/comet_7890_2_2	0.927949	0.441489	0.791165	T.ATDTGSTR.D	AGAP006339-RA_3+	CUFF.1880.4_3+	CUFF.1880.5_3+	CUFF.1880.6_1+	CUFF.1880.7_2+	CUFF.1880.1_2+	CUFF.1880.2_3+	CUFF.1880.3_1+	CUFF.1880.8_3+	CUFF.1880.9_1+
tide:./crux_output/comet_10215_3_3	0.927947	0.441489	0.791165	K.LPSTAELWSSGNSVFNQ.Q	ACOM033446-PA
tide:./crux_output/comet_8024_2_2	0.927868	0.444444	0.791165	K.KVDSTPTDA.S	AGAP003175-PA	ACOM035642-PA	AGAP003175-RA_1+	CUFF.4863.3_1+	CUFF.4863.1_1+
tide:./crux_output/comet_6192_4_2	0.927861	0.444444	0.791165	R.VRVCDSTGGLLSTDGR.K	CUFF.4840.2_3+	CUFF.4840.1_2+	AGAP003128-RA_3+
tide:./crux_output/comet_8903_2_2	0.927813	0.445910	0.791165	A.NGSPNECYGTGRYR.R	CUFF.6131.4_2+	AGAP004188-RA_3+
tide:./crux_output/comet_9909_3_1	0.927734	0.447368	0.791165	R.SSEESEYDWKKGALSHCFSVS.S	CUFF.5313.1_3+
tide:./crux_output/comet_7499_2_1	0.927640	0.448819	0.791165	R.AQYPVER.V	CUFF.1113.3_2+	CUFF.1113.4_2+	CUFF.1113.6_3+
tide:./crux_output/comet_6045_2_1	0.927565	0.449086	0.791165	H.HVIESLHSK.K	AGAP008249-PA	ACOM030276-PA	AGAP008249-RA_1+
tide:./crux_output/comet_9165_2_3	0.927529	0.449086	0.791165	R.KFSLSYPLTK.A	CUFF.12309.4_2+	AGAP010304-RA_1+	CUFF.12309.1_3+	CUFF.12309.5_1+	AGAP010304-RB_1+
tide:./crux_output/comet_7419_2_2	0.927496	0.450521	0.791165	L.CHPEPVQSER.Q	CUFF.11352.5_1+	CUFF.11352.7_2+	CUFF.11352.6_2+	CUFF.11352.8_3+
tide:./crux_output/comet_6429_2_1	0.927438	0.451948	0.791165	R.AMTPTGPK.Q	AGAP003940-PA	ACOM024079-PA	AGAP003940-RA_1+	CUFF.5645.1_2+
tide:./crux_output/comet_6619_3_2	0.927333	0.455959	0.791165	T.QGLHSNEKPPEPEK.R	AGAP003061-PA	AGAP003064-PA	ACOM035486-PA	AGAP003061-RA_1+	AGAP003064-RA_3+
tide:./crux_output/comet_6541_3_2	0.927255	0.459948	0.791165	R.GAESRGSSAEQFYVW.C	CUFF.11514.3_1+	CUFF.11514.4_2+	AGAP009752-RA_2+	CUFF.11514.1_1+
tide:./crux_output/comet_8299_2_1	0.927211	0.460154	0.791165	R.LETPSSPTPAAGPA.L	CUFF.2877.3_1+
tide:./crux_output/comet_10459_2_1	0.927180	0.460154	0.791165	R.FLLDYIAVMAGGGD.P	ACOM037745-PA
tide:./crux_output/comet_7423_2_2	0.927140	0.464103	0.791165	R.IVYTHVCLTF.Y	CUFF.2714.10_1+	CUFF.2714.1_3+	CUFF.2714.3_3+	CUFF.2714.2_1+	CUFF.2714.5_1+	CUFF.2714.4_2+	CUFF.2714.9_1+
tide:./crux_output/comet_9607_4_1	0.927114	0.466165	0.791165	P.SEDRRSTLTDGDESDLSAGSTSSDER.D	AGAP029113-PA	AGAP004732-RA_3+	CUFF.349.4_1+	CUFF.349.5_2+	CUFF.349.1_1+	CUFF.349.2_1+	CUFF.349.3_1+
tide:./crux_output/comet_6347_3_1	0.927008	0.466165	0.791165	S.QSMINNWQLR.E	AGAP029897-PA	AGAP029897-PB	AGAP029897-PC	AGAP029897-PD	CUFF.11344.8_1+	CUFF.11344.1_1+	CUFF.11344.7_1+	CUFF.11344.6_1+	AGAP009554-RA_1+	CUFF.11344.17_1+
tide:./crux_output/comet_7292_3_1	0.927006	0.466165	0.791165	R.QHPDIKLARC.H	AGAP009825-PA	ACOM026843-PA	AGAP009825-RA_1+
tide:./crux_output/comet_5730_2_5	0.926961	0.466165	0.791165	S.LTLTSER.T	CUFF.2067.3_3+	CUFF.2067.1_1+	CUFF.2067.2_3+
tide:./crux_output/comet_9203_2_4	0.926908	0.466165	0.791165	K.LMSSSMFPPK.S	AGAP029444-PA	ACOM033473-PA	AGAP010054-RA_2+	CUFF.11971.2_2+
tide:./crux_output/comet_6811_2_1	0.926820	0.466165	0.791165	S.ALCDISVK.X	CUFF.12046.1_1+
tide:./crux_output/comet_10109_3_4	0.926796	0.466165	0.791165	R.TKITFSPTQTGR.D	AGAP005715-PA	AGAP005715-PB	ACOM031208-PA	AGAP005715-RB_3+	AGAP005715-RA_1+
tide:./crux_output/comet_10163_3_2	0.926794	0.466165	0.791165	R.QTTDNGQPIGGASTNTATL.R	CUFF.2989.9_2+	CUFF.2989.3_1+	CUFF.2989.5_1+	CUFF.2989.4_2+	CUFF.2989.6_1+	CUFF.2989.8_1+	CUFF.2989.11_1+	CUFF.2989.10_2+	CUFF.2989.13_3+	CUFF.2989.12_2+	AGAP007714-RA_1+
tide:./crux_output/comet_8732_2_2	0.926774	0.466165	0.791165	K.DVTLYAIE.E	AGAP008516-PA	AGAP008516-PB	ACOM029865-PA	AGAP008516-RB_1+	AGAP008516-RA_1+	CUFF.10047.6_3+	CUFF.10047.4_3+	CUFF.10047.2_2+	CUFF.10047.3_3+	CUFF.10047.1_2+
tide:./crux_output/comet_9673_3_1	0.926567	0.467500	0.791165	R.ATVVRLWPNSLQM.R	AGAP006524-RA_3+
tide:./crux_output/comet_8195_2_1	0.926405	0.468828	0.791165	R.VKEVSDNYENTW.K	CUFF.2648.2_2+	CUFF.2648.1_2+
tide:./crux_output/comet_5695_2_2	0.926235	0.475248	0.791165	T.VTSSSRSAK.S	CUFF.10343.4_2+	CUFF.10343.6_3+	CUFF.10343.1_1+	CUFF.10343.3_1+	CUFF.10343.2_2+	AGAP008827-RA_3+
tide:./crux_output/comet_8694_2_1	0.926222	0.475248	0.791165	E.ARPAQSGR.W	CUFF.17097.4_2+	CUFF.17097.2_1+	AGAP000847-RC_3+	CUFF.17097.3_3+
tide:./crux_output/comet_6494_2_2	0.926152	0.475248	0.791165	V.TVTSSSRAR.A	CUFF.3198.3_2+	AGAP001330-RC_3+
tide:./crux_output/comet_6333_2_2	0.926028	0.475490	0.791165	R.AVCIGSLSYTR.S	CUFF.6298.1_2+	AGAP004588-RA_3+
tide:./crux_output/comet_9554_2_3	0.925970	0.475490	0.791165	R.GQQKATGK.R	CUFF.10109.1_1+
tide:./crux_output/comet_7095_2_1	0.925955	0.475490	0.791165	K.NITFKPL.I	CUFF.6046.1_2+
tide:./crux_output/comet_7522_2_3	0.925894	0.475490	0.791165	R.DESLTVDNLS.I	sp|P40302|PSA6_YEAST
tide:./crux_output/comet_8008_2_2	0.925772	0.475728	0.791165	L.VDPDGGGGSVR.A	AGAP000368-RA_2+
tide:./crux_output/comet_7974_2_3	0.925755	0.475728	0.791165	V.RFTINEK.E	sp|P38138|GLU2A_YEAST	CUFF.4495.3_3+
tide:./crux_output/comet_4790_2_1	0.925715	0.475728	0.791165	A.DPSFKNQKGK.T	AGAP029520-PA	ACOM038879-PA	AGAP005648-RA_1+	CUFF.1227.2_1+	CUFF.1227.1_2+
tide:./crux_output/comet_8619_2_3	0.925697	0.475728	0.791165	K.RFVMQSVI.S	AGAP005020-PA	ACOM029230-PA	AGAP005020-RA_1+	CUFF.679.1_3+	CUFF.679.2_3+
tide:./crux_output/comet_9735_3_1	0.925606	0.476998	0.791165	R.TDRGLDGQSERPGR.T	CUFF.7517.1_2+	AGAP010850-RA_3+
tide:./crux_output/comet_8665_3_4	0.925513	0.478261	0.791165	R.APGTFRVEHCTVR.K	AGAP005743-RA_2+
tide:./crux_output/comet_6948_2_5	0.925384	0.479518	0.791165	R.NTQSISTQK.X	CUFF.11076.10_1+	CUFF.11076.9_3+	CUFF.11076.8_2+	CUFF.11076.5_2+	CUFF.11076.7_2+	CUFF.11076.6_3+
tide:./crux_output/comet_5245_2_1	0.925299	0.480769	0.791165	A.HLAAEEAER.H	AGAP008273-RA_3+	CUFF.9832.3_1+	CUFF.9832.2_3+	CUFF.9832.1_1+
tide:./crux_output/comet_6512_2_2	0.925216	0.481735	0.791165	R.SMCATTITVYR.C	CUFF.3069.7_3+	AGAP001238-RB_3+	AGAP001238-RA_3+	CUFF.3069.5_1+	CUFF.3069.4_2+	CUFF.3069.6_2+	CUFF.3069.3_2+	CUFF.3069.8_2+
tide:./crux_output/comet_9689_3_5	0.925208	0.481735	0.791165	A.TESLYDNIFTVK.S	AGAP011648-PA	ACOM041104-PA	AGAP011648-RA_1+	CUFF.8551.1_1+	CUFF.8551.2_3+
tide:./crux_output/comet_4372_3_1	0.925037	0.481735	0.791165	A.QMVPVPRQAER.C	AGAP006624-RA_2+	CUFF.2084.1_3+
tide:./crux_output/comet_8351_2_4	0.925012	0.481735	0.791165	K.VFSLTER.K	CUFF.3215.6_1+	CUFF.3215.4_3+	CUFF.3215.5_1+	CUFF.3215.1_1+
tide:./crux_output/comet_7738_3_3	0.924936	0.481735	0.791165	R.AQLDTGGKGTPAQ.L	CUFF.753.1_3+	CUFF.753.3_3+	CUFF.753.2_2+	AGAP005139-RA_3+
tide:./crux_output/comet_8986_4_1	0.924897	0.481735	0.791165	R.WSSGGGIKGHQIFQPPHEC.G	CUFF.10243.2_1+	CUFF.10243.3_1+
tide:./crux_output/comet_7827_3_1	0.924888	0.481735	0.791165	K.SVAPLRQSDFSIE.H	AGAP003406-PA	ACOM028352-PA	AGAP003406-RA_1+
tide:./crux_output/comet_7810_2_1	0.924845	0.481735	0.791165	N.QMQYGVVRS.-	AGAP001865-RA_3+
tide:./crux_output/comet_6394_2_1	0.924798	0.481735	0.791165	R.SSNRSAGTVSV.T	AGAP007021-RA_1+
tide:./crux_output/comet_9758_3_1	0.924781	0.481735	0.791165	R.KPGTRCSGSTGRSIR.R	CUFF.8831.1_1+	AGAP011895-RA_2+
tide:./crux_output/comet_9898_3_2	0.924781	0.481735	0.791165	I.NIMNRSNDALIK.F	sp|P19097|FAS2_YEAST
tide:./crux_output/comet_8027_2_5	0.924686	0.481735	0.791165	R.QPGYYADIETR.C	AGAP006435-PA	ACOM039748-PA	CUFF.1931.1_2+	AGAP006435-RA_1+
tide:./crux_output/comet_4689_2_5	0.924685	0.481735	0.791165	R.RAADRGNAR.F	AGAP004703-RA_1+
tide:./crux_output/comet_7084_2_4	0.924676	0.481735	0.791165	R.DLLYIAR.K	TCONS_00039546_3+
tide:./crux_output/comet_6570_3_1	0.924652	0.481735	0.791165	R.ANPTKVRESAEP.S	AGAP013757-RA_3+
tide:./crux_output/comet_9460_2_1	0.924612	0.481735	0.791165	D.TTTATVTK.T	AGAP004823-RA_3+	CUFF.438.2_3+	CUFF.438.1_2+
tide:./crux_output/comet_6044_2_2	0.924602	0.481735	0.791165	S.TAFCLLYK.L	AGAP004698-PA	ACOM036052-PA	CUFF.170.2_1+	CUFF.170.1_1+	AGAP004698-RA_2+
tide:./crux_output/comet_7080_4_2	0.924569	0.481735	0.791165	I.TLQNLEIFSNSFDGSDK.G	sp|Q03834|MSH6_YEAST
tide:./crux_output/comet_9436_3_2	0.924481	0.481735	0.791165	R.KMECGGNIEKAK.E	CUFF.9662.5_1+	CUFF.9662.7_2+	CUFF.9662.8_2+	CUFF.9662.9_2+	CUFF.9662.6_3+	CUFF.9662.4_2+	CUFF.9662.2_3+	CUFF.9662.3_1+	CUFF.9662.1_1+
tide:./crux_output/comet_9606_2_2	0.924451	0.481735	0.791165	A.VTVGIGSAK.L	TCONS_00003916_3+
tide:./crux_output/comet_9835_2_1	0.924384	0.481735	0.791165	R.EYLTKVT.K	sp|P04819|DNLI1_YEAST
tide:./crux_output/comet_5975_2_2	0.924355	0.481735	0.791165	R.LATMSRR.X	AGAP010611-RA_3+	CUFF.7129.1_3+
tide:./crux_output/comet_7330_3_1	0.924151	0.486364	0.791165	K.QHAAAKVAAAASFYQ.N	AGAP005631-RA_1+
tide:./crux_output/comet_9295_3_1	0.924134	0.486364	0.791165	D.LYTCFDSIVENFDVYK.V	AGAP003283-PA	AGAP012597-PA	ACOM035796-PA	AGAP012597-RA_1+	AGAP003283-RA_1+	CUFF.5078.3_1+	CUFF.5078.2_2+	CUFF.5078.5_2+	CUFF.5078.4_3+	CUFF.5078.7_3+	CUFF.5078.6_1+
tide:./crux_output/comet_7814_2_1	0.924011	0.489796	0.791165	K.LVYFLYID.L	CUFF.7517.1_2+
tide:./crux_output/comet_6966_2_1	0.923909	0.489842	0.791165	T.ADGQFKSR.R	CUFF.4585.1_2+	CUFF.4585.5_3+	CUFF.4585.4_3+
comet:./crux_output/comet_6276_3_3	0.923889	0.489842	0.791165	R.QFYGYWEGFCTK.K	AGAP009943-PA	ACOM029333-PA	AGAP009943-RA_1+
tide:./crux_output/comet_10455_2_1	0.923783	0.491031	0.791165	A.VCVFAWGGK.Y	TCONS_00028398_3+
tide:./crux_output/comet_7954_3_1	0.923714	0.491031	0.791165	R.ATTVGLRVTFEYC.I	TCONS_00014568_2+
tide:./crux_output/comet_6997_3_1	0.923709	0.491031	0.791165	K.LFGLSTSEQSR.N	ACOM035672-PA
tide:./crux_output/comet_8805_3_3	0.923591	0.494407	0.791165	N.RPVTTVCSMHSVR.R	CUFF.10831.4_2+	AGAP009189-RA_1+	CUFF.10831.3_2+	CUFF.10831.5_2+	CUFF.10831.1_2+	CUFF.10831.2_3+
tide:./crux_output/comet_10589_2_2	0.923518	0.497778	0.791165	Y.ADEFAIGYFK.K	AGAP004434-PA	ACOM029692-PA	AGAP004434-RA_1+	CUFF.6100.1_2+
tide:./crux_output/comet_7364_2_1	0.923504	0.497778	0.791165	R.GFDFYHLPLF.T	AGAP006933-PA	ACOM031521-PA	CUFF.2377.1_1+	CUFF.2377.2_3+	CUFF.2377.3_3+	CUFF.2377.4_3+	CUFF.2377.5_3+	CUFF.2377.6_3+	AGAP006933-RA_2+
tide:./crux_output/comet_10070_2_1	0.923483	0.497778	0.791165	R.GGGFRSAAAD.Q	CUFF.11566.2_3+	CUFF.11566.1_1+	AGAP009780-RA_1+
tide:./crux_output/comet_9615_2_1	0.923378	0.497797	0.791165	R.VDSPLLPSP.S	ACOM023189-PA
tide:./crux_output/comet_5235_2_1	0.923313	0.497797	0.791165	R.KESFVVW.R	CUFF.11560.1_1+	CUFF.11560.3_2+	CUFF.11560.4_3+	CUFF.11560.2_3+
tide:./crux_output/comet_7198_2_1	0.923304	0.497797	0.791165	K.KSTSSSAAEER.C	CUFF.15844.5_2+
tide:./crux_output/comet_6849_2_4	0.923294	0.497797	0.791165	R.LHRPAHA.G	AGAP012210-RA_3+	CUFF.9165.6_1+	CUFF.9165.7_2+	CUFF.9165.5_1+	CUFF.9165.8_1+
tide:./crux_output/comet_8107_2_1	0.923168	0.501094	0.791165	R.FSEAAFLGST.Y	sp|P41811|COPB2_YEAST
tide:./crux_output/comet_8884_2_1	0.923168	0.501094	0.791165	R.KPPGNATGPGT.M	AGAP013148-RA_2+
tide:./crux_output/comet_4599_2_1	0.923166	0.501094	0.791165	R.LSQKFPK.A	sp|P02769|ALBU_BOVIN
tide:./crux_output/comet_9816_3_2	0.923140	0.502092	0.791165	L.VSGLLPGGNWWTEGNER.A	CUFF.770.1_1+	CUFF.770.2_1+	CUFF.770.5_1+	CUFF.770.6_1+	CUFF.770.7_2+	AGAP005124-RC_3+	AGAP005124-RB_3+	AGAP005124-RA_3+
tide:./crux_output/comet_6480_2_1	0.923122	0.502092	0.791165	R.LQYTSVT.K	CUFF.3781.2_1+
tide:./crux_output/comet_7741_2_3	0.923061	0.502092	0.791165	R.WVLIRTHE.L	sp|P40309|KHA1_YEAST
tide:./crux_output/comet_5250_3_1	0.923043	0.502092	0.791165	R.WPTSPARTLSSS.S	AGAP010585-RA_2+	CUFF.7099.1_2+	CUFF.7099.2_2+	CUFF.7099.3_3+
tide:./crux_output/comet_7724_2_5	0.923026	0.502092	0.791165	R.VLSVHSGPPST.P	AGAP007640-PA	CUFF.3169.1_2+	AGAP007640-RA_1+	CUFF.3169.2_3+
tide:./crux_output/comet_4535_2_1	0.922954	0.502092	0.791165	-.RSVHYQTR.P	CUFF.10867.1_2+
tide:./crux_output/comet_7776_2_1	0.922924	0.502092	0.791165	R.AAARPPGPVS.A	AGAP013441-RA_2+
tide:./crux_output/comet_6125_2_2	0.922876	0.502092	0.791165	R.EKHNNTNNK.R	AGAP003417-RA_2+	AGAP003417-RB_2+	CUFF.5109.1_2+
tide:./crux_output/comet_5740_3_1	0.922859	0.502092	0.791165	K.QAQSQKTIIPQ.R	CUFF.10453.1_2+	CUFF.10453.3_2+	CUFF.10453.2_2+	CUFF.10453.4_1+	AGAP008910-RA_2+
tide:./crux_output/comet_6476_2_1	0.922796	0.502092	0.791165	V.QMVGSYPPK.K	AGAP012168-PA	ACOM026478-PA	CUFF.9090.2_1+	CUFF.9090.1_1+	AGAP012168-RA_1+
tide:./crux_output/comet_10594_2_1	0.922784	0.502092	0.791165	K.IDTNQFQRNR.G	CUFF.16123.3_2+
tide:./crux_output/comet_6168_2_1	0.922770	0.502092	0.791165	R.HVILSTQPP.Q	AGAP009522-PA	ACOM032446-PA	CUFF.11227.10_3+	AGAP009522-RA_1+	CUFF.11227.8_1+	CUFF.11227.11_2+	CUFF.11227.3_1+	CUFF.11227.2_1+	CUFF.11227.4_1+	CUFF.11227.7_1+	CUFF.11227.9_1+
tide:./crux_output/comet_6288_3_1	0.922758	0.502092	0.791165	P.ITQQYFQADAR.H	CUFF.12373.2_3+	CUFF.12373.1_2+
tide:./crux_output/comet_6324_2_4	0.922750	0.502092	0.791165	R.CRPSSPIW.T	CUFF.5203.1_2+	CUFF.5203.2_3+	CUFF.5203.3_1+	AGAP003492-RD_2+	AGAP003492-RC_2+	AGAP003492-RB_1+	AGAP003492-RA_3+
tide:./crux_output/comet_8316_3_1	0.922743	0.502092	0.791165	F.HADICTLPDTEK.Q	sp|P02769|ALBU_BOVIN
tide:./crux_output/comet_9558_2_1	0.922718	0.502092	0.791165	K.ATLLLHCP.D	AGAP006786-RA_3+
tide:./crux_output/comet_10626_3_1	0.922706	0.502092	0.791165	R.AGMFGLDPEVYGGV.E	AGAP008906-RA_3+
tide:./crux_output/comet_9219_2_1	0.922626	0.502092	0.791165	K.TIIESLSGPM.S	AGAP000017-PA	AGAP000017-PB	AGAP000017-PC	CUFF.15855.1_1+	CUFF.15855.4_1+	AGAP000017-RA_1+	CUFF.15855.10_1+	CUFF.15855.2_1+	CUFF.15855.3_1+	CUFF.15855.5_2+	CUFF.15855.6_3+	CUFF.15855.7_2+	CUFF.15855.8_1+
tide:./crux_output/comet_7319_3_3	0.922557	0.502092	0.791165	R.SSELEVSTYSAK.D	CUFF.5908.4_2+	CUFF.5908.1_3+	CUFF.5908.3_1+	CUFF.5908.2_1+
tide:./crux_output/comet_6683_2_1	0.922473	0.502092	0.791165	R.GTTAVDTEEVA.Q	CUFF.2562.1_2+
tide:./crux_output/comet_9854_3_5	0.922470	0.502092	0.791165	Q.TNLEWREIER.X	CUFF.9942.2_3+	CUFF.9942.5_2+	CUFF.9942.4_3+	CUFF.9942.3_1+	CUFF.9942.1_3+
tide:./crux_output/comet_6886_3_2	0.922373	0.503132	0.798635	R.QANVPAAVELPE.S	AGAP006969-RA_3+	CUFF.2422.3_3+	CUFF.2422.1_3+	CUFF.2422.2_1+
tide:./crux_output/comet_8981_3_1	0.922281	0.509317	0.798635	K.QLGFDKMTPVQGATI.P	ACOM033817-PA
tide:./crux_output/comet_8204_3_2	0.922233	0.509317	0.798635	R.CYCCCSYCCH.H	AGAP000689-RA_3+
tide:./crux_output/comet_8511_2_2	0.922220	0.509317	0.798635	L.NCALLPK.H	AGAP000412-RA_2+	CUFF.6798.1_2+	DECOY_AGAP000249-RA_1+
tide:./crux_output/comet_6451_2_1	0.922217	0.509317	0.798635	K.TVKEESMVVS.L	TCONS_00000012_3+
tide:./crux_output/comet_10290_2_1	0.922076	0.510331	0.798635	Q.NTYISMKK.K	CUFF.7323.8_1+	CUFF.7323.4_2+	CUFF.7323.5_3+	CUFF.7323.6_2+	CUFF.7323.7_1+	CUFF.7323.1_2+	CUFF.7323.2_3+	CUFF.7323.3_2+
tide:./crux_output/comet_4923_2_1	0.922022	0.515464	0.798635	R.GFVKNAFTLV.G	TCONS_00015169_2+
tide:./crux_output/comet_8250_3_3	0.921985	0.518519	0.798635	R.SWSIIASTGSSTFPRC.S	AGAP011948-RA_3+
tide:./crux_output/comet_5557_4_1	0.921842	0.523517	0.798635	Q.SEANIFDSIYISANK.N	sp|P53855|ATG2_YEAST
tide:./crux_output/comet_9187_3_2	0.921802	0.523517	0.798635	R.TGTFVALDTLMQQ.L	AGAP003187-PA	AGAP012901-PA	ACOM035652-PA	CUFF.15627.1_1+	AGAP012901-RA_1+	AGAP003187-RA_1+	CUFF.4926.6_3+	CUFF.4926.7_1+
tide:./crux_output/comet_5870_2_1	0.921797	0.523517	0.798635	K.KNSVFNPV.C	CUFF.9897.1_1+
tide:./crux_output/comet_4683_2_2	0.921698	0.524490	0.798635	R.TQSPLQDASNH.P	CUFF.10908.5_3+	CUFF.10908.6_3+
tide:./crux_output/comet_9790_2_2	0.921612	0.526210	0.798635	S.SKESTPHEQQK.E	ACOM026499-PA	CUFF.9075.1_2+
tide:./crux_output/comet_6746_2_1	0.921572	0.526210	0.798635	Q.QCSTVAR.T	AGAP012417-RA_3+
tide:./crux_output/comet_9162_2_1	0.921559	0.526210	0.798635	K.TFRSSEMLN.E	AGAP009520-PA	ACOM032435-PA	CUFF.11135.1_2+	AGAP009520-RA_1+
tide:./crux_output/comet_10614_2_3	0.921552	0.526210	0.798635	K.RSANHLTLTATGH.H	AGAP010395-RA_2+	CUFF.6804.1_1+
tide:./crux_output/comet_7696_3_3	0.921474	0.526210	0.798635	K.LVNDEASEGQVK.A	sp|P38427|TSL1_YEAST
tide:./crux_output/comet_5855_3_1	0.921467	0.526210	0.798635	K.QNFLPIPPPPP.X	CUFF.16055.2_3+
tide:./crux_output/comet_8606_2_5	0.921431	0.526316	0.798635	K.ALNFNVIGR.Y	sp|Q12517|DCP1_YEAST
tide:./crux_output/comet_10385_4_4	0.921356	0.526316	0.798635	P.AAHGAHTYSVDNLAVGMGGHDSASDR.A	AGAP002493-PA	ACOM036902-PA	CUFF.4207.1_2+	AGAP002493-RA_2+
tide:./crux_output/comet_7099_2_2	0.921182	0.526316	0.798635	R.LLTSALGR.A	AGAP001458-RA_3+	DECOY_AGAP009128-PA	DECOY_ACOM027237-PA	DECOY_AGAP009128-RA_2+
tide:./crux_output/comet_7779_3_3	0.921141	0.526316	0.798635	R.STTTWPICSLW.S	AGAP005344-RA_3+
tide:./crux_output/comet_5313_2_4	0.921116	0.526316	0.798635	R.TSAGDAEDRR.K	CUFF.4896.1_1+	AGAP003227-RA_3+
tide:./crux_output/comet_7265_2_5	0.921027	0.526316	0.798635	K.EVTAYALK.T	AGAP005765-PA	ACOM031272-PA	CUFF.1314.1_2+	CUFF.1314.3_3+	AGAP005765-RA_3+
tide:./crux_output/comet_10287_3_1	0.920947	0.526316	0.798635	R.CEQVPAGAGLPEAAGANDA.P	AGAP009197-RA_2+
tide:./crux_output/comet_8609_3_1	0.920922	0.526316	0.798635	E.PEMALDPDKER.I	AGAP006728-PA	ACOM023350-PA	AGAP006728-RA_1+	CUFF.2184.2_2+
tide:./crux_output/comet_8529_2_1	0.920900	0.526316	0.798635	R.ALDSEHDSRFK.Y	CUFF.9225.6_3+
tide:./crux_output/comet_5961_3_1	0.920899	0.526316	0.798635	R.KMIHAGGTATHNPTYD.L	AGAP005546-PA	ACOM039017-PA	CUFF.1106.1_2+	AGAP005546-RA_1+
tide:./crux_output/comet_8859_3_1	0.920887	0.526316	0.798635	R.VLTMCMTMGRRD.C	CUFF.3035.8_1+	CUFF.3035.9_1+	CUFF.3035.6_2+	CUFF.3035.7_2+	CUFF.3035.4_1+	CUFF.3035.5_2+	CUFF.3035.2_2+	CUFF.3035.3_3+	CUFF.3035.1_2+	CUFF.3035.10_2+
tide:./crux_output/comet_8959_2_5	0.920884	0.526316	0.798635	R.NFPQQQQS.R	CUFF.9888.4_2+	CUFF.9888.5_2+	CUFF.9888.6_1+	CUFF.9888.1_1+	CUFF.9888.3_1+	AGAP007892-RA_3+	CUFF.9888.7_1+	CUFF.9888.8_1+	CUFF.9888.9_2+	CUFF.9888.2_3+
tide:./crux_output/comet_8169_2_2	0.920843	0.526316	0.798635	Y.TIVNHPSAK.X	CUFF.4736.1_1+
tide:./crux_output/comet_7569_3_1	0.920835	0.526316	0.798635	L.PSVRAEVLRMR.G	CUFF.6911.2_2+	CUFF.6911.3_1+	CUFF.6911.1_2+
tide:./crux_output/comet_6344_3_3	0.920746	0.526316	0.798635	R.SCLAGAAPRAPSSP.T	AGAP008292-RA_2+
tide:./crux_output/comet_8384_3_4	0.920548	0.526316	0.798635	W.DEMFDTNLCLAYAK.Q	ACOM029051-PA	CUFF.536.1_1+	CUFF.536.2_1+	CUFF.536.3_1+
tide:./crux_output/comet_4678_3_1	0.920499	0.526316	0.798635	R.QHVLTAASCVM.N	AGAP006487-PA	ACOM039646-PA	AGAP006487-RA_1+
tide:./crux_output/comet_8747_2_2	0.920454	0.527237	0.798635	K.INVSVRE.K	CUFF.10538.1_1+	CUFF.10538.3_3+	CUFF.10538.2_3+	CUFF.10538.4_2+	CUFF.10538.8_2+	CUFF.10538.6_1+	CUFF.10538.5_2+	CUFF.10538.7_3+
tide:./crux_output/comet_9661_2_1	0.920294	0.535645	0.798635	K.CCKHVLRY.T	CUFF.2796.11_3+	CUFF.2796.10_1+	AGAP007396-RB_2+	CUFF.2796.3_2+	CUFF.2796.2_3+	CUFF.2796.1_2+	CUFF.2796.5_2+	CUFF.2796.4_2+
tide:./crux_output/comet_9437_3_1	0.920216	0.535645	0.798635	R.TGPGDDDEPVAAVPERAGDDGQDELQPTAG.K	AGAP008187-RA_3+	CUFF.9733.1_2+	CUFF.9733.3_3+	CUFF.9733.2_3+	CUFF.9733.4_2+
tide:./crux_output/comet_8940_3_2	0.920195	0.535645	0.798635	R.GQAAQHDAGLAGQQHQVG.V	AGAP006022-RA_3+	CUFF.1747.1_2+	CUFF.1747.2_3+	CUFF.1747.3_2+	CUFF.1747.4_2+	CUFF.1747.5_3+
tide:./crux_output/comet_4459_3_3	0.920109	0.535645	0.798635	R.AAGVAIEGGPAHDTGDQQAAPGGA.E	CUFF.8791.1_3+	AGAP011822-RA_3+
tide:./crux_output/comet_8911_2_2	0.920068	0.535645	0.798635	R.QLYAVFELPA.P	AGAP008185-RA_3+	CUFF.9749.1_1+
tide:./crux_output/comet_10531_3_1	0.920006	0.540385	0.798635	R.RWTYSGKCST.T	AGAP001949-RA_3+
tide:./crux_output/comet_8091_2_1	0.919853	0.543186	0.798635	D.ICTLPDTEK.Q	sp|P02769|ALBU_BOVIN
tide:./crux_output/comet_9414_2_1	0.919835	0.544061	0.798635	K.QLHTAYNAPS.G	AGAP010393-PA	ACOM040825-PA	CUFF.6831.1_2+	CUFF.6831.3_2+	CUFF.6831.2_2+	AGAP010393-RA_3+
tide:./crux_output/comet_5044_2_1	0.919745	0.544090	0.798635	C.NTLTGFR.Q	AGAP006275-PA	ACOM039938-PA	AGAP006275-RA_1+
tide:./crux_output/comet_8518_3_5	0.919690	0.544090	0.798635	R.DAGLTTDGAGHVDYLRNDH.S	AGAP009795-RA_3+
tide:./crux_output/comet_8703_3_3	0.919636	0.544090	0.798635	K.KSGYENLCCLR.C	AGAP002301-PA	ACOM037224-PA	AGAP002301-RA_1+
tide:./crux_output/comet_5214_2_1	0.919633	0.544090	0.798635	R.SVPGKSCASFG.V	CUFF.5704.7_3+	CUFF.5704.6_2+	CUFF.5704.5_3+	CUFF.5704.4_1+	CUFF.5704.3_2+	CUFF.5704.2_2+	CUFF.5704.1_1+	CUFF.5704.9_2+	CUFF.5704.8_2+	AGAP003924-RA_1+	CUFF.5704.10_2+
tide:./crux_output/comet_8827_2_1	0.919587	0.544090	0.798635	R.QHAHETAPAGV.L	CUFF.939.7_2+	AGAP005288-RA_3+	CUFF.939.9_3+	CUFF.939.3_3+	CUFF.939.2_2+
tide:./crux_output/comet_4512_3_2	0.919571	0.544090	0.798635	N.ENGTGAGGPGDGQKFAIK.R	AGAP010697-PA	CUFF.7321.1_2+	AGAP010697-RA_1+
tide:./crux_output/comet_8692_3_4	0.919423	0.544090	0.798635	F.VCWVLFVCLFVR.L	TCONS_00013938_3+
tide:./crux_output/comet_6859_2_1	0.919370	0.544090	0.798635	S.TDSCALLK.E	CUFF.16395.1_3+	CUFF.16395.2_1+
tide:./crux_output/comet_9660_2_3	0.919293	0.544090	0.798635	E.TVVGLTNK.A	AGAP006602-PA	ACOM039454-PA	AGAP006602-RA_1+
tide:./crux_output/comet_9698_2_1	0.919274	0.544090	0.798635	G.GGGGGAAAGGEVAEWR.X	AGAP000262-RA_3+
tide:./crux_output/comet_6733_2_1	0.919220	0.544090	0.798635	R.STPGSYGGTVPA.V	CUFF.9836.4_2+	CUFF.9836.2_1+	CUFF.9836.1_3+	AGAP008221-RA_2+
tide:./crux_output/comet_10445_3_1	0.919093	0.544954	0.798635	R.TSDQREEAGTGTVDGVPEQ.Q	CUFF.15948.3_3+	CUFF.15948.2_3+	CUFF.15948.1_2+	AGAP000058-RA_3+
tide:./crux_output/comet_7417_2_1	0.919065	0.544954	0.798635	R.AQPAVFGRS.A	CUFF.9097.1_1+	CUFF.9097.2_3+	CUFF.9097.3_3+	AGAP012175-RA_3+
tide:./crux_output/comet_9170_2_1	0.919013	0.544954	0.798635	K.TIIESLSGPM.S	AGAP000017-PA	AGAP000017-PB	AGAP000017-PC	CUFF.15855.1_1+	CUFF.15855.4_1+	AGAP000017-RA_1+	CUFF.15855.10_1+	CUFF.15855.2_1+	CUFF.15855.3_1+	CUFF.15855.5_2+	CUFF.15855.6_3+	CUFF.15855.7_2+	CUFF.15855.8_1+
tide:./crux_output/comet_6029_2_2	0.918953	0.544954	0.798635	R.INNQNPGAGIRE.X	AGAP000497-RA_1+
tide:./crux_output/comet_8543_3_2	0.918913	0.544954	0.798635	R.FATNHSKPQSVS.R	AGAP009346-RA_2+
tide:./crux_output/comet_6474_3_2	0.918877	0.544954	0.798635	R.EMFSFVLNSPP.X	CUFF.11706.1_1+
tide:./crux_output/comet_8756_2_1	0.918876	0.544954	0.798635	N.QHTNETHIEK.R	TCONS_00016960_1+	TCONS_00016961_2+
tide:./crux_output/comet_6817_2_1	0.918812	0.544954	0.798635	S.YQSYFK.T	gi|46575688|gb|AAH69135.1|	gi|27371164|gb|AAH41070.1|	gi|14602965|gb|AAH09971.1|	gi|6016413|sp|Q15323|K1H1_HUMAN
tide:./crux_output/comet_9503_2_1	0.918754	0.544954	0.798635	R.AESDSADHRAR.E	AGAP002238-PA	AGAP002238-PB	ACOM041994-PA	CUFF.3986.5_1+	CUFF.3986.4_1+	CUFF.3986.2_1+	CUFF.3986.8_1+	AGAP002238-RB_1+
tide:./crux_output/comet_6483_2_5	0.918741	0.544954	0.798635	-.MSGSTESKK.Q	sp|P40487|DPH1_YEAST
tide:./crux_output/comet_8769_3_1	0.918686	0.544954	0.798635	R.VPLSQVSDVQND.R	AGAP000298-RA_3+
tide:./crux_output/comet_9949_2_2	0.918660	0.544954	0.798635	K.CFHVIEENTPLHSH.G	CUFF.7998.1_2+
tide:./crux_output/comet_8956_2_4	0.918622	0.545788	0.798635	R.AGDASTAFSR.S	ACOM041133-PA
tide:./crux_output/comet_8020_3_5	0.918479	0.553931	0.798635	R.ATTVGLRVTFEYC.I	TCONS_00014568_2+
tide:./crux_output/comet_5351_3_3	0.918266	0.555354	0.798635	K.TKAYCLTRSV.R	TCONS_00019219_1+	TCONS_00019218_3+
tide:./crux_output/comet_8905_2_1	0.918237	0.555354	0.798635	R.LPDGVGRRESGQG.A	CUFF.9974.1_2+	AGAP008427-RA_3+
tide:./crux_output/comet_9889_3_1	0.918196	0.555354	0.798635	K.TDSVFSCESVLELT.H	sp|P50107|LGUL_YEAST
tide:./crux_output/comet_8437_3_1	0.918153	0.555354	0.798635	F.GQSEATVPHEGTGAER.A	CUFF.10802.3_1+	CUFF.10802.2_1+	CUFF.10802.1_3+	CUFF.10802.6_3+	CUFF.10802.4_3+	AGAP009143-RA_3+
tide:./crux_output/comet_6935_2_2	0.918100	0.561594	0.798635	R.QVVQHLQANAD.R	AGAP001672-RA_3+	CUFF.3427.3_3+	CUFF.3427.2_3+	CUFF.3427.1_2+
tide:./crux_output/comet_8139_4_1	0.918082	0.562162	0.798635	R.ERRTAAAASDGIQSSANG.S	AGAP007771-PA	AGAP007771-RA_1+	CUFF.9393.1_3+
tide:./crux_output/comet_10128_2_1	0.918039	0.562162	0.798635	K.VHDYLDYAVD.V	AGAP013453-PA	ACOM037152-PA	AGAP013453-RA_1+
tide:./crux_output/comet_8390_3_1	0.918004	0.562162	0.798635	S.IHQSGNKWYR.G	CUFF.8411.1_3+	CUFF.8411.3_3+	CUFF.8411.2_1+
tide:./crux_output/comet_10005_2_1	0.917906	0.562724	0.798635	R.DDVTRALNFGTD.N	AGAP013764-PA	ACOM043071-PA	CUFF.9548.1_3+	AGAP013764-RA_1+
tide:./crux_output/comet_6294_2_2	0.917873	0.562724	0.798635	P.SPPFFHIHTK.T	TCONS_00021014_3+
tide:./crux_output/comet_5185_2_2	0.917862	0.562724	0.798635	G.ATARPVHSR.W	AGAP002643-RA_2+
tide:./crux_output/comet_7944_2_1	0.917720	0.563055	0.798635	R.AMGTSSTR.C	AGAP007568-RA_2+
tide:./crux_output/comet_9442_3_4	0.917702	0.563055	0.798635	K.LFITDGWSCAFTGI.C	AGAP003271-PA	ACOM035778-PA	CUFF.4943.1_2+	AGAP003271-RA_1+
tide:./crux_output/comet_5899_2_1	0.917600	0.563055	0.798635	R.IAYTSGVW.N	CUFF.5946.3_2+	CUFF.5946.2_2+	CUFF.5946.1_1+
tide:./crux_output/comet_884_2_1	0.917536	0.563055	0.798635	R.TVSAEAPMHQ.P	AGAP013525-PA	AGAP013525-RA_1+	CUFF.4189.1_3+
tide:./crux_output/comet_7081_2_3	0.917517	0.563055	0.798635	R.QGSSTSVKK.Y	sp|Q03533|TDA1_YEAST
tide:./crux_output/comet_4565_2_4	0.917431	0.564460	0.798635	R.RAADRGNAR.F	AGAP004703-RA_1+
tide:./crux_output/comet_6641_2_2	0.917388	0.564460	0.798635	A.HISLLGER.E	TCONS_00033576_1+	TCONS_00039132_1+	TCONS_00034524_2+	TCONS_00032101_3+	TCONS_00000045_3+	TCONS_00039130_2+	TCONS_00039131_3+	TCONS_00028309_3+	TCONS_00034111_3+	TCONS_00034894_2+	TCONS_00034037_3+	TCONS_00033597_1+	TCONS_00034507_2+	TCONS_00014890_2+
tide:./crux_output/comet_5321_2_5	0.917259	0.564460	0.798635	K.QAYLQVK.L	CUFF.966.3_1+	CUFF.966.2_2+	CUFF.966.1_2+
tide:./crux_output/comet_5273_2_1	0.917222	0.564460	0.798635	R.SVMIEDPTAN.S	AGAP000659-PA	CUFF.16609.2_2+	AGAP000659-RA_1+	CUFF.16609.1_2+
tide:./crux_output/comet_9454_2_3	0.917208	0.564460	0.798635	K.DNDEYTLIK.V	AGAP008341-PA	ACOM030127-PA	AGAP008341-RA_1+	CUFF.9860.1_2+
tide:./crux_output/comet_6253_4_1	0.917161	0.564460	0.798635	R.QPSATVQHQDVALEQP.G	AGAP005943-RA_3+	CUFF.1556.1_3+	CUFF.1556.2_3+	CUFF.1556.3_3+	CUFF.1556.4_2+	CUFF.1556.6_2+
tide:./crux_output/comet_9230_2_5	0.917089	0.564460	0.798635	R.RFFVGVSWT.G	AGAP006929-PA	CUFF.2379.9_2+	CUFF.2379.10_2+
tide:./crux_output/comet_7492_2_3	0.917084	0.564460	0.798635	R.CTGSGTIRSSA.K	CUFF.733.2_1+	CUFF.733.4_1+	AGAP005035-RA_2+
tide:./crux_output/comet_9322_2_3	0.917016	0.564460	0.798635	P.ALEAFGKK.G	CUFF.7904.9_2+	CUFF.7904.3_2+	CUFF.7904.14_2+	CUFF.7904.12_1+
tide:./crux_output/comet_6443_2_1	0.917005	0.564460	0.798635	R.QCVFVCVSV.R	AGAP005611-RA_3+
tide:./crux_output/comet_5097_2_1	0.916996	0.564460	0.798635	R.NLNYMSIQT.Y	CUFF.3130.2_2+
tide:./crux_output/comet_5485_3_1	0.916957	0.565517	0.798635	R.LPPTGRSCQMR.K	CUFF.4916.1_1+
tide:./crux_output/comet_4579_3_2	0.916852	0.565517	0.798635	R.TCAFQWSSLSLT.F	CUFF.5535.3_2+
tide:./crux_output/comet_8317_2_2	0.916836	0.565517	0.798635	S.TDLMYRR.M	AGAP005345-PA	ACOM027894-PA	AGAP005345-RA_1+
tide:./crux_output/comet_10373_2_1	0.916816	0.565517	0.798635	L.CQSGTVSSSSYPK.C	CUFF.3026.1_1+	AGAP001225-RA_2+
tide:./crux_output/comet_5408_2_2	0.916752	0.565517	0.798635	R.STSSGRCRAP.S	CUFF.2508.4_1+	AGAP007092-RA_2+	CUFF.2508.3_1+	CUFF.2508.5_1+	CUFF.2508.8_2+	CUFF.2508.9_2+
tide:./crux_output/comet_8751_2_1	0.916717	0.565517	0.798635	H.NNNLQNMK.L	sp|Q01846|MDM1_YEAST
tide:./crux_output/comet_6667_3_1	0.916532	0.570447	0.798635	P.EHKSIQTMSSGTK.Q	AGAP011109-PA	ACOM023100-PA	CUFF.7806.1_1+
tide:./crux_output/comet_4814_2_1	0.916531	0.570447	0.798635	K.TSGKSRGDL.N	CUFF.6315.1_1+	CUFF.6315.3_1+
tide:./crux_output/comet_10342_2_5	0.916376	0.571184	0.798635	E.ANHFLHK.T	CUFF.9831.1_1+	CUFF.9831.2_1+
tide:./crux_output/comet_10040_3_1	0.916367	0.571918	0.798635	R.PASGRCTRSTSSWPPAR.R	AGAP012848-RA_2+
tide:./crux_output/comet_9948_2_1	0.916358	0.572650	0.798635	L.IDTAEQGYSPDK.L	AGAP011036-PA	ACOM022976-PA	CUFF.7689.1_3+	CUFF.7689.3_2+	CUFF.7689.5_2+	AGAP011036-RA_1+	CUFF.7689.2_2+
tide:./crux_output/comet_7462_2_3	0.916310	0.575085	0.798635	R.TTTVMAVR.D	AGAP000467-PA	AGAP000467-PB	ACOM038723-PA	CUFF.16784.4_1+	CUFF.16784.1_1+	CUFF.16784.2_3+	CUFF.16784.3_3+	AGAP000467-RA_1+
tide:./crux_output/comet_8358_2_1	0.916214	0.576531	0.798635	K.ICYGNTRNDTRM.K	CUFF.9344.1_3+
tide:./crux_output/comet_6657_3_3	0.916213	0.576531	0.798635	R.QWMSSENCLLTIGA.P	AGAP009730-RA_2+	CUFF.11482.1_3+
tide:./crux_output/comet_4985_2_1	0.916147	0.576728	0.798635	X.AFWSTSSR.T	CUFF.10014.1_3+	CUFF.10014.3_3+	CUFF.10014.4_3+	CUFF.10014.2_1+	AGAP008435-RA_2+
tide:./crux_output/comet_9815_3_1	0.916128	0.576728	0.798635	I.CFVSNEFYSLTGFNK.N	sp|P42950|GSM1_YEAST
tide:./crux_output/comet_4671_2_4	0.916100	0.576728	0.798635	R.GGAARHVR.E	AGAP011092-RA_3+	CUFF.7825.1_2+	CUFF.7825.3_3+	DECOY_AGAP003323-RA_3+	DECOY_CUFF.5055.2_3+	DECOY_CUFF.5055.3_2+	DECOY_CUFF.5055.1_2+
tide:./crux_output/comet_7808_2_1	0.916051	0.576728	0.798635	P.TSSYNSPTKK.K	CUFF.2548.8_2+	CUFF.2548.4_3+	CUFF.2548.5_2+	CUFF.2548.6_1+	CUFF.2548.7_1+	CUFF.2548.9_1+	CUFF.2548.11_2+
tide:./crux_output/comet_4404_2_3	0.915973	0.576728	0.798635	E.AGCRKPAAR.S	AGAP000981-PA	ACOM038573-PA	AGAP000981-RA_1+
tide:./crux_output/comet_6525_2_1	0.915912	0.579125	0.798635	S.QITAESDQER.I	CUFF.5226.11_3+	CUFF.5226.12_3+	CUFF.5226.16_2+	CUFF.5226.1_2+	CUFF.5226.13_2+	AGAP003546-RA_3+	AGAP003546-RC_3+	CUFF.5226.10_2+	CUFF.5226.6_3+	CUFF.5226.3_3+
tide:./crux_output/comet_10642_2_3	0.915845	0.584307	0.798635	R.TEIMNFGDGPTIA.L	AGAP009008-PA	ACOM040453-PA	CUFF.10557.1_1+	AGAP009008-RA_1+
tide:./crux_output/comet_5838_2_1	0.915791	0.584307	0.798635	R.FPIAPSVAD.X	CUFF.16546.1_1+
tide:./crux_output/comet_10223_2_2	0.915773	0.584307	0.798635	K.QHTRITNE.X	CUFF.11947.3_2+	CUFF.11947.8_3+	CUFF.11947.9_1+	CUFF.11947.4_3+	CUFF.11947.5_3+	CUFF.11947.6_1+	CUFF.11947.7_1+	CUFF.11947.1_1+	CUFF.11947.2_2+	CUFF.11947.11_2+
tide:./crux_output/comet_5419_2_1	0.915691	0.584307	0.798635	K.QDWPNALL.S	AGAP007395-PA	ACOM025641-PA	AGAP007395-RA_1+
tide:./crux_output/comet_6382_3_3	0.915669	0.584307	0.798635	L.ESFRSASNKYCDIK.S	CUFF.2639.2_2+
tide:./crux_output/comet_5298_3_1	0.915570	0.589109	0.798635	K.TKSIECPCLQ.Q	AGAP006748-RA_1+
tide:./crux_output/comet_6977_2_1	0.915400	0.589109	0.798635	K.LYTNLMK.K	AGAP002523-PA	ACOM036856-PA	CUFF.4259.1_3+	AGAP002523-RA_1+
tide:./crux_output/comet_8988_3_1	0.915378	0.589109	0.798635	N.DDPAHHRRNTGPR.A	CUFF.10673.2_3+	CUFF.10673.1_1+	AGAP009075-RA_1+
tide:./crux_output/comet_8556_2_3	0.915371	0.589109	0.798635	R.RAAEWASDGAATAAH.Q	AGAP002228-RA_1+
tide:./crux_output/comet_8106_2_2	0.915301	0.589109	0.798635	R.QALLPMHR.A	AGAP006024-PA	ACOM024810-PA	AGAP006024-RA_2+	CUFF.1594.4_3+	CUFF.1594.2_2+	CUFF.1594.3_1+	CUFF.1594.1_1+
tide:./crux_output/comet_6893_2_2	0.915223	0.589109	0.798635	R.SVIMTCVVV.P	CUFF.16284.10_2+
tide:./crux_output/comet_7680_2_1	0.915222	0.589109	0.798635	E.ALCVVMGR.I	AGAP002102-RA_3+
tide:./crux_output/comet_9998_2_1	0.915188	0.589786	0.798635	R.ETPGHSWAETPRAD.R	AGAP000178-PA	ACOM028896-PA	CUFF.16024.1_2+	AGAP000178-RA_2+
tide:./crux_output/comet_5796_2_1	0.915103	0.591133	0.798635	K.RGGCTLR.L	AGAP012154-RA_1+	AGAP001271-RA_3+	AGAP001271-RB_3+	CUFF.3097.2_1+	CUFF.3097.3_1+	CUFF.3097.1_2+	CUFF.3097.4_1+	CUFF.3097.5_3+	CUFF.9070.1_2+	CUFF.9070.2_1+
tide:./crux_output/comet_6027_3_2	0.915097	0.591133	0.798635	R.KPMSTVHSTQW.T	AGAP007777-RA_3+
tide:./crux_output/comet_8791_2_5	0.915038	0.591803	0.798635	Y.GNKDTNKK.K	TCONS_00005165_3+
tide:./crux_output/comet_8739_3_1	0.914985	0.592471	0.798635	K.LRRDCADGVHR.E	CUFF.3645.10_1+	CUFF.3645.13_3+	CUFF.3645.12_1+	CUFF.3645.14_3+	CUFF.3645.5_2+	CUFF.3645.4_3+	CUFF.3645.7_1+	CUFF.3645.6_1+	CUFF.3645.1_3+	CUFF.3645.2_2+	CUFF.3645.9_1+	CUFF.3645.8_2+	AGAP001751-RE_3+	AGAP001751-RA_3+
tide:./crux_output/comet_5222_4_1	0.914789	0.593801	0.798635	R.QLDQQQQYCKQQP.R	CUFF.9199.1_2+	AGAP012282-RA_3+
tide:./crux_output/comet_10439_2_1	0.914779	0.593801	0.798635	V.QVLQLGRDR.V	AGAP003153-RC_3+	AGAP003153-RB_1+	AGAP003153-RA_3+	AGAP003153-RD_2+	CUFF.4854.1_3+	CUFF.4854.2_2+	CUFF.4854.3_3+	CUFF.4854.4_3+
tide:./crux_output/comet_7222_2_3	0.914620	0.595506	0.798635	R.TRTTQNEGCPIS.S	AGAP004732-RA_1+	CUFF.349.4_2+	CUFF.349.5_3+	CUFF.349.1_2+	CUFF.349.2_2+	CUFF.349.3_2+
tide:./crux_output/comet_6209_2_1	0.914582	0.595506	0.798635	R.TFGCTESLFV.R	AGAP007844-RA_2+	CUFF.9493.1_3+
tide:./crux_output/comet_7274_3_1	0.914554	0.595506	0.798635	K.AGAFAMGAGTALISPEA.A	sp|P41735|COQ7_YEAST
tide:./crux_output/comet_6994_2_1	0.914550	0.595506	0.798635	K.EVLIEPK.T	TCONS_00027310_2+
tide:./crux_output/comet_10138_3_2	0.914548	0.595506	0.798635	V.GMERANAMIKAPR.S	AGAP011170-PA	AGAP011170-RA_1+
tide:./crux_output/comet_8461_2_1	0.914528	0.595506	0.798635	L.AGSAQIFQR.K	AGAP010187-RA_2+
tide:./crux_output/comet_10432_2_1	0.914482	0.595506	0.798635	K.LNKSYPL.L	AGAP011677-PA	ACOM031811-PA	CUFF.8607.2_1+	CUFF.8607.1_2+
tide:./crux_output/comet_5818_2_1	0.914430	0.595506	0.798635	K.CCDCYC.N	CUFF.16102.3_1+	CUFF.16102.4_1+
tide:./crux_output/comet_8537_2_4	0.914403	0.595506	0.798635	G.RYGKHDQPTER.Q	AGAP011555-RA_3+	CUFF.8827.3_3+	CUFF.8827.7_2+	CUFF.8827.5_2+	CUFF.8827.8_3+
tide:./crux_output/comet_4265_3_1	0.914382	0.595506	0.798635	R.KIYATCGSWAVW.Q	AGAP010165-RA_2+
tide:./crux_output/comet_4462_3_3	0.914296	0.595880	0.798635	K.SPTTPCCPIRL.T	AGAP007905-RA_2+	CUFF.9893.1_1+
tide:./crux_output/comet_9570_2_5	0.914186	0.595880	0.798635	R.AESDSADHRAR.E	AGAP002238-PA	AGAP002238-PB	ACOM041994-PA	CUFF.3986.5_1+	CUFF.3986.4_1+	CUFF.3986.2_1+	CUFF.3986.8_1+	AGAP002238-RB_1+
tide:./crux_output/comet_5242_2_1	0.914106	0.595880	0.798635	K.TQYTCALVA.R	AGAP002166-RA_1+
tide:./crux_output/comet_6066_2_4	0.914102	0.595880	0.798635	K.QIGRSER.E	CUFF.4452.1_3+	AGAP002758-RA_3+
tide:./crux_output/comet_10303_2_2	0.913992	0.595880	0.798635	K.EIFLLSIC.R	CUFF.9414.4_2+	CUFF.9414.3_1+	CUFF.9414.2_2+	CUFF.9414.1_1+
tide:./crux_output/comet_9413_4_1	0.913970	0.595880	0.798635	K.CPVSFHTKEDTYELVS.T	AGAP004302-PA	CUFF.5978.2_1+	CUFF.5978.1_3+	AGAP004302-RA_1+
tide:./crux_output/comet_7665_2_1	0.913917	0.595880	0.798635	N.ADDLAKSK.Y	sp|Q06321|ATG26_YEAST
tide:./crux_output/comet_4788_2_3	0.913777	0.595880	0.798635	R.LLTHTHLP.G	AGAP010490-PA	AGAP010490-PB	ACOM041679-PA	CUFF.7056.3_2+	CUFF.7056.2_2+	CUFF.7056.1_2+	AGAP010490-RA_1+	AGAP010490-RB_1+
tide:./crux_output/comet_7650_2_1	0.913711	0.599684	0.798635	R.LTNTIHTTSP.P	AGAP007398-RA_1+
tide:./crux_output/comet_8526_2_2	0.913661	0.601896	0.798635	A.ATMCVIRK.I	CUFF.5688.2_1+	CUFF.5688.1_3+
tide:./crux_output/comet_8059_3_3	0.913586	0.602524	0.798635	T.VYFQYNYTSK.D	CUFF.5521.1_2+
tide:./crux_output/comet_8265_3_3	0.913286	0.603448	0.798635	F.HADICTLPDTEK.Q	sp|P02769|ALBU_BOVIN
tide:./crux_output/comet_6176_3_1	0.913285	0.603448	0.798635	R.GAESRGSSAEQFYVW.C	CUFF.11514.3_1+	CUFF.11514.4_2+	AGAP009752-RA_2+	CUFF.11514.1_1+
tide:./crux_output/comet_10164_3_1	0.913254	0.603448	0.798635	H.KYNGEFFPGTGDLTEIGCDK.G	sp|P53096|HOS2_YEAST
tide:./crux_output/comet_7946_2_1	0.913245	0.603448	0.798635	K.MFTFLLN.F	TCONS_00039760_2+
tide:./crux_output/comet_5674_2_3	0.913208	0.605634	0.798635	K.NNNHFLSI.E	sp|P34756|FAB1_YEAST
tide:./crux_output/comet_9699_3_1	0.913175	0.605919	0.798635	R.EARPVHGREEGAVRG.E	AGAP008817-RA_2+
tide:./crux_output/comet_8825_3_1	0.913148	0.605919	0.798635	S.CMCSSKLFIR.T	CUFF.12070.1_2+	AGAP010205-RA_2+
tide:./crux_output/comet_7284_2_5	0.913130	0.605919	0.798635	K.IKKPTASR.R	CUFF.6205.6_2+	CUFF.6205.7_1+	CUFF.6205.5_2+	CUFF.6205.2_2+	CUFF.6205.3_1+	CUFF.6205.1_1+
tide:./crux_output/comet_5792_2_3	0.912991	0.610510	0.798635	M.LRFGALR.Y	AGAP001259-PA	ACOM033854-PA	AGAP010259-RA_3+	CUFF.12155.4_1+	CUFF.12155.1_3+	CUFF.12155.2_1+	CUFF.12155.3_1+	CUFF.3053.1_3+	DECOY_AGAP011359-RA_2+
tide:./crux_output/comet_7722_2_2	0.912954	0.610510	0.798635	S.AAAPTVPHR.Q	CUFF.5092.9_1+	AGAP013532-RA_3+
tide:./crux_output/comet_7771_2_3	0.912929	0.610510	0.798635	R.AQGHSAAER.X	TCONS_00015315_2+
tide:./crux_output/comet_6879_2_3	0.912915	0.610510	0.798635	A.AYDNTNVR.T	sp|Q07629|YD218_YEAST
tide:./crux_output/comet_5938_2_1	0.912866	0.610510	0.798635	K.DNEDLRGK.L	AGAP028061-PA	ACOM028094-PA	CUFF.10212.2_2+	CUFF.10212.1_3+	AGAP028061-RA_1+
tide:./crux_output/comet_5452_2_1	0.912857	0.611111	0.798635	R.STSSGRCRAP.S	CUFF.2508.4_1+	AGAP007092-RA_2+	CUFF.2508.3_1+	CUFF.2508.5_1+	CUFF.2508.8_2+	CUFF.2508.9_2+
tide:./crux_output/comet_9930_2_1	0.912650	0.611872	0.798635	C.STTSRYCSSANR.S	AGAP000290-RA_3+
tide:./crux_output/comet_5715_2_4	0.912611	0.611872	0.798635	R.HVPVPVRSAG.T	TCONS_00006984_1+
tide:./crux_output/comet_7713_2_1	0.912570	0.611872	0.798635	P.TSSPTMPPK.I	TCONS_00027564_1+
tide:./crux_output/comet_8058_3_1	0.912522	0.611872	0.798635	R.QWTQTTNFTVW.C	AGAP005182-RA_2+
tide:./crux_output/comet_6323_2_1	0.912519	0.611872	0.798635	K.HISPNALMES.A	AGAP010192-PA	AGAP010192-PB	ACOM022543-PA	AGAP010192-RA_1+	CUFF.12042.1_3+
tide:./crux_output/comet_8098_3_4	0.912501	0.611872	0.798635	H.GATNSAGGANARNK.T	AGAP003128-PA	ACOM035556-PA	CUFF.4840.2_1+	CUFF.4840.1_3+	AGAP003128-RA_1+
tide:./crux_output/comet_8426_2_1	0.912499	0.611872	0.798635	R.LCGMQVYQAN.L	AGAP010480-PA	AGAP010480-PB	ACOM041077-PA	AGAP010480-RA_1+	CUFF.6986.2_1+	CUFF.6986.3_2+	CUFF.6986.1_3+
tide:./crux_output/comet_9277_2_3	0.912387	0.611872	0.798635	Y.IDIDCFK.L	TCONS_00012511_3+	TCONS_00012512_3+
tide:./crux_output/comet_5170_2_5	0.912262	0.611872	0.798635	R.SVSSSSVTSAW.P	CUFF.10795.4_2+	CUFF.10795.1_3+	CUFF.10795.2_3+	CUFF.10795.3_3+	AGAP009158-RA_2+
tide:./crux_output/comet_7397_3_1	0.912152	0.612368	0.798635	F.LFCYLFHFR.F	CUFF.4398.6_3+	CUFF.4398.5_3+
tide:./crux_output/comet_6635_2_1	0.912149	0.612368	0.798635	P.RPAPGSVGGK.F	CUFF.8854.1_3+
tide:./crux_output/comet_6676_3_3	0.912099	0.612368	0.798635	R.SVFSTCNALFR.X	CUFF.4442.1_1+
tide:./crux_output/comet_7352_3_2	0.912081	0.612368	0.798635	R.HTVQAVPLPGGC.N	AGAP009591-RA_3+	CUFF.11218.1_2+
tide:./crux_output/comet_6003_3_4	0.912017	0.612368	0.798635	I.WDPFSALCRGR.Q	TCONS_00001784_3+
tide:./crux_output/comet_6008_2_5	0.912015	0.612368	0.798635	R.LHDGADDQHTGAAGK.F	CUFF.11230.1_3+	AGAP009525-RA_2+	CUFF.11230.4_2+	CUFF.11230.2_3+
tide:./crux_output/comet_4650_2_2	0.911940	0.612613	0.798635	R.AGHDHGKLDAAG.T	AGAP012219-RA_2+	CUFF.9128.2_3+	CUFF.9128.1_1+
tide:./crux_output/comet_7148_2_2	0.911932	0.612613	0.798635	R.AVAFRFR.C	AGAP004348-RA_2+
tide:./crux_output/comet_8542_2_1	0.911925	0.612613	0.798635	R.EQSSPASSPAK.G	CUFF.11264.1_1+
tide:./crux_output/comet_7107_2_1	0.911795	0.613095	0.798635	R.AVPATLPAQ.P	CUFF.2124.3_1+	CUFF.2124.1_3+	CUFF.2124.6_2+	CUFF.2124.7_1+	CUFF.2124.4_1+	CUFF.2124.5_2+	CUFF.2124.8_3+	AGAP006647-RB_3+	AGAP006647-RA_3+
tide:./crux_output/comet_10599_2_1	0.911773	0.613095	0.798635	K.NAILPRTAEG.S	CUFF.4236.8_3+	CUFF.4236.9_1+	CUFF.4236.7_3+
tide:./crux_output/comet_7545_3_1	0.911677	0.613095	0.798635	R.YNEIEFVPTN.V	TCONS_00031490_1+
tide:./crux_output/comet_6557_2_1	0.911675	0.613095	0.798635	A.SGFAGGHGGER.R	CUFF.4068.1_1+	CUFF.4068.3_3+	AGAP002321-RA_3+
tide:./crux_output/comet_6230_2_1	0.911652	0.613095	0.798635	T.EAGPSAATSR.D	CUFF.3173.1_1+
tide:./crux_output/comet_9941_2_5	0.911645	0.613095	0.798635	R.CRQLSDENFLLC.H	AGAP003560-RA_3+
tide:./crux_output/comet_4682_2_1	0.911504	0.614476	0.798635	R.LSQKFPK.A	sp|P02769|ALBU_BOVIN
tide:./crux_output/comet_6071_2_2	0.911488	0.614476	0.798635	L.RNPRCYCR.G	CUFF.9532.3_3+	AGAP007918-RA_3+
tide:./crux_output/comet_6301_4_5	0.911453	0.614476	0.798635	D.QVHQLDDPMELLEK.V	sp|Q12039|HMI1_YEAST
tide:./crux_output/comet_4886_2_2	0.911427	0.614476	0.798635	R.WDGVGHTTAPT.G	CUFF.8797.1_2+	AGAP011823-RA_2+
tide:./crux_output/comet_7298_2_2	0.911391	0.614476	0.798635	K.SGTSSMTARSRNA.R	AGAP010088-RA_1+	CUFF.11920.2_2+	CUFF.11920.1_2+	CUFF.11920.3_3+
tide:./crux_output/comet_7729_2_1	0.911204	0.614786	0.798635	S.NGHVATAR.A	CUFF.11276.6_3+	CUFF.11276.5_3+	CUFF.11276.2_3+	CUFF.11276.1_3+	CUFF.11276.4_3+	CUFF.11276.3_3+
tide:./crux_output/comet_6710_3_1	0.911181	0.614786	0.798635	T.TACRASRACR.R	CUFF.15880.8_2+	CUFF.15880.9_2+	AGAP000065-RA_2+	CUFF.15880.5_1+	CUFF.15880.6_2+	CUFF.15880.7_2+	CUFF.15880.11_2+
tide:./crux_output/comet_8790_2_1	0.911156	0.614786	0.798635	R.TCGKIRPNSTPSVS.S	AGAP010077-RA_2+	CUFF.11896.2_2+	CUFF.11896.1_2+
tide:./crux_output/comet_6218_2_1	0.911140	0.614786	0.798635	K.LKECCDKPLLEK.S	sp|P02769|ALBU_BOVIN
tide:./crux_output/comet_9688_2_5	0.910969	0.614786	0.798635	R.AAAGAAGAHDR.A	CUFF.17117.3_1+	CUFF.17117.2_1+	CUFF.17117.1_1+	AGAP000576-RA_3+
tide:./crux_output/comet_7554_2_1	0.910928	0.614786	0.798635	S.TAKEDDSFR.C	AGAP006452-PB	ACOM039713-PA	CUFF.2012.4_2+	CUFF.2012.1_1+	CUFF.2012.3_2+	CUFF.2012.8_3+
tide:./crux_output/comet_5262_3_4	0.910878	0.614786	0.798635	R.AGGGAEENESASEASVLL.G	AGAP005042-RA_3+	CUFF.663.1_1+	CUFF.663.3_3+	CUFF.663.2_1+
tide:./crux_output/comet_9500_2_2	0.910839	0.614786	0.798635	N.FGPYNGNSFR.Q	CUFF.5573.1_1+
tide:./crux_output/comet_5962_2_2	0.910819	0.614786	0.798635	C.HELPNEQEGK.E	AGAP005033-RA_3+
tide:./crux_output/comet_10025_3_1	0.910686	0.614786	0.798635	R.INENVRCDSCMLTLTAA.R	CUFF.1922.1_1+	CUFF.1922.2_3+
tide:./crux_output/comet_8440_2_1	0.910645	0.614786	0.798635	K.KNKCCYSV.A	CUFF.3645.10_3+	CUFF.3645.13_2+	CUFF.3645.12_3+	CUFF.3645.14_2+	CUFF.3645.17_1+	CUFF.3645.19_2+	CUFF.3645.5_1+	CUFF.3645.4_2+	CUFF.3645.7_3+	CUFF.3645.6_3+	CUFF.3645.1_2+	CUFF.3645.2_1+	CUFF.3645.9_3+	CUFF.3645.8_1+	AGAP001751-RC_3+	AGAP001751-RE_2+	AGAP001751-RA_2+	AGAP001751-RB_2+	AGAP001751-RD_1+
tide:./crux_output/comet_7313_2_1	0.910476	0.614786	0.798635	M.ATGGMDGHLR.V	AGAP009942-PA	ACOM029334-PA	AGAP009942-RA_1+
tide:./crux_output/comet_10443_2_1	0.910456	0.614786	0.798635	S.VLNLFAK.C	CUFF.16010.1_1+
tide:./crux_output/comet_6357_2_1	0.910441	0.614786	0.798635	R.TTSATMCTSPTSV.W	CUFF.3754.2_1+	CUFF.3754.3_3+	CUFF.3754.1_1+	AGAP002015-RB_2+	AGAP002015-RA_2+
tide:./crux_output/comet_8535_2_1	0.910367	0.614786	0.798635	R.IVDTLAKS.S	sp|P34163|TGL1_YEAST
tide:./crux_output/comet_5167_2_1	0.910294	0.614786	0.798635	K.KFSQSPNSST.I	sp|Q02457|TBF1_YEAST
tide:./crux_output/comet_8373_2_1	0.910236	0.614786	0.798635	R.AKPFATCVW.M	CUFF.15880.9_3+
tide:./crux_output/comet_6035_3_2	0.910226	0.614786	0.798635	R.ADDDRLLGALAQEP.F	AGAP011942-RA_3+
tide:./crux_output/comet_6447_2_1	0.910097	0.614786	0.798635	F.LYEYSR.R	sp|P02769|ALBU_BOVIN
tide:./crux_output/comet_6970_2_1	0.910019	0.614786	0.798635	R.EKCLIVW.R	CUFF.9527.3_1+
tide:./crux_output/comet_4458_3_1	0.909885	0.614786	0.798635	R.YPSGNSNRQRLD.Y	CUFF.6407.1_1+
tide:./crux_output/comet_7660_2_1	0.909855	0.614786	0.798635	R.GRDHGAGRVR.S	AGAP011800-RA_1+
tide:./crux_output/comet_5687_2_5	0.909836	0.614786	0.798635	K.NAATRYR.Q	AGAP008914-PA	ACOM040682-PA	CUFF.10475.2_3+	CUFF.10475.1_2+
tide:./crux_output/comet_10270_4_1	0.909786	0.614786	0.798635	A.GWDSSDEYDYSSEDGTKGSEIHK.Q	sp|P46949|FYV8_YEAST
tide:./crux_output/comet_5466_2_3	0.909711	0.614786	0.798635	V.HVPLAIER.E	AGAP011449-RA_2+	CUFF.8237.1_3+
tide:./crux_output/comet_8875_3_2	0.909692	0.614786	0.798635	R.TCGRATRTATTR.C	CUFF.10429.2_2+	CUFF.10429.1_1+	AGAP008851-RA_2+	CUFF.10429.3_3+
tide:./crux_output/comet_5883_2_3	0.909606	0.614786	0.798635	Q.FSHDVSKAGER.D	CUFF.1981.4_1+	CUFF.1981.1_1+	CUFF.1981.3_3+	CUFF.1981.2_3+
tide:./crux_output/comet_8886_2_1	0.909597	0.614786	0.798635	R.SSELGGAYFP.V	CUFF.904.1_1+
tide:./crux_output/comet_9240_3_1	0.909593	0.614786	0.798635	R.RNVDGCTSDAMLYHTQN.P	CUFF.1528.1_2+
tide:./crux_output/comet_6916_2_1	0.909570	0.614786	0.798635	K.TSSLSIPGSV.C	AGAP009810-RA_2+
tide:./crux_output/comet_7661_3_1	0.909564	0.614786	0.798635	R.QISHCTAAAAAV.G	CUFF.4956.1_1+
tide:./crux_output/comet_8861_2_1	0.909475	0.614786	0.798635	K.LGTGGGGGGAGGAPG.G	AGAP011545-PA	CUFF.8362.1_1+	CUFF.8362.3_3+
tide:./crux_output/comet_5579_2_2	0.909453	0.614786	0.798635	K.STATEAAAATS.S	AGAP005075-PA	AGAP005075-PB	AGAP005075-RB_3+	AGAP005075-RA_1+	CUFF.694.5_1+	CUFF.694.3_2+	CUFF.694.2_1+	CUFF.694.1_2+
tide:./crux_output/comet_7937_3_1	0.909373	0.614786	0.798635	R.AGTHTQKQQTYIA.Y	CUFF.2612.2_3+
tide:./crux_output/comet_10091_2_1	0.909266	0.614786	0.798635	R.QWPAPRED.R	AGAP002613-RA_2+
tide:./crux_output/comet_7393_2_1	0.909222	0.614786	0.798635	K.KGPPANMC.A	AGAP001938-RA_3+	CUFF.3659.2_3+	CUFF.3659.1_1+
tide:./crux_output/comet_7572_2_3	0.909132	0.614786	0.798635	R.AQRGGGPGPGS.H	CUFF.4450.1_3+	CUFF.4450.2_2+	CUFF.4450.3_3+	CUFF.4450.4_1+	CUFF.4450.5_1+	CUFF.4450.6_1+	CUFF.4450.7_1+	CUFF.4450.8_2+	AGAP002688-RB_3+	AGAP002688-RA_3+	CUFF.4450.10_3+	CUFF.4450.11_3+	CUFF.4450.14_2+
tide:./crux_output/comet_9850_2_1	0.909101	0.614786	0.798635	R.AATHRTDVP.G	AGAP011871-RA_2+	CUFF.8995.4_3+	CUFF.8995.5_2+	CUFF.8995.6_1+	CUFF.8995.7_3+	CUFF.8995.1_1+	CUFF.8995.2_3+	CUFF.8995.3_3+	CUFF.8995.8_3+	CUFF.8995.9_2+	CUFF.8995.10_2+	CUFF.8995.11_1+
tide:./crux_output/comet_9106_2_3	0.909063	0.614786	0.798635	K.YSSLDFK.Q	AGAP003320-PA	AGAP003320-PB	ACOM035867-PA	AGAP003320-RA_1+
tide:./crux_output/comet_9411_2_1	0.909060	0.614786	0.798635	K.TFTTRCTCW.K	AGAP011835-RA_2+	CUFF.8787.1_2+
tide:./crux_output/comet_6894_3_5	0.909022	0.614786	0.798635	R.AGEHLVSFSPFESMKVS.S	AGAP006107-RC_1+	AGAP006107-RB_2+	AGAP006107-RA_2+	CUFF.1715.4_1+	CUFF.1715.2_3+
tide:./crux_output/comet_8255_3_2	0.908918	0.614786	0.798635	K.GDMSISDLKRQ.G	sp|P48525|SYEM_YEAST
tide:./crux_output/comet_8796_2_5	0.908881	0.614786	0.798635	R.LGDGRQKA.W	CUFF.924.8_3+	CUFF.924.1_1+	CUFF.924.3_1+	CUFF.924.2_2+	CUFF.924.5_3+	CUFF.924.4_1+	CUFF.924.6_1+	AGAP005285-RA_3+
tide:./crux_output/comet_8633_2_1	0.908860	0.614786	0.798635	K.EFMNQART.E	sp|P53723|YN8B_YEAST
tide:./crux_output/comet_8733_2_1	0.908757	0.614786	0.798635	F.PPTEGSSR.S	AGAP007835-RA_2+
tide:./crux_output/comet_10141_3_1	0.908726	0.614786	0.798635	G.CANPASNPVCNGVER.V	ACOM036941-PA
tide:./crux_output/comet_5917_2_1	0.908653	0.614786	0.798635	R.HVILSTQPP.Q	AGAP009522-PA	ACOM032446-PA	CUFF.11227.10_3+	AGAP009522-RA_1+	CUFF.11227.8_1+	CUFF.11227.11_2+	CUFF.11227.3_1+	CUFF.11227.2_1+	CUFF.11227.4_1+	CUFF.11227.7_1+	CUFF.11227.9_1+
tide:./crux_output/comet_7830_2_2	0.908635	0.614786	0.798635	R.IFVRGEQLPQCV.F	ACOM035418-PA
tide:./crux_output/comet_8392_2_1	0.908556	0.614786	0.798635	R.CRQLDPVQ.P	AGAP004989-RB_3+	AGAP004989-RA_3+	CUFF.634.5_3+	CUFF.634.1_2+	CUFF.634.2_2+
tide:./crux_output/comet_8933_2_1	0.908479	0.614786	0.798635	R.DGGILLREGYC.F	AGAP010043-RA_3+	CUFF.11934.2_3+
tide:./crux_output/comet_7346_2_1	0.908472	0.614786	0.798635	D.GAAAHADGPER.V	AGAP005541-RA_3+	CUFF.1105.1_3+
tide:./crux_output/comet_9495_4_1	0.908355	0.614786	0.798635	R.SGGSDCHRQWLVQLPCRLDVEG.K	AGAP004488-RA_3+
tide:./crux_output/comet_8902_2_2	0.908274	0.614786	0.798635	S.STTTIYSR.T	CUFF.16189.2_3+
tide:./crux_output/comet_6317_2_1	0.908265	0.614786	0.798635	K.SRFYSCPAVA.F	TCONS_00023747_3+
tide:./crux_output/comet_10329_2_5	0.908218	0.614786	0.798635	A.TPTEHALR.V	AGAP001564-PA	ACOM034316-PA	CUFF.3331.1_1+	CUFF.3331.3_2+	CUFF.3331.2_2+	AGAP001564-RA_1+
tide:./crux_output/comet_5958_2_4	0.908216	0.614786	0.798635	K.DKITGKDA.K	AGAP002554-PA	ACOM036808-PA	CUFF.4281.2_1+	AGAP002554-RA_1+
tide:./crux_output/comet_7674_2_4	0.908211	0.614786	0.798635	R.TPPPPALPST.Q	CUFF.1924.13_2+	CUFF.1924.12_3+	CUFF.1924.11_2+	CUFF.1924.10_2+	CUFF.1924.9_1+	CUFF.1924.3_1+	CUFF.1924.2_2+	CUFF.1924.1_1+	CUFF.1924.7_1+	CUFF.1924.5_3+	CUFF.1924.4_1+
tide:./crux_output/comet_5317_2_1	0.907957	0.614786	0.798635	R.AFIVCCR.V	AGAP009619-RA_1+	CUFF.11251.2_3+	CUFF.11251.3_3+	CUFF.11251.1_3+
tide:./crux_output/comet_8353_3_3	0.907732	0.614786	0.798635	T.TGPVTSLALSAVNK.F	AGAP001527-PA	ACOM034245-PA	AGAP001527-RA_1+
tide:./crux_output/comet_8192_2_4	0.907730	0.614786	0.798635	R.EDDDDDDDDD.G	AGAP005288-PA	ACOM027817-PA	CUFF.939.7_3+	AGAP005288-RA_1+	CUFF.939.9_1+	CUFF.939.3_1+	CUFF.939.2_3+
tide:./crux_output/comet_5974_2_1	0.907700	0.614786	0.798635	K.ATDLGHGGTGT.V	CUFF.16611.1_3+	AGAP000671-RA_3+
tide:./crux_output/comet_881_2_1	0.907621	0.614786	0.798635	R.GASSAHCSSTSP.T	AGAP003714-RA_2+	CUFF.5390.2_2+
tide:./crux_output/comet_8482_3_1	0.907499	0.614786	0.798635	K.RSANPQTNIAAC.H	CUFF.1663.1_2+
tide:./crux_output/comet_5229_2_3	0.907441	0.614786	0.798635	K.SQTTVMQDVA.C	CUFF.11790.2_3+	CUFF.11790.1_1+	CUFF.11790.3_1+	AGAP009953-RA_2+
tide:./crux_output/comet_8158_2_1	0.907421	0.614786	0.798635	R.MLFDSLRLS.A	AGAP008758-RA_2+
tide:./crux_output/comet_6498_2_4	0.907331	0.614786	0.798635	S.VESHCLMR.I	CUFF.15955.1_1+	AGAP000088-RA_1+
tide:./crux_output/comet_8191_3_3	0.907322	0.614786	0.798635	Q.AALAAQTGAGGGCR.K	AGAP029052-PA	AGAP003754-RA_2+	CUFF.5470.5_3+	CUFF.5470.1_3+	CUFF.5470.2_3+
tide:./crux_output/comet_10438_4_2	0.907303	0.614786	0.798635	R.SRVTASCSCSSSTTRTHRPSSGTA.R	AGAP008929-RA_1+	AGAP008929-RB_3+	CUFF.10471.1_1+
tide:./crux_output/comet_9480_2_2	0.907225	0.614786	0.798635	V.YLFYHR.Q	CUFF.651.2_2+
tide:./crux_output/comet_6830_2_4	0.907201	0.614786	0.798635	R.ATSGDSER.L	CUFF.1971.1_3+
tide:./crux_output/comet_7350_2_3	0.907196	0.614786	0.798635	Y.GMDSLWSPYGK.K	CUFF.7101.8_1+	CUFF.7101.3_3+	CUFF.7101.1_2+	CUFF.7101.4_1+
tide:./crux_output/comet_7616_2_2	0.907108	0.614786	0.798635	G.KTDKEER.K	CUFF.3781.2_2+
tide:./crux_output/comet_6998_2_1	0.906998	0.614786	0.798635	H.TNFLVSR.A	CUFF.1241.5_1+	CUFF.1241.4_1+	CUFF.1241.3_3+	CUFF.1241.2_1+	CUFF.1241.1_3+
tide:./crux_output/comet_6285_3_5	0.906967	0.614786	0.798635	R.IFSTVAETLNCS.L	AGAP004557-PA	ACOM029558-PA	AGAP004557-RA_2+
tide:./crux_output/comet_8588_2_1	0.906940	0.614786	0.798635	R.SQVTSSLGSSSF.C	TCONS_00003916_1+
tide:./crux_output/comet_9836_3_1	0.906904	0.614786	0.798635	P.GEGGHDTGQAGPVR.S	AGAP001700-RA_3+	CUFF.3448.1_3+
tide:./crux_output/comet_6616_3_2	0.906840	0.614786	0.798635	P.EHKSIQTMSSGTK.Q	AGAP011109-PA	ACOM023100-PA	CUFF.7806.1_1+
tide:./crux_output/comet_6963_2_1	0.906774	0.614786	0.798635	R.ATAIATRAV.P	AGAP001535-RA_1+	CUFF.3317.5_3+	CUFF.3317.4_1+	CUFF.3317.1_1+	CUFF.3317.2_3+
tide:./crux_output/comet_5169_2_3	0.906691	0.614786	0.798635	R.AGGLHATSPD.A	CUFF.1154.26_1+	CUFF.1154.9_3+
tide:./crux_output/comet_8229_2_2	0.906688	0.614786	0.798635	K.QSEPEIARS.D	sp|P36009|DHR2_YEAST
tide:./crux_output/comet_9337_2_1	0.906615	0.614786	0.798635	D.PHACYSTVFDK.L	sp|P02769|ALBU_BOVIN
tide:./crux_output/comet_8207_2_3	0.906534	0.614786	0.798635	R.FGVSTVCFDTQ.E	AGAP010626-PA	ACOM040429-PA	AGAP010626-RA_1+	CUFF.7250.2_3+	CUFF.7250.1_3+
tide:./crux_output/comet_5128_2_2	0.906499	0.614786	0.798635	I.KTWFER.M	CUFF.3414.1_3+	DECOY_AGAP003633-PA	DECOY_ACOM028702-PA	DECOY_AGAP003633-RA_2+	DECOY_CUFF.5339.3_3+	DECOY_CUFF.5339.2_1+	DECOY_CUFF.5339.1_1+
tide:./crux_output/comet_8460_3_2	0.906467	0.614786	0.798635	I.FDDGESGTDPPICTVEEDR.T	AGAP000169-PA	AGAP000169-RA_1+	CUFF.16007.1_2+
tide:./crux_output/comet_4635_3_2	0.906409	0.614786	0.798635	W.SISTAFCTTTGR.G	CUFF.1634.10_3+	AGAP006042-RB_1+	AGAP006042-RA_3+	CUFF.1634.9_3+	CUFF.1634.8_3+	CUFF.1634.7_1+	CUFF.1634.6_3+	CUFF.1634.5_2+	CUFF.1634.4_2+	CUFF.1634.3_2+	CUFF.1634.2_3+	CUFF.1634.1_2+
tide:./crux_output/comet_6237_2_1	0.906373	0.614786	0.798635	G.QSAAGSPGR.T	ACOM039441-PA
tide:./crux_output/comet_5359_2_4	0.906312	0.614786	0.798635	I.ANKMKSR.N	AGAP004751-PA	ACOM038445-PA	CUFF.292.1_1+	AGAP004751-RA_1+
tide:./crux_output/comet_8494_2_5	0.906288	0.614786	0.798635	S.IYEGCVMDAK.E	sp|Q06698|YL419_YEAST
tide:./crux_output/comet_7236_3_1	0.906208	0.614786	0.798635	R.LGGVSSSRFSLGA.A	sp|P32893|TRS65_YEAST
tide:./crux_output/comet_10107_3_1	0.906203	0.614786	0.798635	R.LRASDWEDIETYLYA.Y	CUFF.8821.4_2+	CUFF.8821.5_2+	CUFF.8821.1_2+	CUFF.8821.2_2+	CUFF.8821.3_1+
tide:./crux_output/comet_8286_3_2	0.906180	0.614786	0.798635	H.SWTCDSWIVFNK.Q	AGAP002508-PA	AGAP002508-RA_1+
tide:./crux_output/comet_8817_3_1	0.906172	0.614786	0.798635	R.NKLENYAHSLKNQ.V	sp|P16474|BIP_YEAST
tide:./crux_output/comet_10123_2_2	0.906160	0.614786	0.798635	K.DSTDVSVSQS.I	CUFF.9053.2_3+	CUFF.9053.1_1+
tide:./crux_output/comet_10334_2_1	0.906132	0.614786	0.798635	R.ANHASITR.W	CUFF.10228.1_1+	CUFF.10228.2_1+
tide:./crux_output/comet_8164_2_3	0.906077	0.617876	0.933333	E.TSNKCRSGR.G	CUFF.9691.1_1+	AGAP008074-RA_2+
tide:./crux_output/comet_7900_3_2	0.906005	0.619664	0.933333	R.ATTVGLRVTFEYC.I	TCONS_00014568_2+
tide:./crux_output/comet_5576_3_1	0.905956	0.620155	0.933333	K.FLVTGSSDGGIFVW.K	AGAP005915-PA	ACOM024951-PA	CUFF.1490.1_3+	AGAP005915-RA_1+
tide:./crux_output/comet_8507_2_1	0.905871	0.620823	0.933333	L.PDGCAAADRK.D	AGAP004224-RA_3+	CUFF.5876.2_2+	CUFF.5876.1_1+
tide:./crux_output/comet_8284_2_1	0.905843	0.620823	0.933333	R.SALDAGGTVQP.C	AGAP005175-RA_2+	AGAP005175-RB_2+	CUFF.826.8_1+	CUFF.826.2_3+	CUFF.826.3_3+	CUFF.826.6_2+	CUFF.826.7_1+	CUFF.826.5_3+
tide:./crux_output/comet_5945_2_1	0.905815	0.620823	0.933333	F.SVGAYGSTR.S	CUFF.1637.2_2+
tide:./crux_output/comet_8301_3_1	0.905789	0.620823	0.933333	R.VCLQGAVVKISSV.C	CUFF.11152.2_3+	CUFF.11152.1_3+
tide:./crux_output/comet_6915_2_2	0.905592	0.630435	0.933333	K.KNFALPCG.V	CUFF.823.1_1+	CUFF.823.4_1+
tide:./crux_output/comet_7457_3_1	0.905537	0.630435	0.933333	R.QHGHRDGGGPVSV.Q	AGAP006956-RA_3+
tide:./crux_output/comet_6150_2_2	0.905535	0.630435	0.933333	R.ADRHPVGC.P	CUFF.8182.1_2+	CUFF.8182.2_3+	CUFF.8182.3_1+
tide:./crux_output/comet_8372_2_1	0.905534	0.630435	0.933333	R.DDNAYVCRTRS.G	CUFF.9295.3_3+	AGAP012294-RA_3+
tide:./crux_output/comet_10147_2_2	0.905474	0.630907	0.933333	L.LSSKLER.R	CUFF.5558.2_1+	CUFF.5558.3_3+	CUFF.5558.1_3+
tide:./crux_output/comet_9695_3_2	0.905424	0.631512	0.933333	K.LEEQTDEEEVAAAA.A	AGAP002735-PA	ACOM036444-PA	AGAP002735-RA_1+	CUFF.4449.2_1+	CUFF.4449.1_1+
tide:./crux_output/comet_6587_2_1	0.905333	0.631512	0.933333	W.WCGKCAMK.G	CUFF.4658.4_2+	CUFF.4658.5_3+	CUFF.4658.2_1+	CUFF.4658.1_3+
tide:./crux_output/comet_6138_2_2	0.905299	0.631512	0.933333	R.KSDCALYAT.V	CUFF.7915.1_3+	AGAP011198-RA_3+
tide:./crux_output/comet_8054_2_2	0.905283	0.631512	0.933333	K.AIYCDPPY.F	AGAP002916-PA	ACOM037473-PA	CUFF.4584.2_2+	CUFF.4584.3_3+	CUFF.4584.1_2+	AGAP002916-RA_1+
tide:./crux_output/comet_7182_2_1	0.905144	0.632576	0.933333	R.NTVGIHPT.V	AGAP000565-PA	AGAP000565-PB	AGAP000565-PC	CUFF.17105.2_3+	AGAP000565-RA_3+	AGAP000565-RC_3+	AGAP000565-RB_2+
tide:./crux_output/comet_9312_3_1	0.905135	0.632576	0.933333	T.EIVLPSDDSAEK.D	AGAP001174-PA	ACOM043136-PA	AGAP001174-RA_3+
tide:./crux_output/comet_6340_2_1	0.905026	0.632576	0.933333	R.TNHGNRNT.R	CUFF.9864.1_3+
tide:./crux_output/comet_9022_2_1	0.905012	0.632576	0.933333	C.YIDMAEMVDTEK.K	AGAP004854-PA	ACOM038290-PA	AGAP004854-RA_2+
tide:./crux_output/comet_8038_2_1	0.905007	0.632576	0.933333	K.LCIDSLVADA.L	CUFF.17375.4_3+
tide:./crux_output/comet_9412_3_2	0.904690	0.639344	0.933333	X.SEGSNVQIGEIR.L	CUFF.9785.1_2+
tide:./crux_output/comet_10489_3_4	0.904631	0.639798	0.933333	S.GSAKQKSDFQALK.N	AGAP029274-PA	ACOM027373-PA	TCONS_00019681_3+
tide:./crux_output/comet_5834_2_4	0.904607	0.640252	0.933333	R.YNNMYQIV.I	CUFF.10083.6_3+
tide:./crux_output/comet_10288_2_5	0.904486	0.640704	0.933333	R.KGKGSSER.L	CUFF.4513.2_3+	CUFF.4513.3_2+	CUFF.4513.4_2+
tide:./crux_output/comet_7907_3_1	0.904466	0.641154	0.933333	R.KETAQDGISRW.H	ACOM032788-PA
tide:./crux_output/comet_8879_2_1	0.904312	0.644110	0.933333	I.WGLFMER.I	CUFF.2508.4_3+	CUFF.2508.3_3+	CUFF.2508.5_3+	CUFF.2508.8_2+	CUFF.2508.9_1+
tide:./crux_output/comet_6082_3_1	0.904186	0.645000	0.933333	H.GATNSAGGANARNK.T	AGAP003128-PA	ACOM035556-PA	CUFF.4840.2_1+	CUFF.4840.1_3+	AGAP003128-RA_1+
tide:./crux_output/comet_9813_3_1	0.904112	0.645000	0.933333	R.SASTTTYRTEGSSTSSY.S	CUFF.7473.8_3+
tide:./crux_output/comet_10266_2_1	0.904055	0.646040	0.933333	N.TLCDEFK.A	sp|P02769|ALBU_BOVIN
tide:./crux_output/comet_4636_2_1	0.903802	0.646040	0.933333	R.FGVFFVSCFS.V	CUFF.3377.3_3+	CUFF.3377.2_1+	CUFF.3377.4_2+	CUFF.3377.1_2+
tide:./crux_output/comet_6775_3_1	0.903797	0.646040	0.933333	A.TTTSSTASGTSEGCPMGSGEQSR.R	AGAP007803-RA_3+	CUFF.9448.1_1+
tide:./crux_output/comet_9872_2_1	0.903787	0.646040	0.933333	R.VGEACPRAGGGSEAA.A	CUFF.2789.4_2+	CUFF.2789.2_3+	CUFF.2789.1_2+	AGAP007525-RA_2+
tide:./crux_output/comet_7463_2_1	0.903753	0.646040	0.933333	K.KPPSSDPGA.C	CUFF.10429.2_2+	CUFF.10429.3_3+
tide:./crux_output/comet_8118_3_3	0.903737	0.646040	0.933333	R.VRAPTAWWSDA.I	CUFF.5096.1_3+	CUFF.5096.3_1+	CUFF.5096.2_2+
tide:./crux_output/comet_9800_2_2	0.903734	0.646040	0.933333	K.QHWMASPSPT.G	CUFF.2892.4_1+	CUFF.2892.5_1+	CUFF.2892.1_1+	CUFF.2892.2_2+
tide:./crux_output/comet_7449_4_1	0.903716	0.646040	0.933333	K.SQNGPLIKSLGLTVSREYVW.T	AGAP000890-PA	ACOM028004-PA	CUFF.17041.1_1+	CUFF.17041.2_2+	AGAP000890-RA_1+
tide:./crux_output/comet_4711_2_2	0.903715	0.646116	0.933333	R.EAEAPGQLQGE.A	TCONS_00022932_3+
tide:./crux_output/comet_7891_2_2	0.903619	0.646116	0.933333	R.SRPSPNNI.D	sp|P51979|HFM1_YEAST
tide:./crux_output/comet_7037_2_2	0.903596	0.646116	0.933333	F.QVDSNPDGQDLER.I	AGAP006537-PA	ACOM039542-PA	AGAP006537-RA_1+
tide:./crux_output/comet_8760_2_3	0.903513	0.646988	0.933333	R.GQFYRPA.S	AGAP003638-PA	ACOM028717-PA	CUFF.5342.1_2+	AGAP003638-RA_1+
tide:./crux_output/comet_7750_3_5	0.903455	0.646988	0.933333	R.GAVGAFWQLAEAA.H	AGAP007063-RA_3+
tide:./crux_output/comet_10053_3_1	0.903440	0.646988	0.933333	R.KAAPKSDTTNDTQQPEGG.E	ACOM040634-PA
tide:./crux_output/comet_9464_2_1	0.903433	0.646988	0.933333	R.CCCCCCCCRC.S	CUFF.16570.1_1+	DECOY_CUFF.4584.2_3+	DECOY_CUFF.4584.3_1+	DECOY_CUFF.4584.1_3+
tide:./crux_output/comet_8786_3_5	0.903344	0.646988	0.933333	T.GFSAAASSGTAACR.R	CUFF.16473.1_1+	AGAP000589-RA_3+
tide:./crux_output/comet_10527_2_1	0.903328	0.646988	0.933333	R.AATHRTDVP.G	AGAP011871-RA_2+	CUFF.8995.4_3+	CUFF.8995.5_2+	CUFF.8995.6_1+	CUFF.8995.7_3+	CUFF.8995.1_1+	CUFF.8995.2_3+	CUFF.8995.3_3+	CUFF.8995.8_3+	CUFF.8995.9_2+	CUFF.8995.10_2+	CUFF.8995.11_1+
tide:./crux_output/comet_9103_3_1	0.903188	0.646988	0.933333	R.TNGSNDAAVDGTRR.S	CUFF.8445.13_3+	CUFF.8445.3_3+
tide:./crux_output/comet_10325_4_2	0.903159	0.646988	0.933333	P.HPTCAHSLSLLGVSSCMECER.G	AGAP012922-PA	ACOM028733-PA	CUFF.15503.2_1+	AGAP012922-RA_1+
tide:./crux_output/comet_9415_3_2	0.903136	0.646988	0.933333	X.VCVCSFCKCVKR.K	CUFF.2315.1_2+	CUFF.2315.2_2+
tide:./crux_output/comet_7510_2_1	0.903120	0.646988	0.933333	N.EDSIYTK.E	AGAP000532-RB_1+	CUFF.16897.4_1+	CUFF.16897.3_1+	CUFF.16897.1_3+	AGAP000532-RA_1+	CUFF.16897.2_2+	DECOY_sp|P53969|SAM50_YEAST
tide:./crux_output/comet_5267_4_3	0.903068	0.646988	0.933333	K.QMVEKDEAAAQEQAAA.A	AGAP009568-PA	ACOM032538-PA	AGAP009568-RA_1+	CUFF.11233.2_1+
tide:./crux_output/comet_4661_3_1	0.903007	0.646988	0.933333	K.NHEEEMKDLR.N	gi|21961605|gb|AAH34697.1|
tide:./crux_output/comet_10591_2_2	0.902907	0.646988	0.933333	R.ENILYGL.N	AGAP002717-PA	ACOM036474-PA	AGAP002717-RA_3+
tide:./crux_output/comet_7347_2_1	0.902891	0.646988	0.933333	R.AQPAVFGRS.A	CUFF.9097.1_1+	CUFF.9097.2_3+	CUFF.9097.3_3+	AGAP012175-RA_3+
tide:./crux_output/comet_7881_2_1	0.902886	0.646988	0.933333	R.TIPAGTSRAAP.A	CUFF.15880.2_2+	CUFF.15880.1_2+	CUFF.15880.4_2+	AGAP013381-RA_2+
tide:./crux_output/comet_6252_3_3	0.902880	0.646988	0.933333	S.KSKSGSNVAGEPESTSK.E	AGAP029516-PA	CUFF.8705.10_2+	CUFF.8705.7_2+	CUFF.8705.1_2+	CUFF.8705.9_2+
tide:./crux_output/comet_7235_2_1	0.902838	0.646988	0.933333	R.ACTGSFTR.A	TCONS_00023218_2+
tide:./crux_output/comet_6361_3_1	0.902811	0.646988	0.933333	K.KGFCLHKTQN.V	CUFF.918.1_2+	CUFF.918.2_1+	CUFF.918.3_2+	CUFF.918.4_2+	CUFF.918.5_3+	CUFF.918.6_1+	CUFF.918.7_3+	CUFF.918.8_2+
tide:./crux_output/comet_5968_2_1	0.902807	0.646988	0.933333	R.HVITPSQLP.N	AGAP006915-PA	ACOM031536-PA	AGAP006915-RA_2+
tide:./crux_output/comet_4776_3_1	0.902743	0.647059	0.933333	A.QPRSSSLLSIDR.K	AGAP012040-PA	ACOM026659-PA	AGAP012040-RA_2+
tide:./crux_output/comet_7234_2_2	0.902719	0.647059	0.933333	K.NTRYTAI.V	CUFF.2314.1_1+	AGAP006880-RA_2+
tide:./crux_output/comet_6527_2_2	0.902658	0.647059	0.933333	R.YPSDGWSTA.I	AGAP009933-RA_3+	CUFF.11751.3_3+	CUFF.11751.1_3+
tide:./crux_output/comet_7916_3_3	0.902594	0.647129	0.933333	N.NSEKTSDDIEALK.T	sp|P36775|LONM_YEAST
tide:./crux_output/comet_8602_2_2	0.902548	0.647129	0.933333	G.LANADEER.A	AGAP008154-RA_1+	CUFF.9719.1_1+
tide:./crux_output/comet_10428_2_1	0.902523	0.647129	0.933333	K.QVNGLLSHG.D	AGAP004698-PA	ACOM036052-PA	CUFF.170.2_1+	CUFF.170.1_1+	AGAP004698-RA_2+
tide:./crux_output/comet_5766_2_1	0.902430	0.649583	0.933333	R.HVILSTQPP.Q	AGAP009522-PA	ACOM032446-PA	CUFF.11227.10_3+	AGAP009522-RA_1+	CUFF.11227.8_1+	CUFF.11227.11_2+	CUFF.11227.3_1+	CUFF.11227.2_1+	CUFF.11227.4_1+	CUFF.11227.7_1+	CUFF.11227.9_1+
tide:./crux_output/comet_7646_2_1	0.902400	0.649583	0.933333	Q.ANNKHTCER.E	CUFF.1256.1_2+	CUFF.1256.6_2+	CUFF.1256.4_3+	CUFF.1256.3_1+	CUFF.1256.2_2+	CUFF.1256.5_1+
tide:./crux_output/comet_7641_2_1	0.902399	0.649583	0.933333	T.TTTMTTLGR.Q	CUFF.16863.2_1+	CUFF.16863.3_2+	CUFF.16863.6_2+	CUFF.16863.4_2+	CUFF.16863.1_1+	CUFF.16863.5_1+
tide:./crux_output/comet_8081_2_4	0.902336	0.650888	0.933333	R.AGVSCRSVC.W	AGAP028115-RA_2+
tide:./crux_output/comet_10639_4_1	0.902287	0.650888	0.933333	V.IGKLLDLASESDGEDEEGSK.S	sp|P33310|MDL1_YEAST
tide:./crux_output/comet_10000_3_1	0.902256	0.650888	0.933333	N.TLCDEFKADEK.K	sp|P02769|ALBU_BOVIN
tide:./crux_output/comet_5303_3_4	0.902049	0.650888	0.933333	A.PCFTDAAGTVGSGK.W	AGAP005931-RA_2+
tide:./crux_output/comet_8941_3_1	0.902020	0.650888	0.933333	R.LSLCGCVCAPVC.V	CUFF.3204.1_1+	CUFF.3204.3_2+
tide:./crux_output/comet_9576_2_2	0.901999	0.650888	0.933333	A.DGSTPRSPHER.A	AGAP011320-RA_2+	CUFF.8576.2_2+
tide:./crux_output/comet_5553_2_2	0.901876	0.656028	0.933333	V.AGFAGEVR.E	CUFF.2317.1_3+	AGAP006885-RA_3+
tide:./crux_output/comet_9717_2_2	0.901822	0.656434	0.933333	G.ISVVASGAK.X	CUFF.3757.5_1+	CUFF.3757.4_3+	CUFF.3757.6_1+	CUFF.3757.1_1+	CUFF.3757.3_1+
tide:./crux_output/comet_9789_2_1	0.901723	0.658169	0.933333	R.TYQAGRASSAASGGA.N	AGAP008473-RA_3+	CUFF.10018.6_2+	CUFF.10018.7_2+	CUFF.10018.4_1+	CUFF.10018.5_3+	CUFF.10018.2_3+	CUFF.10018.3_3+	CUFF.10018.8_1+
tide:./crux_output/comet_5868_2_1	0.901707	0.658169	0.933333	K.RLAISTMLS.I	AGAP007280-RA_2+
tide:./crux_output/comet_7299_3_4	0.901683	0.658169	0.933333	-.PPEHGGVVVVIDTH.R	AGAP008710-RA_1+
tide:./crux_output/comet_9248_3_1	0.901634	0.658169	0.933333	R.DPSPHRGKGVCLSCS.G	CUFF.16250.1_1+
tide:./crux_output/comet_8925_2_5	0.901593	0.658169	0.933333	R.MHCVDYTPESGK.C	AGAP011666-PA	ACOM031804-PA	CUFF.8605.2_3+	CUFF.8605.3_2+	CUFF.8594.1_2+	CUFF.8594.2_2+	AGAP011667-RA_1+	AGAP011666-RA_1+
tide:./crux_output/comet_9323_2_2	0.901570	0.658169	0.933333	R.YTFNKNL.T	CUFF.8917.2_3+	CUFF.8917.3_2+	CUFF.8917.1_3+
tide:./crux_output/comet_5776_2_1	0.901558	0.658169	0.933333	A.AAATTTKR.R	AGAP006471-RA_2+	CUFF.1964.5_1+	CUFF.1964.4_1+	CUFF.1964.2_3+	CUFF.1964.1_2+
tide:./crux_output/comet_8479_3_4	0.901528	0.658169	0.933333	R.SATSASTGTRYRP.A	CUFF.16264.4_3+	CUFF.16264.3_2+	AGAP000355-RA_2+
tide:./crux_output/comet_8936_2_4	0.901526	0.658169	0.933333	D.TQEIDEESQEPK.I	AGAP005471-PA	ACOM039117-PA	CUFF.1181.17_2+	CUFF.1181.14_3+	CUFF.1181.12_1+	CUFF.1181.13_1+	CUFF.1181.10_3+	CUFF.1181.18_2+	CUFF.1181.19_3+	AGAP005471-RA_1+	CUFF.1181.21_2+	CUFF.1181.16_3+	CUFF.1181.15_3+	CUFF.1181.4_1+	CUFF.1181.5_1+	CUFF.1181.6_1+	CUFF.1181.7_1+	CUFF.1181.1_1+	CUFF.1181.2_1+	CUFF.1181.3_2+	CUFF.1181.8_1+
tide:./crux_output/comet_9284_2_1	0.901490	0.658169	0.933333	R.QEVLFALLL.S	CUFF.6205.6_1+	CUFF.6205.7_3+	CUFF.6205.5_1+	CUFF.6205.2_1+	CUFF.6205.3_3+	CUFF.6205.1_3+
tide:./crux_output/comet_8664_2_3	0.901440	0.658169	0.933333	K.AYEGTDEIT.A	AGAP010798-PA	ACOM027569-PA	AGAP010798-RA_1+
tide:./crux_output/comet_6433_2_1	0.901384	0.658169	0.933333	S.SMGAGSSGAMK.M	AGAP006528-PA	ACOM039559-PA	CUFF.2010.4_1+	CUFF.2010.2_2+	CUFF.2010.1_1+	AGAP006528-RA_1+
tide:./crux_output/comet_8763_3_5	0.901370	0.658169	0.933333	R.KNHFLCSICSPSHMASAFPNCSQSTP.R	CUFF.7833.4_1+	CUFF.7833.5_1+	CUFF.7833.6_3+	CUFF.7833.7_2+	CUFF.7833.1_1+	CUFF.7833.2_3+	CUFF.7833.3_3+	CUFF.7833.8_1+
tide:./crux_output/comet_8896_2_3	0.901361	0.658169	0.933333	K.AGSEDRER.E	CUFF.1694.1_2+
tide:./crux_output/comet_10213_4_2	0.901336	0.658169	0.933333	D.AGNVSDDADAYHVCMSPQELEER.L	AGAP001896-PA	ACOM023690-PA	AGAP001896-RA_3+
tide:./crux_output/comet_9410_2_1	0.901326	0.658169	0.933333	R.RGITSGEMVP.I	CUFF.9401.5_3+	CUFF.9401.4_2+	CUFF.9401.1_1+	CUFF.9401.3_2+	CUFF.9401.2_1+
tide:./crux_output/comet_7668_2_2	0.901275	0.658565	0.933333	P.ADADVQGAER.A	CUFF.3769.1_3+	CUFF.3769.2_3+	CUFF.3769.3_3+	AGAP001780-RA_3+
tide:./crux_output/comet_5145_2_2	0.901213	0.660116	0.933333	A.AGRLVHADR.H	AGAP000019-RA_3+	CUFF.15782.1_2+
tide:./crux_output/comet_8347_2_2	0.901147	0.660138	0.933333	R.EGGAGNGQGLVQ.V	AGAP003541-RA_3+	AGAP003541-RB_1+	AGAP003541-RC_2+	CUFF.5285.2_2+	CUFF.5285.7_1+	CUFF.5285.1_3+	CUFF.5285.6_2+
tide:./crux_output/comet_9389_2_1	0.901073	0.660138	0.933333	R.WAGWATRTVP.P	CUFF.2229.1_2+	CUFF.2229.2_2+	CUFF.2229.3_2+	AGAP006741-RA_2+
tide:./crux_output/comet_6240_3_4	0.901065	0.660138	0.933333	R.SLFNGSIIESMETP.G	ACOM035731-PA
tide:./crux_output/comet_8536_2_1	0.900856	0.662909	0.933333	R.DGPEPVPDVFGG.A	CUFF.1623.1_2+	AGAP006054-RA_1+
tide:./crux_output/comet_8405_2_1	0.900822	0.662909	0.933333	T.LMLCSVK.T	AGAP029328-PA
tide:./crux_output/comet_10535_2_1	0.900572	0.662909	0.933333	R.IHTLNQP.D	AGAP008288-RA_1+	AGAP008288-RB_1+
tide:./crux_output/comet_10158_3_5	0.900555	0.662909	0.933333	R.AGGMKQVFEKPSL.Y	AGAP001918-PA	ACOM023660-PA	AGAP001918-RA_1+
tide:./crux_output/comet_7351_2_2	0.900477	0.662909	0.933333	R.TCPHTHTPVW.L	CUFF.4431.2_3+	CUFF.4431.1_3+
tide:./crux_output/comet_10618_3_1	0.900464	0.662909	0.933333	K.SAECTGSKQQCQLPTDSS.H	sp|P32900|SKG6_YEAST
tide:./crux_output/comet_8131_2_3	0.900452	0.662909	0.933333	I.AGLFVSGAISGK.G	sp|P38234|RFS1_YEAST
tide:./crux_output/comet_6685_3_2	0.900415	0.662909	0.933333	R.DGSIKVCHNSERC.H	AGAP006960-RA_3+
tide:./crux_output/comet_7382_2_1	0.900342	0.662909	0.933333	R.ATCSGCLVS.T	AGAP007482-RA_2+
tide:./crux_output/comet_6379_3_2	0.900337	0.662909	0.933333	R.NQQSIQPYSSHQQQ.L	CUFF.16663.4_1+	CUFF.16663.5_1+	AGAP000696-RB_1+	AGAP000696-RC_1+	AGAP000696-RA_1+	CUFF.16663.1_1+
tide:./crux_output/comet_6913_3_5	0.900184	0.662909	0.933333	K.DSGTPSHTGTSTL.T	AGAP009711-PA	AGAP009711-RA_1+	CUFF.11485.3_2+	CUFF.11485.1_3+
tide:./crux_output/comet_8117_2_2	0.900178	0.662909	0.933333	C.TNYCFGVR.S	TCONS_00010517_1+
tide:./crux_output/comet_6711_2_1	0.900174	0.662909	0.933333	V.QCARPDER.A	AGAP004000-RA_3+	CUFF.5749.8_3+	CUFF.5749.2_2+	CUFF.5749.3_3+	CUFF.5749.1_2+	CUFF.5749.6_2+	CUFF.5749.7_1+	CUFF.5749.4_3+	CUFF.5749.5_3+
tide:./crux_output/comet_5702_3_1	0.900159	0.662909	0.933333	X.ATSYALDWWR.V	CUFF.12056.2_2+	CUFF.12056.3_2+	CUFF.12056.1_3+
tide:./crux_output/comet_6402_3_1	0.900116	0.662909	0.933333	R.ANPSRDHFHNGE.K	AGAP006022-RA_2+	CUFF.1747.1_1+	CUFF.1747.2_2+	CUFF.1747.3_1+	CUFF.1747.4_1+	CUFF.1747.5_2+
tide:./crux_output/comet_6644_3_5	0.900038	0.662909	0.933333	K.ASRFAGGVCQR.K	ACOM034021-PA
tide:./crux_output/comet_7550_2_2	0.900026	0.662909	0.933333	D.YGFSVSDGLYER.G	AGAP000209-PA	CUFF.16094.3_3+	CUFF.16094.1_1+	CUFF.16094.2_3+	CUFF.16094.4_1+	AGAP000209-RA_1+
tide:./crux_output/comet_9395_4_2	0.900008	0.662909	0.933333	R.SGPVVAVLWFVHGNVAPLSG.A	CUFF.11332.1_3+	CUFF.11332.4_3+	AGAP009579-RA_3+	CUFF.11332.2_1+	CUFF.11332.3_3+
tide:./crux_output/comet_4083_2_1	0.899966	0.662909	0.933333	K.GEEGEGSLRE.G	AGAP002947-RA_3+
tide:./crux_output/comet_9788_2_3	0.899875	0.664414	0.933333	R.TVEKTIVY.D	AGAP008552-PA	AGAP008552-RA_1+
tide:./crux_output/comet_9343_2_1	0.899727	0.667416	0.933333	W.DEHGACPLCKMCR.F	CUFF.9269.10_2+	CUFF.9269.12_1+	CUFF.9269.5_3+	CUFF.9269.7_3+	CUFF.9269.9_3+	CUFF.9269.8_1+
tide:./crux_output/comet_5977_2_3	0.899675	0.667416	0.933333	R.NVRPGAGDGAAP.A	CUFF.3599.1_1+	CUFF.3599.2_3+	AGAP001820-RA_3+
tide:./crux_output/comet_8901_2_1	0.899660	0.668911	0.933333	R.CCPPASRWTSP.E	CUFF.2402.6_3+	CUFF.2402.5_2+	CUFF.2402.2_3+	CUFF.2402.1_3+	AGAP006958-RA_1+	AGAP006961-RA_1+	CUFF.2402.4_3+	CUFF.2402.3_3+	AGAP006959-RA_1+
tide:./crux_output/comet_5565_2_1	0.899575	0.670404	0.933333	R.SDYRCSSSSR.A	CUFF.1180.1_2+	AGAP005651-RA_3+
tide:./crux_output/comet_6836_3_1	0.899501	0.670759	0.933333	R.KAFSAGIAWGIYEEL.V	sp|Q07534|S2538_YEAST
tide:./crux_output/comet_6727_3_1	0.899465	0.670759	0.933333	R.HHCSPIPKSHT.S	CUFF.1190.6_2+	CUFF.1190.4_2+	CUFF.1190.5_3+	CUFF.1190.2_1+	CUFF.1190.1_3+	CUFF.1190.9_3+	CUFF.1190.10_3+	AGAP005508-RA_3+	AGAP005508-RC_3+	AGAP005508-RB_3+	CUFF.1190.7_3+	CUFF.1190.3_3+
tide:./crux_output/comet_8615_2_1	0.899434	0.670759	0.933333	L.NCALLPK.H	AGAP000412-RA_2+	CUFF.6798.1_2+	DECOY_AGAP000249-RA_1+
tide:./crux_output/comet_6179_3_2	0.899374	0.670759	0.933333	K.KMESILESFPEY.R	sp|P47145|LIH1_YEAST
tide:./crux_output/comet_8887_2_2	0.899151	0.675936	0.933333	V.KAWHCNER.Q	AGAP000574-PA	ACOM033519-PA	CUFF.17114.6_3+	CUFF.17114.4_3+	CUFF.17114.5_2+	CUFF.17114.2_3+	CUFF.17114.3_2+	CUFF.17114.1_2+	AGAP000574-RA_1+
tide:./crux_output/comet_8228_2_1	0.898902	0.675936	0.933333	K.VNVILTYGS.F	TCONS_00007269_1+
tide:./crux_output/comet_7366_2_1	0.898796	0.675936	0.933333	R.KHSPPGNVCTA.I	AGAP008617-RA_3+
tide:./crux_output/comet_6506_2_2	0.898726	0.675936	0.933333	R.LRPDSGNWSSDF.D	CUFF.16640.2_1+
tide:./crux_output/comet_9749_4_1	0.898661	0.675936	0.933333	K.LHASPTAGNQEEAKFGEAKAQ.X	AGAP028215-RA_3+
tide:./crux_output/comet_6600_3_2	0.898617	0.675936	0.933333	R.TIPPGGSGGWFGP.A	CUFF.924.8_3+	CUFF.924.1_1+	CUFF.924.3_1+	CUFF.924.2_2+	CUFF.924.5_3+	CUFF.924.4_1+	CUFF.924.6_1+	AGAP005285-RA_3+
tide:./crux_output/comet_6154_3_1	0.898608	0.675936	0.933333	K.DTACPALPAGAEEGSNA.A	AGAP008377-RA_3+	CUFF.9911.1_3+
tide:./crux_output/comet_9222_2_1	0.898575	0.675936	0.933333	R.GGGGWSGSDGYSYPER.X	AGAP006601-RA_3+	AGAP006601-RB_3+	CUFF.2074.4_1+	CUFF.2074.5_1+	CUFF.2074.1_3+	CUFF.2074.2_3+	CUFF.2074.3_1+	CUFF.2074.8_3+	CUFF.2074.9_3+
tide:./crux_output/comet_7178_2_1	0.898537	0.675936	0.933333	K.YRAAISSSVW.G	CUFF.9674.1_1+	AGAP007995-RA_2+	CUFF.9674.3_2+	CUFF.9674.2_3+
tide:./crux_output/comet_10513_2_1	0.898521	0.675936	0.933333	-.NNFDFAAFPN.L	AGAP010065-RA_3+
tide:./crux_output/comet_9308_2_3	0.898508	0.675936	0.933333	T.AAVLESVR.L	CUFF.3399.1_3+	AGAP001652-RA_2+
tide:./crux_output/comet_5062_2_2	0.898503	0.675936	0.933333	R.ADRTNDQGH.G	TCONS_00023100_2+	AGAP012696-RA_3+	CUFF.14072.1_3+
tide:./crux_output/comet_6585_2_1	0.898494	0.675936	0.933333	R.TLLDPGST.S	AGAP010251-RA_3+	CUFF.12130.1_3+
tide:./crux_output/comet_9451_2_2	0.898491	0.675936	0.933333	N.DYVTAAAR.R	TCONS_00040154_3+	TCONS_00040151_2+
tide:./crux_output/comet_5867_2_1	0.898387	0.675936	0.933333	K.RLAISTMLS.I	AGAP007280-RA_2+
tide:./crux_output/comet_7815_3_2	0.898386	0.675936	0.933333	K.TTCSRCTSTALTSAT.L	CUFF.6823.1_1+	CUFF.6823.2_1+	AGAP010398-RA_1+
tide:./crux_output/comet_6299_2_1	0.898346	0.675936	0.933333	V.QFCYSNK.T	CUFF.4143.1_1+
tide:./crux_output/comet_892_3_2	0.898294	0.675936	0.933333	I.QDLADIIRNSACR.C	CUFF.5312.4_2+	CUFF.5312.5_2+	CUFF.5312.2_3+	CUFF.5312.1_2+
tide:./crux_output/comet_5919_3_5	0.898227	0.675936	0.933333	K.SSFGSTGNTAYSTP.L	sp|P33329|PPZ2_YEAST
tide:./crux_output/comet_8561_2_1	0.898220	0.675936	0.933333	X.FGVTKKK.K	CUFF.10348.2_1+	CUFF.10348.3_1+	CUFF.10348.1_1+	CUFF.10348.6_2+	CUFF.10348.7_2+	CUFF.10348.4_1+	CUFF.10348.5_1+
tide:./crux_output/comet_4780_2_1	0.898198	0.675936	0.933333	R.GPSLPQPQ.Q	AGAP010704-RA_2+
tide:./crux_output/comet_9953_2_1	0.898074	0.675936	0.933333	R.IFESETTSTSV.S	AGAP009990-RA_3+	CUFF.11859.1_3+	CUFF.11859.2_3+	CUFF.11859.3_1+	CUFF.11859.8_3+	CUFF.11859.9_3+
tide:./crux_output/comet_6123_2_2	0.898020	0.675936	0.933333	R.DAGSGSGTTVTRE.D	AGAP010435-PA	ACOM040879-PA	AGAP010435-RA_1+	CUFF.6920.2_2+	CUFF.6920.3_3+	CUFF.6920.1_2+
tide:./crux_output/comet_10640_2_1	0.897945	0.675936	0.933333	K.IDENCETKDVI.S	TCONS_00011281_3+
tide:./crux_output/comet_7155_3_3	0.897921	0.675936	0.933333	R.GGHRQTVGGLLREGAA.G	AGAP007682-RA_2+	CUFF.2898.2_1+	CUFF.2898.1_3+
tide:./crux_output/comet_8128_3_2	0.897907	0.675936	0.933333	K.NGSFKGLDDAIQ.A	sp|P41800|MMM1_YEAST
tide:./crux_output/comet_5809_2_3	0.897903	0.675936	0.933333	L.GARYDGSWTK.D	sp|P32603|SPR1_YEAST
tide:./crux_output/comet_9506_4_3	0.897771	0.675936	0.933333	N.DVDQTLVEEDHGVAGVAIPK.V	ACOM037027-PA
tide:./crux_output/comet_7759_3_4	0.897720	0.675936	0.933333	R.FATNHSKPQSVS.R	AGAP009346-RA_2+
tide:./crux_output/comet_8644_2_3	0.897597	0.675936	0.933333	K.ETYQSRG.I	sp|Q12377|RPN6_YEAST
tide:./crux_output/comet_8478_2_1	0.897564	0.675936	0.933333	R.NDATASVEKAVVDA.L	AGAP028014-PA	ACOM028189-PA	AGAP028014-RA_1+
tide:./crux_output/comet_8124_2_1	0.897531	0.675936	0.933333	N.QSVAMKGK.G	AGAP002474-PA	ACOM036937-PA	AGAP002474-RA_1+
tide:./crux_output/comet_6438_2_1	0.897513	0.675936	0.933333	V.ISTSSTSRK.Q	CUFF.2608.7_1+
tide:./crux_output/comet_8695_2_2	0.897512	0.675936	0.933333	K.KEMDVKEGHEAG.F	sp|P35196|RER2_YEAST
tide:./crux_output/comet_7617_2_1	0.897488	0.675936	0.933333	K.LECTENSHPFET.R	AGAP028505-PA	TCONS_00020166_1+
tide:./crux_output/comet_8160_2_1	0.897470	0.675936	0.933333	R.DLCLCVYVCVSV.C	CUFF.16792.1_2+
tide:./crux_output/comet_10209_2_2	0.897462	0.675936	0.933333	N.TLCDEFK.A	sp|P02769|ALBU_BOVIN
tide:./crux_output/comet_10332_4_1	0.897269	0.675936	0.933333	R.TSDNTQNAQKPSLHFRPGE.T	AGAP000995-RA_2+
tide:./crux_output/comet_7064_2_1	0.897261	0.675936	0.933333	R.FFALTNGSST.G	CUFF.9003.3_3+	CUFF.9003.2_2+	CUFF.9003.1_2+
tide:./crux_output/comet_8854_3_1	0.897226	0.676251	0.933333	K.SCPIRRNLCGFGC.T	AGAP002009-RA_2+
tide:./crux_output/comet_6528_2_3	0.897118	0.676251	0.933333	R.QNKYKNSVS.F	CUFF.7841.2_3+	CUFF.7841.1_1+	CUFF.7841.4_3+
tide:./crux_output/comet_5862_2_1	0.897108	0.676251	0.933333	R.LSFAAAGNET.Q	AGAP010001-RA_2+
tide:./crux_output/comet_5908_3_3	0.897017	0.676251	0.933333	X.DICIPLCNKR.S	CUFF.6089.1_1+	CUFF.6089.3_3+	CUFF.6089.4_3+	CUFF.6089.5_3+	CUFF.6089.6_1+	CUFF.6089.7_2+	CUFF.6089.2_1+
tide:./crux_output/comet_9516_2_3	0.896960	0.676533	0.933333	R.GWTFNFV.H	sp|Q99234|DFG16_YEAST
tide:./crux_output/comet_6264_2_4	0.896943	0.676533	0.933333	R.KETAAPQCVGT.K	CUFF.4230.1_3+	CUFF.4230.2_1+
tide:./crux_output/comet_5431_2_1	0.896853	0.676533	0.933333	E.VHAAAAER.S	AGAP005938-PA	ACOM024928-PA	AGAP005938-RA_1+	CUFF.1502.1_2+
tide:./crux_output/comet_10234_3_4	0.896811	0.676533	0.933333	R.SGGRHGGEQFAGTVG.V	AGAP001404-RA_3+
tide:./crux_output/comet_5988_2_5	0.896800	0.676533	0.933333	R.CTLIDSESDGNPSSPLN.G	CUFF.597.15_2+	CUFF.597.5_2+
tide:./crux_output/comet_5084_3_1	0.896749	0.676533	0.933333	I.KPYTYTTHPR.G	CUFF.9859.10_3+
tide:./crux_output/comet_7667_3_5	0.896707	0.676533	0.933333	K.SESNNKGSSVFSGKI.K	sp|Q12236|PKH2_YEAST
tide:./crux_output/comet_8029_3_1	0.896589	0.677487	0.933333	R.FRECCLLPPACYYD.X	AGAP013746-RA_2+
tide:./crux_output/comet_6833_2_2	0.896575	0.677487	0.933333	R.FGEIIVTGRE.T	AGAP000167-RA_1+
tide:./crux_output/comet_9989_2_3	0.896552	0.677487	0.933333	R.YGVTEFAEDSASI.A	CUFF.15903.3_1+
tide:./crux_output/comet_8199_4_1	0.896513	0.677487	0.933333	K.WDPSLVSSIWPYNYGMP.S	AGAP008468-RA_2+	CUFF.10005.2_2+
tide:./crux_output/comet_9556_2_2	0.896142	0.677487	0.933333	K.LPRGGGGGGGGG.G	AGAP028093-PA	ACOM030007-PA	AGAP028093-RA_1+	CUFF.9980.1_3+	CUFF.9980.2_3+
tide:./crux_output/comet_7440_2_4	0.896125	0.677487	0.933333	K.TSTTSPTTTTT.T	CUFF.712.1_2+	CUFF.712.2_2+	CUFF.712.3_3+	CUFF.712.6_3+	CUFF.712.7_2+	CUFF.712.8_1+	CUFF.712.5_2+	CUFF.712.11_3+
tide:./crux_output/comet_5366_3_1	0.896106	0.677487	0.933333	R.VYSNMCRVFSN.P	AGAP028253-RA_2+
tide:./crux_output/comet_5042_2_2	0.896062	0.677487	0.933333	K.YAISTGTS.N	CUFF.17097.4_3+	CUFF.17097.1_3+	CUFF.17097.2_2+	CUFF.17097.8_1+	CUFF.17097.7_1+	CUFF.17097.3_1+	CUFF.17097.10_1+
tide:./crux_output/comet_6273_3_1	0.895912	0.677487	0.933333	R.VRQLWLAHAHAGE.P	AGAP000414-RA_1+
tide:./crux_output/comet_5879_3_3	0.895748	0.681296	0.933333	K.RTNKNYLNYVQ.Y	CUFF.7800.6_3+	CUFF.7800.4_1+	CUFF.7800.5_1+
tide:./crux_output/comet_5904_2_2	0.895736	0.681296	0.933333	K.WLLNSSQSTG.Q	AGAP001058-RA_1+
tide:./crux_output/comet_8776_2_2	0.895580	0.683716	0.933333	R.HQPLPNGYHG.N	AGAP013178-RA_3+	CUFF.3792.1_2+	CUFF.3792.2_2+	CUFF.3792.3_3+	CUFF.3792.4_1+	CUFF.3792.5_3+
tide:./crux_output/comet_5789_2_1	0.894903	0.691345	0.933333	K.QNNQPTNR.N	CUFF.496.3_2+	CUFF.496.2_1+	CUFF.496.1_1+	CUFF.496.7_1+	CUFF.496.6_2+	CUFF.496.5_3+	CUFF.496.4_1+
tide:./crux_output/comet_10558_2_2	0.894807	0.692708	0.933333	T.LTSTGSIK.L	AGAP011033-PA	ACOM022955-PA	AGAP011033-RA_1+
tide:./crux_output/comet_5456_2_2	0.894632	0.694556	0.933333	R.IGSEPQRPVAD.G	AGAP006758-RA_3+	CUFF.2205.2_3+
tide:./crux_output/comet_9785_2_2	0.894543	0.694556	0.933333	S.KGSRIFGR.E	CUFF.8676.2_1+	CUFF.8676.1_3+
tide:./crux_output/comet_9676_2_1	0.894489	0.694556	0.933333	R.KTFLAPRS.W	TCONS_00011500_3+
tide:./crux_output/comet_6959_2_1	0.894242	0.694556	0.933333	R.DGPAPRPVGSGDA.S	CUFF.11147.1_2+	CUFF.11147.2_2+	AGAP009487-RA_3+
tide:./crux_output/comet_6999_4_4	0.894148	0.694556	0.933333	R.ASMDGDPQSRTVLVNDRI.F	AGAP011770-PA	ACOM031988-PA	CUFF.8729.1_1+	AGAP011770-RA_1+
tide:./crux_output/comet_8023_2_1	0.893940	0.694556	0.933333	K.EFMNQART.E	sp|P53723|YN8B_YEAST
tide:./crux_output/comet_8582_3_1	0.893932	0.694556	0.933333	K.CSCVAPEANRANTA.L	CUFF.2144.2_1+	CUFF.2144.3_1+	CUFF.2144.9_1+
tide:./crux_output/comet_10544_3_1	0.893909	0.694556	0.933333	K.IPPSVCVCVRD.Q	TCONS_00002881_2+
tide:./crux_output/comet_5342_3_1	0.893900	0.694556	0.933333	T.TAGNSSDASAGTAK.Q	AGAP006627-PA	AGAP006627-RA_1+
tide:./crux_output/comet_7293_2_3	0.893621	0.694556	0.933333	D.TWSGPWER.C	CUFF.968.1_1+	CUFF.968.2_3+
tide:./crux_output/comet_8676_2_4	0.893613	0.694556	0.933333	D.IDSYLDK.H	AGAP005652-PA	ACOM038867-PA	AGAP005652-RA_3+	CUFF.1198.1_2+
tide:./crux_output/comet_6329_2_1	0.893600	0.694556	0.933333	L.TIHNTTR.Q	AGAP004119-RA_3+	CUFF.5799.5_3+	CUFF.5799.4_2+	CUFF.5799.1_1+	CUFF.5799.3_1+	CUFF.5799.2_1+	DECOY_CUFF.3326.1_3+
tide:./crux_output/comet_5842_3_2	0.893554	0.694556	0.933333	K.INSGAQSDSEIGS.V	CUFF.17028.5_2+
tide:./crux_output/comet_9149_3_4	0.893520	0.694556	0.933333	K.DEELVEDQSKIE.K	AGAP013428-PA	ACOM034664-PA	AGAP013428-RA_1+	CUFF.17184.4_3+
tide:./crux_output/comet_7134_4_1	0.893513	0.694556	0.933333	-.MSNIDIVQPLWDLSTFT.G	AGAP007119-PA	ACOM025287-PA
tide:./crux_output/comet_4041_2_1	0.893399	0.694556	0.933333	R.GEMEGRQSVA.V	CUFF.8908.2_1+	CUFF.8908.1_2+	CUFF.8908.6_3+	CUFF.8908.7_1+	CUFF.8908.4_3+	CUFF.8908.5_2+
tide:./crux_output/comet_7693_3_1	0.893395	0.694556	0.933333	R.AYSLIFPCSIM.I	CUFF.9244.1_3+
tide:./crux_output/comet_4614_2_1	0.893364	0.694556	0.933333	R.NATNHTQAP.P	TCONS_00014999_3+	TCONS_00014998_3+
tide:./crux_output/comet_10318_2_1	0.893320	0.694556	0.933333	N.TLCDEFK.A	sp|P02769|ALBU_BOVIN
tide:./crux_output/comet_8618_2_2	0.893241	0.694556	0.933333	R.AGFTWSGSW.I	AGAP006256-RA_2+
tide:./crux_output/comet_9289_2_3	0.893091	0.694556	0.933333	K.GATGAGGAGSAGGGGGGGGGGGGGGG.A	AGAP006089-PA	AGAP006089-PB	CUFF.1702.5_2+	CUFF.1702.4_2+	CUFF.1702.7_1+	CUFF.1702.6_1+	CUFF.1702.1_1+	CUFF.1702.3_2+	CUFF.1702.2_2+
tide:./crux_output/comet_9944_3_1	0.893007	0.694556	0.933333	N.TLCDEFKADEK.K	sp|P02769|ALBU_BOVIN
tide:./crux_output/comet_9027_2_1	0.892994	0.694556	0.933333	S.PEKEAGGGGTGGSDR.N	AGAP006038-PA	AGAP006038-RA_1+	CUFF.1648.10_1+	CUFF.1648.11_1+	CUFF.1648.6_1+	CUFF.1648.4_2+	CUFF.1648.5_2+	CUFF.1648.2_2+	CUFF.1648.3_2+	CUFF.1648.1_2+	CUFF.1648.8_3+	CUFF.1648.9_3+
tide:./crux_output/comet_7009_2_5	0.892957	0.694556	0.933333	R.GKNEHNHQ.P	CUFF.3804.2_2+	CUFF.3804.3_1+	CUFF.3804.1_2+	AGAP002041-RB_3+	AGAP002041-RA_1+
tide:./crux_output/comet_8175_2_2	0.892929	0.694556	0.933333	R.QDRSFSMAG.Y	CUFF.709.13_1+	CUFF.709.4_2+	CUFF.709.5_3+	CUFF.709.6_3+	CUFF.709.7_2+	CUFF.709.1_2+	CUFF.709.2_1+	CUFF.709.3_2+	CUFF.709.8_2+	CUFF.709.9_1+	CUFF.709.16_2+	CUFF.709.14_3+	CUFF.709.15_2+	CUFF.709.12_2+	CUFF.709.10_2+	CUFF.709.11_1+	AGAP005057-RA_2+
tide:./crux_output/comet_8807_2_3	0.892899	0.694556	0.933333	K.APPPTWWW.S	AGAP002616-RA_2+	CUFF.4328.1_2+
tide:./crux_output/comet_10604_4_1	0.892851	0.694556	0.933333	S.IIIFIIGKPLYKISAPAGNMFVK.V	AGAP010383-PA	ACOM040815-PA	AGAP010383-RA_1+
tide:./crux_output/comet_8616_2_4	0.892835	0.694556	0.933333	K.VSTTMHPVST.S	CUFF.930.7_1+
tide:./crux_output/comet_6322_4_2	0.892826	0.694556	0.933333	R.KGIGQLSGGPEPAGDCE.R	CUFF.8914.1_1+	AGAP011985-RA_3+
tide:./crux_output/comet_7843_3_2	0.892782	0.694556	0.933333	Y.TFFFASNTHSLSR.S	CUFF.17131.1_3+	CUFF.17131.2_1+
tide:./crux_output/comet_8621_2_1	0.892570	0.694556	0.933333	I.FLTGKLK.R	CUFF.8693.3_3+	CUFF.8693.2_3+	CUFF.8693.4_3+
tide:./crux_output/comet_7112_2_2	0.892535	0.694556	0.933333	V.KGQIPQCER.L	AGAP000553-PA	ACOM037800-PA	AGAP000553-RA_3+	CUFF.16445.3_1+	CUFF.16445.1_2+
tide:./crux_output/comet_8504_3_1	0.892488	0.694864	0.933333	R.QFCPMRIEMYSL.I	CUFF.8853.1_2+	AGAP011891-RA_1+
tide:./crux_output/comet_5368_3_1	0.892372	0.696177	0.933333	R.IGAGRSAQQAEQS.R	AGAP010655-RA_3+	CUFF.7329.6_2+	CUFF.7329.3_1+	CUFF.7329.4_1+	CUFF.7329.2_1+	CUFF.7329.1_2+
tide:./crux_output/comet_6722_2_1	0.892233	0.696787	0.933333	R.FMLEVMK.D	sp|Q06324|MMR1_YEAST
tide:./crux_output/comet_5168_2_1	0.892225	0.696787	0.933333	R.QTNIGKY.T	CUFF.17526.1_1+	CUFF.17526.2_1+
tide:./crux_output/comet_6387_2_1	0.892153	0.698094	0.933333	K.SCSVNEDNGI.T	AGAP001113-PA	ACOM033670-PA	CUFF.2998.4_3+	CUFF.2998.2_2+	CUFF.2998.1_3+	AGAP001113-RA_1+
tide:./crux_output/comet_9964_3_1	0.892103	0.698914	0.933333	N.ISGMSSPSYNKEK.I	AGAP012463-PA	ACOM028890-PA
tide:./crux_output/comet_8848_2_1	0.892079	0.698914	0.933333	S.GRVTLFAR.W	AGAP007661-RA_2+
tide:./crux_output/comet_5157_3_2	0.891839	0.698914	0.933333	R.LPPTGRSCQMR.K	CUFF.4916.1_1+
tide:./crux_output/comet_9584_2_2	0.891751	0.698914	0.933333	K.CDIEICRGGCGPQ.V	AGAP003261-PA	ACOM035759-PA	AGAP003261-RA_1+	CUFF.4909.1_3+
tide:./crux_output/comet_6848_2_1	0.891738	0.698914	0.933333	E.EPQNLIK.M	sp|P02769|ALBU_BOVIN	DECOY_AGAP029308-PA	DECOY_CUFF.9087.1_2+	DECOY_CUFF.9087.2_3+
tide:./crux_output/comet_9978_2_2	0.891671	0.698914	0.933333	X.AKPHRNR.R	TCONS_00005641_2+	AGAP002246-RA_2+	CUFF.3998.1_2+	CUFF.3998.2_3+	CUFF.3998.3_3+
tide:./crux_output/comet_6109_3_1	0.891608	0.698914	0.933333	K.DTACPALPAGAEEGSNA.A	AGAP008377-RA_3+	CUFF.9911.1_3+
tide:./crux_output/comet_6524_2_1	0.891597	0.698914	0.933333	R.RVHSDSTGCGP.M	AGAP002732-PA	AGAP002732-PB	AGAP002732-PC	ACOM043228-PA	ACOM043228-PB	AGAP002732-RA_1+	CUFF.4503.4_1+	CUFF.4503.3_2+
tide:./crux_output/comet_7959_3_1	0.891587	0.698914	0.933333	S.SSSSSCAATASSAAAAAASCWK.Q	CUFF.2907.7_3+	CUFF.2907.4_3+	CUFF.2907.6_1+	CUFF.2907.5_1+	CUFF.2907.9_3+	CUFF.2907.20_3+	CUFF.2907.15_1+	CUFF.2907.18_3+	CUFF.2907.13_3+	CUFF.2907.11_3+	CUFF.2907.10_3+	CUFF.2907.17_3+	CUFF.2907.16_3+	CUFF.2907.14_1+
tide:./crux_output/comet_7439_2_1	0.891509	0.698914	0.933333	N.SNSYDYLR.H	CUFF.11299.2_1+	CUFF.11299.6_2+
tide:./crux_output/comet_4649_2_2	0.891354	0.698914	0.933333	X.KCCYEVSK.N	CUFF.8140.1_2+
tide:./crux_output/comet_8264_2_2	0.891236	0.698914	0.933333	R.FKQFACSNMGA.A	CUFF.4514.7_2+	CUFF.4514.6_1+	CUFF.4514.8_2+
tide:./crux_output/comet_5555_3_1	0.891098	0.698914	0.933333	C.LFCNTNLYTR.I	AGAP012643-RA_3+
tide:./crux_output/comet_4613_2_1	0.891060	0.698914	0.933333	L.NSVSSSSSR.X	TCONS_00024882_2+
tide:./crux_output/comet_6539_2_1	0.891019	0.698914	0.933333	K.CMFVAGSVCVS.V	CUFF.2690.4_1+	CUFF.2690.5_1+	CUFF.2690.6_3+	CUFF.2690.7_1+	CUFF.2690.1_3+	CUFF.2690.2_3+	CUFF.2690.3_1+	CUFF.2690.8_3+
tide:./crux_output/comet_8291_2_1	0.891005	0.698914	0.933333	Y.LYCLDNFPDCK.R	CUFF.5757.11_1+	CUFF.5757.1_2+
tide:./crux_output/comet_6874_2_3	0.890992	0.699211	0.933333	R.AVAAAPAPAAI.P	CUFF.3434.2_3+	CUFF.3434.4_3+	CUFF.3434.3_3+	CUFF.3434.1_3+
tide:./crux_output/comet_6262_3_1	0.890785	0.702253	0.933333	T.AAGGSQTGDGKCHLDNEER.D	AGAP002502-RA_2+	CUFF.4224.1_3+
tide:./crux_output/comet_10082_3_4	0.890713	0.702253	0.933333	R.VESGGDSTGSSKPANGLSGHQ.S	ACOM031854-PA
tide:./crux_output/comet_7058_2_1	0.890663	0.702253	0.933333	R.THQQSSVSEGC.Q	AGAP004171-RA_3+
tide:./crux_output/comet_4657_2_1	0.890640	0.702253	0.933333	R.NATNHTQAP.P	TCONS_00014999_3+	TCONS_00014998_3+
tide:./crux_output/comet_10236_2_2	0.890638	0.702253	0.933333	R.CECRADREQSVN.A	AGAP001419-RD_1+	AGAP001419-RA_1+	AGAP001419-RB_3+	AGAP001419-RC_1+
tide:./crux_output/comet_10375_2_1	0.890408	0.702253	0.933333	K.NKDEAISNHGKK.R	AGAP010491-PA	ACOM041684-PA	AGAP010491-RA_1+
tide:./crux_output/comet_9887_2_2	0.890384	0.702253	0.933333	R.YSQPRSNSHHGSNTF.V	sp|P28743|KIP2_YEAST
tide:./crux_output/comet_6989_3_1	0.890188	0.705078	0.933333	A.GCHDQEPVHRHR.E	AGAP007562-RA_3+	CUFF.3009.9_2+	CUFF.3009.8_2+	CUFF.3009.1_3+	CUFF.3009.7_2+	CUFF.3009.6_1+	CUFF.3009.5_1+	CUFF.3009.4_3+	CUFF.3009.13_2+	CUFF.3009.17_3+	CUFF.3009.16_3+	CUFF.3009.12_2+	CUFF.3009.11_2+	CUFF.3009.10_2+
tide:./crux_output/comet_4508_3_1	0.890037	0.705078	0.933333	Q.AAAMFDAISYNK.G	AGAP013146-PA	AGAP013146-PB	AGAP013146-PC	ACOM028799-PA	CUFF.5388.7_2+	CUFF.5388.6_3+	CUFF.5388.5_1+	CUFF.5388.4_1+	CUFF.5388.3_1+	CUFF.5388.2_1+	CUFF.5388.1_1+	AGAP013146-RB_1+	AGAP013146-RA_2+	AGAP013146-RC_3+
tide:./crux_output/comet_4687_3_2	0.889912	0.705078	0.933333	R.AQNSSSSASATTS.T	CUFF.10231.2_3+	CUFF.10231.1_1+
tide:./crux_output/comet_7465_3_1	0.889842	0.705366	0.933333	T.ESSNPPFDQGLLNK.H	ACOM038473-PA
tide:./crux_output/comet_6404_2_3	0.889752	0.705539	0.933333	P.DDTALPGDGDVDR.G	AGAP002359-RA_2+
tide:./crux_output/comet_8089_3_3	0.889732	0.705539	0.933333	R.KGGKESTADDAAIQFC.T	AGAP009859-RA_2+
tide:./crux_output/comet_9016_2_1	0.889585	0.705539	0.933333	P.ISPNDADDK.S	sp|P40094|COG3_YEAST
tide:./crux_output/comet_9674_2_1	0.889576	0.705539	0.933333	R.TDLWPWNT.D	CUFF.7001.1_3+	AGAP010530-RA_1+
tide:./crux_output/comet_7601_2_1	0.889432	0.705598	0.933333	R.AFISSLTS.P	CUFF.16842.1_3+	CUFF.16842.2_3+
tide:./crux_output/comet_6117_3_3	0.889359	0.705598	0.933333	R.GCSRTSAAYCDAQGQHPT.D	CUFF.10594.1_3+
tide:./crux_output/comet_8643_2_1	0.889311	0.705598	0.933333	R.AAPSPSGAGW.R	CUFF.9098.6_2+	CUFF.9098.4_1+	CUFF.9098.3_2+	CUFF.9098.8_1+	CUFF.9098.2_2+	CUFF.9098.1_2+
tide:./crux_output/comet_10538_2_1	0.889311	0.705598	0.933333	S.KTNSVTVTGR.V	CUFF.10225.8_2+	CUFF.10225.1_3+	CUFF.10225.2_2+	CUFF.10225.3_2+	CUFF.10225.4_1+	CUFF.10225.5_3+	CUFF.10225.6_1+	CUFF.10225.7_1+
tide:./crux_output/comet_6952_2_1	0.889287	0.705598	0.933333	R.SNVDAAGPAVAI.K	CUFF.16259.9_3+
tide:./crux_output/comet_10278_2_1	0.889240	0.705598	0.933333	R.NAARRDAP.L	AGAP013409-RA_3+
tide:./crux_output/comet_9799_2_2	0.889208	0.705598	0.933333	R.AAGAGRPGDVP.A	AGAP000440-RA_2+
tide:./crux_output/comet_9233_3_4	0.889087	0.707129	0.933333	R.AGTCRSRWPMT.S	AGAP027998-RA_2+
tide:./crux_output/comet_9288_2_1	0.889076	0.707129	0.933333	R.TITVRNVRPG.E	AGAP028539-PA	ACOM032219-PA	TCONS_00024494_1+
tide:./crux_output/comet_9743_2_2	0.888922	0.707854	0.933333	K.QKSYVCGA.F	AGAP009769-RA_1+
tide:./crux_output/comet_6647_3_1	0.888747	0.707854	0.933333	R.TSATWVPASVSCW.T	CUFF.8592.3_3+	CUFF.8592.2_1+	CUFF.8592.1_1+	CUFF.8592.4_3+	AGAP011627-RA_1+
tide:./crux_output/comet_9536_2_3	0.888738	0.707854	0.933333	R.KSTGIRVN.R	CUFF.12092.9_3+	CUFF.12092.1_2+
tide:./crux_output/comet_7816_2_4	0.888657	0.707854	0.933333	K.LVCDLHPDEGI.N	AGAP009695-PA	AGAP009695-RA_1+	CUFF.11631.1_1+	CUFF.11631.2_3+
tide:./crux_output/comet_9756_2_2	0.888593	0.707854	0.933333	R.GNIGHQFGRAACN.A	AGAP008207-RA_3+	CUFF.9778.2_2+	CUFF.9778.1_3+
tide:./crux_output/comet_4743_2_3	0.888592	0.707854	0.933333	R.APCSLCHA.X	CUFF.17038.4_2+	CUFF.17038.1_2+	CUFF.17038.5_2+	CUFF.17038.3_1+	CUFF.17038.2_2+
tide:./crux_output/comet_5922_2_1	0.888354	0.708969	0.933333	R.PVIDRFSR.L	TCONS_00021057_1+
tide:./crux_output/comet_8918_4_5	0.888314	0.708969	0.933333	V.SGDNSALVFNVSVADFAQER.V	CUFF.8182.5_1+	AGAP011400-RA_3+
tide:./crux_output/comet_6505_2_1	0.888313	0.708969	0.933333	F.LYEYSR.R	sp|P02769|ALBU_BOVIN
tide:./crux_output/comet_6530_3_2	0.888281	0.708969	0.933333	T.PSASPNDVDRMK.L	AGAP002741-PA	ACOM043225-PA	AGAP002741-RA_1+	CUFF.4544.1_2+
tide:./crux_output/comet_10414_2_4	0.887956	0.709524	0.933333	R.VSDHAAGDEQLPGQH.D	AGAP005175-RA_2+	AGAP005175-RB_2+	CUFF.826.8_1+	CUFF.826.2_3+	CUFF.826.3_3+	CUFF.826.6_2+	CUFF.826.7_1+	CUFF.826.5_3+
tide:./crux_output/comet_7354_2_3	0.887952	0.709524	0.933333	K.DEDDDEDDDD.D	sp|P27692|SPT5_YEAST
tide:./crux_output/comet_6743_3_2	0.887839	0.709555	0.933333	F.RRCGTLQPCCCAR.I	CUFF.1106.1_1+
tide:./crux_output/comet_6739_3_3	0.887735	0.709555	0.933333	T.HSHYLMTGSMASR.T	sp|P40965|MSH4_YEAST
tide:./crux_output/comet_9891_2_2	0.887652	0.709555	0.933333	E.AFTEFIK.K	AGAP000909-PA	ACOM033580-PA	CUFF.17170.1_2+	AGAP000909-RA_2+
tide:./crux_output/comet_6779_2_3	0.887513	0.709555	0.933333	R.DEFWAR.E	sp|P18410|SPO7_YEAST	CUFF.3895.2_2+	CUFF.3895.3_3+
tide:./crux_output/comet_6426_2_4	0.887490	0.709555	0.933333	R.ADAHRARV.H	CUFF.16225.6_1+	CUFF.16225.4_2+	AGAP000292-RA_3+	CUFF.16225.5_1+	CUFF.16225.2_1+	CUFF.16225.3_1+	CUFF.16225.1_2+
tide:./crux_output/comet_10381_4_1	0.887483	0.709555	0.933333	R.RGACVQRGVIAQPPGSGGSADS.V	CUFF.15844.2_3+	CUFF.15844.3_1+	CUFF.15844.1_1+	CUFF.15844.5_1+
tide:./crux_output/comet_8219_2_2	0.887384	0.709555	0.933333	Q.KLGMTGRVSK.N	AGAP002112-RA_1+
tide:./crux_output/comet_7596_2_1	0.887293	0.711720	0.933333	R.LSIASPCTERE.R	CUFF.438.2_3+	CUFF.438.1_2+
tide:./crux_output/comet_9256_2_1	0.887258	0.711864	0.933333	F.KLEDITK.S	CUFF.3967.3_2+	CUFF.3967.1_1+	CUFF.2680.3_2+	CUFF.2680.2_1+	CUFF.2680.1_1+	DECOY_AGAP013168-PA	DECOY_ACOM033015-PA	DECOY_AGAP004290-RA_2+	DECOY_AGAP013168-RA_1+
tide:./crux_output/comet_4784_2_1	0.887044	0.711864	0.933333	S.DVVTTAFR.I	CUFF.12102.4_2+	CUFF.12102.2_2+	CUFF.12102.3_2+	CUFF.12102.1_2+	DECOY_AGAP004670-PA	DECOY_AGAP004670-RA_1+	DECOY_CUFF.6539.1_1+	DECOY_CUFF.6539.2_1+
tide:./crux_output/comet_5629_2_1	0.887043	0.711864	0.933333	S.AGSVYTRR.T	AGAP001023-RE_2+	AGAP001023-RB_2+	AGAP001023-RD_1+	AGAP001023-RF_1+	AGAP001023-RA_3+	AGAP001023-RC_2+
tide:./crux_output/comet_10400_3_4	0.886996	0.711864	0.933333	F.QTSYSDSSWKTNK.S	AGAP028198-RA_1+
tide:./crux_output/comet_8320_2_1	0.886915	0.712135	0.933333	K.SCLSELYQW.N	AGAP003156-PA	ACOM035599-PA	AGAP003156-RA_1+
tide:./crux_output/comet_8833_2_1	0.886700	0.712946	0.933333	T.AGHGRSGVAK.L	AGAP003417-PA	ACOM028354-PA	AGAP003417-RA_1+	AGAP003417-RB_1+	CUFF.5109.1_1+
tide:./crux_output/comet_4259_3_1	0.886683	0.712946	0.933333	K.VCEGAEGGSRAEGCSG.A	CUFF.1877.1_2+	AGAP006402-RA_3+
tide:./crux_output/comet_5797_4_1	0.886589	0.712946	0.933333	L.QVGSFSSEGKQTVFEK.I	TCONS_00040105_1+
tide:./crux_output/comet_5697_2_1	0.886276	0.715622	0.933333	R.MTADELASQE.L	AGAP004866-PA	ACOM038312-PA	CUFF.457.3_3+	CUFF.457.4_3+	AGAP004866-RA_1+
tide:./crux_output/comet_6825_3_1	0.886268	0.715622	0.933333	R.FATNHSKPQSVS.R	AGAP009346-RA_2+
tide:./crux_output/comet_7618_2_2	0.886212	0.715622	0.933333	S.VTSSWFGK.A	AGAP000460-PA	ACOM033561-PA	CUFF.16388.1_3+	CUFF.16388.2_2+	CUFF.16388.4_1+	AGAP000460-RA_1+	CUFF.16388.3_3+
tide:./crux_output/comet_4725_2_1	0.886136	0.715888	0.933333	R.TAPTHCTPSPAG.Q	AGAP000843-RA_3+
tide:./crux_output/comet_7811_3_1	0.885895	0.717235	0.933333	I.LPEALQTNCEK.C	AGAP008052-PA	ACOM030605-PA	AGAP008052-RA_1+
tide:./crux_output/comet_7531_2_1	0.885732	0.717235	0.933333	K.KGPPANMC.A	AGAP001938-RA_3+	CUFF.3659.2_3+	CUFF.3659.1_1+
tide:./crux_output/comet_8289_3_2	0.885612	0.717235	0.933333	R.FATNHSKPQSVS.R	AGAP009346-RA_2+
tide:./crux_output/comet_10036_2_1	0.885371	0.717235	0.933333	E.SMSSPPSAEER.I	ACOM037983-PA
tide:./crux_output/comet_6381_3_2	0.885213	0.717235	0.933333	G.GGYGGASSSYDSR.S	AGAP003663-PA	ACOM028751-PA	CUFF.5374.2_2+	CUFF.5374.3_2+	CUFF.5374.1_2+	AGAP003663-RA_2+
tide:./crux_output/comet_3952_3_1	0.885112	0.717235	0.933333	K.HLRTMDRYGWHSF.H	AGAP005343-RA_2+
tide:./crux_output/comet_7608_3_3	0.885025	0.717235	0.933333	R.MDGVTGASVNLGGGAGGTG.G	AGAP000017-PA	AGAP000017-PB	AGAP000017-PC	CUFF.15855.1_1+	CUFF.15855.4_1+	AGAP000017-RA_1+	CUFF.15855.10_1+	CUFF.15855.2_1+	CUFF.15855.3_1+	CUFF.15855.5_2+	CUFF.15855.6_3+	CUFF.15855.7_2+	CUFF.15855.8_1+
tide:./crux_output/comet_9025_3_1	0.885017	0.717235	0.933333	R.RFGYNEILAMS.D	AGAP007998-PA	AGAP007998-PB	CUFF.9617.2_3+	CUFF.9617.1_1+	AGAP007998-RA_2+
tide:./crux_output/comet_7339_3_1	0.884966	0.717235	0.933333	R.MCVCVCERFSVN.R	CUFF.8654.2_3+
tide:./crux_output/comet_5622_2_1	0.884907	0.717235	0.933333	R.AGPPPAGAW.S	CUFF.3996.1_2+	AGAP002243-RA_2+
tide:./crux_output/comet_8342_2_1	0.884873	0.717235	0.933333	R.WSRCASCTATRS.R	AGAP006521-RA_3+
tide:./crux_output/comet_4497_4_1	0.884848	0.717235	0.933333	R.EDVSSWAGPTPACHRPTNGVW.S	ACOM031437-PA
tide:./crux_output/comet_9712_3_3	0.884761	0.717235	0.933333	R.WWTLAGEEEDKN.L	ACOM033157-PA
tide:./crux_output/comet_10627_4_3	0.884685	0.717235	0.933333	I.VQNRDRVPTESISSSSSSR.A	TCONS_00023218_2+
tide:./crux_output/comet_8962_2_1	0.884676	0.717235	0.933333	V.FGVYENSR.T	TCONS_00023507_1+
tide:./crux_output/comet_5936_3_4	0.884589	0.717235	0.933333	K.MQKCKNVYANSVEG.C	CUFF.10705.3_2+	CUFF.10705.2_1+	CUFF.10705.1_2+	CUFF.10705.5_2+	CUFF.10705.4_3+
tide:./crux_output/comet_8003_2_1	0.884493	0.717235	0.933333	G.YNAQCSTR.N	AGAP029234-PA	AGAP029234-PB	CUFF.12092.2_1+	CUFF.12092.10_3+	CUFF.12092.11_1+	CUFF.12092.12_3+	CUFF.12092.9_2+	CUFF.12092.1_1+	CUFF.12092.6_1+	CUFF.12092.4_1+
tide:./crux_output/comet_9470_3_3	0.884253	0.717235	0.933333	R.SHSPNSPRGGAGGSG.A	AGAP000932-PA	AGAP000932-PB	CUFF.17150.1_3+	CUFF.17150.2_1+	CUFF.17150.6_1+	CUFF.17150.3_3+	CUFF.17150.4_1+	CUFF.17150.5_3+
tide:./crux_output/comet_10356_2_1	0.884241	0.717235	0.933333	K.TSNSFNTSSTP.T	sp|P53604|MSO1_YEAST
tide:./crux_output/comet_6583_2_2	0.884152	0.717235	0.933333	R.YPSDGWSTA.I	AGAP009933-RA_3+	CUFF.11751.3_3+	CUFF.11751.1_3+
tide:./crux_output/comet_8418_4_1	0.884029	0.717235	0.933333	A.CCIKFGTSWNDCTTFSR.A	AGAP009856-RA_2+
tide:./crux_output/comet_4175_2_2	0.883916	0.717235	0.933333	R.GASSAHCSSTSP.T	AGAP003714-RA_2+	CUFF.5390.2_2+
tide:./crux_output/comet_9249_3_3	0.883881	0.717235	0.933333	P.LFGSGGSSTSCVR.C	CUFF.10703.3_3+	CUFF.10703.2_1+
tide:./crux_output/comet_7920_3_4	0.883857	0.717235	0.933333	K.MHQDALNCASLLE.S	AGAP009395-PA	ACOM042625-PA	AGAP009395-RA_1+
tide:./crux_output/comet_9065_3_1	0.883677	0.717235	0.933333	R.YGDGTNGTAATAHGPTAT.N	CUFF.4205.1_3+	AGAP002490-RA_3+
tide:./crux_output/comet_5871_3_4	0.883622	0.717235	0.933333	K.SSFGSTGNTAYSTP.L	sp|P33329|PPZ2_YEAST
tide:./crux_output/comet_9924_2_1	0.883543	0.717235	0.933333	R.KCTHTHTWVS.S	CUFF.4074.2_2+	CUFF.4074.3_2+	CUFF.4074.1_2+
tide:./crux_output/comet_7628_2_1	0.883453	0.717235	0.933333	R.ANESSVEELES.T	AGAP002822-PA	AGAP002822-RA_1+	CUFF.4507.1_1+
tide:./crux_output/comet_9161_2_2	0.883384	0.717235	0.933333	Q.QCGPQHR.F	ACOM026096-PA	CUFF.681.1_2+	AGAP005068-RA_3+
tide:./crux_output/comet_8640_2_1	0.883342	0.717235	0.933333	K.DGKGSSGGAVGT.N	ACOM034742-PA
tide:./crux_output/comet_7697_3_1	0.883226	0.717235	0.933333	A.KHTNIVWIFR.T	TCONS_00033640_1+
tide:./crux_output/comet_8550_2_1	0.883175	0.717235	0.933333	F.AGGCPTAGAR.W	CUFF.17267.3_1+	CUFF.17267.2_1+	CUFF.17267.1_2+	CUFF.17267.4_2+
tide:./crux_output/comet_8273_2_5	0.883004	0.717235	0.933333	K.KSRIAFNLQ.S	CUFF.1727.1_2+	CUFF.1727.2_1+
tide:./crux_output/comet_8897_3_2	0.882906	0.717235	0.933333	-.ARPCCPSVLRS.Q	AGAP003231-RA_3+
tide:./crux_output/comet_10645_2_1	0.882875	0.717235	0.933333	R.NTAHVLR.A	AGAP009268-RA_2+
tide:./crux_output/comet_7563_2_2	0.882836	0.717235	0.933333	T.EFGSTSDTR.T	CUFF.500.1_1+	AGAP004896-RA_3+	AGAP004896-RB_3+
tide:./crux_output/comet_5051_3_1	0.882833	0.717235	0.933333	K.SPYSSLYSRSPG.A	AGAP011902-PA	ACOM032151-PA	AGAP011902-RA_3+
tide:./crux_output/comet_9259_3_2	0.882662	0.717235	0.933333	R.HSAKSSGAAAGIDE.D	AGAP006462-PA	AGAP006462-PB	CUFF.2060.1_3+	AGAP006462-RA_3+	AGAP006462-RB_3+
tide:./crux_output/comet_5053_3_1	0.882657	0.717235	0.933333	R.QEEAQEGEGGGEAQA.Q	AGAP011217-RA_3+	CUFF.7954.4_2+	CUFF.7954.1_2+	CUFF.7954.2_2+	CUFF.7954.3_3+
tide:./crux_output/comet_8305_2_1	0.882609	0.717235	0.933333	R.LSRASSSSSSGCLSD.E	AGAP002695-PA	ACOM036505-PA	AGAP002695-RA_2+	CUFF.4427.2_1+	CUFF.4427.1_2+	CUFF.4427.6_1+	CUFF.4427.4_1+	CUFF.4427.5_2+
tide:./crux_output/comet_4643_2_1	0.882526	0.717235	0.933333	G.ACGQVGHMR.T	AGAP003882-PA	AGAP003882-PB	ACOM034726-PA	AGAP003882-RB_1+	AGAP003882-RA_1+	CUFF.5551.2_1+	CUFF.5551.1_1+
tide:./crux_output/comet_6774_3_4	0.882487	0.717235	0.933333	K.TSRKATHTANES.L	CUFF.9887.3_2+	CUFF.9887.2_2+	CUFF.9887.1_2+
tide:./crux_output/comet_8998_2_5	0.882474	0.717235	0.933333	K.TTPHMVGAA.R	CUFF.11331.10_3+	CUFF.11331.5_3+	CUFF.11331.9_3+
tide:./crux_output/comet_9471_3_2	0.882466	0.717235	0.933333	Q.KSSQTPSTGGGQR.G	ACOM028836-PA
tide:./crux_output/comet_6862_3_4	0.882341	0.718386	0.933333	R.KMDGPMEDMLQQLD.N	CUFF.4691.4_3+	CUFF.4691.3_2+	CUFF.4691.2_2+	CUFF.4691.1_2+
tide:./crux_output/comet_7031_2_4	0.882131	0.719534	0.933333	R.FEEVYNMVW.H	AGAP011822-PA	ACOM032065-PA	CUFF.8791.1_1+	AGAP011822-RA_1+
tide:./crux_output/comet_9156_2_2	0.881474	0.720785	0.933333	R.CWDCCWWC.R	AGAP001786-RA_3+
tide:./crux_output/comet_8113_3_1	0.881262	0.720785	0.933333	K.SGSSCTNGMPILY.L	ACOM041972-PA
tide:./crux_output/comet_8662_2_4	0.881254	0.720785	0.933333	R.KGAGRAGAGA.G	AGAP028012-RA_3+
tide:./crux_output/comet_8322_4_1	0.881185	0.720785	0.933333	K.NEAANDTISVTVDSNYIPS.F	AGAP029695-PA
tide:./crux_output/comet_10543_2_1	0.881018	0.720785	0.933333	R.CSWLRCPRCDD.V	AGAP007772-RA_1+
tide:./crux_output/comet_886_2_3	0.880789	0.720951	0.933333	R.RACRAENDA.G	CUFF.8797.1_2+	AGAP011823-RA_3+
tide:./crux_output/comet_7490_2_1	0.880745	0.720951	0.933333	N.SNSYDYLR.H	CUFF.11299.2_1+	CUFF.11299.6_2+
tide:./crux_output/comet_5418_2_1	0.880656	0.720951	0.933333	R.CQECDRVFSNA.A	ACOM040546-PA
tide:./crux_output/comet_5505_2_2	0.880652	0.720951	0.933333	R.CYSNETVVD.P	CUFF.2846.3_3+	CUFF.2846.2_3+	CUFF.2846.1_3+	CUFF.2846.5_3+	CUFF.2846.4_3+
tide:./crux_output/comet_4843_2_2	0.880452	0.720951	0.933333	R.TFAPSSMAFT.Q	CUFF.4682.5_3+
tide:./crux_output/comet_4278_3_1	0.880334	0.720951	0.933333	K.SCLSNNSSQNDTH.E	CUFF.9888.6_2+	CUFF.9888.3_2+	CUFF.9888.9_2+
tide:./crux_output/comet_7763_2_4	0.880243	0.720951	0.933333	R.GYTAWSLMDNFEW.R	AGAP006425-PA	AGAP006425-RA_1+
comet:./crux_output/comet_8475_4_1	0.880152	0.720951	0.933333	Q.GASGTAGGSVDGSIGSSGLNNSR.S	ACOM024138-PA
tide:./crux_output/comet_8468_2_3	0.879987	0.720951	0.933333	R.AAFGADTQPDSDGSAD.A	CUFF.16802.1_2+	CUFF.16802.2_3+	AGAP000769-RB_1+	AGAP000769-RA_2+
tide:./crux_output/comet_6455_2_3	0.879940	0.720951	0.933333	R.HIANNGVSV.P	AGAP012327-PA	AGAP012327-RA_2+	CUFF.9222.1_1+
tide:./crux_output/comet_5861_2_1	0.879691	0.720951	0.933333	R.VYSNMCRVFSN.P	AGAP028253-RA_2+
tide:./crux_output/comet_8230_3_2	0.879670	0.720951	0.933333	R.GASASNRPQRMQ.S	CUFF.16856.3_1+	CUFF.16856.1_2+	CUFF.16856.8_3+	CUFF.16856.9_1+	CUFF.16856.11_2+	CUFF.16856.14_2+	CUFF.16856.15_3+	CUFF.16856.16_3+	CUFF.16856.10_2+	CUFF.16856.12_2+
tide:./crux_output/comet_5646_2_1	0.879627	0.720951	0.933333	R.GEADKSNDEQ.P	sp|Q03660|TR130_YEAST
tide:./crux_output/comet_10144_2_3	0.879608	0.720951	0.933333	R.GFVENSYLA.G	AGAP007810-PA	ACOM030976-PA	AGAP007810-RA_1+
tide:./crux_output/comet_5874_3_5	0.879595	0.720951	0.933333	P.ALYSGTNAEFTK.A	AGAP006634-PA	AGAP006636-PA	ACOM039416-PA	ACOM039435-PA	AGAP006634-RA_1+	AGAP006636-RA_1+	CUFF.2274.2_1+	CUFF.2274.1_3+	CUFF.2097.1_3+
tide:./crux_output/comet_9099_2_1	0.879237	0.722955	0.933333	R.ATSPSTAPAD.X	CUFF.8384.4_3+	CUFF.8384.1_2+	CUFF.8384.2_3+	CUFF.8384.3_2+	AGAP011528-RA_2+
tide:./crux_output/comet_9733_3_1	0.879099	0.723199	0.933333	K.DAKVQNHMMQQST.M	AGAP003837-PA	AGAP003838-PA	ACOM034802-PA	AGAP003837-RA_2+	AGAP003838-RA_2+
tide:./crux_output/comet_6514_2_1	0.878965	0.723292	0.933333	R.SVSFRGASV.A	CUFF.9734.1_1+	AGAP008183-RA_2+
tide:./crux_output/comet_4595_3_2	0.878686	0.723292	0.933333	K.TGSSYTSRGLSVS.L	CUFF.15931.21_3+
tide:./crux_output/comet_7231_4_5	0.878650	0.723292	0.933333	R.YFLGDVHENALETVDCL.L	AGAP001270-PA	ACOM033858-PA	AGAP001270-RA_1+
tide:./crux_output/comet_7540_2_4	0.878508	0.723292	0.933333	P.DATAGPAEER.E	CUFF.15816.1_1+	AGAP000035-RA_3+
tide:./crux_output/comet_5708_3_4	0.878343	0.723535	0.933333	K.YQQHSSHLTTV.V	CUFF.17494.2_2+
tide:./crux_output/comet_6799_3_2	0.878122	0.724108	0.933333	K.TDQHSGGTGANTTYRDNTS.S	CUFF.9751.2_2+
tide:./crux_output/comet_9567_2_4	0.877999	0.724108	0.933333	R.VHISVDDSATD.M	AGAP000787-PB	ACOM038607-PA	CUFF.16877.5_2+	CUFF.16877.4_2+
tide:./crux_output/comet_8971_3_2	0.877970	0.724108	0.933333	R.IRHTHTHSWQ.Y	CUFF.1658.14_3+
tide:./crux_output/comet_8668_2_2	0.877749	0.724108	0.933333	I.FGTKIIK.Q	AGAP009135-RA_3+	CUFF.10746.1_1+
tide:./crux_output/comet_7468_2_2	0.877624	0.724108	0.933333	L.KVPSKDVK.V	sp|P18634|ART10_YEAST
tide:./crux_output/comet_9810_3_3	0.877620	0.724108	0.933333	R.QTRCTCAKW.H	CUFF.5886.1_3+
tide:./crux_output/comet_6303_2_1	0.877180	0.726562	0.933333	R.CSKSCLGLVS.S	AGAP009982-RA_3+	CUFF.11810.1_1+
tide:./crux_output/comet_10330_3_1	0.876867	0.726562	0.933333	R.ACMCQCLVCHT.L	CUFF.2334.3_1+	CUFF.2334.2_2+	CUFF.2334.1_1+	CUFF.2334.4_3+
tide:./crux_output/comet_6517_2_1	0.876774	0.726562	0.933333	R.VYSNMCRVFSN.P	AGAP028253-RA_2+
tide:./crux_output/comet_8701_2_1	0.876434	0.727036	0.933333	K.LYQCEVC.Q	AGAP012410-PA	ACOM042574-PA	CUFF.9318.1_2+	AGAP012410-RA_1+
tide:./crux_output/comet_894_2_5	0.876411	0.727036	0.933333	R.INKTHDVA.C	CUFF.3455.1_2+	CUFF.3455.2_3+
tide:./crux_output/comet_4921_3_4	0.875622	0.728205	0.933333	R.CVSRGPFPPRE.D	CUFF.16331.1_2+	AGAP000389-RA_2+
tide:./crux_output/comet_10170_3_2	0.875535	0.728205	0.933333	T.VPVFYSTSNCK.S	CUFF.12107.6_3+	AGAP010226-RA_3+	AGAP010226-RB_3+	CUFF.12107.5_1+	CUFF.12107.4_3+
tide:./crux_output/comet_885_2_1	0.875359	0.728205	0.933333	D.ASTFTER.V	AGAP007659-PA	AGAP007659-PB	ACOM025957-PA	AGAP007659-RB_1+	AGAP007659-RA_1+
tide:./crux_output/comet_5649_3_3	0.874681	0.728205	0.933333	-.MSKSTNVSYER.V	sp|Q04231|RAD33_YEAST
tide:./crux_output/comet_4382_2_1	0.874481	0.728205	0.933333	R.QFNPTLHC.P	ACOM032557-PA
tide:./crux_output/comet_6692_3_1	0.874477	0.728205	0.933333	T.ATMWLTCCFQPYR.R	AGAP003815-RA_1+
tide:./crux_output/comet_10619_3_2	0.873606	0.728205	0.933333	R.LILWLNDNDDA.P	CUFF.3653.1_2+
tide:./crux_output/comet_7856_3_2	0.873527	0.728205	0.933333	R.DQEPHPGVQYAGEHDAGRA.G	AGAP000448-RA_2+
tide:./crux_output/comet_8231_2_2	0.873354	0.728205	0.933333	X.AGQDEANGR.R	CUFF.15825.1_2+	AGAP000029-RA_3+
tide:./crux_output/comet_10268_4_3	0.873194	0.728205	0.933333	K.QGMSDRIVDECNPDAHLSMKE.I	AGAP007573-PA	ACOM025835-PA	AGAP007573-RA_1+	CUFF.2832.4_3+	CUFF.2832.5_3+	CUFF.2832.2_3+	CUFF.2832.3_3+	CUFF.2832.1_3+
tide:./crux_output/comet_9145_2_2	0.873147	0.728205	0.933333	R.DAVYSRY.R	CUFF.9893.1_1+
tide:./crux_output/comet_8914_3_1	0.873058	0.728205	0.933333	R.THRNSDGSSEYC.S	AGAP006101-RA_2+	CUFF.1651.1_1+	CUFF.1651.2_2+	CUFF.1651.3_3+
tide:./crux_output/comet_9125_2_1	0.873016	0.728205	0.933333	K.VYACVCACACLVW.C	CUFF.5242.7_2+	CUFF.5242.2_2+	CUFF.5242.8_2+
tide:./crux_output/comet_6030_3_1	0.872916	0.728205	0.933333	C.GASGMCVWGGDCSSGGASR.W	ACOM029462-PA
tide:./crux_output/comet_7712_2_2	0.872794	0.728205	0.933333	R.QAEDEEGEEDGLELG.D	AGAP001424-RA_3+
tide:./crux_output/comet_8445_3_1	0.872778	0.728205	0.933333	R.DRDEDEEDDEEGVEEAENR.R	AGAP001895-PA	AGAP001895-PB	ACOM023689-PA	CUFF.3662.4_1+	CUFF.3662.1_3+	CUFF.3662.2_2+	CUFF.3662.3_3+	AGAP001895-RA_1+
tide:./crux_output/comet_8629_2_3	0.872689	0.728279	0.933333	S.SSSSSSAGAGGGSSTRT.-	ACOM030886-PA
tide:./crux_output/comet_7513_2_4	0.872660	0.728279	0.933333	X.LDTIRRK.L	AGAP007655-RA_1+	CUFF.2869.2_2+	CUFF.2869.1_1+
tide:./crux_output/comet_9423_3_1	0.872318	0.728279	0.933333	R.RCCCCCCCCC.S	CUFF.4584.2_3+	CUFF.4584.3_1+	CUFF.4584.1_3+	DECOY_CUFF.16570.1_1+
tide:./crux_output/comet_9920_4_1	0.872272	0.728279	0.933333	R.QTCACAQDGQFLLVERSSSSSSA.N	AGAP002390-RA_1+
tide:./crux_output/comet_7701_2_5	0.872135	0.729362	0.933333	K.FRTDDQHQDPT.L	sp|P38880|MDM31_YEAST
tide:./crux_output/comet_9333_2_2	0.871988	0.729592	0.933333	K.QKSYVCGA.F	AGAP009769-RA_1+
tide:./crux_output/comet_5024_3_1	0.871336	0.730900	0.933333	T.DEEDDSDSEAEGINR.E	AGAP009067-PA	ACOM027325-PA	AGAP009067-RA_3+	CUFF.10661.1_2+
tide:./crux_output/comet_6414_2_2	0.871289	0.730900	0.933333	K.IDMYNSRASN.C	AGAP002516-PA	ACOM036870-PA	CUFF.4230.1_2+	CUFF.4230.2_1+	AGAP002516-RA_1+
tide:./crux_output/comet_6920_2_2	0.870885	0.731950	0.933333	Q.TDAGSGADER.E	CUFF.7980.2_3+	CUFF.7980.1_2+	AGAP011163-RA_3+
tide:./crux_output/comet_4845_2_5	0.870881	0.731950	0.933333	R.FGLAASQDGYGG.A	AGAP028046-RA_3+
tide:./crux_output/comet_9253_4_3	0.870747	0.731950	0.933333	K.DTSPPNDRPAAGGGKTDGFF.A	ACOM026199-PA
tide:./crux_output/comet_4666_2_1	0.870672	0.731950	0.933333	K.EARGGENTH.L	CUFF.1074.1_3+
tide:./crux_output/comet_7652_3_2	0.870462	0.731950	0.933333	R.QEEQNDEDEEET.P	AGAP002566-PA	ACOM036790-PA	AGAP002566-RB_1+	AGAP002566-RA_1+	CUFF.4288.1_3+
tide:./crux_output/comet_4642_3_1	0.870198	0.731950	0.933333	G.GGGGDGAGSGVGGHR.R	CUFF.4457.1_2+	CUFF.4457.6_2+	CUFF.4457.5_1+	CUFF.4457.4_3+	CUFF.4457.3_2+	CUFF.4457.2_1+
tide:./crux_output/comet_8202_4_1	0.869432	0.731950	0.933333	A.ISSVHRTTVFHCCR.A	CUFF.1144.3_1+	CUFF.1144.2_1+	CUFF.1144.5_1+	CUFF.1144.4_1+	AGAP005606-RA_1+
tide:./crux_output/comet_10469_3_1	0.868974	0.731950	0.933333	R.TGEEGAESSVEGEGNA.R	AGAP010655-RA_3+	CUFF.7329.3_1+	CUFF.7329.4_1+	CUFF.7329.2_1+	CUFF.7329.1_2+
tide:./crux_output/comet_8401_3_5	0.867839	0.731950	0.933333	R.TGMLQAEMEAMAQAAANSADE.E	AGAP008953-PA	AGAP008953-RA_1+
tide:./crux_output/comet_4949_2_1	0.867670	0.731950	0.933333	R.SDFDHPSAAD.G	ACOM032067-PA
tide:./crux_output/comet_10148_3_4	0.867032	0.731950	0.933333	V.SVCVCVCKCTSK.G	CUFF.1154.28_3+	CUFF.1154.7_1+
tide:./crux_output/comet_6940_2_1	0.866801	0.731950	0.933333	R.QSERQCAP.E	AGAP008026-RA_3+	CUFF.9646.1_2+
tide:./crux_output/comet_6855_3_1	0.866800	0.731950	0.933333	Q.CFELHSTSSNCTPQWK.L	AGAP004417-RA_1+
tide:./crux_output/comet_4982_3_1	0.866387	0.731950	0.933333	K.CVCTKNQNAC.N	CUFF.3188.3_2+	CUFF.3188.1_1+
tide:./crux_output/comet_7910_2_1	0.866375	0.731950	0.933333	R.SVCGYCAEQ.I	TCONS_00015650_1+
tide:./crux_output/comet_5611_2_1	0.866368	0.731950	0.933333	R.SDYRCSSSSR.A	CUFF.1180.1_2+	AGAP005651-RA_3+
tide:./crux_output/comet_4359_3_3	0.866296	0.731950	0.933333	R.RAAQDDAPGKCL.T	AGAP008199-RA_2+
tide:./crux_output/comet_7523_2_1	0.866266	0.731950	0.933333	D.ADNDTEEEK.D	sp|Q12334|SCM3_YEAST
tide:./crux_output/comet_7794_2_1	0.866236	0.731950	0.933333	N.EQEEEMEK.L	AGAP004738-PA	ACOM038450-PA	AGAP004738-RA_1+	CUFF.291.1_1+
tide:./crux_output/comet_5004_2_1	0.866163	0.731950	0.933333	K.QEEGQESNTHSFP.E	sp|Q07458|RXT3_YEAST
tide:./crux_output/comet_7675_3_1	0.865975	0.731950	0.933333	K.DEYNICEEDEFSDEGGAGT.A	AGAP029809-PA	ACOM025709-PA	AGAP007488-RA_1+	CUFF.2805.1_3+
tide:./crux_output/comet_7075_2_1	0.865545	0.731950	0.933333	R.TPPIMQC.A	CUFF.10863.9_3+	CUFF.10863.1_3+	CUFF.10863.2_3+	CUFF.10863.4_3+	CUFF.10863.5_1+	CUFF.10863.6_1+	CUFF.10863.7_3+	CUFF.10863.3_2+
tide:./crux_output/comet_4990_2_1	0.865304	0.731950	0.933333	R.CYPADRYD.H	CUFF.5262.2_2+	CUFF.5262.1_2+	AGAP003602-RA_2+	AGAP003602-RB_3+
tide:./crux_output/comet_10014_2_1	0.865228	0.731950	0.933333	R.NWCTEPGSGD.R	AGAP002133-RA_3+
tide:./crux_output/comet_7841_2_3	0.864936	0.731950	0.933333	R.SEGSATSGGEAGG.G	AGAP008698-PA	AGAP008698-RA_1+	CUFF.10219.5_1+	CUFF.10219.1_3+	CUFF.10219.3_1+	CUFF.10219.2_3+
tide:./crux_output/comet_7820_2_2	0.864843	0.731950	0.933333	H.TPDADHYAR.S	AGAP012856-RA_3+	AGAP013035-RA_3+
tide:./crux_output/comet_10108_3_1	0.864781	0.731950	0.933333	H.DNQGYEDDEGIAESGM.-	AGAP004246-PC
tide:./crux_output/comet_10011_4_1	0.864699	0.732172	0.933333	I.CISCDDAGALCKEIEVKYGDK.I	sp|P50107|LGUL_YEAST
tide:./crux_output/comet_4408_2_1	0.864345	0.732394	0.933333	R.CAGSEAQSHE.G	CUFF.1516.1_1+	AGAP005940-RB_3+	AGAP005940-RA_3+
tide:./crux_output/comet_5261_3_1	0.864105	0.734272	0.933333	R.QEEAQEGEGGGEAQA.Q	AGAP011217-RA_3+	CUFF.7954.4_2+	CUFF.7954.1_2+	CUFF.7954.2_2+	CUFF.7954.3_3+
tide:./crux_output/comet_10204_2_1	0.863720	0.737800	0.933333	K.EGEEEEDICQNVVS.G	CUFF.9263.1_3+	CUFF.9263.5_2+	CUFF.9263.4_3+	CUFF.9263.3_2+	CUFF.9263.2_3+
tide:./crux_output/comet_8031_2_1	0.863588	0.738449	0.933333	R.CCGCCCYF.L	CUFF.17574.1_2+	CUFF.17574.2_2+
tide:./crux_output/comet_7978_2_1	0.863511	0.738449	0.933333	R.CCGCCCYF.L	CUFF.17574.1_2+	CUFF.17574.2_2+
tide:./crux_output/comet_10253_3_1	0.863473	0.738449	0.933333	K.CGNGCGIRSCTR.S	CUFF.1288.2_2+	CUFF.1288.1_3+	AGAP005738-RA_1+
tide:./crux_output/comet_4810_2_1	0.862862	0.738702	0.933333	R.FTPHSGPSSVCST.R	AGAP008143-PA	ACOM030467-PA	AGAP008143-RA_1+	CUFF.9760.2_1+
tide:./crux_output/comet_6926_2_4	0.862772	0.738702	0.933333	R.GTGFAAFCTW.S	AGAP002567-RA_2+
tide:./crux_output/comet_5612_2_2	0.862644	0.738702	0.933333	R.ASIPKVRT.A	CUFF.9604.3_1+
tide:./crux_output/comet_8696_3_1	0.862431	0.738702	0.933333	Y.TLHDNGHDCK.E	AGAP003702-PA	ACOM028814-PA	AGAP003702-RA_1+	CUFF.5420.6_1+	CUFF.5420.7_3+	CUFF.5420.4_1+	CUFF.5420.5_1+	CUFF.5420.2_3+	CUFF.5420.1_2+
tide:./crux_output/comet_10460_3_2	0.862383	0.738702	0.933333	R.CDQGDQLPDPEPQGPVGC.A	AGAP008051-RA_3+
tide:./crux_output/comet_8917_3_1	0.861875	0.739737	0.933333	V.DSGYCTSDGGFDGK.R	ACOM029432-PA	CUFF.11870.3_1+	AGAP010012-RA_1+
tide:./crux_output/comet_7678_4_1	0.860688	0.741196	0.933333	H.CSGHEGGIDRCAPCPGTGHGANAR.R	CUFF.3910.1_3+	CUFF.3910.2_3+	AGAP002108-RB_3+	AGAP002108-RA_3+
tide:./crux_output/comet_5249_2_1	0.860064	0.741196	0.933333	K.QEEGQESNTHSFP.E	sp|Q07458|RXT3_YEAST
tide:./crux_output/comet_7180_4_2	0.859494	0.741196	0.933333	R.WAGNANELNAAYAADGYAR.I	sp|P26263|PDC6_YEAST	sp|P16467|PDC5_YEAST	sp|P06169|PDC1_YEAST
tide:./crux_output/comet_5189_2_2	0.859201	0.741619	0.933333	K.HANEVYE.E	AGAP008034-PA	ACOM030611-PA	CUFF.9634.2_3+	CUFF.9634.1_1+	AGAP008034-RA_2+
tide:./crux_output/comet_9298_3_3	0.859193	0.741619	0.933333	K.KSHSCSLSYE.L	CUFF.6550.3_2+
tide:./crux_output/comet_9552_3_1	0.857498	0.743590	0.933333	R.RFCGFCCSSACAG.R	CUFF.3373.1_1+
tide:./crux_output/comet_10588_2_1	0.856628	0.743590	0.933333	K.NCDDEESGEDSS.S	AGAP005106-PA	AGAP005106-PB	AGAP005106-RB_2+	AGAP005106-RA_2+	CUFF.729.1_3+
tide:./crux_output/comet_6901_2_3	0.856016	0.743590	0.933333	R.AGVYDYE.S	AGAP012160-RA_3+
tide:./crux_output/comet_8138_2_2	0.855854	0.743590	0.933333	G.VGAADDDDDESGYFER.L	AGAP008137-PA	AGAP008137-PB	ACOM030477-PA	CUFF.9731.3_3+	AGAP008137-RB_1+	AGAP008137-RA_1+	CUFF.9731.2_1+	CUFF.9731.1_3+	CUFF.9731.6_1+	CUFF.9731.5_2+	CUFF.9731.4_3+
tide:./crux_output/comet_8484_4_2	0.855515	0.743590	0.933333	H.GAGQSDGWHDGWPEPDAGSGR.R	CUFF.11670.1_1+	CUFF.11670.2_1+	AGAP009886-RA_3+
tide:./crux_output/comet_8539_4_3	0.855437	0.743590	0.933333	P.EGQTHPPDLTAPDPDGAHR.S	AGAP011449-PA	ACOM041516-PA	AGAP011449-RA_3+	CUFF.8237.1_1+
tide:./crux_output/comet_8992_2_2	0.855211	0.743590	0.933333	R.WDSSDESEMSD.Y	AGAP005814-PA	ACOM025134-PA	CUFF.1456.1_2+	CUFF.1456.2_3+	AGAP005814-RA_2+
tide:./crux_output/comet_8519_3_1	0.854836	0.743590	0.933333	L.DSELDSPGDGDSGSGK.R	AGAP007539-PB	ACOM025791-PA	AGAP007539-RA_1+	CUFF.2791.3_3+	CUFF.2791.4_3+
tide:./crux_output/comet_4965_3_2	0.854725	0.743590	0.933333	N.SPNSHSCSNNNNR.R	AGAP004734-RA_2+	CUFF.349.4_2+	CUFF.349.5_3+	CUFF.349.1_2+	CUFF.349.2_2+	CUFF.349.3_2+
tide:./crux_output/comet_4820_2_1	0.854663	0.743590	0.933333	R.SSRTCCRSC.T	CUFF.3565.1_1+	AGAP001823-RA_3+
tide:./crux_output/comet_7269_3_1	0.854653	0.743590	0.933333	K.TCIANCTSGQHRC.G	AGAP000331-PA	AGAP000331-PB	CUFF.16256.1_1+	CUFF.16256.2_1+	CUFF.16256.3_3+	CUFF.16256.4_2+	AGAP000331-RA_1+
tide:./crux_output/comet_9959_2_1	0.854384	0.743590	0.933333	R.NWCTEPGSGD.R	AGAP002133-RA_3+
tide:./crux_output/comet_4106_2_1	0.854222	0.743590	0.933333	L.QDTERDDDR.G	CUFF.16096.2_3+
tide:./crux_output/comet_7113_2_3	0.853725	0.743590	0.933333	R.QAGGSGDAEGGLQ.C	CUFF.7980.2_3+	CUFF.7980.1_1+	AGAP011163-RA_3+
tide:./crux_output/comet_9995_2_1	0.853675	0.743590	0.933333	R.CCPGSCWSRSCS.C	AGAP000506-RA_2+
tide:./crux_output/comet_6198_2_1	0.853608	0.743590	0.933333	R.GADGQAAPDWDA.Q	CUFF.3811.4_2+	CUFF.3811.5_2+	CUFF.3811.6_3+	CUFF.3811.1_1+	AGAP002083-RA_3+	AGAP002083-RB_3+
tide:./crux_output/comet_4448_2_1	0.853371	0.743590	0.933333	K.EKEHENEC.L	AGAP000323-PA	ACOM040313-PA	CUFF.16198.1_1+	AGAP000323-RA_1+	CUFF.16198.2_1+
tide:./crux_output/comet_5048_2_2	0.852333	0.743590	0.933333	K.QEEGQESNTHSFP.E	sp|Q07458|RXT3_YEAST
tide:./crux_output/comet_8771_2_1	0.851887	0.743590	0.933333	R.VNFDCDCPCVCG.E	CUFF.1574.1_1+
tide:./crux_output/comet_7716_3_1	0.851729	0.743590	0.933333	R.CCQCCGPGPARSS.S	AGAP001035-RA_2+	CUFF.17501.1_3+
tide:./crux_output/comet_9175_3_1	0.851624	0.743590	0.933333	K.AAGCSCGSIGTMW.A	AGAP003503-RA_2+
tide:./crux_output/comet_9763_3_4	0.851112	0.743590	0.933333	K.GEEDYEGEEDEEDEE.D	AGAP005555-PA	ACOM039000-PA	CUFF.1110.2_3+	CUFF.1110.1_3+	AGAP005555-RA_1+
tide:./crux_output/comet_8516_2_4	0.850178	0.743590	0.933333	N.GVFQECCQAEDK.G	sp|P02769|ALBU_BOVIN
tide:./crux_output/comet_5806_3_2	0.849652	0.743590	0.933333	K.EVSLEEGDDSQA.S	AGAP001794-PA	ACOM023821-PA	CUFF.3538.2_3+	CUFF.3538.1_3+	AGAP001794-RA_1+
tide:./crux_output/comet_9535_3_3	0.849285	0.743590	0.933333	R.CASVSSSSSSDRLC.S	AGAP008762-RB_1+	CUFF.10307.5_3+	CUFF.10307.4_2+	CUFF.10307.6_3+
tide:./crux_output/comet_4240_3_1	0.848574	0.743815	0.933333	K.SCLSNNSSQNDTH.E	CUFF.9888.6_2+	CUFF.9888.3_2+	CUFF.9888.9_2+
tide:./crux_output/comet_4391_2_3	0.848559	0.743815	0.933333	C.CYPMPDER.X	CUFF.2998.4_3+	CUFF.2998.2_3+	CUFF.2998.1_1+
tide:./crux_output/comet_6261_3_1	0.848125	0.743815	0.933333	N.YCYDYDDDDK.D	CUFF.3021.1_1+	CUFF.3021.3_1+	CUFF.3021.2_1+	AGAP001194-RA_3+
tide:./crux_output/comet_7528_3_1	0.847471	0.743815	0.933333	R.CECWCTTRCC.D	CUFF.9969.4_1+	CUFF.9969.5_2+
tide:./crux_output/comet_10196_3_1	0.846992	0.743815	0.933333	R.YHYCSSVGNYF.A	CUFF.6272.1_1+	CUFF.6272.2_3+	CUFF.6272.3_3+
tide:./crux_output/comet_3905_3_1	0.846439	0.745067	0.933333	R.HPSENEQENQSTSEM.F	AGAP000630-PA	AGAP000630-RA_1+	CUFF.16559.1_1+	CUFF.16559.2_3+	CUFF.16559.3_2+	CUFF.16559.4_2+	CUFF.16559.5_2+	CUFF.16559.6_1+
tide:./crux_output/comet_10607_2_1	0.845875	0.745067	0.933333	K.AWDDNEDE.R	sp|P40547|VID28_YEAST
tide:./crux_output/comet_4365_2_1	0.845383	0.745067	0.933333	R.DCVYVCVC.V	CUFF.5813.1_3+	CUFF.5048.5_3+	CUFF.5048.6_3+	CUFF.5048.1_1+	CUFF.5048.2_3+
tide:./crux_output/comet_10582_2_1	0.844710	0.745067	0.933333	R.SCRSTRSCSWDT.I	AGAP007693-RA_2+
tide:./crux_output/comet_7477_2_1	0.843901	0.745067	0.933333	G.QGSEEDNDR.G	AGAP003175-RA_3+	CUFF.4863.3_3+	CUFF.4863.1_3+
tide:./crux_output/comet_7154_2_2	0.843890	0.745067	0.933333	R.HDDEAGGAIAHQ.V	AGAP010090-RA_3+	CUFF.11993.3_2+	CUFF.11993.2_2+	CUFF.11993.1_2+	CUFF.11993.4_2+	CUFF.11993.5_3+
tide:./crux_output/comet_5964_2_1	0.843233	0.745067	0.933333	R.LPSCATCSSA.R	CUFF.11222.1_1+
tide:./crux_output/comet_7908_3_2	0.843123	0.745067	0.933333	R.CCCCSRSCGR.S	CUFF.4046.1_2+	CUFF.4046.3_2+	AGAP002324-RA_1+
tide:./crux_output/comet_5009_3_2	0.842777	0.745067	0.933333	R.QEEAQEGEGGGEAQA.Q	AGAP011217-RA_3+	CUFF.7954.4_2+	CUFF.7954.1_2+	CUFF.7954.2_2+	CUFF.7954.3_3+
tide:./crux_output/comet_10520_3_2	0.842458	0.745067	0.933333	Q.CDICSQQCPNSR.A	AGAP005483-PA	ACOM039103-PA	AGAP005483-RA_1+	CUFF.1050.1_3+
tide:./crux_output/comet_6024_2_1	0.841880	0.745067	0.933333	K.QDCFDLAEG.M	sp|Q12013|AKR2_YEAST
tide:./crux_output/comet_5828_2_5	0.841481	0.745067	0.933333	K.QMKEEHMSCV.R	CUFF.5760.1_3+	CUFF.5760.3_3+	CUFF.5760.2_3+	CUFF.5760.4_3+
tide:./crux_output/comet_7205_3_2	0.841397	0.745067	0.933333	K.HECPCEWECT.C	CUFF.3469.3_1+	CUFF.3469.4_1+
tide:./crux_output/comet_8985_3_2	0.841169	0.745067	0.933333	R.AGAAAGWGSCECGR.L	AGAP008928-RA_3+	CUFF.10472.1_2+
tide:./crux_output/comet_9593_2_1	0.840583	0.746057	0.933333	R.NGPSGSGSGSGSGGSGGGGGGDV.A	AGAP003983-PA	AGAP003983-RA_1+
tide:./crux_output/comet_9184_3_1	0.840563	0.746257	0.933333	R.HNSWYCCCCCC.C	CUFF.5764.5_2+	CUFF.5764.4_3+	CUFF.5764.7_2+	CUFF.5764.6_2+	CUFF.5764.1_2+	CUFF.5764.3_2+	CUFF.5764.2_2+	CUFF.5764.9_1+	CUFF.5764.8_1+	CUFF.5764.11_3+	CUFF.5764.10_3+	CUFF.5764.12_1+
tide:./crux_output/comet_9648_2_3	0.839862	0.747244	0.933333	R.EEYWDNNNGN.N	sp|P40036|GIP2_YEAST
tide:./crux_output/comet_8712_3_1	0.838903	0.748428	0.933333	R.RVCGTDGLGCDNHANG.G	AGAP006019-RA_3+
tide:./crux_output/comet_7379_2_1	0.838381	0.748428	0.933333	R.CQNGGTCDPVTGEC.V	AGAP007256-PA	ACOM025466-PA	AGAP007256-RA_1+	CUFF.2675.2_1+	CUFF.2675.1_1+	CUFF.2675.7_3+	CUFF.2675.6_3+
tide:./crux_output/comet_6141_3_2	0.837948	0.748433	0.933333	K.YDMEVYDACC.R	sp|P23287|PP2B1_YEAST
tide:./crux_output/comet_7835_2_2	0.837286	0.748433	0.933333	R.CTMCATCW.T	AGAP006216-RA_2+	AGAP006216-RB_2+	CUFF.1779.1_1+
tide:./crux_output/comet_7689_3_2	0.836154	0.748433	0.933333	R.YCSAQAEHQHHN.D	AGAP008808-RA_3+
tide:./crux_output/comet_5739_4_1	0.835935	0.748433	0.933333	C.GFGDSCKFLHDRSDYK.H	AGAP007068-PA	ACOM031295-PA	AGAP007068-RA_3+
tide:./crux_output/comet_6497_2_2	0.835003	0.750196	0.933333	R.FERFDEGVC.A	CUFF.7833.4_2+	CUFF.7833.5_2+	CUFF.7833.6_1+	CUFF.7833.7_3+	CUFF.7833.1_2+	CUFF.7833.2_1+	CUFF.7833.3_1+	CUFF.7833.8_2+
tide:./crux_output/comet_4959_2_5	0.832430	0.751558	0.933333	K.AGGTGGGGGGGAGGGGSGGGGGN.Q	CUFF.3769.1_1+	CUFF.3769.2_1+	CUFF.3769.3_1+
tide:./crux_output/comet_9591_3_2	0.831524	0.751558	0.933333	R.KPPQRLARPRPP.R	AGAP005661-RA_3+	CUFF.1241.8_3+	CUFF.1241.5_2+	CUFF.1241.2_2+	CUFF.1241.1_1+
tide:./crux_output/comet_10486_2_2	0.830510	0.751558	0.933333	K.SSCCISFS.H	CUFF.4856.11_3+	CUFF.4856.12_3+	CUFF.4856.2_1+
tide:./crux_output/comet_7714_3_2	0.830445	0.751558	0.933333	Q.THVADCGPDRSGCDHECR.M	ACOM031203-PA
tide:./crux_output/comet_7331_3_1	0.830358	0.751558	0.933333	K.STDSGNGAGGTHGGH.T	AGAP029047-PA	AGAP000443-RA_1+	CUFF.16393.4_1+	CUFF.16393.1_1+	CUFF.16393.3_3+
tide:./crux_output/comet_9427_3_1	0.830229	0.751558	0.933333	S.CSCSALPGCSMCGTTR.T	AGAP003544-RA_3+
tide:./crux_output/comet_5804_2_3	0.830101	0.751558	0.933333	S.WSTGGYSCR.S	AGAP011751-RA_2+
tide:./crux_output/comet_4945_3_1	0.829640	0.751751	0.933333	R.KEYGEEDEDQSAG.G	AGAP004112-PA	ACOM033319-PA	AGAP004112-RA_1+	CUFF.5787.1_3+
tide:./crux_output/comet_4768_2_1	0.829015	0.752301	0.933333	K.FDYTDENDA.K	CUFF.3465.5_2+	CUFF.3465.4_2+	CUFF.3465.6_1+	CUFF.3465.1_3+	CUFF.3465.3_3+	CUFF.3465.2_2+
tide:./crux_output/comet_7941_2_1	0.827448	0.752301	0.933333	R.AACDSSDEDDAN.G	CUFF.849.1_2+	AGAP005230-RA_1+
tide:./crux_output/comet_577_3_1	0.826008	0.752301	0.933333	R.CSPCCCCCCCA.F	ACOM027985-PA
tide:./crux_output/comet_5458_2_1	0.825914	0.752301	0.933333	K.DNEDGDEE.F	AGAP005470-PA	ACOM039116-PA	AGAP005470-RA_1+
tide:./crux_output/comet_10557_2_2	0.825611	0.752301	0.933333	R.QCCQQCCS.V	CUFF.8488.7_1+	CUFF.8488.6_1+	CUFF.8488.5_1+	CUFF.8488.9_2+	CUFF.8488.8_2+
tide:./crux_output/comet_7647_3_1	0.824418	0.752301	0.933333	K.MQSCVQWFMEYDYDID.Y	AGAP005326-PA	ACOM027862-PA	AGAP005326-RA_1+
tide:./crux_output/comet_7666_2_1	0.824124	0.752301	0.933333	R.EMFCCCY.C	CUFF.16881.1_3+	CUFF.16881.2_3+
tide:./crux_output/comet_10227_2_1	0.823767	0.752301	0.933333	R.CCPGSCWSRSCS.C	AGAP000506-RA_2+
tide:./crux_output/comet_10151_3_1	0.823454	0.752301	0.933333	R.GRCGWRDDDGGGGGGNYCG.D	AGAP000754-RA_1+
tide:./crux_output/comet_4700_3_4	0.822720	0.752301	0.933333	R.GASSAVDGCTDHRRTHDDDD.G	AGAP005982-RA_2+
tide:./crux_output/comet_7590_2_3	0.821111	0.752301	0.933333	R.QGCRPCCQDRC.S	AGAP003379-RA_3+
tide:./crux_output/comet_8624_3_1	0.820111	0.752301	0.933333	C.GCCCCGCGGGGCDVR.G	TCONS_00031806_2+
tide:./crux_output/comet_8744_2_3	0.819784	0.752301	0.933333	K.DQEGDDED.G	sp|P43609|RSC8_YEAST
tide:./crux_output/comet_9528_2_1	0.819620	0.752301	0.933333	R.EEYWDNNNGN.N	sp|P40036|GIP2_YEAST
tide:./crux_output/comet_9939_2_1	0.819317	0.752301	0.933333	R.CCPGSCWSRSCS.C	AGAP000506-RA_2+
tide:./crux_output/comet_5756_3_2	0.819175	0.752301	0.933333	R.GKANGPTTNGSDC.T	CUFF.8928.9_3+	CUFF.8928.1_1+	CUFF.8928.2_3+	CUFF.8928.3_3+	CUFF.8928.5_2+	CUFF.8928.6_2+
tide:./crux_output/comet_9146_2_3	0.816849	0.752301	0.933333	R.EDDDDDDDDD.G	AGAP005288-PA	ACOM027817-PA	CUFF.939.7_3+	AGAP005288-RA_1+	CUFF.939.9_1+	CUFF.939.3_1+	CUFF.939.2_3+
tide:./crux_output/comet_9205_2_1	0.815296	0.752301	0.933333	K.CDSENDCGDGSD.E	AGAP000331-PA	AGAP000331-PB	ACOM038717-PA	CUFF.16256.1_1+	CUFF.16256.2_1+	CUFF.16256.3_3+	CUFF.16256.4_2+	AGAP000331-RA_1+
tide:./crux_output/comet_9958_3_1	0.815134	0.752301	0.933333	I.FQMCDHPECSK.N	CUFF.2070.14_2+	CUFF.2070.15_2+
tide:./crux_output/comet_7899_2_1	0.814693	0.752431	0.933333	R.MWCCCCQ.C	CUFF.2548.1_1+
tide:./crux_output/comet_5684_4_2	0.812828	0.752431	0.933333	T.HQEPNGSWMSGGSSRYR.D	CUFF.9491.4_2+	CUFF.9491.1_2+	AGAP007848-RA_2+
tide:./crux_output/comet_6797_2_2	0.811277	0.752431	0.933333	K.QDDDAGCCE.D	AGAP029545-PA	ACOM042138-PA	AGAP002149-RA_3+	AGAP002149-RB_1+	CUFF.3949.3_3+	CUFF.3949.1_1+	CUFF.3949.4_2+
tide:./crux_output/comet_10601_3_2	0.811216	0.752431	0.933333	R.SRVSECTECKPCCCSGT.C	CUFF.587.1_1+
tide:./crux_output/comet_10044_4_1	0.810856	0.752431	0.933333	K.SYGHSCTMEGYDVPMSC.X	AGAP006785-RA_3+
tide:./crux_output/comet_5080_2_1	0.810768	0.752431	0.933333	R.CHYSHELD.E	AGAP002223-PA	ACOM042017-PA	AGAP002223-RA_1+
tide:./crux_output/comet_7098_2_2	0.810628	0.752431	0.933333	R.SYEASCCPT.V	CUFF.9764.2_3+
tide:./crux_output/comet_6832_4_2	0.809737	0.752431	0.933333	K.SSSTDTCMDVSSGCWPSDST.N	AGAP028588-PA	TCONS_00034904_2+	TCONS_00034905_3+
tide:./crux_output/comet_10362_2_1	0.809692	0.752431	0.933333	R.CGQVEHDDDD.D	ACOM033092-PA	AGAP004246-RB_1+	CUFF.5914.4_2+	CUFF.5914.3_1+
tide:./crux_output/comet_6208_3_1	0.809213	0.752431	0.933333	K.NASQCCNTCQE.V	AGAP012144-PA	ACOM026509-PA	AGAP012144-RA_1+
tide:./crux_output/comet_7156_3_2	0.807784	0.752431	0.933333	R.SSEEEDESDGQ.E	AGAP005895-PA	ACOM024997-PA	AGAP005895-RA_1+
tide:./crux_output/comet_8209_2_1	0.805138	0.752431	0.933333	G.GYDDDEWCSGSK.A	CUFF.8376.3_1+	CUFF.8376.1_2+	CUFF.8376.2_2+
tide:./crux_output/comet_4993_3_2	0.803261	0.752431	0.933333	V.CCTFCCCCR.C	CUFF.707.6_3+	CUFF.707.5_2+
tide:./crux_output/comet_4624_2_1	0.801742	0.752431	0.933333	R.SGYTGDNCDV.T	AGAP002739-PA	ACOM036434-PA	CUFF.4542.1_3+	CUFF.4542.2_2+	AGAP002739-RA_1+
tide:./crux_output/comet_5886_2_5	0.801484	0.752431	0.933333	R.DSDNSTDEG.Q	sp|Q05468|RQC1_YEAST
tide:./crux_output/comet_9220_2_2	0.801335	0.752431	0.933333	K.FDCTFVDA.K	AGAP010316-RA_2+	CUFF.7033.4_1+
tide:./crux_output/comet_5067_3_2	0.801091	0.752431	0.933333	N.NEHSDEEGDNYSER.E	sp|P31381|FUN26_YEAST
tide:./crux_output/comet_6092_3_1	0.800949	0.752431	0.933333	R.TCNQYCLYGAEAN.R	CUFF.9698.1_2+
tide:./crux_output/comet_6170_2_1	0.799169	0.752431	0.933333	R.GDDEDEC.T	AGAP004066-PA	ACOM033392-PA	CUFF.5775.2_2+	CUFF.5775.1_3+	AGAP004066-RA_1+
tide:./crux_output/comet_5963_2_1	0.798776	0.752431	0.933333	K.QDDDAGCCE.D	AGAP029545-PA	ACOM042138-PA	AGAP002149-RA_3+	AGAP002149-RB_1+	CUFF.3949.3_3+	CUFF.3949.1_1+	CUFF.3949.4_2+
tide:./crux_output/comet_10636_3_1	0.798446	0.752431	0.933333	C.CSCSDSADGSSNSCASR.N	CUFF.10467.1_2+
tide:./crux_output/comet_8718_2_1	0.796788	0.752431	0.933333	K.CTNDCDKDGTACS.N	AGAP029234-PA	AGAP029234-PB	ACOM033511-PA	CUFF.12092.2_1+	CUFF.12092.1_1+
tide:./crux_output/comet_7283_2_1	0.794318	0.752431	0.933333	K.DEDDDEDDDD.D	sp|P27692|SPT5_YEAST
tide:./crux_output/comet_10583_3_1	0.794014	0.752431	0.933333	R.ASVTDDDNDDDDDDHH.H	CUFF.3770.6_3+	AGAP001786-RA_3+	CUFF.3770.5_3+	CUFF.3770.7_3+	CUFF.3770.2_3+	CUFF.3770.3_3+	CUFF.3770.8_3+	CUFF.3770.9_3+
tide:./crux_output/comet_9931_3_1	0.791782	0.752431	0.933333	S.CPSTCPCSGCTR.X	CUFF.16180.8_1+	CUFF.16180.10_3+	CUFF.16180.5_1+	CUFF.16180.2_3+	CUFF.16180.3_3+	CUFF.16180.1_2+	CUFF.16180.6_1+	CUFF.16180.7_2+	CUFF.16180.4_1+	CUFF.16180.9_2+	AGAP000175-RA_1+	CUFF.16180.11_1+	CUFF.16180.12_3+	CUFF.16180.13_2+	CUFF.16180.14_2+	CUFF.16180.15_2+	CUFF.16180.16_2+	CUFF.16180.17_1+	CUFF.16180.18_3+	CUFF.16180.19_2+	CUFF.16180.21_3+
tide:./crux_output/comet_9638_3_1	0.791289	0.752431	0.933333	R.TAGCCPPTGCAT.S	CUFF.10429.2_2+	CUFF.10429.1_1+	AGAP008851-RA_2+	CUFF.10429.3_3+
tide:./crux_output/comet_9704_3_1	0.790945	0.752431	0.933333	D.DDDDDDDTENGSSSNGK.S	sp|P32432|SFP1_YEAST
tide:./crux_output/comet_7799_2_1	0.787631	0.752431	0.933333	D.DDDDDFFGK.E	AGAP006998-PA	ACOM031446-PA	AGAP006998-RA_1+	CUFF.2393.1_2+
tide:./crux_output/comet_6432_3_3	0.785906	0.752431	0.933333	R.TQTDCSEASSDGSPP.R	AGAP001604-PA	ACOM034353-PA	CUFF.3381.9_2+	AGAP001604-RA_3+	CUFF.3381.8_2+	CUFF.3381.4_2+	CUFF.3381.5_2+	CUFF.3381.6_2+	CUFF.3381.7_2+	CUFF.3381.1_3+	CUFF.3381.2_3+	CUFF.3381.3_3+
tide:./crux_output/comet_7690_2_1	0.784776	0.752431	0.933333	R.AAGDQGDDDDD.D	ACOM024770-PA
tide:./crux_output/comet_9539_3_1	0.784536	0.752431	0.933333	R.AGCSACSPCCWW.W	AGAP000520-RA_2+	CUFF.16437.1_3+
tide:./crux_output/comet_7606_3_1	0.784504	0.752431	0.933333	R.EANGCNDKDPEPC.L	CUFF.3006.6_2+
tide:./crux_output/comet_6663_4_2	0.783383	0.752431	0.933333	R.CSNDRNGNNTMPVNEGFSR.V	sp|Q12057|PIN2_YEAST
tide:./crux_output/comet_9936_3_2	0.781773	0.753363	0.933333	N.DDDDEDEVAEAEPR.S	AGAP000520-PA	AGAP000520-RA_1+	CUFF.16437.1_2+
tide:./crux_output/comet_6283_2_1	0.778971	0.753506	0.933333	K.CDDDDDD.L	sp|Q12050|ELG1_YEAST
tide:./crux_output/comet_8855_2_1	0.774075	0.753506	0.933333	R.ENDDADED.S	AGAP007027-PA	ACOM031395-PA	CUFF.2428.1_1+	AGAP007027-RA_2+
tide:./crux_output/comet_7437_2_1	0.773778	0.753506	0.933333	I.IIIMKIIILIIIIK.I	CUFF.16235.5_1+	CUFF.16235.4_2+	CUFF.16235.7_1+	CUFF.16235.6_2+	CUFF.16235.1_3+	CUFF.16235.3_2+	CUFF.16235.2_2+
tide:./crux_output/comet_9313_3_2	0.773034	0.753506	0.933333	E.SECDDGSISGSTSCSTR.K	AGAP003778-RA_1+
tide:./crux_output/comet_6544_2_1	0.772248	0.753506	0.933333	K.GIGQDNNGDTDDDDD.D	AGAP003914-RB_1+	CUFF.5680.4_1+	CUFF.5680.1_1+
tide:./crux_output/comet_5965_4_2	0.771979	0.753506	0.933333	C.MCVCVCNMYVCFLYER.F	CUFF.5120.4_3+	CUFF.5120.3_1+	CUFF.5120.2_1+	CUFF.5120.1_1+	CUFF.5120.7_3+	CUFF.5120.6_2+	CUFF.5120.5_3+
tide:./crux_output/comet_8948_3_1	0.771480	0.753506	0.933333	K.NGSSCEPGGCGTGW.R	CUFF.4942.8_2+	CUFF.4942.7_3+	AGAP003206-RA_3+
tide:./crux_output/comet_888_3_1	0.767288	0.753506	0.933333	R.DGDHANDGDDDG.D	AGAP000149-RA_3+	CUFF.16005.1_3+
tide:./crux_output/comet_8125_3_1	0.765275	0.753506	0.933333	K.DEDEEDDEEEE.E	ACOM037998-PA
tide:./crux_output/comet_5586_2_2	0.759957	0.753506	0.933333	R.DENDEDAD.D	CUFF.15949.2_3+
tide:./crux_output/comet_4583_2_3	0.758739	0.753506	0.933333	R.SGSCGDMLSSS.S	CUFF.9199.1_2+
tide:./crux_output/comet_8414_3_2	0.757425	0.753506	0.933333	K.TGSESESESESDSDD.A	sp|P39985|DPO5_YEAST
tide:./crux_output/comet_8187_2_3	0.754653	0.753506	0.933333	K.DNEDGDEE.F	AGAP005470-PA	ACOM039116-PA	AGAP005470-RA_1+
tide:./crux_output/comet_8938_2_1	0.753944	0.753506	0.933333	R.SMCGDEMC.F	CUFF.4135.2_1+	CUFF.4135.1_1+
tide:./crux_output/comet_10100_3_1	0.753462	0.753506	0.933333	S.WNGKECSPDCQCGMDH.-	AGAP006568-PA	ACOM035981-PA
tide:./crux_output/comet_7259_2_1	0.748326	0.753506	0.933333	G.DQCDGCGK.L	AGAP007891-PA	ACOM030848-PA	AGAP007891-RA_1+
tide:./crux_output/comet_6782_4_1	0.748285	0.753506	0.933333	K.SSSTDTCMDVSSGCWPSDST.N	AGAP028588-PA	TCONS_00034904_2+	TCONS_00034905_3+
tide:./crux_output/comet_7871_2_5	0.740043	0.754194	0.933333	R.EDDDDDDDDD.G	AGAP005288-PA	ACOM027817-PA	CUFF.939.7_3+	AGAP005288-RA_1+	CUFF.939.9_1+	CUFF.939.3_1+	CUFF.939.2_3+
tide:./crux_output/comet_7225_2_1	0.733553	0.754194	0.933333	K.DEDDDEDDDD.D	sp|P27692|SPT5_YEAST
tide:./crux_output/comet_7102_2_1	0.729129	0.754194	0.933333	R.ALHVIKLR.C	AGAP009550-PA	AGAP009550-PB
tide:./crux_output/comet_5014_3_1	0.722945	0.754194	0.933333	-.MDSDDESFEEHDS.G	AGAP010891-PA	ACOM027714-PA
tide:./crux_output/comet_7579_3_1	0.721321	0.754194	0.933333	R.GFCCCCCHSFP.P	CUFF.2732.1_1+	CUFF.2732.5_2+	CUFF.2732.4_1+
tide:./crux_output/comet_7742_2_1	0.721023	0.754194	0.933333	R.TDNGGDDDD.S	AGAP005203-PA	AGAP005203-PB	AGAP005203-PC	AGAP005203-PD	AGAP005203-PE	AGAP005203-PF	ACOM035295-PA	ACOM035295-PB	ACOM035295-PC	ACOM035295-PD	ACOM035295-PE	ACOM035295-PF	AGAP005203-RH_3+	AGAP005203-RJ_3+	AGAP005203-RE_2+	AGAP005203-RD_3+	AGAP005203-RF_2+	AGAP005203-RA_3+	AGAP005203-RC_3+	AGAP005203-RB_3+	CUFF.839.8_1+
tide:./crux_output/comet_7206_3_1	0.719675	0.754194	0.933333	R.DEEDSENSTGE.R	CUFF.7599.1_2+
tide:./crux_output/comet_6858_2_3	0.710698	0.754194	0.933333	R.CTCPDC.R	AGAP004775-RB_1+	AGAP004775-RA_2+
tide:./crux_output/comet_7655_3_4	0.700573	0.754194	0.933333	R.CCVGMCECGEEV.X	CUFF.16940.2_1+
tide:./crux_output/comet_7328_2_3	0.696277	0.754194	0.933333	R.QDAGSDCW.L	AGAP000071-PA	AGAP000071-RA_1+
tide:./crux_output/comet_8810_2_1	0.686884	0.754194	0.933333	R.SMCGDEMC.F	CUFF.4135.2_1+	CUFF.4135.1_1+
tide:./crux_output/comet_9114_2_1	0.682969	0.754194	0.933333	K.CEDVDGC.E	AGAP008117-PA	ACOM030493-PA	AGAP008117-RA_1+
tide:./crux_output/comet_8803_2_1	0.677560	0.754194	0.933333	K.DNEDGDEE.F	AGAP005470-PA	ACOM039116-PA	AGAP005470-RA_1+
tide:./crux_output/comet_4553_3_1	0.669828	0.754194	0.933333	S.DDDDDDEEFDK.I	sp|Q05468|RQC1_YEAST
tide:./crux_output/comet_8080_2_1	0.658922	0.754194	0.933333	R.CCGCCCYF.L	CUFF.17574.1_2+	CUFF.17574.2_2+
tide:./crux_output/comet_9111_2_1	0.655217	0.754194	0.933333	R.CCSSCPVCSGC.L	AGAP000913-RA_2+	CUFF.17176.1_3+
tide:./crux_output/comet_7860_2_1	0.646752	0.754373	1.000000	R.DENDEDAD.D	CUFF.15949.2_3+
