PSMId	score	q-value	posterior_error_prob	peptide	proteinIds
./crux_output/comet_9906_2_1	4.525215	0.014599	0.007576	K.TNNATFATRR.C	DECOY_CUFF.15875.2_2+	DECOY_CUFF.15875.7_3+
./crux_output/comet_6608_4_1	4.345022	0.020979	0.100000	R.AAQCDGSICLVAGER.K	DECOY_AGAP000617-RA_1+	DECOY_AGAP000617-RB_1+	DECOY_CUFF.16512.1_1+
./crux_output/comet_6633_3_1	4.150219	0.027211	0.100000	S.GQQSSGAMLAVNK.Q	DECOY_ACOM031228-PA
./crux_output/comet_9723_2_1	4.071763	0.029070	0.100000	K.LDCLFYCCF.X	DECOY_CUFF.11993.2_2+
./crux_output/comet_10063_2_1	3.542399	0.034884	0.100000	R.ATSTDFNR.N	DECOY_CUFF.8167.1_3+
./crux_output/comet_8916_2_1	3.515719	0.040462	0.100000	S.DDDYRLGR.R	DECOY_AGAP001724-RA_1+	DECOY_CUFF.3500.6_1+	DECOY_CUFF.3500.5_2+	DECOY_CUFF.3500.4_3+	DECOY_CUFF.3500.3_3+	DECOY_CUFF.3500.2_2+	DECOY_CUFF.3500.1_1+
./crux_output/comet_5771_2_2	3.502980	0.044693	0.307692	R.VASLGEPAYYR.T	DECOY_AGAP001407-RA_3+
./crux_output/comet_9340_2_2	3.408029	0.048649	0.307692	K.QLIMSLIPK.L	DECOY_CUFF.2873.2_1+
./crux_output/comet_7253_4_1	3.327403	0.054054	0.307692	P.ADGENPDIWYHGSTFER.D	DECOY_ACOM041175-PA
./crux_output/comet_8338_2_1	3.325296	0.058201	0.307692	R.AAAATASEPAR.R	DECOY_AGAP003151-RA_3+
./crux_output/comet_7584_3_1	3.280076	0.063158	0.500000	K.DSCDNDTSNSCRG.A	DECOY_AGAP006943-PA	DECOY_CUFF.2412.1_3+	DECOY_AGAP006943-RA_1+
./crux_output/comet_6421_2_1	3.264235	0.068063	0.555556	K.ESTFLNHR.F	DECOY_CUFF.5868.1_3+
./crux_output/comet_8928_3_2	3.245446	0.073298	0.555556	R.DASVVNQVCANVVR.I	DECOY_CUFF.1888.4_2+
./crux_output/comet_10174_2_2	3.206803	0.077720	0.555556	R.TTSTSSSTTTR.T	DECOY_CUFF.16811.1_3+	DECOY_AGAP000747-RA_1+	DECOY_AGAP000747-RB_1+
./crux_output/comet_8377_2_1	3.194148	0.082051	0.555556	R.CHCMKTFR.G	DECOY_AGAP009975-RA_3+	DECOY_CUFF.11839.2_2+	DECOY_CUFF.11839.1_1+
./crux_output/comet_6870_2_1	3.120883	0.086294	0.555556	L.QYEEFEQK.F	DECOY_sp|P53008|CWH41_YEAST
./crux_output/comet_5824_2_1	3.103185	0.090909	0.555556	R.VASLGEPAYYR.T	DECOY_AGAP001407-RA_3+
./crux_output/comet_8432_2_1	3.070368	0.095477	0.555556	R.CHCMKTFR.G	DECOY_AGAP009975-RA_3+	DECOY_CUFF.11839.2_2+	DECOY_CUFF.11839.1_1+
./crux_output/comet_5535_2_1	3.057277	0.098039	0.555556	R.DAPEAPGLG.A	DECOY_CUFF.7123.4_2+	DECOY_CUFF.7123.5_3+	DECOY_CUFF.7123.2_1+	DECOY_CUFF.7123.3_2+	DECOY_CUFF.7123.1_2+	DECOY_AGAP010564-RA_3+
./crux_output/comet_5873_2_2	2.980076	0.101449	0.555556	R.VASLGEPAYYR.T	DECOY_AGAP001407-RA_3+
./crux_output/comet_6408_3_1	2.950302	0.106280	0.555556	K.DAFAFCGDSGTVCCK.F	DECOY_CUFF.7864.1_1+
./crux_output/comet_4877_3_2	2.928546	0.111111	0.555556	R.DNSNQKRHNQTK.K	DECOY_AGAP005840-RA_3+
./crux_output/comet_8188_3_1	2.927046	0.115942	0.555556	K.YLFSDQAGTDF.F	DECOY_CUFF.16688.3_1+
./crux_output/comet_6128_3_1	2.916947	0.120192	0.555556	R.EAIGEASCGRLK.X	DECOY_CUFF.3452.1_2+
./crux_output/comet_9149_3_1	2.889053	0.125000	0.820896	L.TETGSQYYPFGGK.S	DECOY_AGAP010574-PA	DECOY_ACOM041751-PA	DECOY_CUFF.7059.1_2+	DECOY_AGAP010574-RA_1+
./crux_output/comet_9996_2_2	2.880577	0.129808	0.820896	R.HNADNITVMMR.T	DECOY_CUFF.3874.5_1+
./crux_output/comet_6896_2_1	2.874685	0.134615	0.820896	C.TSSVSSFEVR.C	DECOY_AGAP010146-PA	DECOY_ACOM022485-PA	DECOY_AGAP010146-RA_1+
./crux_output/comet_5088_2_1	2.870844	0.139423	0.820896	R.ASLGTIDK.N	DECOY_sp|P40033|RSM18_YEAST
./crux_output/comet_8874_2_1	2.868980	0.142180	0.820896	S.DDDYRLGR.R	DECOY_AGAP001724-RA_1+	DECOY_CUFF.3500.6_1+	DECOY_CUFF.3500.5_2+	DECOY_CUFF.3500.4_3+	DECOY_CUFF.3500.3_3+	DECOY_CUFF.3500.2_2+	DECOY_CUFF.3500.1_1+
./crux_output/comet_9893_4_1	2.829842	0.146919	0.820896	F.FSSGSSSTHGKPLCAMGVGSDFSK.I	DECOY_AGAP006615-RA_1+	DECOY_CUFF.2077.2_1+
./crux_output/comet_5990_3_2	2.826624	0.151659	0.820896	R.GDWQGRGDAGAPRER.D	DECOY_AGAP000387-RA_3+
./crux_output/comet_6075_2_1	2.814698	0.154930	0.820896	R.VEAPCKSR.C	DECOY_AGAP006945-RA_2+
./crux_output/comet_7684_2_1	2.796014	0.159624	0.820896	R.ILGQAFPK.L	DECOY_CUFF.11595.3_2+	DECOY_CUFF.11595.1_1+	DECOY_AGAP009786-RA_1+
./crux_output/comet_7667_3_1	2.794052	0.164319	0.820896	R.KSMGSADQVYAVER.G	DECOY_TCONS_00040240_2+
./crux_output/comet_9955_4_1	2.763569	0.167442	0.820896	F.FSSGSSSTHGKPLCAMGVGSDFSK.I	DECOY_AGAP006615-RA_1+	DECOY_CUFF.2077.2_1+
./crux_output/comet_9961_3_2	2.756379	0.171296	0.820896	K.NEKDNVNSKITK.K	DECOY_CUFF.11276.6_1+	DECOY_CUFF.11276.5_1+	DECOY_CUFF.11276.2_1+	DECOY_CUFF.11276.1_1+	DECOY_CUFF.11276.4_1+	DECOY_CUFF.11276.3_1+
./crux_output/comet_8780_2_1	2.750013	0.175115	0.820896	N.GGENLYMELVK.R	DECOY_TCONS_00014211_3+
./crux_output/comet_9732_3_2	2.741763	0.178082	0.820896	K.HTHTHTDTHTPTR.R	DECOY_CUFF.3890.7_3+
./crux_output/comet_9938_2_2	2.721432	0.182648	0.820896	R.HNADNITVMMR.T	DECOY_CUFF.3874.5_1+
./crux_output/comet_8228_2_2	2.720587	0.186364	0.820896	K.AAAVLFDTR.R	DECOY_AGAP008231-PA	DECOY_AGAP008231-RA_1+
./crux_output/comet_9206_2_3	2.699822	0.190909	0.820896	R.TTGTNCEPSNTR.N	DECOY_CUFF.16134.2_2+	DECOY_CUFF.16134.3_1+	DECOY_CUFF.16134.1_1+
./crux_output/comet_9841_4_1	2.695655	0.192825	0.820896	F.FSSGSSSTHGKPLCAMGVGSDFSK.I	DECOY_AGAP006615-RA_1+	DECOY_CUFF.2077.2_1+
./crux_output/comet_4650_2_1	2.688182	0.196429	0.820896	K.ESDELQTAGAK.S	DECOY_AGAP029660-PA	DECOY_AGAP000581-RA_2+	DECOY_CUFF.17128.2_3+
./crux_output/comet_9553_2_2	2.680869	0.200893	0.820896	K.TLELQSFMR.L	DECOY_CUFF.10872.1_1+
./crux_output/comet_5958_2_1	2.679848	0.204444	0.820896	K.IEDVFPK.R	DECOY_CUFF.4009.1_2+
./crux_output/comet_7687_3_1	2.666382	0.207965	0.820896	R.CCCSSCWAVGTR.L	DECOY_CUFF.7877.1_1+	DECOY_AGAP011169-RA_2+
./crux_output/comet_9036_3_5	2.658249	0.211454	0.820896	R.TCTRYSITAWTCIAR.R	DECOY_AGAP001319-RA_2+
./crux_output/comet_6708_4_2	2.654312	0.213974	0.820896	R.ENRNMADMIPDPSSSTTMMDSSR.F	DECOY_AGAP006461-RA_1+	DECOY_CUFF.2057.2_2+
./crux_output/comet_9689_3_1	2.646551	0.218341	0.820896	C.NTRTRPPECAAR.S	DECOY_AGAP000579-RA_2+
./crux_output/comet_9395_4_1	2.644598	0.222707	0.820896	R.LQVSHVTSVAPPLQTDRR.S	DECOY_AGAP006101-RA_3+	DECOY_CUFF.1651.1_2+	DECOY_CUFF.1651.2_3+	DECOY_CUFF.1651.3_1+
./crux_output/comet_8537_2_1	2.641498	0.226087	0.820896	R.AYPRINAPGAATEG.Q	DECOY_sp|Q08157|YOL19_YEAST
./crux_output/comet_7840_2_3	2.630877	0.230435	0.820896	R.FSSNSSSSSSSR.D	DECOY_AGAP010168-RA_2+	DECOY_CUFF.12015.1_1+
./crux_output/comet_10065_4_1	2.628172	0.234783	0.820896	-.TSNNSNCVCVSVCRSPPPQHK.X	DECOY_TCONS_00023368_1+
./crux_output/comet_7969_2_2	2.619934	0.236052	0.820896	-.SVGVAFQSTAR.S	DECOY_TCONS_00000482_1+
./crux_output/comet_8252_3_1	2.585277	0.238298	0.820896	K.YLFSDQAGTDF.F	DECOY_CUFF.16688.3_1+
./crux_output/comet_8929_2_2	2.564713	0.239496	0.820896	K.YTLFTDER.K	DECOY_CUFF.9630.2_3+
./crux_output/comet_8327_2_1	2.549662	0.241667	0.820896	R.MKQLSEECD.R	DECOY_CUFF.6122.2_2+
./crux_output/comet_10218_3_2	2.542443	0.245833	0.820896	K.NTGTYNSLSFIIK.S	DECOY_CUFF.6159.2_1+	DECOY_CUFF.6159.3_3+	DECOY_CUFF.6159.1_3+	DECOY_CUFF.6159.4_2+	DECOY_CUFF.6159.5_1+
./crux_output/comet_10490_2_2	2.542349	0.245902	0.820896	R.CSLDQGTDESAEGR.X	DECOY_AGAP008268-RA_3+	DECOY_CUFF.9828.2_1+	DECOY_CUFF.9828.1_2+
./crux_output/comet_6908_2_3	2.513209	0.248980	0.820896	R.TSLIYSGGRK.A	DECOY_CUFF.9567.1_3+	DECOY_AGAP007940-RB_3+
./crux_output/comet_8842_2_1	2.504155	0.253061	0.820896	K.TVVVNLVEYD.L	DECOY_AGAP001132-PA	DECOY_ACOM033680-PA	DECOY_AGAP001132-RA_1+	DECOY_CUFF.3137.1_1+	DECOY_CUFF.3137.2_2+
./crux_output/comet_10256_3_1	2.502572	0.255061	0.820896	K.GALGNTGAPESNAAEKPK.N	DECOY_AGAP001328-PA	DECOY_ACOM033946-PA	DECOY_AGAP001328-RA_1+	DECOY_CUFF.3124.1_1+	DECOY_CUFF.3124.3_3+	DECOY_CUFF.3124.2_2+	DECOY_CUFF.3124.5_3+	DECOY_CUFF.3124.4_1+
./crux_output/comet_8415_3_1	2.475833	0.259109	0.820896	K.DRYDPCVFTIER.V	DECOY_CUFF.16056.2_2+
./crux_output/comet_10148_3_1	2.460938	0.263158	0.820896	K.YERDENNAAYSR.G	DECOY_CUFF.624.2_2+	DECOY_CUFF.624.1_2+
./crux_output/comet_10463_2_2	2.452146	0.267206	0.820896	V.EGLLLDDEQEEDR.D	DECOY_ACOM029402-PA
./crux_output/comet_6386_2_2	2.450049	0.270161	0.820896	K.TIYECAR.L	DECOY_AGAP003186-PA	DECOY_ACOM035653-PA	DECOY_CUFF.4926.3_3+	DECOY_CUFF.4926.1_2+	DECOY_CUFF.4926.4_3+	DECOY_AGAP003186-RA_1+
./crux_output/comet_6013_2_1	2.439281	0.274194	0.820896	K.IEDVFPK.R	DECOY_CUFF.4009.1_2+
./crux_output/comet_5290_2_2	2.437406	0.278226	0.820896	R.GVPSVGSHVR.W	DECOY_AGAP003580-RA_1+	DECOY_CUFF.5236.1_3+
./crux_output/comet_7990_4_4	2.431792	0.279528	0.820896	R.GAGGGWAGPLSHLLHGGR.R	DECOY_CUFF.4313.1_3+	DECOY_CUFF.4313.2_2+	DECOY_CUFF.4313.3_3+	DECOY_CUFF.4313.6_3+	DECOY_AGAP002579-RA_3+
./crux_output/comet_7236_3_2	2.422496	0.279528	0.820896	R.TASSFPSSVNIK.L	DECOY_sp|Q08816|YO352_YEAST
./crux_output/comet_10179_2_1	2.411637	0.282353	0.820896	R.TEAAFSHGWCSGVN.R	DECOY_AGAP011124-RA_2+	DECOY_CUFF.7826.2_2+
./crux_output/comet_5839_2_1	2.405470	0.286275	0.820896	G.AGDPTPEAR.Q	DECOY_AGAP003374-RA_1+	DECOY_CUFF.5193.1_1+
./crux_output/comet_8572_2_3	2.399311	0.288973	0.820896	K.IDDYPVK.R	DECOY_sp|P38073|EDS1_YEAST
./crux_output/comet_6341_2_1	2.396230	0.288973	0.820896	K.ACACRGSSRLT.L	DECOY_ACOM022424-PA
./crux_output/comet_9135_3_1	2.384065	0.288973	0.820896	R.MHDDDEDDEDAGDEG.S	DECOY_sp|P38193|PP4R2_YEAST
./crux_output/comet_6546_3_1	2.355561	0.290566	0.820896	L.FSTMLCQFNR.A	DECOY_CUFF.9376.2_1+	DECOY_CUFF.9376.1_3+	DECOY_CUFF.9376.3_2+
./crux_output/comet_9879_2_3	2.348698	0.292135	0.820896	R.HNADNITVMMR.T	DECOY_CUFF.3874.5_1+
./crux_output/comet_10201_3_1	2.337860	0.295880	0.820896	I.THSFYVGFAGPPPLK.E	DECOY_ACOM037945-PA	DECOY_AGAP028143-RA_3+
./crux_output/comet_7635_2_1	2.337433	0.298507	0.820896	R.FIIGPSFC.L	DECOY_CUFF.9354.1_2+
./crux_output/comet_9510_2_2	2.336737	0.301115	0.820896	R.VSDGIEVMTER.G	DECOY_AGAP000954-PA	DECOY_AGAP000954-PB	DECOY_AGAP000954-PC	DECOY_AGAP000954-PD	DECOY_CUFF.17521.13_1+	DECOY_CUFF.17521.12_2+	DECOY_CUFF.17521.14_3+	DECOY_AGAP000954-RD_3+	DECOY_AGAP000954-RA_3+	DECOY_AGAP000954-RC_2+	DECOY_AGAP000954-RB_3+	DECOY_CUFF.17521.8_3+	DECOY_CUFF.17521.2_1+	DECOY_CUFF.17521.3_3+	DECOY_CUFF.17521.6_1+	DECOY_CUFF.17521.7_1+	DECOY_CUFF.17521.5_3+	DECOY_CUFF.17521.1_3+	DECOY_CUFF.17521.4_2+
./crux_output/comet_8766_3_3	2.330439	0.304833	0.820896	R.AYSAACYSSCTHGNR.X	DECOY_AGAP008291-RA_2+
./crux_output/comet_7033_2_1	2.327333	0.306273	0.820896	K.TTVVVMKR.R	DECOY_CUFF.2884.1_3+
./crux_output/comet_6644_3_2	2.315385	0.306569	0.820896	R.ATCARSPTSTR.T	DECOY_AGAP000382-RA_2+
./crux_output/comet_5601_2_3	2.310405	0.307971	0.820896	R.EENQMADEK.R	DECOY_CUFF.3252.1_2+	DECOY_CUFF.3252.2_1+
./crux_output/comet_6183_3_5	2.295281	0.310469	0.820896	K.MEPECLCQDEPR.H	DECOY_AGAP003024-PA	DECOY_AGAP003024-PB	DECOY_AGAP003024-PC	DECOY_AGAP003024-PD	DECOY_AGAP003024-RB_3+	DECOY_AGAP003024-RC_3+	DECOY_AGAP003024-RA_2+	DECOY_AGAP003024-RD_3+	DECOY_CUFF.4689.1_3+
./crux_output/comet_9305_2_2	2.293123	0.314079	0.820896	R.TNAWYCLVIR.N	DECOY_CUFF.5188.4_1+	DECOY_CUFF.5188.6_3+	DECOY_CUFF.5188.1_3+	DECOY_CUFF.5188.3_3+	DECOY_CUFF.5188.2_3+	DECOY_CUFF.5188.8_3+
./crux_output/comet_7540_2_1	2.282163	0.316547	0.820896	A.ATDPQTDNR.W	DECOY_CUFF.2999.1_3+
./crux_output/comet_7790_2_1	2.281484	0.318996	0.820896	R.CCACSTCW.C	DECOY_AGAP004029-RA_1+
./crux_output/comet_7359_2_2	2.277213	0.321429	0.820896	K.NSTTVPFER.C	DECOY_CUFF.8082.1_3+	DECOY_AGAP028166-RA_2+
./crux_output/comet_7550_2_1	2.256513	0.325000	0.820896	-.GFYPLSSSSSSSSV.R	DECOY_CUFF.2906.1_2+
./crux_output/comet_8632_2_4	2.255984	0.328571	0.820896	K.IDDYPVK.R	DECOY_sp|P38073|EDS1_YEAST
./crux_output/comet_9288_2_3	2.255549	0.328622	0.820896	R.TAEIFPPLPK.A	DECOY_CUFF.10176.3_3+
./crux_output/comet_9635_3_2	2.248584	0.332155	0.820896	R.VNVGGPAMTQCCGR.A	DECOY_AGAP002687-RA_3+	DECOY_CUFF.4405.1_3+
./crux_output/comet_8566_2_2	2.248373	0.335689	0.820896	K.INQNTPK.S	DECOY_CUFF.2520.2_2+	DECOY_CUFF.2520.3_3+	DECOY_CUFF.2520.1_2+	DECOY_CUFF.8013.3_1+
./crux_output/comet_6020_3_1	2.244599	0.339223	0.820896	K.QGDEKGDDGSDSSIR.H	DECOY_AGAP003872-PA	DECOY_ACOM034742-PA	DECOY_CUFF.5555.1_1+	DECOY_AGAP003872-RA_1+
./crux_output/comet_7529_3_5	2.240408	0.341549	0.820896	R.EHAQETNDFFR.F	DECOY_CUFF.17492.1_1+	DECOY_CUFF.17492.3_2+	DECOY_CUFF.17492.2_1+	DECOY_CUFF.17492.4_2+
./crux_output/comet_9582_2_2	2.235352	0.344948	0.820896	R.GSQALDPDDGAR.R	DECOY_CUFF.4943.1_1+	DECOY_AGAP003271-RA_3+
./crux_output/comet_6901_2_4	2.233479	0.344948	0.820896	R.AECPWR.D	DECOY_CUFF.16875.2_1+	DECOY_CUFF.16875.1_1+	DECOY_AGAP000814-RA_3+
./crux_output/comet_7705_4_1	2.223637	0.346021	0.820896	E.NSHMNSNREFNGHDDDDK.K	DECOY_sp|Q12224|RLM1_YEAST
./crux_output/comet_6438_2_2	2.215032	0.349481	0.820896	R.TTTTATSKR.S	DECOY_AGAP006682-RA_1+
./crux_output/comet_8443_3_3	2.211939	0.351724	0.820896	R.GDSGAVPPVAGRK.L	DECOY_AGAP002481-RA_3+
./crux_output/comet_9233_3_3	2.197925	0.353952	0.820896	K.QRTCSGSSTSPR.L	DECOY_CUFF.17220.1_1+	DECOY_AGAP001009-RA_1+
./crux_output/comet_9287_2_1	2.182041	0.357388	0.820896	K.ASGLGSYLVP.F	DECOY_ACOM039563-PA
./crux_output/comet_9797_2_4	2.175623	0.359589	0.820896	R.ATAATPPVPR.T	DECOY_TCONS_00031607_2+
./crux_output/comet_7254_4_2	2.174376	0.361775	0.820896	K.FYQPSAPNMKDCIHCK.D	DECOY_sp|Q05580|HEL2_YEAST
./crux_output/comet_6760_2_2	2.170935	0.365188	0.820896	R.ATAAPSGGEDR.X	DECOY_TCONS_00009699_1+
./crux_output/comet_10187_2_1	2.164667	0.367347	0.820896	K.VCIAHIQN.Q	DECOY_AGAP010459-RA_1+
./crux_output/comet_9681_3_1	2.163549	0.369492	0.820896	E.RTQPFGYSEVDDDDSR.N	DECOY_AGAP029492-PA	DECOY_ACOM041384-PA	DECOY_AGAP011525-RA_2+	DECOY_CUFF.8339.1_1+	DECOY_CUFF.8339.2_1+
./crux_output/comet_7312_2_1	2.154451	0.371622	0.820896	T.KGGGGGGSPGSGPK.S	DECOY_ACOM041338-PA
./crux_output/comet_10630_2_5	2.148209	0.372483	0.820896	R.LVNEGPVHR.R	DECOY_AGAP006771-RA_2+
./crux_output/comet_9707_3_1	2.141454	0.372937	0.820896	N.HTGHCDDDDDDDDDR.F	DECOY_CUFF.2476.3_1+	DECOY_CUFF.2476.7_2+	DECOY_CUFF.2476.8_2+
./crux_output/comet_6454_3_1	2.141067	0.372937	0.820896	R.DAALAAQGSAGGAGDF.R	DECOY_AGAP008067-RA_3+
./crux_output/comet_10230_2_4	2.126547	0.376238	0.820896	R.SDNAHITTNR.N	DECOY_CUFF.6326.5_1+	DECOY_CUFF.6326.4_1+	DECOY_CUFF.6326.3_1+
./crux_output/comet_4796_3_1	2.123559	0.377419	0.820896	R.GSFKELCYVIS.L	DECOY_CUFF.6102.11_1+	DECOY_CUFF.6102.3_3+	DECOY_CUFF.6102.1_3+	DECOY_CUFF.6102.6_2+	DECOY_CUFF.6102.7_2+	DECOY_CUFF.6102.4_3+	DECOY_CUFF.6102.5_3+	DECOY_AGAP004437-RC_1+
./crux_output/comet_10131_2_2	2.121475	0.377419	0.820896	R.KGNSLFFPSAK.T	DECOY_AGAP006767-PA	DECOY_ACOM031716-PA	DECOY_AGAP006767-RA_1+
./crux_output/comet_9549_3_1	2.114950	0.377419	0.820896	-.SDESHTGDMDDQMS.C	DECOY_AGAP008344-PA	DECOY_AGAP008344-PB	DECOY_ACOM030115-PA	DECOY_AGAP008344-RB_1+	DECOY_AGAP008344-RA_1+	DECOY_CUFF.9936.2_3+
./crux_output/comet_10503_2_3	2.099181	0.380645	0.820896	R.LFADNDSLK.N	DECOY_AGAP012543-PA	DECOY_ACOM041085-PA	DECOY_CUFF.13376.1_1+	DECOY_AGAP012543-RA_3+
./crux_output/comet_8206_3_1	2.098619	0.383871	0.820896	R.THTNGDAWRMK.A	DECOY_CUFF.16660.2_3+
./crux_output/comet_9580_2_3	2.095901	0.384615	0.820896	R.VSDGIEVMTER.G	DECOY_AGAP000954-PA	DECOY_AGAP000954-PB	DECOY_AGAP000954-PC	DECOY_AGAP000954-PD	DECOY_CUFF.17521.13_1+	DECOY_CUFF.17521.12_2+	DECOY_CUFF.17521.14_3+	DECOY_AGAP000954-RD_3+	DECOY_AGAP000954-RA_3+	DECOY_AGAP000954-RC_2+	DECOY_AGAP000954-RB_3+	DECOY_CUFF.17521.8_3+	DECOY_CUFF.17521.2_1+	DECOY_CUFF.17521.3_3+	DECOY_CUFF.17521.6_1+	DECOY_CUFF.17521.7_1+	DECOY_CUFF.17521.5_3+	DECOY_CUFF.17521.1_3+	DECOY_CUFF.17521.4_2+
./crux_output/comet_9532_2_1	2.093779	0.387821	0.820896	P.GASAECCEGTHSK.V	DECOY_CUFF.519.1_3+
./crux_output/comet_8476_2_1	2.091101	0.389776	0.820896	R.ESSQTALNFFK.W	DECOY_CUFF.8812.1_1+
./crux_output/comet_7498_2_1	2.083573	0.392971	0.820896	K.SSYSLTNVK.R	DECOY_sp|Q12252|PHM7_YEAST
./crux_output/comet_8284_2_2	2.082221	0.396166	0.820896	R.AAAATASEPAR.R	DECOY_AGAP003151-RA_3+
./crux_output/comet_6812_2_3	2.082166	0.396825	0.820896	R.ATAAPSGGEDR.X	DECOY_TCONS_00009699_1+
./crux_output/comet_8240_2_5	2.073900	0.398734	0.820896	K.EEPVEEQPK.Q	DECOY_AGAP007563-PA	DECOY_AGAP007563-PB	DECOY_CUFF.3009.6_2+	DECOY_AGAP007563-RA_1+	DECOY_AGAP007563-RB_1+	DECOY_CUFF.3009.22_1+	DECOY_CUFF.3009.23_1+	DECOY_CUFF.3009.21_1+	DECOY_CUFF.3009.24_1+	DECOY_CUFF.3009.14_3+	DECOY_CUFF.3009.10_2+
./crux_output/comet_9397_2_1	2.070561	0.401899	0.820896	R.EFEMTEPDLGEDI.A	DECOY_AGAP001298-PA	DECOY_ACOM033917-PA	DECOY_CUFF.3100.3_2+	DECOY_CUFF.3100.2_2+	DECOY_CUFF.3100.1_2+	DECOY_CUFF.3100.5_3+	DECOY_CUFF.3100.4_2+	DECOY_AGAP001298-RA_1+
./crux_output/comet_10003_4_2	2.060756	0.403785	0.820896	R.DIRARPEASAVVECSR.S	DECOY_CUFF.4167.2_2+	DECOY_AGAP002411-RB_2+
./crux_output/comet_9602_3_3	2.057665	0.405660	0.820896	R.EACMCVCMCER.A	DECOY_AGAP001488-RB_2+	DECOY_AGAP001488-RA_1+	DECOY_CUFF.3241.2_2+
./crux_output/comet_7077_2_1	2.055639	0.408805	0.820896	K.TTVVVMKR.R	DECOY_CUFF.2884.1_3+
./crux_output/comet_8552_2_5	2.052996	0.411950	0.820896	R.EMSVAACK.S	DECOY_TCONS_00002319_2+
./crux_output/comet_9717_2_1	2.052591	0.413580	0.820896	V.TVVIGGTGK.T	DECOY_CUFF.11227.10_3+
./crux_output/comet_8998_2_2	2.050735	0.413580	0.820896	K.NSVHEAAR.V	DECOY_AGAP028014-PA	DECOY_ACOM028189-PA	DECOY_AGAP028014-RA_1+
./crux_output/comet_5879_3_5	2.046915	0.413580	0.820896	K.FAVWYINSGDLK.D	DECOY_AGAP000679-PA	DECOY_ACOM028910-PA	DECOY_CUFF.16641.1_1+	DECOY_AGAP000679-RA_1+
./crux_output/comet_8137_2_1	2.031530	0.414110	0.820896	H.CACCCCCYCR.S	DECOY_CUFF.1634.10_1+	DECOY_AGAP006042-RB_2+	DECOY_AGAP006042-RA_1+	DECOY_CUFF.1634.9_1+	DECOY_CUFF.1634.8_1+	DECOY_CUFF.1634.7_2+	DECOY_CUFF.1634.6_1+	DECOY_CUFF.1634.5_3+	DECOY_CUFF.1634.4_3+	DECOY_CUFF.1634.3_3+	DECOY_CUFF.1634.2_1+	DECOY_CUFF.1634.1_3+
./crux_output/comet_6986_2_2	2.024096	0.417178	0.820896	K.TTVVVMKR.R	DECOY_CUFF.2884.1_3+
./crux_output/comet_10002_2_3	2.023307	0.419940	0.820896	K.TNNATFATRR.C	DECOY_CUFF.15875.2_2+	DECOY_CUFF.15875.7_3+
./crux_output/comet_9773_3_1	2.023146	0.419940	0.820896	Q.QEDPKADHGPGAEPR.D	DECOY_AGAP012577-RA_3+	DECOY_AGAP010645-RA_1+
./crux_output/comet_9687_2_1	2.021168	0.419940	0.820896	Q.GGGVPGAEPR.A	DECOY_AGAP002200-RA_2+	DECOY_CUFF.3959.3_3+	DECOY_CUFF.3959.2_3+	DECOY_CUFF.3959.4_2+	DECOY_CUFF.3959.1_2+
./crux_output/comet_5418_2_3	2.011312	0.421687	0.820896	R.TLDDDVCECMK.T	DECOY_CUFF.6997.1_2+	DECOY_CUFF.6997.2_2+
./crux_output/comet_7156_3_1	2.007967	0.424699	0.820896	R.SSSEQDDEEGE.G	DECOY_AGAP004833-PA	DECOY_AGAP012685-PA	DECOY_AGAP012699-PA	DECOY_ACOM038277-PA	DECOY_CUFF.433.1_1+	DECOY_CUFF.433.2_1+	DECOY_CUFF.433.3_1+	DECOY_CUFF.433.4_1+	DECOY_CUFF.433.5_1+	DECOY_CUFF.14075.2_2+	DECOY_AGAP012699-RA_1+	DECOY_AGAP004833-RA_1+	DECOY_CUFF.14131.1_1+	DECOY_CUFF.14131.2_1+	DECOY_CUFF.14075.1_1+	DECOY_AGAP012685-RA_1+
./crux_output/comet_7698_2_1	2.007632	0.426866	0.820896	R.CDAPPFSAT.A	DECOY_CUFF.3755.1_3+	DECOY_AGAP002061-RA_2+
./crux_output/comet_10088_4_4	2.007619	0.426866	0.820896	R.FGSDEDLTNSNFQTMPAFQHRR.S	DECOY_sp|Q12749|SMC6_YEAST
./crux_output/comet_10425_3_1	2.000142	0.429851	0.820896	E.SALEALQTSGTRTEEGHG.-	DECOY_AGAP007134-PA
./crux_output/comet_6679_2_1	1.998122	0.432836	0.820896	R.AVMQEVVR.E	DECOY_AGAP006968-PA	DECOY_ACOM031472-PA	DECOY_AGAP006968-RA_1+
./crux_output/comet_7638_4_1	1.993019	0.435821	0.820896	K.ILAHVCGCVCVCMCLCD.V	DECOY_CUFF.15891.1_2+	DECOY_CUFF.15891.2_2+
./crux_output/comet_10650_4_2	1.990256	0.438235	0.820896	R.RPFSSGCHPCCYKHC.A	DECOY_sp|P38164|SEA4_YEAST
./crux_output/comet_6685_3_1	1.989851	0.438235	0.820896	R.KDCPMQSVPVCEL.R	DECOY_AGAP001157-RA_3+
./crux_output/comet_4441_2_1	1.987069	0.438235	0.820896	R.VNHVLARCR.D	DECOY_TCONS_00034234_3+	DECOY_AGAP012766-RA_1+
./crux_output/comet_9192_3_1	1.974242	0.441176	0.820896	K.ITESHEVNTTW.R	DECOY_CUFF.5252.3_1+	DECOY_CUFF.5252.2_3+	DECOY_CUFF.5252.1_1+	DECOY_CUFF.5252.4_2+
./crux_output/comet_7686_2_1	1.974134	0.444118	0.820896	K.KPPRPPIP.E	DECOY_AGAP007452-PB	DECOY_AGAP007452-PC	DECOY_ACOM025699-PA	DECOY_CUFF.2781.6_1+	DECOY_CUFF.2781.4_3+	DECOY_CUFF.2781.2_1+	DECOY_CUFF.2781.1_2+	DECOY_AGAP007452-RA_1+
./crux_output/comet_10530_3_3	1.973811	0.444444	0.820896	R.SNNTAAKSANSSVASK.F	DECOY_CUFF.12313.1_3+	DECOY_CUFF.13942.1_3+
./crux_output/comet_5492_2_1	1.970257	0.444444	0.820896	R.LMDSSWR.D	DECOY_CUFF.4462.1_1+
./crux_output/comet_9615_2_4	1.967517	0.444444	0.820896	R.TTPPPASPR.T	DECOY_AGAP010516-RA_3+
./crux_output/comet_10147_2_1	1.964564	0.444444	0.820896	K.SLSKLER.L	DECOY_CUFF.709.15_2+	DECOY_CUFF.709.10_2+	DECOY_CUFF.709.11_1+
./crux_output/comet_8309_2_1	1.954927	0.444444	0.820896	R.DDDDDNDDMD.W	DECOY_CUFF.9695.1_2+
./crux_output/comet_7431_3_1	1.943192	0.447293	0.820896	R.QGLVTGDAAAAGDDDR.S	DECOY_AGAP002223-RA_3+
./crux_output/comet_8112_2_1	1.929911	0.448864	0.820896	R.NSFATVPADA.S	DECOY_CUFF.1509.1_1+	DECOY_CUFF.1509.2_3+	DECOY_CUFF.1509.3_3+
./crux_output/comet_10596_3_5	1.924942	0.451705	0.820896	K.AHSLTHTDWLDSQSVVFNGK.Q	DECOY_AGAP004595-PA	DECOY_ACOM041035-PA	DECOY_CUFF.6315.1_1+	DECOY_CUFF.6315.3_1+	DECOY_AGAP004595-RA_1+
./crux_output/comet_9064_2_2	1.923343	0.454545	0.820896	K.TNFRYIR.W	DECOY_CUFF.3469.15_3+	DECOY_CUFF.3469.14_3+	DECOY_CUFF.3469.16_1+	DECOY_CUFF.3469.11_3+	DECOY_CUFF.3469.10_3+	DECOY_CUFF.3469.13_3+	DECOY_CUFF.3469.12_3+
./crux_output/comet_9613_4_1	1.922515	0.454802	0.820896	R.GNGITNANRKCVYECLDDA.S	DECOY_CUFF.4454.4_1+	DECOY_CUFF.4454.6_1+	DECOY_CUFF.4454.1_2+	DECOY_CUFF.4454.2_3+	DECOY_CUFF.4454.3_2+
./crux_output/comet_9094_2_2	1.918606	0.456338	0.820896	K.TNEPNKTER.Q	DECOY_AGAP002388-PA	DECOY_ACOM037052-PA	DECOY_AGAP002388-RA_1+
./crux_output/comet_9804_2_1	1.914767	0.456583	0.820896	K.MYIGVYN.L	DECOY_sp|P32494|NGG1_YEAST
./crux_output/comet_5392_2_5	1.908148	0.459384	0.820896	R.AVIVSEAATR.A	DECOY_CUFF.15866.1_3+	DECOY_AGAP000090-RA_2+
./crux_output/comet_6555_2_1	1.907130	0.462185	0.820896	K.TVTGLQYLA.G	DECOY_AGAP009290-RA_3+	DECOY_CUFF.10998.3_3+	DECOY_CUFF.10998.2_3+	DECOY_CUFF.10998.1_3+
./crux_output/comet_5633_2_3	1.907065	0.463687	0.820896	R.WSFLAGFK.I	DECOY_CUFF.11673.2_1+	DECOY_CUFF.11673.3_1+	DECOY_CUFF.11673.1_1+	DECOY_CUFF.11673.4_2+
./crux_output/comet_10400_3_1	1.906103	0.465181	0.820896	R.SSVATCRCTTAYR.A	DECOY_AGAP008239-RA_2+	DECOY_CUFF.9805.1_3+
./crux_output/comet_8924_3_1	1.902719	0.467967	0.820896	K.QEDDCPEADDSR.R	DECOY_AGAP003914-RB_1+	DECOY_CUFF.5680.4_1+	DECOY_CUFF.5680.1_1+
./crux_output/comet_10271_3_4	1.901257	0.470752	0.820896	R.KACAIFKDSLAR.L	DECOY_AGAP008803-RB_2+	DECOY_CUFF.10317.2_1+	DECOY_CUFF.10317.3_1+	DECOY_CUFF.10317.1_1+
./crux_output/comet_6322_4_1	1.900961	0.472222	0.820896	R.CPLLVMPAGEWQSW.R	DECOY_TCONS_00026387_1+
./crux_output/comet_6171_2_1	1.892002	0.473684	0.820896	K.HLCLAFNHS.R	DECOY_CUFF.1261.1_2+	DECOY_CUFF.1261.2_2+
./crux_output/comet_6945_2_1	1.891434	0.474255	0.820896	K.YPLCFQAIG.L	DECOY_CUFF.10540.1_3+	DECOY_CUFF.10540.2_3+
./crux_output/comet_5686_2_1	1.888393	0.474255	0.820896	K.STSGSRAPMW.P	DECOY_AGAP007675-RA_2+
./crux_output/comet_5540_4_2	1.883047	0.474255	0.820896	K.GFNSEAQFHSHNEFLK.S	DECOY_TCONS_00021484_2+	DECOY_TCONS_00021483_1+
./crux_output/comet_8961_2_1	1.872681	0.474255	0.820896	R.SSSASFLSTGS.V	DECOY_CUFF.5252.4_1+
./crux_output/comet_8805_3_1	1.861880	0.474531	0.820896	K.KTDAAIDLLTFYC.V	DECOY_AGAP010438-RA_2+	DECOY_CUFF.6912.1_3+
./crux_output/comet_10561_2_1	1.859472	0.474531	0.820896	K.VITTTVTHGCPVP.X	DECOY_AGAP004071-RB_2+
./crux_output/comet_8442_2_1	1.838907	0.475936	0.820896	R.FEEEGGATR.A	DECOY_CUFF.3656.1_3+	DECOY_CUFF.3656.2_1+	DECOY_CUFF.3656.5_3+	DECOY_CUFF.3656.4_1+	DECOY_AGAP001916-RA_3+
./crux_output/comet_7368_2_1	1.833923	0.478610	0.820896	R.QGHQDGHV.L	DECOY_CUFF.8362.1_3+	DECOY_CUFF.8362.2_2+	DECOY_CUFF.8362.3_2+	DECOY_AGAP011545-RA_1+
./crux_output/comet_7456_2_2	1.833523	0.478836	0.820896	K.TNEEEVR.Q	DECOY_AGAP002649-PA	DECOY_ACOM036577-PA	DECOY_AGAP002649-RA_1+	DECOY_CUFF.4394.3_1+	DECOY_CUFF.4394.2_2+	DECOY_CUFF.4394.1_1+
./crux_output/comet_6298_2_1	1.831653	0.478836	0.820896	K.HVINIPSAEL.K	DECOY_AGAP000865-PA	DECOY_AGAP000865-PB	DECOY_ACOM036172-PA	DECOY_CUFF.17072.8_1+	DECOY_CUFF.17072.3_1+	DECOY_CUFF.17072.1_3+	DECOY_CUFF.17072.7_1+	DECOY_CUFF.17072.6_1+	DECOY_CUFF.17072.5_3+	DECOY_CUFF.17072.4_3+	DECOY_CUFF.17072.2_1+	DECOY_AGAP000865-RA_1+
./crux_output/comet_10066_2_1	1.826988	0.480211	0.820896	N.NSGAVSVCLSERR.G	DECOY_CUFF.7933.11_1+	DECOY_CUFF.7933.9_1+
./crux_output/comet_8453_2_3	1.822439	0.481579	0.820896	K.DAEVDERGVEAK.E	DECOY_AGAP002183-PA	DECOY_ACOM042081-PA	DECOY_AGAP002183-RA_1+
./crux_output/comet_5594_3_2	1.819027	0.481771	0.820896	R.GAPAPVLLLLLLLD.S	DECOY_TCONS_00031662_1+
./crux_output/comet_6911_2_1	1.815413	0.481771	0.820896	R.ILGQAFPK.L	DECOY_CUFF.11595.3_2+	DECOY_CUFF.11595.1_1+	DECOY_AGAP009786-RA_1+
./crux_output/comet_9953_2_3	1.798469	0.481865	0.820896	R.HNNSFINIQN.-	DECOY_TCONS_00039638_1+
./crux_output/comet_4919_3_4	1.791248	0.484456	0.820896	R.DNSNQKRHNQTK.K	DECOY_AGAP005840-RA_3+
./crux_output/comet_10535_2_2	1.789254	0.484694	0.820896	K.NKNPGHR.L	DECOY_AGAP000301-PA	DECOY_ACOM029522-PA	DECOY_CUFF.16260.2_1+	DECOY_AGAP000301-RA_1+
./crux_output/comet_8128_3_1	1.788511	0.484694	0.820896	A.QEYQLEGSPGR.V	DECOY_CUFF.11510.2_3+	DECOY_AGAP009673-RA_3+
./crux_output/comet_5666_2_1	1.779877	0.484694	0.820896	C.HVIAFYLR.R	DECOY_CUFF.822.1_1+
./crux_output/comet_6963_2_4	1.768425	0.485782	0.820896	R.IFQQLPK.Y	DECOY_sp|Q04549|ARP10_YEAST
./crux_output/comet_9824_2_4	1.764709	0.485782	0.820896	R.ATVFRVER.H	DECOY_TCONS_00039521_1+
./crux_output/comet_8148_3_1	1.764381	0.485782	0.820896	K.HDDESMDMGDEDPFDDLQVCS.V	DECOY_AGAP011541-PA	DECOY_AGAP011541-RA_1+	DECOY_CUFF.8369.3_3+	DECOY_CUFF.8369.2_2+	DECOY_CUFF.8369.1_3+	DECOY_CUFF.8369.4_1+
./crux_output/comet_8866_2_1	1.764358	0.485782	0.820896	R.CNCDMQC.Q	DECOY_CUFF.10977.1_2+
./crux_output/comet_7082_4_1	1.757940	0.485782	0.820896	R.RTSSRQCDSGPPVSYLGL.Q	DECOY_AGAP008306-RA_1+	DECOY_AGAP008306-RB_3+
./crux_output/comet_9740_2_3	1.757916	0.485782	0.820896	K.AKELYATR.C	DECOY_AGAP001791-PA	DECOY_ACOM023825-PA	DECOY_AGAP001791-RA_1+	DECOY_CUFF.3539.1_1+
./crux_output/comet_7769_3_1	1.755018	0.485782	0.820896	R.HTNTSDPTMSNTTKS.N	DECOY_AGAP003364-PA	DECOY_ACOM028289-PA	DECOY_AGAP003364-RA_1+
./crux_output/comet_6771_2_2	1.754729	0.485782	0.820896	K.SSEDQLRQCFFGK.X	DECOY_CUFF.7596.2_2+	DECOY_CUFF.7596.1_1+
./crux_output/comet_5817_2_1	1.751142	0.485782	0.820896	R.HVGPELVAVA.D	DECOY_CUFF.9130.4_2+	DECOY_CUFF.9130.6_2+	DECOY_CUFF.9130.1_3+	DECOY_CUFF.9130.2_1+	DECOY_CUFF.9130.3_2+	DECOY_AGAP012163-RA_3+
./crux_output/comet_7298_2_1	1.746337	0.485782	0.820896	M.LCSNLQDHVNK.Q	DECOY_CUFF.3035.8_1+	DECOY_CUFF.3035.9_1+	DECOY_CUFF.3035.6_1+	DECOY_CUFF.3035.7_1+	DECOY_CUFF.3035.4_3+	DECOY_CUFF.3035.5_2+	DECOY_CUFF.3035.2_1+	DECOY_CUFF.3035.3_2+	DECOY_CUFF.3035.1_1+	DECOY_CUFF.3035.10_2+
./crux_output/comet_10544_3_2	1.739185	0.485782	0.820896	R.ICCVTKHMPR.T	DECOY_AGAP013178-RA_2+	DECOY_CUFF.3792.1_1+	DECOY_CUFF.3792.2_1+	DECOY_CUFF.3792.3_2+	DECOY_CUFF.3792.4_3+	DECOY_CUFF.3792.5_2+
./crux_output/comet_4603_2_4	1.724194	0.485782	0.820896	R.VKGQADAAAR.A	DECOY_AGAP011557-RA_3+
./crux_output/comet_10321_3_1	1.720517	0.485782	0.820896	R.VCVCVACVSDDC.V	DECOY_CUFF.4083.3_2+	DECOY_CUFF.4083.2_2+
./crux_output/comet_6334_3_3	1.709714	0.485782	0.820896	R.RVCVSCGCSFPTR.R	DECOY_CUFF.3376.2_1+	DECOY_CUFF.3376.1_2+	DECOY_AGAP001606-RA_2+
./crux_output/comet_10489_3_1	1.703781	0.485782	0.820896	R.QKSSNNFIQLTK.K	DECOY_CUFF.16096.7_2+
./crux_output/comet_5907_3_2	1.696083	0.485915	0.820896	K.QSAEKVTTNIK.H	DECOY_AGAP010327-PA	DECOY_ACOM027772-PA	DECOY_AGAP010327-RA_1+	DECOY_CUFF.6703.1_3+	DECOY_CUFF.6703.3_1+	DECOY_CUFF.6703.2_3+
./crux_output/comet_9589_3_1	1.693347	0.485915	0.820896	R.FDGRCGGTASLCLK.K	DECOY_CUFF.11140.2_1+	DECOY_CUFF.11140.1_1+
./crux_output/comet_6156_2_5	1.686714	0.488263	0.820896	R.TTSTSFRR.K	DECOY_CUFF.4651.2_1+	DECOY_AGAP013499-RA_2+
./crux_output/comet_8743_2_1	1.686570	0.490610	0.820896	K.LGPISCVV.S	DECOY_AGAP012066-PA	DECOY_AGAP012907-PA	DECOY_ACOM026617-PA	DECOY_AGAP012907-RA_1+	DECOY_CUFF.8990.1_1+	DECOY_AGAP012066-RA_1+
./crux_output/comet_9788_2_5	1.684394	0.491803	0.820896	K.AKELYATR.C	DECOY_AGAP001791-PA	DECOY_ACOM023825-PA	DECOY_AGAP001791-RA_1+	DECOY_CUFF.3539.1_1+
./crux_output/comet_10627_4_1	1.678382	0.492991	0.820896	G.IVKSEPYFTEDSISYWK.D	DECOY_sp|P22438|SYMM_YEAST
./crux_output/comet_7004_2_5	1.676854	0.495327	0.820896	K.SNTSPPKPTR.A	DECOY_CUFF.633.2_1+
./crux_output/comet_7929_2_2	1.675810	0.495349	0.820896	K.KTNSAASSGETIR.R	DECOY_sp|Q03661|ESC1_YEAST
./crux_output/comet_4443_2_5	1.674235	0.496536	0.820896	R.VKGQADAAAR.A	DECOY_AGAP011557-RA_3+
./crux_output/comet_8872_3_1	1.672481	0.496536	0.820896	V.KDVAGQQNTDNQIK.D	DECOY_CUFF.2832.4_3+	DECOY_CUFF.2832.5_3+	DECOY_CUFF.2832.2_3+	DECOY_CUFF.2832.3_3+	DECOY_CUFF.2832.1_1+
./crux_output/comet_9506_4_2	1.666082	0.497696	0.820896	K.AQETQKGFRSLPDFNSLR.S	DECOY_CUFF.8043.2_2+
./crux_output/comet_8975_2_1	1.659130	0.497717	0.820896	D.CQYVVNAYSDR.C	DECOY_CUFF.5272.1_1+
./crux_output/comet_10625_4_1	1.658578	0.497717	0.820896	R.SSSGTPTTPTITTTTTTTATTTN.R	DECOY_AGAP012403-PA	DECOY_AGAP012403-PB	DECOY_ACOM026133-PA	DECOY_CUFF.9332.1_1+	DECOY_CUFF.9332.2_3+	DECOY_CUFF.9332.3_3+	DECOY_CUFF.9332.4_2+	DECOY_AGAP012403-RA_1+
./crux_output/comet_4776_3_2	1.651643	0.498861	0.820896	R.QPAATVIGASAAFR.C	DECOY_CUFF.11249.1_1+	DECOY_CUFF.11249.3_1+	DECOY_CUFF.11249.2_1+	DECOY_AGAP009608-RA_3+
./crux_output/comet_9404_3_5	1.645763	0.501139	0.820896	R.RPSEAHHVNWER.L	DECOY_AGAP004241-RA_2+	DECOY_CUFF.5893.1_3+
./crux_output/comet_8921_2_1	1.637647	0.503401	0.820896	K.GGIALTVW.N	DECOY_AGAP009022-PA	DECOY_ACOM040185-PA	DECOY_AGAP009022-RA_1+
./crux_output/comet_10248_2_1	1.636075	0.503401	0.820896	H.PFFTLESR.X	DECOY_CUFF.9831.1_2+	DECOY_CUFF.9831.2_2+
./crux_output/comet_8283_2_1	1.633272	0.504484	0.820896	P.ETGEGPGGGR.S	DECOY_CUFF.3500.11_1+	DECOY_CUFF.3500.6_1+	DECOY_CUFF.3500.5_2+	DECOY_CUFF.3500.4_3+	DECOY_CUFF.3500.3_3+	DECOY_CUFF.3500.2_2+	DECOY_CUFF.3500.1_1+	DECOY_CUFF.3500.9_3+	DECOY_CUFF.3500.8_1+	DECOY_CUFF.3500.10_3+	DECOY_AGAP001726-RA_3+
./crux_output/comet_10158_3_1	1.627704	0.504484	0.820896	W.MAILWGNCVTVK.C	DECOY_AGAP010414-RA_2+
./crux_output/comet_6246_4_2	1.625809	0.504484	0.820896	R.KEQCKPTNMAVPVLK.K	DECOY_sp|P36134|YK21_YEAST
./crux_output/comet_4525_2_3	1.619166	0.505330	0.820896	G.ARWANAAAR.H	DECOY_CUFF.7593.11_3+	DECOY_CUFF.7593.1_3+	DECOY_CUFF.7593.16_3+
./crux_output/comet_5044_2_4	1.618426	0.505330	0.820896	K.AGSLTFGR.R	DECOY_AGAP003769-RA_2+
./crux_output/comet_5736_2_1	1.614732	0.505330	0.820896	K.STSGSRAPMW.P	DECOY_AGAP007675-RA_2+
./crux_output/comet_6048_3_4	1.612448	0.505330	0.820896	R.GDWQGRGDAGAPRER.D	DECOY_AGAP000387-RA_3+
./crux_output/comet_7975_2_1	1.612144	0.505330	0.820896	K.QRYYQKYYT.Y	DECOY_CUFF.457.2_2+	DECOY_CUFF.457.3_2+	DECOY_CUFF.457.1_2+
./crux_output/comet_7729_2_5	1.609807	0.505330	0.820896	R.NGIAGHTR.A	DECOY_CUFF.5242.4_3+	DECOY_CUFF.5242.6_1+	DECOY_CUFF.5242.7_1+	DECOY_CUFF.5242.1_1+	DECOY_CUFF.5242.2_1+	DECOY_CUFF.5242.3_1+	DECOY_CUFF.5242.8_1+
./crux_output/comet_6809_2_1	1.605069	0.505330	0.820896	R.CQGAPTCTF.C	DECOY_AGAP013287-RA_2+	DECOY_CUFF.16909.4_2+	DECOY_CUFF.16909.3_2+	DECOY_CUFF.16909.2_1+	DECOY_CUFF.16909.1_3+
./crux_output/comet_5705_3_4	1.603987	0.505330	0.820896	R.VPETEYRPGSR.G	DECOY_AGAP002246-RA_3+	DECOY_CUFF.3998.1_3+	DECOY_CUFF.3998.2_1+	DECOY_CUFF.3998.3_1+
./crux_output/comet_10452_2_3	1.602556	0.505330	0.820896	R.ATATTRYR.T	DECOY_CUFF.10319.1_3+	DECOY_AGAP008805-RA_2+
./crux_output/comet_9887_2_1	1.601035	0.505330	0.820896	F.FTIRPHYYYNCNA.-	DECOY_sp|Q03305|RMT2_YEAST
./crux_output/comet_6886_3_1	1.595102	0.505330	0.820896	R.KNNEPNHSIKG.K	DECOY_CUFF.13147.2_3+	DECOY_CUFF.13147.1_3+	DECOY_AGAP012515-RA_3+
./crux_output/comet_6700_2_5	1.585513	0.505330	0.820896	R.WREVTGGPSR.A	DECOY_CUFF.9527.3_2+
./crux_output/comet_9886_2_1	1.570669	0.507368	0.820896	F.NGGTCTAGHRHR.R	DECOY_CUFF.4451.1_1+	DECOY_AGAP013363-RA_3+
./crux_output/comet_4859_3_1	1.570587	0.507368	0.820896	K.VRNRISDCCGE.K	DECOY_AGAP002461-RA_3+
./crux_output/comet_6689_2_2	1.563785	0.507368	0.820896	R.MDLVSKK.S	DECOY_CUFF.1594.4_2+	DECOY_CUFF.1594.2_1+	DECOY_CUFF.1594.3_3+	DECOY_CUFF.1594.1_3+
./crux_output/comet_8053_2_4	1.558641	0.507368	0.820896	R.RFTQTR.V	DECOY_CUFF.4259.1_2+	DECOY_AGAP002523-RA_3+	DECOY_CUFF.5196.1_2+	DECOY_CUFF.5196.2_3+
./crux_output/comet_7139_3_5	1.553296	0.509474	0.820896	R.GRQHAPGSVDHQAMK.L	DECOY_CUFF.5574.1_3+	DECOY_AGAP003901-RA_1+
./crux_output/comet_7211_2_1	1.552463	0.510504	0.820896	L.TKTFSNAK.N	DECOY_sp|P47061|VPS53_YEAST
./crux_output/comet_9690_3_2	1.551717	0.512552	0.837379	R.GASGSITTSPASVTSAK.R	DECOY_AGAP006789-RB_3+	DECOY_AGAP006789-RA_2+
./crux_output/comet_4729_3_2	1.550815	0.512552	0.837379	R.QDTQTDHEPK.Q	DECOY_AGAP000666-RA_2+
./crux_output/comet_10586_3_2	1.544418	0.514644	0.837379	C.VCRHTASAYQQSK.V	DECOY_CUFF.4848.1_2+
./crux_output/comet_7629_3_5	1.543541	0.516736	0.837379	R.ASQPLTHRPNEYHWSENGDGGGTGYR.H	DECOY_CUFF.11500.1_1+	DECOY_AGAP009746-RA_3+	DECOY_CUFF.11500.2_1+
./crux_output/comet_10275_2_1	1.539759	0.518828	0.837379	K.NVISPKQDGH.I	DECOY_TCONS_00004070_1+
./crux_output/comet_5554_2_1	1.535447	0.520833	0.837379	K.EHYESNGEK.I	DECOY_sp|Q03266|PABC_YEAST
./crux_output/comet_5075_2_1	1.533774	0.520833	0.837379	R.SCSSSLCDCVCAS.S	DECOY_CUFF.8917.5_3+
./crux_output/comet_10641_2_1	1.532126	0.521830	0.837379	R.QDSTIDHEGLD.G	DECOY_ACOM037647-PA
./crux_output/comet_6467_2_1	1.531739	0.523422	0.837379	K.EFVSMMNSLN.D	DECOY_sp|Q03338|PRP3_YEAST
./crux_output/comet_902_2_1	1.530360	0.523422	0.837379	R.EAGPGATQAGGGAAAADA.R	DECOY_CUFF.9247.1_1+	DECOY_CUFF.9247.3_2+	DECOY_CUFF.9247.2_3+	DECOY_CUFF.9247.4_1+	DECOY_AGAP012332-RA_2+
./crux_output/comet_10303_2_4	1.528867	0.523422	0.837379	R.TTSTTITNR.S	DECOY_AGAP007977-RA_3+
./crux_output/comet_9971_4_3	1.527203	0.523422	0.837379	-.PVCFCCYCCCCSTCYP.R	DECOY_CUFF.10534.1_3+
./crux_output/comet_8356_3_1	1.525086	0.523422	0.837379	E.LNMLKELVNK.L	DECOY_AGAP006234-PA	DECOY_ACOM040013-PA	DECOY_AGAP006234-RA_3+
./crux_output/comet_7983_3_4	1.521316	0.523422	0.837379	R.QQSLIFGCSLTRYK.Q	DECOY_AGAP003765-RA_3+
./crux_output/comet_8347_2_1	1.515105	0.524194	0.837379	L.EIENGPANSR.Q	DECOY_CUFF.7322.2_1+
./crux_output/comet_8789_2_1	1.511956	0.524194	0.837379	L.SLVTIETCTK.L	DECOY_TCONS_00040091_2+
./crux_output/comet_8800_2_1	1.508557	0.524194	0.837379	R.ECACDIC.V	DECOY_CUFF.16284.9_2+	DECOY_CUFF.16284.1_1+	DECOY_CUFF.16284.3_1+	DECOY_CUFF.16284.2_3+	DECOY_CUFF.16284.5_2+	DECOY_CUFF.16284.4_3+	DECOY_CUFF.16284.7_2+	DECOY_CUFF.16284.6_2+	DECOY_CUFF.16284.10_1+
./crux_output/comet_6791_3_1	1.505227	0.524950	0.837379	R.AGAGRAGGHGGGGGQGV.R	DECOY_AGAP006428-RA_3+
./crux_output/comet_10152_3_2	1.504466	0.524950	0.837379	R.RNCCVAYGPKGHVQK.Y	DECOY_AGAP000196-PA	DECOY_ACOM023289-PA	DECOY_AGAP000196-RA_1+
./crux_output/comet_8092_2_2	1.499988	0.524950	0.837379	C.QVQICER.X	DECOY_CUFF.1747.1_3+	DECOY_CUFF.1747.3_3+	DECOY_CUFF.1747.4_3+	DECOY_CUFF.1747.5_1+
./crux_output/comet_6205_2_5	1.481112	0.526946	0.837379	R.ATTAFTPR.H	DECOY_CUFF.3215.6_3+	DECOY_CUFF.3215.4_2+	DECOY_CUFF.3215.5_3+	DECOY_CUFF.3215.2_3+	DECOY_CUFF.3215.3_3+	DECOY_CUFF.3215.1_3+	DECOY_AGAP001460-RA_1+
./crux_output/comet_10515_3_1	1.480866	0.528942	0.837379	T.YGAWEPADSTRSTAR.X	DECOY_AGAP005263-RA_3+	DECOY_CUFF.904.1_1+
./crux_output/comet_9867_3_5	1.479946	0.529880	0.837379	R.APPWSSTSRTCRGSAPR.R	DECOY_AGAP012848-RA_2+
./crux_output/comet_8437_3_4	1.479060	0.530815	0.837379	R.SHHTQAGSCKLEDR.T	DECOY_AGAP002955-PA	DECOY_ACOM037411-PA	DECOY_AGAP002955-RA_1+
./crux_output/comet_8939_2_1	1.468507	0.532803	0.837379	R.ARAPLER.G	DECOY_AGAP006454-RA_3+	DECOY_CUFF.2871.1_1+	DECOY_CUFF.2013.2_2+	DECOY_CUFF.2013.4_1+	DECOY_CUFF.16245.1_2+	DECOY_CUFF.16245.2_2+	DECOY_CUFF.930.2_2+	DECOY_CUFF.930.1_2+	DECOY_AGAP000330-RA_3+	DECOY_CUFF.930.10_3+	DECOY_CUFF.930.7_1+	DECOY_CUFF.930.8_3+
./crux_output/comet_8142_3_1	1.466090	0.533597	0.837379	H.CACCCCCYCR.S	DECOY_CUFF.1634.10_1+	DECOY_AGAP006042-RB_2+	DECOY_AGAP006042-RA_1+	DECOY_CUFF.1634.9_1+	DECOY_CUFF.1634.8_1+	DECOY_CUFF.1634.7_2+	DECOY_CUFF.1634.6_1+	DECOY_CUFF.1634.5_3+	DECOY_CUFF.1634.4_3+	DECOY_CUFF.1634.3_3+	DECOY_CUFF.1634.2_1+	DECOY_CUFF.1634.1_3+
./crux_output/comet_4820_2_2	1.464925	0.533597	0.837379	R.SAATPCGWCY.T	DECOY_CUFF.10833.1_1+
./crux_output/comet_5636_2_5	1.456042	0.534517	0.837379	R.WMTGSSSR.A	DECOY_AGAP013313-RA_2+
./crux_output/comet_5936_3_2	1.455829	0.535294	0.837379	R.QGHQPPEHERQER.E	DECOY_CUFF.3254.6_1+	DECOY_CUFF.3254.5_1+	DECOY_CUFF.3254.4_2+	DECOY_CUFF.3254.3_2+	DECOY_CUFF.3254.2_2+	DECOY_CUFF.3254.9_1+	DECOY_CUFF.3254.12_3+	DECOY_CUFF.3254.11_3+	DECOY_CUFF.3254.10_1+
./crux_output/comet_6402_3_5	1.451761	0.535294	0.837379	K.HLMSGGGGCQGYR.L	DECOY_AGAP009131-PA	DECOY_CUFF.10731.1_1+	DECOY_AGAP009131-RA_1+
./crux_output/comet_9576_2_5	1.449758	0.537255	0.837379	R.SSGAGPSSTFSPR.C	DECOY_CUFF.17097.7_3+
./crux_output/comet_7067_3_1	1.448906	0.538160	0.837379	R.DDEVKSFVLALPPLEGCE.N	DECOY_AGAP028007-PA	DECOY_AGAP028007-RA_1+	DECOY_CUFF.8967.2_3+
./crux_output/comet_8912_2_2	1.446398	0.540117	0.837379	R.CNEFMRTR.S	DECOY_AGAP006926-PA	DECOY_ACOM031514-PA	DECOY_CUFF.2361.1_2+	DECOY_AGAP006926-RA_3+
./crux_output/comet_10123_2_1	1.446112	0.540856	0.837379	R.TNNSSTSTAAA.V	DECOY_CUFF.4025.1_3+	DECOY_CUFF.4025.2_1+	DECOY_AGAP002303-RA_2+
./crux_output/comet_9586_3_2	1.445657	0.540856	0.837379	R.EHETGSRSELQDR.Y	DECOY_AGAP009960-RA_3+
./crux_output/comet_8131_2_1	1.443475	0.542802	0.837379	T.QLFSCLIVK.K	DECOY_AGAP005334-RA_1+
./crux_output/comet_9172_2_1	1.442913	0.544747	0.837379	E.QCMEIYACFPGEK.F	DECOY_AGAP001863-PA	DECOY_AGAP001863-PB	DECOY_ACOM023729-PA	DECOY_AGAP001863-RA_1+	DECOY_AGAP001863-RB_1+
./crux_output/comet_9715_2_1	1.442553	0.545631	0.837379	G.NYMTSMTAGEK.T	DECOY_ACOM037548-PA	DECOY_CUFF.4559.1_2+	DECOY_AGAP002884-RA_2+
./crux_output/comet_9606_2_3	1.442334	0.546154	0.837379	R.SIVIGTNK.R	DECOY_AGAP007959-RA_1+
./crux_output/comet_9500_2_1	1.441612	0.546154	0.837379	R.SSSSSSGAVTTTS.V	DECOY_ACOM027068-PA
./crux_output/comet_7469_2_3	1.424732	0.546154	0.837379	K.EEGEEEEEK.E	DECOY_AGAP000847-PA	DECOY_AGAP000847-PC	DECOY_AGAP013275-PA	DECOY_CUFF.17097.4_3+	DECOY_CUFF.17097.2_2+	DECOY_AGAP013275-RA_1+	DECOY_AGAP000847-RC_1+	DECOY_CUFF.16371.1_2+	DECOY_CUFF.16371.2_2+	DECOY_CUFF.17097.3_1+
./crux_output/comet_4998_2_3	1.420644	0.546845	0.837379	K.LSEIYGK.F	DECOY_sp|P40077|DSE1_YEAST
./crux_output/comet_8265_3_1	1.420603	0.546845	0.837379	K.QEFSPEWAYLQ.I	DECOY_AGAP009835-PA	DECOY_AGAP009835-PB	DECOY_ACOM026817-PA	DECOY_CUFF.11658.13_3+	DECOY_CUFF.11658.11_1+	DECOY_CUFF.11658.10_3+	DECOY_CUFF.11658.7_1+	DECOY_CUFF.11658.6_1+	DECOY_CUFF.11658.5_3+	DECOY_CUFF.11658.3_3+	DECOY_CUFF.11658.2_1+	DECOY_CUFF.11658.1_1+	DECOY_CUFF.11658.9_3+	DECOY_AGAP009835-RA_1+	DECOY_CUFF.11658.8_3+
./crux_output/comet_6404_2_1	1.409351	0.548757	0.837379	R.NETGHSSATGMPVG.G	DECOY_AGAP009413-RA_3+
./crux_output/comet_5767_2_5	1.405823	0.550669	0.837379	R.DGFPGPENR.L	DECOY_AGAP013180-RA_3+	DECOY_CUFF.5399.1_3+
./crux_output/comet_8791_2_1	1.405570	0.551527	0.837379	R.NGKTRAYP.L	DECOY_AGAP010720-RA_1+	DECOY_CUFF.7359.1_3+
./crux_output/comet_7919_2_4	1.398882	0.552830	0.837379	R.SVYRSTANAR.A	DECOY_AGAP007954-RA_3+
./crux_output/comet_8589_2_5	1.397957	0.552830	0.837379	R.SNGSNWATR.H	DECOY_AGAP011620-RA_3+	DECOY_CUFF.8519.1_1+
./crux_output/comet_8555_2_3	1.394245	0.552830	0.837379	R.APGDTPHR.H	DECOY_CUFF.10153.4_3+	DECOY_CUFF.10153.7_1+	DECOY_CUFF.10153.1_2+	DECOY_CUFF.10153.2_2+	DECOY_CUFF.10153.3_3+	DECOY_AGAP008644-RA_3+
./crux_output/comet_6450_2_1	1.391248	0.552830	0.837379	K.FGYPSSFPFETT.I	DECOY_TCONS_00035030_2+	DECOY_TCONS_00035029_2+
./crux_output/comet_7599_2_3	1.382418	0.554717	0.837379	K.ITCHLTDR.L	DECOY_AGAP003815-RA_1+
./crux_output/comet_9520_2_1	1.379895	0.556604	0.837379	K.GCSCAVTAPGPCSSI.P	DECOY_AGAP006264-RA_1+	DECOY_AGAP006264-RB_3+	DECOY_CUFF.1802.1_1+	DECOY_CUFF.1802.2_2+
./crux_output/comet_7419_2_1	1.379020	0.558491	0.837379	K.KFDIDDGWDK.N	DECOY_sp|Q00362|2ABA_YEAST
./crux_output/comet_6503_2_4	1.378648	0.559322	0.837379	R.GFVFARDK.V	DECOY_CUFF.2545.5_2+	DECOY_CUFF.2545.7_3+	DECOY_CUFF.2545.6_2+	DECOY_CUFF.2545.2_2+
./crux_output/comet_5944_2_1	1.373735	0.560521	0.837379	K.TPLNEHSSAYS.S	DECOY_AGAP009081-RA_2+
./crux_output/comet_10484_2_3	1.373631	0.560521	0.837379	K.TTLFASVLGR.X	DECOY_CUFF.11154.8_1+	DECOY_CUFF.11154.9_2+	DECOY_CUFF.11154.7_2+	DECOY_CUFF.11154.10_1+	DECOY_CUFF.11154.11_3+
./crux_output/comet_7997_2_4	1.366976	0.560521	0.837379	K.ANTHTNVK.T	DECOY_CUFF.3322.1_2+	DECOY_AGAP001569-RA_2+	DECOY_AGAP001569-RB_2+
./crux_output/comet_9003_2_1	1.365768	0.560521	0.837379	L.TGSTSTTSTTTCAR.S	DECOY_AGAP009382-RA_2+	DECOY_AGAP009385-RB_1+
./crux_output/comet_8695_2_1	1.361094	0.562384	0.837379	P.EKEELTYCEK.K	DECOY_CUFF.16181.1_1+
./crux_output/comet_8436_2_1	1.359773	0.564246	0.837379	R.SSIFSFSCGSCSSP.S	DECOY_AGAP009385-RA_1+	DECOY_AGAP009385-RB_1+
./crux_output/comet_5205_2_1	1.357646	0.566108	0.837379	R.SQAPYAIGEDCYGG.Q	DECOY_AGAP001135-RA_3+
./crux_output/comet_7231_4_2	1.357344	0.566421	0.837379	Q.FSIHTHTHAYTQTCHR.D	DECOY_CUFF.16863.2_3+	DECOY_CUFF.16863.3_1+	DECOY_CUFF.16863.6_1+	DECOY_CUFF.16863.4_1+	DECOY_CUFF.16863.1_3+	DECOY_CUFF.16863.5_3+
./crux_output/comet_8379_4_5	1.356811	0.566421	0.837379	R.GASESHEAARDAAAHEETR.F	DECOY_CUFF.1298.3_2+	DECOY_CUFF.1298.2_2+	DECOY_CUFF.1298.1_2+	DECOY_CUFF.1298.5_1+	DECOY_CUFF.1298.4_2+	DECOY_AGAP005710-RA_3+
./crux_output/comet_10215_3_2	1.355439	0.566421	0.837379	R.EYGGFTTTTDARIKYN.Q	DECOY_AGAP029905-PB	DECOY_ACOM039272-PA	DECOY_AGAP008800-RA_1+	DECOY_AGAP008801-RB_1+	DECOY_CUFF.10359.1_3+	DECOY_CUFF.10359.2_1+
./crux_output/comet_10116_4_5	1.350705	0.568266	0.837379	K.AIADEPDLRLSTVEYDDTSDTGR.E	DECOY_AGAP004156-PA	DECOY_AGAP004156-PB	DECOY_CUFF.5836.3_3+	DECOY_AGAP004156-RB_3+	DECOY_AGAP004156-RA_2+
./crux_output/comet_8807_2_2	1.349581	0.570111	0.837379	R.ESTVAYGGEK.V	DECOY_gi|9790345|ref|NP_062908.1|
./crux_output/comet_6061_3_4	1.349244	0.571956	0.837379	R.ECVLTLTCQLQ.T	DECOY_AGAP011975-PA	DECOY_ACOM032247-PA	DECOY_AGAP011975-RA_3+
./crux_output/comet_7632_3_3	1.349120	0.572744	0.837379	R.ALLQSLKEQSAK.I	DECOY_AGAP000219-PA	DECOY_ACOM036081-PA	DECOY_AGAP000219-RA_1+	DECOY_CUFF.16086.3_1+	DECOY_CUFF.16086.2_1+
./crux_output/comet_4853_2_1	1.346010	0.573529	0.837379	K.VRNRISDCCGE.K	DECOY_AGAP002461-RA_3+
./crux_output/comet_5254_2_1	1.339706	0.574312	0.837379	R.WALTPWV.S	DECOY_AGAP010026-RA_2+	DECOY_CUFF.12095.1_1+	DECOY_CUFF.12095.3_1+	DECOY_CUFF.12095.2_1+	DECOY_CUFF.12095.5_1+	DECOY_CUFF.12095.4_1+
./crux_output/comet_7897_2_1	1.337620	0.576147	0.837379	R.VAAAAAAVDVAY.R	DECOY_AGAP013051-RA_3+
./crux_output/comet_3871_4_1	1.336090	0.576642	0.837379	R.RCNPSHDITCCHWL.S	DECOY_CUFF.2635.7_2+	DECOY_CUFF.2635.6_1+	DECOY_CUFF.2635.5_1+	DECOY_CUFF.2635.3_3+	DECOY_CUFF.2635.2_3+	DECOY_CUFF.2635.9_3+	DECOY_CUFF.2635.8_2+	DECOY_CUFF.2635.13_1+	DECOY_CUFF.2635.12_1+	DECOY_CUFF.2635.11_3+	DECOY_CUFF.2635.10_3+	DECOY_CUFF.2635.1_3+
./crux_output/comet_6344_3_1	1.336021	0.576642	0.837379	E.ELTSFDSEALTK.L	DECOY_AGAP003699-PA	DECOY_AGAP003699-RA_2+
./crux_output/comet_5249_2_2	1.329148	0.577132	0.837379	D.EASREEANQDDEP.-	DECOY_AGAP009177-PA
./crux_output/comet_7123_3_1	1.327655	0.577132	0.837379	R.ASGEELRLSSSTSRSGLGEG.R	DECOY_AGAP028510-PA	DECOY_ACOM023062-PA	DECOY_TCONS_00023218_1+
./crux_output/comet_7882_4_1	1.322636	0.577899	0.837379	G.PPAPPLVEDDYEDETPATDESGQLYSEK.R	DECOY_AGAP009126-PA	DECOY_ACOM027235-PA	DECOY_CUFF.10747.1_1+	DECOY_AGAP009126-RA_1+
./crux_output/comet_7657_2_1	1.320824	0.578097	0.837379	T.GFSVDFCSCCEK.R	DECOY_CUFF.2251.1_1+	DECOY_CUFF.2251.3_2+	DECOY_CUFF.2251.2_2+	DECOY_CUFF.2251.4_2+
./crux_output/comet_5529_2_1	1.315374	0.578097	0.837379	R.SSPFSAPFT.F	DECOY_AGAP009636-RA_2+
./crux_output/comet_8933_2_4	1.310066	0.578097	0.837379	K.DNIDTRSAFSK.F	DECOY_sp|P25588|MRC1_YEAST
./crux_output/comet_5761_2_2	1.302475	0.579892	0.837379	R.GIYGRHSTHER.D	DECOY_CUFF.10548.2_1+
./crux_output/comet_8328_2_1	1.299845	0.581688	0.837379	H.YNSCFIAR.F	DECOY_CUFF.2486.2_1+	DECOY_CUFF.2486.1_1+
./crux_output/comet_5473_2_1	1.297528	0.582437	0.837379	K.CGGNCGADHGGAE.D	DECOY_ACOM037283-PA
./crux_output/comet_7644_2_1	1.296236	0.584229	0.837379	K.EIETVARE.E	DECOY_TCONS_00014671_2+
./crux_output/comet_5183_2_1	1.295656	0.586022	0.837379	R.VSDTNEGGLSV.X	DECOY_AGAP001984-RA_2+
./crux_output/comet_7652_3_1	1.294245	0.586762	0.837379	R.GAPCDTYQATCDH.G	DECOY_AGAP002973-PA	DECOY_ACOM037375-PA	DECOY_CUFF.4657.2_1+	DECOY_AGAP002973-RA_1+
./crux_output/comet_8392_2_3	1.292590	0.586879	0.837379	R.DVETLDAPR.D	DECOY_AGAP011823-PA	DECOY_ACOM032062-PA	DECOY_CUFF.8797.1_3+	DECOY_AGAP011823-RA_3+
./crux_output/comet_4627_2_1	1.290549	0.586879	0.837379	L.GGAHNIVR.L	DECOY_AGAP007006-PA	DECOY_AGAP007006-PB	DECOY_AGAP007006-PC	DECOY_ACOM031425-PA	DECOY_CUFF.2444.9_1+	DECOY_CUFF.2444.8_1+	DECOY_CUFF.2444.5_1+	DECOY_CUFF.2444.4_1+	DECOY_CUFF.2444.7_1+	DECOY_CUFF.2444.6_3+	DECOY_CUFF.2444.1_1+	DECOY_CUFF.2444.3_2+	DECOY_CUFF.2444.2_3+	DECOY_CUFF.2444.10_3+	DECOY_AGAP007006-RB_3+	DECOY_AGAP007006-RC_1+	DECOY_AGAP007006-RA_1+
./crux_output/comet_6074_3_1	1.290016	0.586879	0.837379	K.TDCTNTNFMQQQHGTVS.N	DECOY_AGAP012403-RA_1+
./crux_output/comet_5405_2_4	1.284136	0.588652	0.837379	K.NGCNGCSC.P	DECOY_AGAP006551-PA	DECOY_ACOM039502-PA	DECOY_AGAP006551-RA_3+
./crux_output/comet_5048_2_1	1.284130	0.590426	0.837379	R.SQAPYAIGEDCYGG.Q	DECOY_AGAP001135-RA_3+
./crux_output/comet_8513_4_1	1.283277	0.592199	0.837379	L.RLVPDGQEARELAPLDR.N	DECOY_CUFF.4684.1_1+	DECOY_AGAP003021-RA_3+	DECOY_AGAP003021-RB_2+
./crux_output/comet_5821_2_1	1.282246	0.592267	0.837379	L.KADFDIAK.L	DECOY_AGAP000037-PA	DECOY_CUFF.15832.1_2+	DECOY_CUFF.15832.2_2+	DECOY_CUFF.15832.4_1+	DECOY_AGAP000037-RA_1+
./crux_output/comet_8796_2_1	1.282153	0.592267	0.837379	K.LGPISCVV.S	DECOY_AGAP012066-PA	DECOY_AGAP012907-PA	DECOY_ACOM026617-PA	DECOY_AGAP012907-RA_1+	DECOY_CUFF.8990.1_1+	DECOY_AGAP012066-RA_1+
./crux_output/comet_9231_3_3	1.280555	0.592267	0.837379	R.SPCCCCSCSCDASG.R	DECOY_AGAP002649-RA_3+	DECOY_CUFF.4394.3_3+	DECOY_CUFF.4394.2_1+	DECOY_CUFF.4394.1_3+
./crux_output/comet_6729_2_1	1.272512	0.594025	0.837379	R.RQPFEVR.A	DECOY_CUFF.7032.1_1+	DECOY_CUFF.7032.3_3+	DECOY_AGAP010314-RA_2+
./crux_output/comet_7203_3_1	1.271420	0.595782	0.837379	K.KVHHHIADPAVSGIT.C	DECOY_AGAP029532-PA	DECOY_ACOM030679-PA	DECOY_CUFF.9674.1_2+	DECOY_CUFF.9674.3_3+	DECOY_AGAP007996-RA_2+	DECOY_AGAP007996-RB_2+	DECOY_CUFF.9674.2_1+
./crux_output/comet_6297_2_1	1.270446	0.597540	0.837379	K.YPLEFEHA.G	DECOY_AGAP028115-PA	DECOY_ACOM030055-PA	DECOY_AGAP028115-RA_1+
./crux_output/comet_4300_3_3	1.269427	0.598246	0.837379	K.LMHTHTHTNTHI.P	DECOY_CUFF.9975.1_3+	DECOY_CUFF.9975.3_2+	DECOY_CUFF.9975.2_1+	DECOY_CUFF.9975.4_2+
./crux_output/comet_7064_2_3	1.267625	0.600000	0.837379	K.FGFSETQTK.E	DECOY_CUFF.7107.1_2+	DECOY_CUFF.7107.2_1+
./crux_output/comet_6458_3_4	1.266879	0.600701	0.837379	R.DPRPDCKGAGER.L	DECOY_AGAP002498-RA_1+	DECOY_CUFF.4202.1_3+
./crux_output/comet_9744_3_1	1.265750	0.602452	0.837379	R.SHAVSNKYAFSRTD.R	DECOY_AGAP004152-RA_3+	DECOY_CUFF.5832.1_1+
./crux_output/comet_9705_2_1	1.263722	0.603147	0.837379	K.DDSDGGDSSGC.G	DECOY_AGAP001209-PA	DECOY_ACOM033802-PA	DECOY_CUFF.3036.1_2+	DECOY_CUFF.3036.3_1+	DECOY_CUFF.3036.2_1+	DECOY_CUFF.3036.5_1+	DECOY_CUFF.3036.4_3+	DECOY_CUFF.3036.7_1+	DECOY_CUFF.3036.6_1+	DECOY_CUFF.3036.8_1+	DECOY_AGAP001209-RA_1+
./crux_output/comet_9499_3_1	1.263433	0.603839	0.837379	A.EHGGGTHAGRPDLER.R	DECOY_AGAP009338-RA_3+
./crux_output/comet_8913_3_1	1.259643	0.604530	0.837379	K.QTETINVSRDTARL.D	DECOY_CUFF.11548.1_1+	DECOY_CUFF.11548.2_3+
./crux_output/comet_4731_2_4	1.257718	0.605536	0.837379	K.RCPPSKNK.V	DECOY_AGAP003540-RA_2+
./crux_output/comet_7205_3_1	1.255647	0.605536	0.837379	R.TCCTCYTWCP.A	DECOY_CUFF.4241.8_1+	DECOY_CUFF.4241.1_2+	DECOY_CUFF.4241.2_1+	DECOY_CUFF.4241.4_2+	DECOY_CUFF.4241.5_2+	DECOY_AGAP002181-RA_3+	DECOY_AGAP002181-RC_1+	DECOY_AGAP002181-RB_3+	DECOY_CUFF.4241.3_1+
./crux_output/comet_9225_3_1	1.254075	0.605536	0.837379	R.DRMADLSDQLSL.L	DECOY_AGAP002370-PA	DECOY_ACOM037091-PA	DECOY_AGAP002370-RA_1+	DECOY_CUFF.4107.5_2+	DECOY_CUFF.4107.4_2+	DECOY_CUFF.4107.3_3+	DECOY_CUFF.4107.1_2+
./crux_output/comet_7564_2_1	1.252045	0.605852	0.837379	K.GFAATGSEWAV.V	DECOY_CUFF.2927.9_2+	DECOY_CUFF.2927.7_3+
./crux_output/comet_9292_3_1	1.251583	0.605852	0.837379	R.SWADYACMGVTGCET.V	DECOY_AGAP008544-RA_3+	DECOY_CUFF.10050.1_3+
./crux_output/comet_10448_3_3	1.245351	0.607573	0.837379	R.VSGFPSPILLCCICCSAA.D	DECOY_CUFF.10250.1_2+	DECOY_CUFF.10250.2_1+	DECOY_CUFF.10250.3_2+
./crux_output/comet_4969_4_1	1.244539	0.607877	0.837379	P.RGASKTSIACCFAIISR.N	DECOY_AGAP001535-RA_1+	DECOY_CUFF.3317.5_3+	DECOY_CUFF.3317.4_1+	DECOY_CUFF.3317.1_1+	DECOY_CUFF.3317.2_3+
./crux_output/comet_7378_2_1	1.243836	0.607877	0.837379	K.ASFFTQKC.V	DECOY_sp|P38185|YBH1_YEAST
./crux_output/comet_10290_2_4	1.243415	0.609589	0.837379	K.ARVYVSCK.L	DECOY_CUFF.977.3_1+
./crux_output/comet_8382_2_1	1.242296	0.609797	0.837379	R.YLSSAFCSECSIS.V	DECOY_AGAP007954-RA_3+
./crux_output/comet_7728_3_4	1.239654	0.609797	0.837379	R.DERGSQSTNSIR.H	DECOY_CUFF.349.4_3+	DECOY_CUFF.349.5_1+	DECOY_CUFF.349.1_3+	DECOY_CUFF.349.2_3+	DECOY_CUFF.349.3_3+
./crux_output/comet_5221_4_5	1.236161	0.609797	0.837379	R.FTHLSMGFCLARHTCTCLK.L	DECOY_CUFF.3264.8_1+	DECOY_CUFF.3264.5_2+	DECOY_CUFF.3264.16_1+
./crux_output/comet_4021_3_1	1.232337	0.609797	0.837379	X.HLRYMEPGIGTNCR.K	DECOY_TCONS_00034607_3+
./crux_output/comet_8850_2_1	1.229858	0.609797	0.837379	K.LGPISCVV.S	DECOY_AGAP012066-PA	DECOY_AGAP012907-PA	DECOY_ACOM026617-PA	DECOY_AGAP012907-RA_1+	DECOY_CUFF.8990.1_1+	DECOY_AGAP012066-RA_1+
./crux_output/comet_9134_3_3	1.228624	0.610738	0.837379	K.NHSIWLGVGLLLK.T	DECOY_CUFF.10053.5_1+	DECOY_CUFF.10053.3_1+	DECOY_CUFF.10053.2_2+
./crux_output/comet_5393_2_1	1.228527	0.610738	0.837379	R.VSMVSERICEG.V	DECOY_ACOM034850-PA
./crux_output/comet_5407_2_3	1.228419	0.610738	0.837379	K.LAMTSRR.S	DECOY_CUFF.7754.1_2+	DECOY_AGAP011057-RA_2+	DECOY_TCONS_00035333_1+
./crux_output/comet_5324_3_1	1.224133	0.611390	0.837379	V.CCSSIFIFLR.Q	DECOY_CUFF.7498.1_1+
./crux_output/comet_7594_2_3	1.222357	0.613065	0.837379	R.QWSFCRR.S	DECOY_TCONS_00019650_2+	DECOY_TCONS_00019648_2+	DECOY_TCONS_00019649_1+
./crux_output/comet_8295_2_1	1.219939	0.613599	0.837379	K.QDPDNKKNGA.F	DECOY_sp|P53166|MRH4_YEAST
./crux_output/comet_6380_2_1	1.217439	0.613599	0.837379	R.VAPRAACWGAAP.R	DECOY_AGAP011938-RA_3+	DECOY_CUFF.8900.1_1+
./crux_output/comet_8462_4_1	1.216379	0.613599	0.837379	P.GEPFFLGRVVSCCAVCR.L	DECOY_AGAP001957-RA_1+	DECOY_AGAP001957-RB_1+
./crux_output/comet_9627_3_1	1.205832	0.613599	0.837379	K.QDAACIWTNNREI.G	DECOY_CUFF.9022.1_3+	DECOY_CUFF.9029.2_1+	DECOY_CUFF.9029.1_1+	DECOY_AGAP012092-RA_2+
./crux_output/comet_9982_2_1	1.200650	0.614238	0.837379	E.LFATLVSK.D	DECOY_AGAP010883-PA	DECOY_ACOM027707-PA	DECOY_CUFF.7555.1_1+	DECOY_AGAP010883-RA_1+
./crux_output/comet_6904_3_1	1.198274	0.615894	0.837379	R.CGTSISTATFSST.N	DECOY_AGAP001996-RA_3+
./crux_output/comet_8564_2_1	1.197865	0.616225	0.837379	L.ADDSYSLQK.D	DECOY_sp|Q12025|EMC10_YEAST
./crux_output/comet_7138_2_4	1.197292	0.616225	0.837379	R.TTTSSSKSR.R	DECOY_AGAP011084-RA_2+	DECOY_CUFF.7864.1_3+
./crux_output/comet_5742_2_3	1.194193	0.616225	0.837379	R.RGDDVEAPER.G	DECOY_AGAP008262-RA_3+
./crux_output/comet_7640_2_1	1.189494	0.616225	0.837379	R.RSCCTACCACW.T	DECOY_AGAP013051-RA_2+
./crux_output/comet_7351_2_1	1.186240	0.616225	0.837379	R.LASEMVDWVEG.A	DECOY_ACOM031096-PA
./crux_output/comet_4791_2_1	1.185935	0.616225	0.837379	R.GTGTNHGQSVA.T	DECOY_CUFF.2078.1_2+
./crux_output/comet_10101_3_1	1.185019	0.616225	0.837379	R.TEITSIAEATGPSI.M	DECOY_AGAP005636-PA	DECOY_AGAP005636-RA_3+
./crux_output/comet_9620_3_1	1.181943	0.616225	0.837379	R.GDCAQHCETCGVC.T	DECOY_CUFF.10086.1_1+
./crux_output/comet_4884_2_2	1.179989	0.616225	0.837379	K.TFNDQFALT.A	DECOY_sp|Q06673|ECM30_YEAST
./crux_output/comet_10054_3_1	1.179155	0.616225	0.837379	A.QANAQVPVSEEETATGV.-	DECOY_AGAP007637-RA_3+
./crux_output/comet_8446_4_1	1.178649	0.616225	0.837379	G.ASLAISRVAPGGAQHAVATR.D	DECOY_AGAP011441-RA_3+
./crux_output/comet_4845_2_1	1.178380	0.616225	0.837379	R.MGVCFSRER.T	DECOY_CUFF.985.4_3+	DECOY_CUFF.985.1_1+
./crux_output/comet_5629_2_3	1.178167	0.616225	0.837379	R.AFGMAVRR.R	DECOY_AGAP000601-RB_2+	DECOY_CUFF.16486.5_3+	DECOY_CUFF.16486.1_3+	DECOY_CUFF.16486.2_1+	DECOY_AGAP000601-RA_1+
./crux_output/comet_6242_4_1	1.174630	0.616225	0.837379	R.QLNVQNEPVVANPWS.P	DECOY_ACOM036726-PA
./crux_output/comet_9007_3_1	1.173961	0.616225	0.837379	R.WIGCASNSCNCP.K	DECOY_AGAP008870-RA_2+
./crux_output/comet_8353_3_1	1.173460	0.616225	0.837379	K.TQQKLKLNATNV.R	DECOY_CUFF.5382.1_2+
./crux_output/comet_4479_2_1	1.171901	0.616225	0.837379	R.TTTTTTTTCCQ.S	DECOY_AGAP000262-RA_2+
./crux_output/comet_6584_2_1	1.164628	0.616225	0.837379	R.GCGALSSAGTT.L	DECOY_AGAP028072-RA_2+	DECOY_CUFF.8067.4_1+	DECOY_CUFF.8067.1_2+
./crux_output/comet_9187_3_1	1.161418	0.616225	0.837379	S.TSACSVSRTTTVR.S	DECOY_AGAP007613-RA_2+	DECOY_CUFF.2843.1_2+
./crux_output/comet_7645_2_1	1.159456	0.616225	0.837379	R.GFVASDMECMVSVNA.F	DECOY_ACOM033621-PA
./crux_output/comet_6231_3_1	1.139128	0.616225	0.837379	R.GIANVSQLQER.P	DECOY_AGAP013193-RA_3+	DECOY_CUFF.5577.3_3+	DECOY_CUFF.5577.2_2+	DECOY_CUFF.5577.1_3+	DECOY_CUFF.5577.4_1+
./crux_output/comet_10144_2_1	1.134314	0.616225	0.837379	K.AHPIETFEG.K	DECOY_sp|Q12080|NOP53_YEAST
./crux_output/comet_6398_2_1	1.132159	0.616225	0.837379	R.SIRGSSTPDEGSW.P	DECOY_TCONS_00024926_1+	DECOY_TCONS_00024933_1+
./crux_output/comet_9524_2_1	1.116414	0.617785	0.837379	X.QEVEFVTK.R	DECOY_CUFF.2158.1_1+
./crux_output/comet_6470_2_1	1.115052	0.618012	0.837379	R.DDHRDAAST.H	DECOY_CUFF.16127.2_1+	DECOY_CUFF.16127.1_3+	DECOY_AGAP000217-RA_3+
./crux_output/comet_8613_2_5	1.114731	0.618012	0.837379	K.AINSSSISR.H	DECOY_ACOM041454-PA
./crux_output/comet_6257_2_2	1.111221	0.619565	0.837379	E.LDFLTYAAR.A	DECOY_CUFF.3871.2_3+	DECOY_CUFF.3871.1_2+
./crux_output/comet_10236_2_1	1.111095	0.620155	0.837379	R.TEAAFSHGWCSGVN.R	DECOY_AGAP011124-RA_2+	DECOY_CUFF.7826.2_2+
./crux_output/comet_7411_2_1	1.110415	0.621705	0.837379	K.KPPRPPIP.E	DECOY_AGAP007452-PB	DECOY_AGAP007452-PC	DECOY_ACOM025699-PA	DECOY_CUFF.2781.6_1+	DECOY_CUFF.2781.4_3+	DECOY_CUFF.2781.2_1+	DECOY_CUFF.2781.1_2+	DECOY_AGAP007452-RA_1+
./crux_output/comet_8590_2_2	1.110356	0.623256	0.837379	R.IEVNFGKDTMVH.V	DECOY_sp|Q06625|GDE_YEAST
./crux_output/comet_9880_2_2	1.109833	0.623839	0.837379	A.RSGSGNGGSCSTTATR.L	DECOY_AGAP001441-RA_3+	DECOY_CUFF.3410.5_1+	DECOY_CUFF.3410.4_3+	DECOY_CUFF.3410.1_3+	DECOY_CUFF.3410.3_3+	DECOY_CUFF.3410.2_2+
./crux_output/comet_7977_2_1	1.104902	0.625000	0.837379	F.VFYRLMFSR.S	DECOY_CUFF.9194.2_3+	DECOY_CUFF.9194.3_3+	DECOY_CUFF.9194.1_1+	DECOY_CUFF.9194.4_2+	DECOY_CUFF.9194.5_3+
./crux_output/comet_9043_2_1	1.102880	0.625000	0.837379	R.KGNCGENCGEA.N	DECOY_AGAP008483-RA_3+
./crux_output/comet_5856_2_2	1.101068	0.625192	0.837379	K.QSFGSIFNLE.K	DECOY_sp|P18963|IRA1_YEAST
./crux_output/comet_8242_3_1	1.098754	0.625192	0.837379	S.GNSEGYGWTAEEALLK.S	DECOY_ACOM030055-PA
./crux_output/comet_10209_2_1	1.091842	0.626340	0.837379	R.AHLDAEEQ.E	DECOY_CUFF.15867.2_1+
./crux_output/comet_8225_3_2	1.091689	0.626340	0.837379	R.ATRVPTGECAR.Q	DECOY_AGAP001458-RA_1+
./crux_output/comet_6720_4_1	1.089177	0.627871	0.837379	R.HEGLDGMCEVCHIRGEDR.V	DECOY_TCONS_00028645_2+
./crux_output/comet_10267_2_2	1.088377	0.628040	0.837379	R.DGFGGYFLGWPSS.L	DECOY_AGAP028515-PA	DECOY_ACOM038214-PA
./crux_output/comet_8455_3_1	1.087193	0.628040	0.837379	K.KCIFVIDRMDVF.S	DECOY_CUFF.4684.1_2+
./crux_output/comet_8556_2_1	1.083416	0.628040	0.837379	K.KDDATAHSVEQRE.G	DECOY_AGAP029074-PA	DECOY_TCONS_00022667_1+
./crux_output/comet_4071_2_1	1.078342	0.628040	0.837379	L.CDDNIPMER.K	DECOY_CUFF.6542.1_2+
./crux_output/comet_5981_2_1	1.073931	0.628040	0.837379	K.ADDRHAPVS.V	DECOY_CUFF.4552.2_2+	DECOY_CUFF.4552.1_3+	DECOY_AGAP002874-RA_2+
./crux_output/comet_5267_4_1	1.072991	0.628040	0.837379	Y.QDLAANHYCRTVSR.E	DECOY_CUFF.3410.5_3+	DECOY_CUFF.3410.4_2+	DECOY_CUFF.3410.1_2+	DECOY_CUFF.3410.3_2+	DECOY_CUFF.3410.2_1+
./crux_output/comet_5215_3_2	1.068149	0.628040	0.837379	A.VCEYDDTLSACR.R	DECOY_AGAP001286-PA	DECOY_ACOM033894-PA	DECOY_AGAP001286-RA_2+
./crux_output/comet_5847_3_1	1.066996	0.628040	0.837379	R.GQRQHEQQAGVFASH.Q	DECOY_AGAP003493-RA_1+
./crux_output/comet_6577_3_1	1.066537	0.628040	0.837379	R.IDVYKPTFEL.K	DECOY_sp|P53131|PRP43_YEAST
./crux_output/comet_4939_3_1	1.063085	0.628040	0.837379	R.HIFLNSFGVFGEDVH.E	DECOY_TCONS_00018491_1+
./crux_output/comet_6561_2_2	1.060623	0.628040	0.837379	R.GFVFARDK.V	DECOY_CUFF.2545.5_2+	DECOY_CUFF.2545.7_3+	DECOY_CUFF.2545.6_2+	DECOY_CUFF.2545.2_2+
./crux_output/comet_5419_2_5	1.059276	0.628040	0.837379	R.KNPGDSNPK.L	DECOY_ACOM032729-PA
./crux_output/comet_8195_2_5	1.056488	0.628040	0.837379	R.VQASAEQQDSQHR.R	DECOY_CUFF.16004.2_1+	DECOY_CUFF.16004.1_1+	DECOY_AGAP000163-RA_2+
./crux_output/comet_10646_4_1	1.050637	0.628040	0.837379	D.GASPGPARSFDTLDDKGATPK.S	DECOY_AGAP007803-PA	DECOY_AGAP007803-RA_1+	DECOY_CUFF.9448.1_2+
./crux_output/comet_7936_2_2	1.050525	0.628040	0.837379	L.AGATIHQSQK.E	DECOY_CUFF.8106.1_1+	DECOY_CUFF.8106.2_3+
./crux_output/comet_3740_4_1	1.048107	0.628040	0.837379	R.ENQGCTGTEKREQAEVEE.K	DECOY_AGAP002649-RA_3+	DECOY_CUFF.4394.3_3+	DECOY_CUFF.4394.2_1+	DECOY_CUFF.4394.1_3+
./crux_output/comet_7996_2_1	1.042572	0.628040	0.837379	A.FGANQIMK.C	DECOY_AGAP010488-PA	DECOY_ACOM041676-PA	DECOY_CUFF.7177.1_3+	DECOY_AGAP010488-RA_3+
./crux_output/comet_9509_2_2	1.031131	0.628040	0.837379	K.HSKPLACYSAGLRE.G	DECOY_AGAP007892-PA	DECOY_AGAP007892-PB	DECOY_ACOM030838-PA	DECOY_CUFF.9888.4_3+	DECOY_CUFF.9888.5_3+	DECOY_CUFF.9888.6_1+	DECOY_CUFF.9888.1_2+	DECOY_CUFF.9888.3_1+	DECOY_AGAP007892-RB_1+	DECOY_AGAP007892-RA_1+	DECOY_CUFF.9888.11_3+	DECOY_CUFF.9888.7_2+	DECOY_CUFF.9888.8_2+	DECOY_CUFF.9888.9_1+	DECOY_CUFF.9888.2_1+
./crux_output/comet_4322_3_1	1.029255	0.628040	0.837379	P.IPCWSPRCAR.T	DECOY_CUFF.5097.1_2+	DECOY_CUFF.5097.3_3+	DECOY_CUFF.5097.4_1+	DECOY_CUFF.5097.5_1+	DECOY_CUFF.5097.6_1+	DECOY_CUFF.5097.7_3+	DECOY_CUFF.5097.8_2+	DECOY_CUFF.5097.9_3+	DECOY_AGAP003372-RA_3+	DECOY_AGAP003372-RB_3+	DECOY_CUFF.5097.10_2+	DECOY_CUFF.5097.11_1+
./crux_output/comet_8334_3_1	1.020880	0.628040	0.837379	R.NVTTGAPDSARGGSTESAFSV.P	DECOY_ACOM030548-PA
./crux_output/comet_5071_3_4	1.016309	0.628040	0.837379	K.GGDASQENDCAPVSGR.S	DECOY_CUFF.17506.7_1+	DECOY_AGAP001043-RA_3+	DECOY_CUFF.17506.3_3+	DECOY_CUFF.17506.2_3+	DECOY_CUFF.17506.1_3+	DECOY_CUFF.17506.6_3+	DECOY_CUFF.17506.5_3+	DECOY_CUFF.17506.8_2+
./crux_output/comet_4882_2_1	1.014143	0.628040	0.837379	N.KTTSSLTSIR.S	DECOY_AGAP003979-RA_2+	DECOY_CUFF.5656.1_2+
./crux_output/comet_4404_2_2	1.013555	0.628040	0.837379	R.QRCKPANL.H	DECOY_TCONS_00006727_2+	DECOY_TCONS_00006726_2+	DECOY_TCONS_00006725_2+
./crux_output/comet_8908_2_1	1.007367	0.628040	0.837379	D.CQYVVNAYSDR.C	DECOY_CUFF.5272.1_1+
./crux_output/comet_6961_2_1	1.006302	0.628040	0.837379	K.RAFQALP.E	DECOY_sp|P40367|GPI7_YEAST
./crux_output/comet_5372_2_1	1.005158	0.628040	0.837379	R.TNESLPVGCCF.X	DECOY_TCONS_00000012_3+
./crux_output/comet_6321_3_1	0.999851	0.628040	0.837379	R.RLGSGRSWCC.A	DECOY_AGAP013449-RA_3+
./crux_output/comet_9051_2_1	0.991384	0.628040	0.837379	R.LCCNCCNCGLF.F	DECOY_CUFF.11820.3_2+
./crux_output/comet_8992_2_1	0.984319	0.628040	0.837379	R.CCSGTACTANAD.L	DECOY_AGAP013468-PA	DECOY_ACOM028471-PA	DECOY_AGAP013468-RA_1+
./crux_output/comet_5470_2_1	0.979918	0.628571	0.837379	R.AAVAACSAFIP.S	DECOY_CUFF.9903.6_1+	DECOY_CUFF.9903.10_2+	DECOY_CUFF.9903.8_3+	DECOY_CUFF.9903.7_3+	DECOY_CUFF.9903.4_1+	DECOY_CUFF.9903.2_3+	DECOY_CUFF.9903.3_3+	DECOY_CUFF.9903.1_3+
./crux_output/comet_7750_3_1	0.978783	0.629630	0.837379	R.HFMGKDSPITR.D	DECOY_CUFF.9038.11_2+
./crux_output/comet_6006_2_1	0.978281	0.629630	0.837379	S.TAIVIVDCK.E	DECOY_CUFF.15867.2_1+
./crux_output/comet_6284_2_1	0.974115	0.629734	0.837379	R.ADFLCPSV.S	DECOY_AGAP006908-RA_3+	DECOY_CUFF.2357.5_3+	DECOY_CUFF.2357.2_3+	DECOY_CUFF.2357.3_3+	DECOY_CUFF.2357.1_2+
./crux_output/comet_7090_3_3	0.969353	0.629734	0.837379	R.TGSCTIGRTSATCR.S	DECOY_CUFF.1580.1_2+
./crux_output/comet_8500_2_1	0.968572	0.629734	0.837379	R.TTTPWCAATM.R	DECOY_CUFF.16847.5_3+	DECOY_AGAP000783-RA_2+	DECOY_CUFF.16847.1_3+	DECOY_CUFF.16847.2_1+	DECOY_CUFF.16847.3_2+	DECOY_CUFF.16847.4_1+
./crux_output/comet_7927_3_3	0.965014	0.629734	0.837379	R.KADIEQNAGPR.S	DECOY_AGAP028539-PA	DECOY_ACOM032216-PA	DECOY_TCONS_00024494_1+	DECOY_TCONS_00024496_1+
./crux_output/comet_9031_4_3	0.963567	0.629734	0.837379	K.RFTFIMLCFHNK.F	DECOY_CUFF.6838.1_2+	DECOY_CUFF.6838.2_1+	DECOY_CUFF.6838.3_1+	DECOY_CUFF.6838.4_2+	DECOY_CUFF.6838.5_1+
./crux_output/comet_5216_3_2	0.962640	0.629734	0.837379	R.QGKVEEEAEEEATGGK.E	DECOY_CUFF.4534.10_1+	DECOY_CUFF.4534.7_1+	DECOY_CUFF.4534.4_1+	DECOY_CUFF.4534.3_2+	DECOY_CUFF.4534.2_3+	DECOY_CUFF.4534.1_1+	DECOY_CUFF.4534.9_1+	DECOY_CUFF.4534.8_3+	DECOY_AGAP002807-RA_3+	DECOY_AGAP002807-RB_3+	DECOY_CUFF.4534.5_1+
./crux_output/comet_8926_2_1	0.952740	0.629734	0.837379	X.MYESASGELPK.I	DECOY_CUFF.9414.4_3+	DECOY_CUFF.9414.3_2+	DECOY_CUFF.9414.2_3+	DECOY_CUFF.9414.1_2+
./crux_output/comet_6442_2_1	0.948914	0.630286	0.837379	K.TSDVSATSAT.S	DECOY_AGAP009594-PA	DECOY_CUFF.11219.1_3+
./crux_output/comet_8380_3_4	0.946166	0.630286	0.837379	R.WWVPATDCMIAQACVW.L	DECOY_CUFF.11311.3_1+
./crux_output/comet_9488_2_2	0.943633	0.630286	0.837379	K.EAVLVAHW.K	DECOY_CUFF.4207.3_1+	DECOY_CUFF.4207.1_2+
./crux_output/comet_7237_2_1	0.943112	0.630286	0.837379	V.GLEIDDDPEGGPK.T	DECOY_AGAP005644-PA	DECOY_ACOM038875-PA	DECOY_CUFF.1184.4_3+	DECOY_CUFF.1184.1_2+	DECOY_CUFF.1184.3_3+	DECOY_CUFF.1184.2_3+	DECOY_AGAP005644-RA_1+
./crux_output/comet_5647_2_1	0.941231	0.630286	0.837379	K.CSLIFETI.G	DECOY_AGAP008467-PA	DECOY_ACOM029926-PA	DECOY_AGAP008467-RA_2+	DECOY_CUFF.10006.2_1+	DECOY_CUFF.10006.1_1+
./crux_output/comet_8764_3_1	0.940726	0.630286	0.837379	K.TKGHAHGDAIEC.A	DECOY_CUFF.8491.1_1+	DECOY_AGAP011485-RA_3+
./crux_output/comet_5544_2_1	0.938669	0.630286	0.837379	R.SSSSSSIAGNS.S	DECOY_AGAP006792-RA_3+
./crux_output/comet_5657_2_1	0.931405	0.630286	0.837379	R.NNHVDASYGNN.N	DECOY_AGAP003638-PA	DECOY_ACOM028717-PA	DECOY_CUFF.5342.1_2+	DECOY_AGAP003638-RA_1+
./crux_output/comet_7174_2_2	0.928267	0.630286	0.837379	K.DDDEDDDEDD.D	DECOY_sp|P27692|SPT5_YEAST
./crux_output/comet_8729_2_1	0.925482	0.630286	0.837379	R.QYYLPLLGTC.Y	DECOY_AGAP009661-PA	DECOY_ACOM032668-PA	DECOY_AGAP009661-RA_1+	DECOY_CUFF.11341.1_1+
./crux_output/comet_9115_3_1	0.924170	0.630286	0.837379	D.CSSCCCCSNGDSGR.D	DECOY_AGAP008438-RA_1+	DECOY_AGAP012637-RA_3+	DECOY_CUFF.13934.1_2+	DECOY_CUFF.13934.2_1+
./crux_output/comet_8210_2_1	0.913561	0.630286	0.837379	G.YGPTGSAAAAAR.L	DECOY_AGAP008692-RA_3+
./crux_output/comet_8827_2_3	0.912901	0.630286	0.837379	G.HEAHPFPGAR.Q	DECOY_CUFF.8198.3_3+	DECOY_AGAP011425-RA_3+
./crux_output/comet_5637_2_1	0.909596	0.630790	0.837379	V.CRGGAAAQER.L	DECOY_AGAP000139-RA_3+	DECOY_CUFF.15975.1_2+
./crux_output/comet_5292_2_1	0.905662	0.631293	0.837379	T.FVDCCTCCVIR.R	DECOY_CUFF.16361.1_1+
./crux_output/comet_9014_2_1	0.904335	0.631793	0.837379	R.EGTTLDYIA.K	DECOY_AGAP029512-PA	DECOY_AGAP029512-PB	DECOY_AGAP029512-PC	DECOY_ACOM025083-PA	DECOY_CUFF.1473.6_1+	DECOY_CUFF.1473.7_1+	DECOY_CUFF.1473.4_3+	DECOY_CUFF.1473.5_1+	DECOY_CUFF.1473.2_3+	DECOY_CUFF.1473.3_3+	DECOY_CUFF.1473.8_1+	DECOY_CUFF.1473.9_1+	DECOY_CUFF.1473.18_2+	DECOY_AGAP005840-RA_3+	DECOY_CUFF.1473.10_2+	DECOY_CUFF.1473.11_1+	DECOY_CUFF.1473.12_1+	DECOY_CUFF.1473.13_1+	DECOY_CUFF.1473.14_1+	DECOY_CUFF.1473.15_1+	DECOY_CUFF.1473.16_3+
./crux_output/comet_9537_2_2	0.903249	0.632293	0.837379	K.SITTTTSSNLTSG.W	DECOY_AGAP001672-RA_2+	DECOY_CUFF.3427.3_2+	DECOY_CUFF.3427.2_2+	DECOY_CUFF.3427.1_1+
./crux_output/comet_9481_3_2	0.900947	0.633288	0.837379	R.CVCVCVCGHCEV.X	DECOY_CUFF.7397.11_1+	DECOY_CUFF.7397.1_3+	DECOY_CUFF.7397.3_3+	DECOY_CUFF.7397.7_1+
./crux_output/comet_7681_2_1	0.900573	0.633288	0.837379	R.QQKFLLMF.H	DECOY_CUFF.7699.2_3+	DECOY_CUFF.7699.3_3+
./crux_output/comet_10605_2_2	0.897120	0.633784	0.837379	K.TCETGSCVGQ.D	DECOY_sp|P25653|FIG2_YEAST
./crux_output/comet_9399_3_2	0.895475	0.634278	0.837379	K.QHHHYSPSNSGIQY.L	DECOY_CUFF.1884.29_1+
./crux_output/comet_4642_3_5	0.892677	0.634409	0.837379	R.KGCTQCGYPK.F	DECOY_AGAP004517-PA	DECOY_ACOM029598-PA	DECOY_AGAP004517-RA_1+
./crux_output/comet_7890_2_1	0.891407	0.634409	0.837379	S.ATMTETR.L	DECOY_AGAP005302-RA_3+	DECOY_CUFF.910.1_3+
./crux_output/comet_6019_2_1	0.889571	0.635753	0.837379	R.VELMMNIP.L	DECOY_AGAP004571-PA
./crux_output/comet_8387_2_1	0.887198	0.636364	0.837379	D.HVVVTHER.C	DECOY_CUFF.7517.1_3+	DECOY_AGAP010849-RA_1+
./crux_output/comet_8941_3_2	0.886660	0.636364	0.837379	R.NDSGTEHTSYAVN.R	DECOY_CUFF.8855.1_1+
./crux_output/comet_9517_2_2	0.886211	0.636364	0.837379	Y.GSTGDAHREDR.G	DECOY_AGAP008349-RA_3+
./crux_output/comet_9920_4_2	0.878207	0.637701	0.837379	K.EDVNVCYVPNSISNQEMDLYT.D	DECOY_AGAP008899-PA	DECOY_ACOM040709-PA	DECOY_CUFF.10436.1_2+	DECOY_AGAP008899-RA_1+
./crux_output/comet_10127_2_1	0.877164	0.639037	0.837379	K.ASNHDGLQL.I	DECOY_AGAP006324-PA	DECOY_ACOM039903-PA	DECOY_AGAP006324-RA_1+	DECOY_CUFF.1810.1_1+
./crux_output/comet_6750_3_3	0.875282	0.640374	0.837379	R.ESSRWDWWWWWWS.E	DECOY_CUFF.4316.1_3+	DECOY_CUFF.4316.3_3+	DECOY_CUFF.4316.2_3+	DECOY_AGAP013190-RA_3+
./crux_output/comet_9621_2_1	0.873759	0.641711	0.837379	A.GGSFGAKAK.R	DECOY_AGAP005101-RA_3+
./crux_output/comet_8348_2_1	0.873325	0.643048	0.837379	R.AFAVMSRS.V	DECOY_AGAP000911-PA	DECOY_ACOM033578-PA	DECOY_AGAP000911-RA_3+
./crux_output/comet_7407_3_2	0.871563	0.644385	0.837379	L.AYMNAAMFGCQGSR.S	DECOY_AGAP001399-PA	DECOY_ACOM034058-PA	DECOY_AGAP001399-RA_2+
./crux_output/comet_5482_2_4	0.871013	0.644860	0.837379	K.ADVGDPDPK.H	DECOY_AGAP007279-PA	DECOY_ACOM025493-PA	DECOY_CUFF.2610.4_2+	DECOY_CUFF.2610.6_2+	DECOY_CUFF.2610.1_2+	DECOY_CUFF.2610.3_2+
./crux_output/comet_4984_3_1	0.869499	0.646195	0.837379	R.QMCDHGARSCFS.L	DECOY_AGAP004801-RA_2+	DECOY_CUFF.478.5_1+	DECOY_CUFF.478.22_2+	DECOY_CUFF.478.23_1+	DECOY_CUFF.478.21_2+	DECOY_CUFF.478.13_3+	DECOY_CUFF.478.11_2+	DECOY_CUFF.478.10_2+	DECOY_CUFF.478.16_3+	DECOY_CUFF.478.15_1+	DECOY_CUFF.478.14_3+	DECOY_CUFF.478.19_2+	DECOY_CUFF.478.18_3+	DECOY_AGAP004801-RB_2+	DECOY_AGAP004801-RC_3+	DECOY_CUFF.478.3_3+	DECOY_CUFF.478.2_3+	DECOY_CUFF.478.1_2+	DECOY_CUFF.478.7_2+	DECOY_CUFF.478.6_3+	DECOY_CUFF.478.4_3+
./crux_output/comet_8180_3_1	0.869122	0.647530	0.837379	S.GNSEGYGWTAEEALLK.S	DECOY_ACOM030055-PA
./crux_output/comet_8918_4_1	0.868396	0.648000	0.837379	K.SEFFSAYETVGFTESLVTL.R	DECOY_sp|P50273|ATP22_YEAST
./crux_output/comet_9137_2_1	0.865440	0.648469	0.837379	R.TGGGPVSAASRE.P	DECOY_CUFF.11244.1_1+
./crux_output/comet_10495_2_1	0.864782	0.648541	0.837379	R.AGCDCVTWC.R	DECOY_AGAP012245-RA_3+	DECOY_CUFF.9180.1_3+	DECOY_CUFF.9180.3_1+	DECOY_CUFF.9180.2_2+	DECOY_CUFF.9180.4_2+
./crux_output/comet_7841_2_2	0.864636	0.648541	0.837379	R.HPACPNEGQG.N	DECOY_AGAP007121-RA_1+
./crux_output/comet_9191_3_1	0.861948	0.649867	0.837379	R.KSEKGTNESAASAMNM.C	DECOY_CUFF.3305.1_1+	DECOY_CUFF.3305.2_3+	DECOY_CUFF.3305.3_3+	DECOY_CUFF.3305.4_3+	DECOY_CUFF.3305.5_1+	DECOY_AGAP001394-RB_2+	DECOY_AGAP001394-RA_2+
./crux_output/comet_6662_3_1	0.861648	0.650331	0.837379	E.QGDGSRGGQGAHHGK.D	DECOY_AGAP011441-RA_3+
./crux_output/comet_8942_2_1	0.861227	0.650980	0.837379	R.ECCQRQLATPQCLSW.W	DECOY_CUFF.12088.2_1+	DECOY_CUFF.12088.5_3+	DECOY_CUFF.12088.4_2+	DECOY_CUFF.12088.3_2+	DECOY_CUFF.12088.1_2+	DECOY_CUFF.12088.6_3+	DECOY_AGAP010189-RA_3+
./crux_output/comet_7117_2_1	0.860732	0.650980	0.837379	R.HLDLSTSCL.D	DECOY_TCONS_00040707_3+
./crux_output/comet_8082_2_1	0.860285	0.650980	0.837379	R.LNESSLSSV.S	DECOY_sp|P39518|LCF2_YEAST
./crux_output/comet_7155_3_1	0.859127	0.650980	0.837379	E.LAAVFDDVPIEGFGK.S	DECOY_AGAP005058-PB	DECOY_ACOM035054-PA	DECOY_AGAP005058-RA_1+	DECOY_CUFF.683.1_2+
./crux_output/comet_5894_2_3	0.854322	0.650980	0.837379	K.VGGTGTSRDP.T	DECOY_CUFF.10525.6_2+	DECOY_CUFF.10525.5_2+	DECOY_CUFF.10525.4_2+	DECOY_CUFF.10525.1_2+	DECOY_CUFF.10525.3_2+	DECOY_AGAP008859-RA_3+	DECOY_AGAP008859-RB_3+
./crux_output/comet_9202_2_1	0.853736	0.650980	0.837379	K.CVFVARTP.R	DECOY_CUFF.1651.2_2+
./crux_output/comet_5466_2_1	0.848369	0.650980	0.837379	T.VALALYER.T	DECOY_AGAP011232-PA	DECOY_ACOM038110-PA	DECOY_AGAP011232-RA_1+	DECOY_CUFF.7972.1_1+
./crux_output/comet_9647_3_1	0.844780	0.651436	0.837379	N.HTGHCDDDDDDDDDR.F	DECOY_CUFF.2476.3_1+	DECOY_CUFF.2476.7_2+	DECOY_CUFF.2476.8_2+
./crux_output/comet_8389_3_4	0.838463	0.651890	0.837379	R.TGLHLQCPDSPHASG.S	DECOY_TCONS_00002749_3+
./crux_output/comet_8798_2_2	0.836340	0.652344	0.837379	K.NNARKSK.H	DECOY_CUFF.915.1_2+	DECOY_CUFF.915.2_1+
./crux_output/comet_7683_2_1	0.835291	0.653646	0.837379	K.SISFEFLA.V	DECOY_TCONS_00039521_2+
./crux_output/comet_10410_2_1	0.831957	0.654948	0.837379	P.IFGGMSLLMDGPGF.-	DECOY_AGAP013426-PA	DECOY_ACOM035408-PA
./crux_output/comet_5309_2_1	0.830962	0.655039	0.837379	K.ADTLEAKP.T	DECOY_AGAP006570-PA	DECOY_ACOM039513-PA	DECOY_AGAP006570-RA_1+
./crux_output/comet_9150_2_2	0.830649	0.655039	0.837379	K.LGPISCVV.S	DECOY_AGAP012066-PA	DECOY_AGAP012907-PA	DECOY_ACOM026617-PA	DECOY_AGAP012907-RA_1+	DECOY_CUFF.8990.1_1+	DECOY_AGAP012066-RA_1+
./crux_output/comet_5730_2_4	0.826517	0.655039	0.837379	V.ITSGASKR.N	DECOY_AGAP000483-PA	DECOY_AGAP000483-PB	DECOY_AGAP000483-PC	DECOY_ACOM031133-PA	DECOY_CUFF.16614.2_2+	DECOY_CUFF.16614.1_2+	DECOY_AGAP000483-RB_1+	DECOY_AGAP000483-RC_1+	DECOY_AGAP000483-RA_1+
./crux_output/comet_9508_3_1	0.826493	0.655039	0.837379	K.QEKGKGAQDGDHQHT.D	DECOY_AGAP003006-RA_3+
./crux_output/comet_9898_3_1	0.817885	0.656331	0.837379	K.NIEPFDKAIDLI.E	DECOY_sp|P42940|ETFB_YEAST
./crux_output/comet_10161_3_2	0.817611	0.656774	0.837379	R.EHDAQQHRGAQVSFNL.P	DECOY_CUFF.17148.1_2+	DECOY_AGAP000951-RB_2+	DECOY_AGAP000951-RC_2+	DECOY_AGAP000951-RA_2+
./crux_output/comet_9680_2_1	0.814925	0.658065	0.837379	R.QTCDSDCGQ.P	DECOY_CUFF.9744.1_3+
./crux_output/comet_7386_2_2	0.813007	0.658945	0.837379	R.ASSGSSSTVFP.S	DECOY_AGAP000657-RA_2+
./crux_output/comet_8040_4_1	0.812987	0.658945	0.837379	R.FEGKYAREGGYAIIQ.H	DECOY_AGAP029747-PA	DECOY_AGAP011427-RA_1+	DECOY_CUFF.8303.12_2+
./crux_output/comet_8995_3_1	0.810715	0.660232	0.837379	P.AAGRLHFHQSGGR.A	DECOY_AGAP008785-RA_2+
./crux_output/comet_8567_2_1	0.809764	0.660256	0.837379	K.FEEADERT.F	DECOY_sp|P32660|ATC5_YEAST
./crux_output/comet_7611_4_3	0.808290	0.660256	0.837379	R.NCRSFSCTFSLFFSNVETQC.X	DECOY_TCONS_00010131_1+
./crux_output/comet_8190_3_2	0.804008	0.661538	0.837379	R.DVLLADGPEVYFSFST.R	DECOY_AGAP011086-PA	DECOY_ACOM023060-PA	DECOY_CUFF.7776.1_3+	DECOY_AGAP011086-RA_1+
./crux_output/comet_3707_3_1	0.802050	0.662821	0.837379	R.RCEYSAALQSCSAAPAYW.T	DECOY_AGAP006376-RB_3+	DECOY_CUFF.1954.10_3+	DECOY_CUFF.1954.11_2+	DECOY_CUFF.1954.12_2+
./crux_output/comet_893_2_2	0.801301	0.664103	0.837379	K.LVLAVCVFA.C	DECOY_AGAP028486-PA	DECOY_ACOM034870-PA	DECOY_CUFF.5544.4_1+
./crux_output/comet_8478_2_2	0.800592	0.664533	0.837379	R.RPWYTPWPWV.S	DECOY_CUFF.4709.1_3+	DECOY_AGAP003038-RA_3+
./crux_output/comet_6361_3_2	0.799497	0.664541	0.837379	R.GLVVLFNGNDW.P	DECOY_CUFF.4671.1_1+	DECOY_CUFF.4671.2_2+
./crux_output/comet_9783_3_2	0.797973	0.664541	0.837379	K.WSVQGGTLVEFSHV.P	DECOY_AGAP006398-PA	DECOY_AGAP006398-RA_2+
./crux_output/comet_10282_4_1	0.792097	0.664968	0.837379	R.QFESVCVCVRFCVRCHVAISPYPSAHLCVN.P	DECOY_CUFF.3692.1_2+	DECOY_CUFF.3692.2_2+	DECOY_AGAP001964-RA_2+
./crux_output/comet_9259_3_1	0.791092	0.665832	0.837379	R.KPHGPHPFAADE.G	DECOY_CUFF.967.2_2+	DECOY_CUFF.967.1_1+	DECOY_AGAP005300-RC_3+	DECOY_AGAP005300-RB_1+	DECOY_AGAP005300-RA_3+
./crux_output/comet_7500_2_1	0.790500	0.665832	0.837379	C.VYVCLNAR.V	DECOY_CUFF.16469.1_3+	DECOY_CUFF.16469.2_3+
./crux_output/comet_9339_2_1	0.789099	0.665832	0.837379	R.TNIYPYVP.S	DECOY_TCONS_00039699_3+
./crux_output/comet_7482_2_1	0.788896	0.665832	0.837379	K.ASNAEPVW.M	DECOY_AGAP007975-PA	DECOY_AGAP007975-PB	DECOY_ACOM030724-PA	DECOY_CUFF.9614.2_3+	DECOY_CUFF.9614.1_3+	DECOY_CUFF.9614.3_2+	DECOY_AGAP007975-RB_3+	DECOY_AGAP007975-RA_2+
./crux_output/comet_7668_2_1	0.784987	0.665832	0.837379	V.ARGACQDPR.Q	DECOY_AGAP000810-RA_3+	DECOY_CUFF.16929.1_1+	DECOY_CUFF.16929.2_1+
./crux_output/comet_8677_2_2	0.783247	0.665832	0.837379	R.AQTLITNER.S	DECOY_CUFF.3429.4_3+
./crux_output/comet_9455_2_1	0.780532	0.665832	0.837379	V.DESIFSDHQSACK.Y	DECOY_CUFF.2745.1_3+
./crux_output/comet_4822_2_2	0.780152	0.665832	0.837379	K.TITGTSSR.I	DECOY_CUFF.7787.1_1+	DECOY_AGAP011087-RA_2+
./crux_output/comet_7607_3_3	0.774140	0.665832	0.837379	R.ATSCDARPASAPPR.T	DECOY_TCONS_00002777_1+
./crux_output/comet_4435_2_1	0.770851	0.665832	0.837379	R.NCVTRDCF.R	DECOY_AGAP002340-RA_3+
./crux_output/comet_9239_3_4	0.765828	0.666250	0.837379	K.EPCGVTGDCRVVER.R	DECOY_CUFF.2829.4_3+	DECOY_CUFF.2829.5_3+
./crux_output/comet_6569_3_1	0.763956	0.666667	0.837379	R.SRPVCDRCGFA.R	DECOY_CUFF.2838.4_1+	DECOY_CUFF.2838.5_3+	DECOY_CUFF.2838.1_3+	DECOY_CUFF.2838.2_2+	DECOY_CUFF.2838.3_1+	DECOY_AGAP007474-RA_3+
./crux_output/comet_9039_3_1	0.763117	0.667488	0.837379	X.GTNDVLANAEARGSR.D	DECOY_AGAP012027-RA_3+	DECOY_CUFF.8958.1_2+	DECOY_CUFF.8958.3_3+	DECOY_CUFF.8958.2_2+	DECOY_CUFF.8958.4_3+	DECOY_CUFF.8958.7_2+	DECOY_CUFF.8958.6_2+
./crux_output/comet_4458_3_2	0.761329	0.667488	0.837379	R.QHHYPLSLVQGE.T	DECOY_AGAP005149-RA_3+
./crux_output/comet_7282_2_1	0.761257	0.667488	0.837379	R.NASHQEAIEV.L	DECOY_AGAP007923-RA_3+	DECOY_CUFF.9530.2_3+	DECOY_CUFF.9530.3_1+
./crux_output/comet_10319_3_1	0.759470	0.667488	0.837379	R.EQKSSFCVVVSNCN.S	DECOY_CUFF.6165.11_2+
./crux_output/comet_6743_3_4	0.753287	0.667488	0.837379	R.FPSDNDGEHEYRVQ.G	DECOY_AGAP004417-RA_2+
./crux_output/comet_5946_2_1	0.752496	0.667488	0.837379	P.EVGRCFSGYK.N	DECOY_AGAP012011-RA_3+	DECOY_CUFF.8942.1_1+
./crux_output/comet_4959_2_1	0.749678	0.667488	0.837379	R.SQAPYAIGEDCYGG.Q	DECOY_AGAP001135-RA_3+
./crux_output/comet_10349_3_1	0.748808	0.667488	0.837379	C.PNGNFNHKEESDAPYEK.N	DECOY_CUFF.8713.1_3+
./crux_output/comet_5988_2_1	0.748142	0.668719	0.837379	R.QNCSYSFHQNVHVW.E	DECOY_AGAP003879-PA	DECOY_ACOM034730-PA	DECOY_AGAP003879-RA_1+
./crux_output/comet_10180_2_2	0.747925	0.669951	0.837379	K.QYPLHLASCNTW.M	DECOY_ACOM034584-PA
./crux_output/comet_7012_2_1	0.745152	0.670343	0.837379	K.RAFQALP.E	DECOY_sp|P40367|GPI7_YEAST
./crux_output/comet_5607_2_1	0.744667	0.670343	0.837379	R.FGDDDNNEGCD.A	DECOY_CUFF.16609.2_1+	DECOY_CUFF.16609.1_1+
./crux_output/comet_8450_2_1	0.743601	0.670343	0.837379	V.LNSSGIPK.E	DECOY_sp|P12945|NAT1_YEAST
./crux_output/comet_9241_2_1	0.739207	0.670747	0.837379	K.EEADPIPSSRE.L	DECOY_CUFF.4989.6_2+	DECOY_CUFF.4989.5_1+	DECOY_CUFF.4989.8_2+	DECOY_CUFF.4989.3_2+	DECOY_CUFF.4989.2_1+	DECOY_CUFF.4989.1_3+	DECOY_CUFF.4989.7_3+	DECOY_CUFF.4989.4_2+	DECOY_AGAP003276-RA_2+
./crux_output/comet_9341_4_4	0.738960	0.671971	0.837379	H.LVPFPVWELEGLANWLDCR.K	DECOY_AGAP011811-PA	DECOY_ACOM032032-PA	DECOY_CUFF.8806.3_2+	DECOY_CUFF.8806.2_3+	DECOY_AGAP011811-RA_1+	DECOY_CUFF.8806.1_2+
./crux_output/comet_8010_3_1	0.737526	0.672727	0.837379	V.MACVVGSAISYR.I	DECOY_CUFF.17573.1_1+
./crux_output/comet_10426_3_1	0.736291	0.672727	0.837379	K.FDEVTSFSTVENMSDTWW.S	DECOY_AGAP007172-PA	DECOY_AGAP007172-PB	DECOY_ACOM025360-PA	DECOY_AGAP007172-RB_3+	DECOY_AGAP007172-RA_1+	DECOY_CUFF.2541.1_2+	DECOY_CUFF.2541.2_1+	DECOY_CUFF.2541.4_2+
./crux_output/comet_7197_2_2	0.734874	0.672727	0.837379	T.CKTTSRVSER.T	DECOY_AGAP008217-RA_3+
./crux_output/comet_8358_2_3	0.733376	0.672727	0.837379	K.SNSHHSADTQQISS.S	DECOY_ACOM043071-PA
./crux_output/comet_6008_2_1	0.730811	0.672727	0.837379	K.GQAQDTGARTSNTGQ.P	DECOY_AGAP003540-RA_3+
./crux_output/comet_5723_2_1	0.730754	0.672727	0.837379	R.AAAREAGGPNAAAP.N	DECOY_CUFF.7806.1_3+
./crux_output/comet_10631_4_3	0.725273	0.673100	0.837379	K.NVTAATPTCLTHLLCAAPSSSGA.S	DECOY_CUFF.9400.1_2+
./crux_output/comet_6768_2_1	0.724549	0.673100	0.837379	K.FTSLIGSSS.Q	DECOY_CUFF.11276.6_3+	DECOY_CUFF.11276.5_3+	DECOY_CUFF.11276.2_3+	DECOY_CUFF.11276.1_3+	DECOY_CUFF.11276.4_3+	DECOY_CUFF.11276.3_3+
./crux_output/comet_8333_2_5	0.722571	0.673100	0.837379	K.TTTTEKK.T	DECOY_CUFF.4478.2_3+	DECOY_CUFF.4478.3_3+	DECOY_CUFF.4478.1_2+	DECOY_CUFF.4478.6_2+	DECOY_CUFF.4478.4_2+
./crux_output/comet_5421_2_1	0.718741	0.673494	0.837379	K.DVYDLEEDDLG.I	DECOY_AGAP029605-PA	DECOY_AGAP029605-PB	DECOY_ACOM036763-PA	DECOY_CUFF.4313.1_1+	DECOY_CUFF.4313.2_3+	DECOY_CUFF.4313.3_1+	DECOY_CUFF.4313.6_1+	DECOY_AGAP002579-RA_1+
./crux_output/comet_7610_2_5	0.716894	0.673887	0.837379	R.WGGSRSSSSR.X	DECOY_AGAP000807-RA_3+
./crux_output/comet_10581_2_3	0.715569	0.675090	0.837379	V.EDSSSCHQK.A	DECOY_AGAP007881-RA_2+
./crux_output/comet_7701_2_2	0.714743	0.676294	0.837379	H.LSISCFSCTER.S	DECOY_AGAP008863-RA_1+	DECOY_AGAP008863-RB_2+
./crux_output/comet_5809_2_4	0.711451	0.676436	0.837379	K.KSQYACQQK.A	DECOY_CUFF.934.2_3+	DECOY_CUFF.934.1_3+	DECOY_CUFF.934.4_2+	DECOY_CUFF.934.5_1+
./crux_output/comet_8852_2_3	0.710534	0.676436	0.837379	R.NNATRLK.Q	DECOY_CUFF.4744.1_2+	DECOY_CUFF.4744.2_2+	DECOY_AGAP003090-RA_2+	DECOY_AGAP003090-RB_2+
./crux_output/comet_8386_2_1	0.708868	0.676436	0.837379	K.AFWGVKT.S	DECOY_AGAP013496-RA_2+
./crux_output/comet_5778_2_3	0.707391	0.676436	0.837379	-.EPNQEEGGI.E	DECOY_AGAP009336-RA_3+
./crux_output/comet_10644_4_1	0.705875	0.676436	0.837379	R.SSAATIFSGVLLTALCSFYSIS.F	DECOY_AGAP008335-PA	DECOY_ACOM030124-PA	DECOY_AGAP008335-RA_1+
./crux_output/comet_5603_3_1	0.703739	0.676436	0.837379	R.LYAELSNSSTFA.P	DECOY_CUFF.9520.2_3+	DECOY_CUFF.9520.1_3+
./crux_output/comet_9494_3_1	0.700579	0.676436	0.837379	K.GASGTYFINHGNEALT.G	DECOY_sp|P07271|PIF1_YEAST
./crux_output/comet_4849_3_1	0.697995	0.676436	0.837379	R.VARSCGSCITT.X	DECOY_CUFF.8076.2_2+	DECOY_AGAP011303-RA_3+
./crux_output/comet_7585_3_2	0.696889	0.676436	0.837379	R.SSHPLTIIVNK.V	DECOY_sp|P40086|COX15_YEAST
./crux_output/comet_6473_3_1	0.693336	0.676436	0.837379	K.ERHASGHLYEA.P	DECOY_CUFF.10591.3_3+	DECOY_CUFF.10591.1_2+	DECOY_AGAP009007-RA_3+
./crux_output/comet_7885_3_1	0.687672	0.676436	0.837379	S.IFCFMRPSSR.L	DECOY_TCONS_00028279_1+
./crux_output/comet_6851_2_1	0.686936	0.676436	0.837379	R.VSSDYIAKG.Y	DECOY_sp|P40884|IMA5_YEAST
./crux_output/comet_7311_3_3	0.684803	0.676436	0.837379	V.TTQQPSFDGGGGK.H	DECOY_CUFF.16018.1_1+
./crux_output/comet_6690_2_1	0.684124	0.676436	0.837379	R.RPVVNVQN.D	DECOY_AGAP006765-PA	DECOY_AGAP006765-PB	DECOY_ACOM031730-PA	DECOY_AGAP006765-RA_3+	DECOY_AGAP006765-RB_1+
./crux_output/comet_8934_3_2	0.679034	0.676436	0.837379	H.EIFGEVDYAVDLAYK.N	DECOY_sp|P19524|MYO2_YEAST
./crux_output/comet_10295_2_1	0.675877	0.677193	0.837379	R.VDDDDDDDN.C	DECOY_CUFF.4834.8_3+	DECOY_CUFF.4834.13_1+	DECOY_CUFF.4834.6_2+	DECOY_CUFF.4834.4_1+	DECOY_CUFF.4834.5_2+	DECOY_CUFF.4834.2_3+	DECOY_CUFF.4834.1_2+	DECOY_CUFF.4834.9_3+	DECOY_CUFF.4834.11_1+	DECOY_CUFF.4834.12_1+	DECOY_CUFF.4834.14_1+
./crux_output/comet_10460_3_1	0.675643	0.677193	0.837379	R.FGSLFCCCCSHYNRV.R	DECOY_AGAP003442-RA_3+
./crux_output/comet_6414_2_3	0.674553	0.678363	0.837379	K.ESDTASTFLSN.K	DECOY_CUFF.17052.1_3+	DECOY_CUFF.17052.3_3+	DECOY_CUFF.17052.2_3+	DECOY_CUFF.17052.5_2+
./crux_output/comet_8061_2_5	0.674039	0.679532	0.837379	R.TSTASANSSGRSGK.S	DECOY_AGAP004604-PA	DECOY_CUFF.6454.6_1+	DECOY_CUFF.6454.2_2+	DECOY_CUFF.6454.1_3+	DECOY_AGAP004604-RA_1+
./crux_output/comet_10005_2_2	0.672287	0.679814	0.837379	K.NNTYPSLYHTN.N	DECOY_CUFF.3284.3_3+	DECOY_AGAP001499-RA_1+	DECOY_AGAP001499-RB_2+	DECOY_CUFF.3284.1_2+	DECOY_CUFF.3284.2_2+
./crux_output/comet_5404_2_2	0.671847	0.679814	0.837379	S.NSPLISER.L	DECOY_CUFF.8960.1_2+
./crux_output/comet_8982_3_1	0.669808	0.679814	0.837379	K.QLYKSMPFGYGPNDSVG.K	DECOY_AGAP010960-PA	DECOY_ACOM022849-PA	DECOY_AGAP010960-RA_1+	DECOY_CUFF.7665.1_2+
./crux_output/comet_8952_2_2	0.665433	0.679814	0.837379	L.VCPIMYR.I	DECOY_CUFF.8488.10_2+
./crux_output/comet_7781_2_1	0.664377	0.679814	0.837379	D.NGSYKTR.I	DECOY_sp|Q12402|YOP1_YEAST
./crux_output/comet_6952_2_2	0.661929	0.680185	0.837379	K.TTTSLVIYST.T	DECOY_CUFF.571.4_2+
./crux_output/comet_6620_2_1	0.660246	0.680556	0.837379	Q.QGAGCVAER.R	DECOY_AGAP005901-RA_2+	DECOY_CUFF.1535.9_2+	DECOY_CUFF.1535.8_3+	DECOY_CUFF.1535.1_2+	DECOY_CUFF.1535.3_3+	DECOY_CUFF.1535.2_2+	DECOY_CUFF.1535.5_3+	DECOY_CUFF.1535.4_1+	DECOY_CUFF.1535.10_2+
./crux_output/comet_4483_2_1	0.659871	0.681514	0.837379	K.DVLFSVLFNA.R	DECOY_AGAP002272-PA	DECOY_AGAP002272-PB	DECOY_AGAP002272-PC	DECOY_CUFF.4117.9_1+	DECOY_AGAP002272-RB_1+	DECOY_AGAP002272-RC_1+	DECOY_AGAP002272-RA_1+	DECOY_CUFF.4117.8_3+	DECOY_CUFF.4117.3_1+	DECOY_CUFF.4117.1_1+	DECOY_CUFF.4117.6_1+
./crux_output/comet_4459_3_1	0.659021	0.681514	0.837379	R.DAHVGAPAAQVRAHQQACGAT.E	DECOY_AGAP011892-RA_3+	DECOY_CUFF.8854.1_2+
./crux_output/comet_6232_2_1	0.658524	0.681514	0.837379	N.GASEAAFER.V	DECOY_AGAP001699-RA_3+
./crux_output/comet_9629_4_1	0.658100	0.681514	0.837379	R.FGSENAYYLVTEWLHYLGRLEST.I	DECOY_TCONS_00013518_1+
./crux_output/comet_8002_3_2	0.657454	0.681514	0.837379	E.SHVVVDTTQFCNR.G	DECOY_AGAP011900-RA_2+
./crux_output/comet_6265_2_1	0.656842	0.681514	0.837379	E.YCLTDMDR.T	DECOY_sp|P26793|FEN1_YEAST
./crux_output/comet_8534_3_4	0.656032	0.681514	0.837379	K.RAGFGGFLEEK.T	DECOY_AGAP013148-RA_1+
./crux_output/comet_10639_4_4	0.654957	0.681514	0.837379	K.LCLSYFSFYLTNTHPTQ.Y	DECOY_AGAP001986-RA_1+	DECOY_CUFF.3726.1_3+
./crux_output/comet_5009_3_1	0.654816	0.681514	0.837379	R.SQAPYAIGEDCYGG.Q	DECOY_AGAP001135-RA_3+
./crux_output/comet_5517_2_1	0.653707	0.681514	0.837379	R.SGEFFNSSFNA.W	DECOY_CUFF.5451.6_3+	DECOY_CUFF.5451.7_3+	DECOY_CUFF.5451.2_2+	DECOY_CUFF.5451.3_2+	DECOY_CUFF.5451.1_1+
./crux_output/comet_7235_2_2	0.647109	0.681514	0.837379	K.ACASSFTR.S	DECOY_CUFF.16753.1_2+	DECOY_AGAP013042-RA_2+
./crux_output/comet_8692_3_1	0.644850	0.681514	0.837379	L.KAASTSKTQYGDITK.T	DECOY_sp|P39940|RSP5_YEAST
./crux_output/comet_9864_2_1	0.644315	0.681514	0.837379	Q.AHSNYNR.L	DECOY_AGAP028007-PA	DECOY_AGAP012843-PA	DECOY_ACOM026655-PA	DECOY_AGAP028007-RA_1+	DECOY_CUFF.8967.2_3+	DECOY_AGAP012843-RA_1+
./crux_output/comet_8250_3_1	0.641723	0.681514	0.837379	R.YFFENFTKFDKDR.K	DECOY_sp|P53037|PSD2_YEAST
./crux_output/comet_9754_2_1	0.640376	0.681514	0.837379	E.ATPDAPAPR.A	DECOY_CUFF.17170.1_2+	DECOY_AGAP000909-RA_2+
./crux_output/comet_8563_2_1	0.630852	0.681514	0.837379	K.ERGSGGSQPGQ.H	DECOY_AGAP012389-RA_2+
./crux_output/comet_7338_4_4	0.627645	0.681514	0.837379	K.GCTSSFWRFRSSNSCK.L	DECOY_CUFF.5533.1_1+
./crux_output/comet_6568_3_4	0.625267	0.681514	0.837379	R.SPAHYARSLNAHHK.I	DECOY_CUFF.2050.2_1+	DECOY_CUFF.2050.1_1+
./crux_output/comet_9763_3_1	0.623508	0.681514	0.837379	N.HTGHCDDDDDDDDDR.F	DECOY_CUFF.2476.3_1+	DECOY_CUFF.2476.7_2+	DECOY_CUFF.2476.8_2+
./crux_output/comet_5689_4_2	0.621831	0.681514	0.837379	K.HHQSADNRPPEDIEER.A	DECOY_AGAP029774-PA	DECOY_ACOM030623-PA	DECOY_AGAP028427-RA_1+	DECOY_CUFF.9681.4_3+	DECOY_CUFF.9681.3_2+	DECOY_CUFF.9681.1_2+
./crux_output/comet_7859_4_1	0.620245	0.681514	0.837379	K.FDEDEFFGGKVTIDDTAQ.E	DECOY_AGAP009027-PA	DECOY_ACOM029122-PA	DECOY_CUFF.10624.1_1+	DECOY_AGAP009027-RA_1+
./crux_output/comet_7695_2_1	0.615265	0.681514	0.837379	G.RACLSEGCSR.Y	DECOY_TCONS_00032355_2+
./crux_output/comet_6035_3_1	0.613629	0.681514	0.837379	T.DEKKIDFISSSSK.D	DECOY_sp|P06786|TOP2_YEAST
./crux_output/comet_8904_2_4	0.611074	0.681514	0.837379	I.EEEEDDSNDSEK.E	DECOY_CUFF.5114.5_2+
./crux_output/comet_4265_3_4	0.607354	0.682575	0.837379	P.QPQEPQKQDSEK.L	DECOY_AGAP003513-PA	DECOY_AGAP003513-RA_2+
./crux_output/comet_9563_4_1	0.606819	0.682575	0.837379	K.SLSVDRSDSGAAGGTGNAGYAALSALDS.G	DECOY_CUFF.4879.8_1+	DECOY_CUFF.4879.3_2+	DECOY_CUFF.4879.2_3+	DECOY_CUFF.4879.1_2+	DECOY_CUFF.4879.7_3+	DECOY_CUFF.4879.6_1+	DECOY_CUFF.4879.5_2+	DECOY_CUFF.4879.4_3+
./crux_output/comet_9366_3_1	0.605654	0.682575	0.837379	R.THHPLCTARVD.H	DECOY_AGAP001786-RA_2+	DECOY_CUFF.3770.2_2+	DECOY_CUFF.3770.3_2+
./crux_output/comet_6852_2_1	0.602257	0.683685	0.837379	R.SPDYGTTDQG.N	DECOY_AGAP009061-RA_3+	DECOY_CUFF.10700.2_1+	DECOY_CUFF.10700.3_3+	DECOY_CUFF.10700.1_3+
./crux_output/comet_7786_2_3	0.601699	0.684795	0.837379	R.SIFSSSSSSQDS.F	DECOY_CUFF.9740.2_2+	DECOY_CUFF.9740.1_1+
./crux_output/comet_5806_3_4	0.600421	0.685905	0.837379	R.QYEIDDSFFN.L	DECOY_AGAP010710-PA	DECOY_AGAP010710-PB	DECOY_AGAP010710-PC	DECOY_ACOM027453-PA	DECOY_CUFF.7389.1_3+	DECOY_CUFF.7389.2_2+	DECOY_CUFF.7389.4_2+	DECOY_CUFF.7389.3_3+	DECOY_CUFF.7389.5_1+	DECOY_AGAP010710-RA_1+
./crux_output/comet_8689_2_2	0.599847	0.686147	0.837379	R.YLAGDAGADAA.P	DECOY_AGAP009000-RA_3+	DECOY_CUFF.10552.1_2+
./crux_output/comet_10418_2_3	0.596808	0.686147	0.837379	R.HTPTNNET.H	DECOY_CUFF.8827.10_2+	DECOY_CUFF.8827.11_1+	DECOY_CUFF.8827.2_2+	DECOY_CUFF.8827.1_2+
./crux_output/comet_6648_2_1	0.596737	0.686147	0.837379	R.QPVSRVH.S	DECOY_AGAP006275-RA_3+
./crux_output/comet_4512_3_1	0.591735	0.686147	0.837379	R.SPRNRSSWPRCVTT.W	DECOY_AGAP003803-RA_2+
./crux_output/comet_6828_2_1	0.591287	0.686147	0.837379	R.RASISLTW.A	DECOY_sp|P06776|PDE2_YEAST
./crux_output/comet_8560_2_1	0.590720	0.686147	0.837379	R.YLSSAFCSECSIS.V	DECOY_AGAP007954-RA_3+
./crux_output/comet_7233_2_3	0.589526	0.686147	0.837379	K.GISHEVTTA.I	DECOY_ACOM026450-PA
./crux_output/comet_8121_2_2	0.583909	0.686147	0.837379	K.ACLQYIC.S	DECOY_AGAP000073-PA	DECOY_CUFF.15857.2_2+	DECOY_CUFF.15857.1_3+	DECOY_AGAP000073-RA_1+
./crux_output/comet_7011_2_5	0.583426	0.686147	0.837379	T.ARTSTLPK.V	DECOY_AGAP007374-PA	DECOY_ACOM025632-PA	DECOY_CUFF.2732.1_3+	DECOY_CUFF.2732.2_2+	DECOY_AGAP007374-RA_2+
./crux_output/comet_9968_3_1	0.581948	0.686147	0.837379	K.GSCAFFYFQNVSGLYCARVW.Y	DECOY_TCONS_00040953_3+
./crux_output/comet_7624_3_1	0.579918	0.686147	0.837379	K.CDVTHERASMNC.X	DECOY_AGAP007833-RA_3+	DECOY_CUFF.9461.1_1+
./crux_output/comet_878_2_1	0.577071	0.686147	0.837379	R.VYFHVGP.G	DECOY_CUFF.14291.1_3+
./crux_output/comet_9644_2_4	0.573339	0.686147	0.837379	R.VFLYLDN.M	DECOY_AGAP010500-PA	DECOY_ACOM041687-PA	DECOY_AGAP010500-RA_3+
./crux_output/comet_9592_4_1	0.570112	0.686147	0.837379	L.ACERLMTGCNLAIEQHEYGAMR.Y	DECOY_AGAP000812-PA	DECOY_ACOM040250-PA	DECOY_CUFF.16946.1_3+	DECOY_CUFF.16946.2_1+	DECOY_CUFF.16946.3_1+	DECOY_CUFF.16946.4_2+	DECOY_CUFF.16946.5_1+	DECOY_CUFF.16946.6_2+	DECOY_AGAP000812-RA_1+
./crux_output/comet_8903_2_1	0.567958	0.686147	0.837379	R.LSPCCTQTSTSRTM.H	DECOY_AGAP002137-RA_2+	DECOY_CUFF.3865.1_1+
./crux_output/comet_8550_2_3	0.555630	0.686147	0.837379	K.NAPCQVLD.Q	DECOY_CUFF.3604.1_1+	DECOY_AGAP001826-RA_3+
./crux_output/comet_9596_2_1	0.551293	0.687229	0.837379	R.VYSSNNCSHAD.S	DECOY_sp|Q12207|NCE2_YEAST
./crux_output/comet_7242_3_2	0.550603	0.687500	0.837379	R.TPGAYPPSQALEII.L	DECOY_CUFF.9747.1_1+
./crux_output/comet_10159_3_3	0.549547	0.687500	0.837379	T.AAEDDDLDDAGYYEGKK.E	DECOY_sp|Q12136|SAS10_YEAST
./crux_output/comet_8519_3_2	0.549002	0.687500	0.837379	R.DDDGDEESTNELAL.S	DECOY_sp|P40072|SLX8_YEAST
./crux_output/comet_8434_3_2	0.543029	0.687836	0.837379	K.MERDLREALDTND.Q	DECOY_ACOM031578-PA
./crux_output/comet_9623_3_2	0.542566	0.688172	0.837379	T.QMPTCTIGRCEIGK.E	DECOY_CUFF.576.1_3+	DECOY_CUFF.576.2_1+	DECOY_CUFF.576.4_2+	DECOY_CUFF.576.5_2+	DECOY_CUFF.576.6_1+	DECOY_CUFF.576.7_1+
./crux_output/comet_6879_2_1	0.542268	0.689146	0.837379	R.AYDTNKLE.G	DECOY_AGAP010026-PA	DECOY_AGAP010026-PB	DECOY_ACOM033505-PA	DECOY_AGAP010026-RA_1+	DECOY_CUFF.12095.1_3+	DECOY_CUFF.12095.3_3+	DECOY_CUFF.12095.2_3+	DECOY_CUFF.12095.5_3+	DECOY_CUFF.12095.4_3+
./crux_output/comet_9946_2_1	0.541818	0.689146	0.837379	R.TDSPLPHCVCVS.R	DECOY_AGAP006936-RB_2+	DECOY_AGAP006936-RA_1+
./crux_output/comet_4810_2_2	0.537479	0.689146	0.837379	R.HDNGIPQHPGEY.N	DECOY_sp|P26798|INO2_YEAST
./crux_output/comet_6301_4_1	0.537182	0.689146	0.837379	R.ASLLDVMGSKGSDETAI.A	DECOY_AGAP003182-PA	DECOY_ACOM035635-PA	DECOY_AGAP003182-RA_1+
./crux_output/comet_8101_2_1	0.535801	0.689146	0.837379	K.QFNKKNK.I	DECOY_CUFF.1049.1_2+
./crux_output/comet_10043_3_1	0.534308	0.689146	0.837379	D.GGGAGGAGDGGDEDEDDDEER.G	DECOY_AGAP009028-PA	DECOY_ACOM029127-PA	DECOY_AGAP009028-RA_1+	DECOY_CUFF.10628.2_1+
./crux_output/comet_9302_3_1	0.531902	0.689146	0.837379	T.GPTDICFCHGVQHK.Q	DECOY_CUFF.9947.1_3+	DECOY_AGAP008411-RA_2+
./crux_output/comet_5398_2_5	0.531865	0.689146	0.837379	R.QVFDIVK.I	DECOY_AGAP004271-PA	DECOY_ACOM033049-PA	DECOY_AGAP004271-RA_2+
./crux_output/comet_7046_2_4	0.529185	0.689146	0.837379	R.IEMGCEDYSITIW.S	DECOY_CUFF.5202.2_2+
./crux_output/comet_9888_2_1	0.526131	0.689146	0.837379	R.APEDIAGAGDL.Q	DECOY_AGAP000558-PB	DECOY_CUFF.16455.2_1+	DECOY_AGAP000558-RB_1+
./crux_output/comet_6630_2_2	0.523925	0.689146	0.837379	R.EFASSCQR.P	DECOY_CUFF.1633.1_1+	DECOY_CUFF.1633.2_1+	DECOY_CUFF.1633.3_1+
./crux_output/comet_9060_2_3	0.520188	0.689146	0.837379	R.KTKMEETENK.K	DECOY_CUFF.9527.3_1+
./crux_output/comet_7803_2_1	0.518589	0.689146	0.837379	L.AVPDAPPR.W	DECOY_AGAP002996-RD_2+	DECOY_AGAP002996-RA_3+	DECOY_AGAP002996-RC_2+	DECOY_AGAP002996-RB_1+	DECOY_CUFF.4699.7_1+	DECOY_CUFF.4699.2_3+	DECOY_CUFF.4699.1_2+
./crux_output/comet_5653_2_3	0.517639	0.689146	0.837379	I.QSSLTFQRSMR.V	DECOY_CUFF.16056.1_3+
./crux_output/comet_8477_3_1	0.514196	0.689690	0.837379	R.PSLTARGREGQCER.G	DECOY_CUFF.4260.1_3+
./crux_output/comet_884_2_2	0.513905	0.689690	0.837379	K.SPNQPMHMK.H	DECOY_CUFF.3035.8_2+	DECOY_CUFF.3035.9_2+	DECOY_CUFF.3035.6_3+	DECOY_CUFF.3035.7_3+	DECOY_CUFF.3035.4_2+	DECOY_CUFF.3035.5_3+	DECOY_CUFF.3035.2_3+	DECOY_CUFF.3035.3_1+	DECOY_CUFF.3035.1_3+	DECOY_CUFF.3035.10_3+	DECOY_AGAP001208-RC_3+
./crux_output/comet_7618_2_5	0.512968	0.689690	0.837379	R.LSSFAQMK.K	DECOY_CUFF.16934.7_1+	DECOY_CUFF.16934.6_2+	DECOY_CUFF.16934.4_1+	DECOY_CUFF.16934.3_2+	DECOY_CUFF.16934.1_2+	DECOY_CUFF.16934.5_1+
./crux_output/comet_6172_3_1	0.511551	0.689690	0.837379	R.LFASPSQKPMSP.T	DECOY_AGAP006935-RC_2+	DECOY_CUFF.2398.1_1+	DECOY_CUFF.2398.4_1+	DECOY_CUFF.2398.8_2+
./crux_output/comet_8733_2_4	0.511036	0.689690	0.837379	K.QPAANSSR.L	DECOY_CUFF.1324.1_3+	DECOY_CUFF.1324.3_3+	DECOY_CUFF.1324.2_2+	DECOY_CUFF.1324.5_3+	DECOY_CUFF.1324.4_2+
./crux_output/comet_7071_3_1	0.509046	0.689690	0.837379	C.DTSVAGNGSRTESRVSVTR.S	DECOY_AGAP010081-RA_2+
./crux_output/comet_7590_2_1	0.508857	0.689690	0.837379	R.TTQYEDSFCTED.D	DECOY_AGAP007788-PA	DECOY_AGAP007788-PB	DECOY_AGAP007788-PC	DECOY_CUFF.9452.4_2+	DECOY_CUFF.9452.1_2+	DECOY_CUFF.9452.3_2+	DECOY_CUFF.9452.2_1+	DECOY_AGAP007788-RA_1+	DECOY_AGAP007788-RC_1+	DECOY_AGAP007788-RB_3+	DECOY_CUFF.9452.5_3+	DECOY_CUFF.9452.7_3+	DECOY_CUFF.9452.6_3+
./crux_output/comet_4843_2_3	0.507261	0.689690	0.837379	K.TFEQPHAQT.L	DECOY_AGAP000984-PA	DECOY_AGAP000984-RA_1+	DECOY_CUFF.17231.2_3+	DECOY_CUFF.17231.3_1+	DECOY_CUFF.17231.5_1+	DECOY_CUFF.17231.1_1+
./crux_output/comet_7270_3_3	0.507260	0.689690	0.837379	F.STASGSKCDMLLNR.G	DECOY_AGAP008763-RB_1+	DECOY_AGAP008763-RA_2+	DECOY_CUFF.10286.3_1+
./crux_output/comet_7199_2_1	0.504290	0.689690	0.837379	R.EDRWCKTDNQSPRE.I	DECOY_AGAP005939-RA_3+
./crux_output/comet_9555_2_1	0.503944	0.689690	0.837379	R.TISVHEEVILA.N	DECOY_sp|P53170|PDK2_YEAST
./crux_output/comet_6374_2_1	0.492524	0.689690	0.837379	E.LDFLTYAAR.A	DECOY_CUFF.3871.2_3+	DECOY_CUFF.3871.1_2+
./crux_output/comet_9242_4_1	0.492336	0.689690	0.837379	L.SSGDHQCHHCRDASGYAHHAR.A	DECOY_AGAP004957-RA_2+
./crux_output/comet_8089_3_4	0.485280	0.689690	0.837379	L.QKPNVDIYCCCIK.K	DECOY_CUFF.9025.12_1+	DECOY_CUFF.9025.5_1+	DECOY_CUFF.9025.3_1+	DECOY_CUFF.9025.8_3+
./crux_output/comet_6018_2_1	0.484994	0.689690	0.837379	V.IRRMCECR.S	DECOY_TCONS_00031946_3+
./crux_output/comet_7546_2_1	0.484078	0.689690	0.837379	R.RSNFTLS.A	DECOY_CUFF.16538.2_3+	DECOY_CUFF.16538.1_3+	DECOY_AGAP000629-RA_2+
./crux_output/comet_8280_2_1	0.483778	0.689690	0.837379	R.TCVIRIM.L	DECOY_CUFF.16631.5_2+	DECOY_CUFF.16631.4_3+	DECOY_CUFF.16631.7_3+	DECOY_CUFF.16631.6_3+	DECOY_CUFF.16631.3_3+	DECOY_CUFF.16631.9_1+	DECOY_CUFF.16631.8_1+	DECOY_CUFF.16631.10_2+
./crux_output/comet_5912_2_1	0.475905	0.689690	0.837379	K.HLDVGSEETNFE.L	DECOY_sp|P32794|AFG2_YEAST
./crux_output/comet_7361_2_1	0.470458	0.689690	0.837379	L.IILLLTLRLLLLLK.N	DECOY_CUFF.11772.2_2+	DECOY_CUFF.11772.3_3+	DECOY_CUFF.11772.1_2+
./crux_output/comet_8430_3_1	0.467580	0.689690	0.837379	R.FWENAPTCMRYTSAPAAG.R	DECOY_CUFF.11483.4_3+	DECOY_CUFF.11483.1_2+	DECOY_CUFF.11483.3_1+	DECOY_CUFF.11483.2_1+
./crux_output/comet_9365_3_3	0.467039	0.689690	0.837379	-.VPGRDVGLGMNDA.G	DECOY_AGAP003994-RA_3+
./crux_output/comet_4784_2_3	0.465655	0.689690	0.837379	K.EVSTHLPK.N	DECOY_CUFF.10488.2_3+	DECOY_CUFF.10488.1_3+	DECOY_AGAP008943-RA_2+
./crux_output/comet_4486_2_2	0.464238	0.689690	0.837379	X.NTASAKPAAR.A	DECOY_AGAP013032-RA_3+	DECOY_CUFF.5636.1_2+	DECOY_CUFF.5636.3_2+	DECOY_CUFF.5636.2_2+
./crux_output/comet_6547_3_2	0.458365	0.689690	0.837379	K.STASAEKRMEK.L	DECOY_ACOM025386-PA
./crux_output/comet_880_2_2	0.456439	0.689690	0.837379	Q.GPGTGDGSGGCGDGQGK.L	DECOY_AGAP008223-RA_3+
./crux_output/comet_4649_2_1	0.456435	0.689690	0.837379	R.HNRGCDVSGA.A	DECOY_CUFF.11334.1_2+	DECOY_CUFF.11334.2_3+
./crux_output/comet_5951_2_1	0.452838	0.689690	0.837379	R.YFALIQTTNG.K	DECOY_CUFF.4441.8_3+	DECOY_CUFF.4441.3_2+
./crux_output/comet_5878_2_1	0.449935	0.689690	0.837379	K.VPRRPVLC.V	DECOY_CUFF.6862.3_1+
./crux_output/comet_5783_2_1	0.443886	0.689690	0.837379	R.SASAQVTDEAP.V	DECOY_AGAP006039-RA_2+
./crux_output/comet_9482_3_1	0.440128	0.689690	0.837379	K.NYCSACCYCCST.P	DECOY_AGAP029269-PA	DECOY_TCONS_00021049_3+	DECOY_TCONS_00021048_3+
./crux_output/comet_10044_4_2	0.438729	0.689690	0.837379	R.SPTCSSCWSSASGCSSWS.G	DECOY_CUFF.4230.1_3+	DECOY_CUFF.4230.2_2+	DECOY_AGAP002516-RA_2+
./crux_output/comet_8474_3_1	0.434248	0.689690	0.837379	I.ASRFVSAMDVK.N	DECOY_TCONS_00009794_1+
./crux_output/comet_4425_2_2	0.431725	0.689690	0.837379	P.CDHVVETR.L	DECOY_CUFF.4047.4_2+	DECOY_CUFF.4047.5_2+	DECOY_CUFF.4047.6_2+	DECOY_CUFF.4047.7_1+	DECOY_CUFF.4047.1_2+	DECOY_CUFF.4047.2_3+	DECOY_CUFF.4047.3_2+	DECOY_CUFF.4047.8_2+	DECOY_CUFF.4047.9_3+	DECOY_AGAP002262-RA_3+	DECOY_CUFF.4047.12_3+	DECOY_CUFF.4047.10_1+	DECOY_CUFF.4047.11_3+
./crux_output/comet_8991_2_1	0.413640	0.689690	0.837379	D.GDEARPGEGR.C	DECOY_AGAP006688-RA_1+
./crux_output/comet_8840_2_1	0.413446	0.689690	0.837379	R.VTGDHSQTNTQW.G	DECOY_CUFF.7531.3_3+	DECOY_CUFF.7531.2_3+	DECOY_CUFF.7531.1_1+
./crux_output/comet_8843_3_1	0.408004	0.690691	0.837379	R.GSTEHHWHRSVMET.A	DECOY_AGAP000676-PA	DECOY_ACOM036256-PA	DECOY_AGAP000676-RA_1+	DECOY_CUFF.16686.1_3+
./crux_output/comet_6683_2_2	0.407356	0.691571	0.837379	R.WLESCIVW.M	DECOY_CUFF.17221.4_2+	DECOY_CUFF.17221.6_1+	DECOY_CUFF.17221.2_2+
./crux_output/comet_7001_2_2	0.406439	0.691571	0.837379	S.LSVLSHGVDR.A	DECOY_AGAP000019-PA	DECOY_ACOM035905-PA	DECOY_AGAP000019-RA_1+	DECOY_CUFF.15782.1_3+
./crux_output/comet_9197_3_1	0.403723	0.691571	0.837379	K.EDDTAPVSENEEDAP.Q	DECOY_AGAP005743-PA	DECOY_ACOM031249-PA	DECOY_AGAP005743-RA_3+
./crux_output/comet_4595_3_1	0.401382	0.691571	0.837379	G.ANHPGAASREHR.S	DECOY_AGAP002091-RA_1+
./crux_output/comet_9567_2_1	0.398753	0.691571	0.837379	K.FASISVCASSE.C	DECOY_CUFF.3645.10_3+	DECOY_CUFF.3645.5_1+	DECOY_CUFF.3645.4_2+	DECOY_CUFF.3645.7_3+	DECOY_CUFF.3645.6_3+	DECOY_CUFF.3645.9_3+	DECOY_CUFF.3645.8_1+
./crux_output/comet_4844_2_1	0.398217	0.691571	0.837379	K.AAPLFRGN.A	DECOY_TCONS_00034795_3+
./crux_output/comet_9046_2_2	0.391899	0.691571	0.837379	R.SSASCITTT.X	DECOY_AGAP004192-RA_3+	DECOY_CUFF.6126.1_1+	DECOY_CUFF.6126.3_3+
./crux_output/comet_4400_2_1	0.390042	0.691571	0.837379	R.LCGNEDAPVFCHG.L	DECOY_AGAP002323-PA	DECOY_ACOM037180-PA	DECOY_AGAP002323-RA_1+
./crux_output/comet_10528_2_1	0.389247	0.691571	0.837379	K.QEDNQQADQ.Q	DECOY_AGAP006669-RA_3+	DECOY_CUFF.2162.1_3+	DECOY_CUFF.2162.2_1+	DECOY_CUFF.2162.3_3+	DECOY_CUFF.2162.4_3+	DECOY_CUFF.2162.5_3+
./crux_output/comet_8410_2_1	0.387984	0.691571	0.837379	R.EGNEEITLFCISS.G	DECOY_AGAP012092-RA_1+
./crux_output/comet_9914_3_3	0.384850	0.691571	0.837379	T.EMDVTTNPFTPSR.A	DECOY_AGAP011492-PA	DECOY_ACOM041442-PA	DECOY_CUFF.8318.2_3+	DECOY_CUFF.8318.1_2+	DECOY_AGAP011492-RA_1+
./crux_output/comet_3704_4_1	0.383813	0.691571	0.837379	R.SNGDTNHSLHTVSQASCNY.G	DECOY_AGAP003710-PA	DECOY_ACOM028833-PA	DECOY_AGAP003710-RA_2+
./crux_output/comet_10482_3_1	0.378171	0.691571	0.837379	D.TTGLILVCCEER.G	DECOY_sp|P22219|VPS15_YEAST
./crux_output/comet_9531_2_1	0.374646	0.691571	0.837379	R.GDAAADDNEGEV.G	DECOY_AGAP005288-PA	DECOY_ACOM027816-PA	DECOY_CUFF.939.7_3+	DECOY_AGAP005288-RA_1+	DECOY_CUFF.939.9_1+	DECOY_CUFF.939.3_1+	DECOY_CUFF.939.2_3+
./crux_output/comet_8915_3_1	0.373999	0.691571	0.837379	R.CVVWMTWTSSRPVTF.S	DECOY_CUFF.4475.3_3+	DECOY_CUFF.4475.1_2+	DECOY_CUFF.4475.2_1+	DECOY_AGAP002797-RA_2+	DECOY_AGAP002797-RB_2+
./crux_output/comet_6520_2_1	0.373072	0.691571	0.837379	K.KDEDIFSIL.Y	DECOY_sp|P38931|SSN2_YEAST
./crux_output/comet_6426_2_3	0.369917	0.691571	0.837379	R.ADARHAVR.L	DECOY_CUFF.5160.1_1+	DECOY_AGAP003506-RA_2+
./crux_output/comet_9350_4_2	0.367779	0.691571	0.837379	K.ISSSAFNPVVIRLLEQMV.F	DECOY_AGAP005915-PA	DECOY_ACOM024951-PA	DECOY_CUFF.1490.1_3+	DECOY_AGAP005915-RA_1+
./crux_output/comet_5660_3_1	0.365640	0.691571	0.837379	R.FGGAARGVADAHQQGHT.R	DECOY_AGAP008263-RA_1+
./crux_output/comet_7832_3_1	0.365535	0.691571	0.837379	K.DSGTVLAHKCKH.G	DECOY_AGAP004756-PA	DECOY_ACOM038434-PA	DECOY_AGAP004756-RA_1+	DECOY_CUFF.395.2_3+	DECOY_CUFF.395.1_2+
./crux_output/comet_5676_2_1	0.364061	0.691571	0.837379	E.VTTSLFNK.D	DECOY_sp|P16861|PFKA1_YEAST
./crux_output/comet_6609_2_1	0.362649	0.691571	0.837379	I.ADAPEPLR.Y	DECOY_AGAP003610-RA_3+
./crux_output/comet_7554_2_3	0.358131	0.691571	0.837379	R.YLSCNEGKP.N	DECOY_CUFF.3848.1_2+
./crux_output/comet_6262_3_3	0.352636	0.691571	0.837379	-.SPVYTPAPNMKDMPYSMA.R	DECOY_ACOM042416-PA
./crux_output/comet_9843_2_5	0.347112	0.691571	0.837379	R.CAADIHGLNDVI.V	DECOY_CUFF.6351.1_2+	DECOY_CUFF.6351.2_2+	DECOY_AGAP004631-RA_3+
./crux_output/comet_8801_3_5	0.340667	0.691571	0.837379	K.INDDILSIDCEMR.S	DECOY_AGAP006623-PA	DECOY_ACOM039444-PA	DECOY_AGAP006623-RA_1+
./crux_output/comet_6907_2_1	0.339454	0.691571	0.837379	K.RAFQALP.E	DECOY_sp|P40367|GPI7_YEAST
./crux_output/comet_4981_2_2	0.328365	0.691571	0.837379	N.DNDDTGNNER.T	DECOY_sp|P09959|SWI6_YEAST
./crux_output/comet_8175_2_1	0.325102	0.691571	0.837379	K.KSCTSSDLT.R	DECOY_TCONS_00013518_3+	DECOY_TCONS_00013519_2+
./crux_output/comet_10164_3_3	0.323473	0.691571	0.837379	F.CFCFPKVLSIQDCVSVCK.K	DECOY_CUFF.16527.1_1+
./crux_output/comet_10591_2_3	0.319274	0.691571	0.837379	K.TIHNIQP.P	DECOY_CUFF.450.1_3+	DECOY_CUFF.450.3_3+	DECOY_CUFF.450.2_3+	DECOY_CUFF.450.5_3+	DECOY_CUFF.450.4_3+	DECOY_CUFF.450.6_3+
./crux_output/comet_9047_3_2	0.317421	0.691571	0.837379	N.TGLSHWTHLDR.M	DECOY_CUFF.4236.8_1+	DECOY_CUFF.4236.9_2+	DECOY_CUFF.4236.3_2+	DECOY_CUFF.4236.6_1+	DECOY_CUFF.4236.7_1+	DECOY_CUFF.4236.5_2+
./crux_output/comet_5739_4_2	0.315879	0.691866	0.837379	K.TNKDLDLGQHTSLDDEM.D	DECOY_sp|P39958|GDI1_YEAST
./crux_output/comet_7995_2_5	0.311665	0.692161	0.837379	K.QFNKKNK.I	DECOY_CUFF.1049.1_2+
./crux_output/comet_4725_2_2	0.310869	0.693117	0.837379	R.EHYHFSKYS.V	DECOY_CUFF.5703.1_1+
./crux_output/comet_8447_3_2	0.310478	0.694073	0.837379	S.RAGFSFCQTHHGWYNK.T	DECOY_CUFF.2762.1_3+
./crux_output/comet_4645_2_1	0.304400	0.694365	0.837379	T.RAALEEAAR.K	DECOY_AGAP003643-PA	DECOY_AGAP003643-RA_1+	DECOY_CUFF.5322.3_1+	DECOY_CUFF.5322.2_1+
./crux_output/comet_6219_3_1	0.303243	0.694948	0.837379	D.GEDSSDTLSSIESMK.K	DECOY_AGAP009550-PA	DECOY_AGAP009550-PB
./crux_output/comet_8279_2_2	0.303121	0.694948	0.837379	V.VPSSSPSGDAASHER.I	DECOY_AGAP000368-PA	DECOY_AGAP000368-RA_3+
./crux_output/comet_9851_3_5	0.300694	0.695528	0.837379	K.SFTAFRACIR.R	DECOY_AGAP006623-RA_2+
./crux_output/comet_7461_4_2	0.300524	0.695528	0.837379	R.KQVIHQFLEAYIHKALADI.N	DECOY_AGAP006479-PA	DECOY_ACOM039653-PA	DECOY_CUFF.1981.4_2+	DECOY_CUFF.1981.1_2+	DECOY_CUFF.1981.3_1+	DECOY_CUFF.1981.2_1+	DECOY_AGAP006479-RA_1+
./crux_output/comet_7999_3_1	0.298508	0.695817	0.837379	X.NACSSECMHEC.-	DECOY_AGAP012540-RA_1+
./crux_output/comet_7822_4_1	0.297742	0.696682	0.837379	K.LSNVNGAASNGHNDNGVGGSLAHEAPGASSDSE.R	DECOY_AGAP029638-PA	DECOY_ACOM027509-PA	DECOY_CUFF.7415.1_1+	DECOY_CUFF.7415.3_1+
./crux_output/comet_3952_3_2	0.297515	0.696682	0.837379	X.HLRYMEPGIGTNCR.K	DECOY_TCONS_00034607_3+
./crux_output/comet_9790_2_1	0.297293	0.696682	0.837379	K.GADGSRSHANRVA.Q	DECOY_CUFF.16511.1_2+	DECOY_AGAP000620-RA_3+	DECOY_CUFF.16511.2_2+
./crux_output/comet_8088_3_3	0.294350	0.696970	0.837379	K.HNDYNHSMER.G	DECOY_CUFF.10018.6_1+	DECOY_CUFF.10018.4_3+	DECOY_CUFF.10018.5_2+	DECOY_CUFF.10018.2_2+	DECOY_CUFF.10018.3_2+
./crux_output/comet_7510_2_2	0.294332	0.697543	0.837379	K.TNNLPAHS.F	DECOY_CUFF.3536.2_2+
./crux_output/comet_4901_3_1	0.292572	0.697543	0.837379	K.VHCAATSGARSSC.P	DECOY_AGAP000610-RA_2+
./crux_output/comet_9352_3_1	0.290524	0.698488	0.837379	G.IWCSAFTCFHTAR.C	DECOY_AGAP012836-RA_2+	DECOY_AGAP004101-RA_3+
./crux_output/comet_7468_2_3	0.290279	0.698965	0.837379	K.KPPRPPIP.E	DECOY_AGAP007452-PB	DECOY_AGAP007452-PC	DECOY_ACOM025699-PA	DECOY_CUFF.2781.6_1+	DECOY_CUFF.2781.4_3+	DECOY_CUFF.2781.2_1+	DECOY_CUFF.2781.1_2+	DECOY_AGAP007452-RA_1+
./crux_output/comet_5128_2_4	0.290063	0.698965	0.837379	K.MVKGFER.I	DECOY_sp|P53741|BRE5_YEAST
./crux_output/comet_8935_2_2	0.286019	0.698965	0.837379	R.AMTSKTSR.Q	DECOY_AGAP002623-PA	DECOY_CUFF.4365.2_3+	DECOY_CUFF.4365.1_1+	DECOY_AGAP002623-RA_1+
./crux_output/comet_10468_2_1	0.284721	0.698965	0.837379	R.HTHTDTTT.R	DECOY_CUFF.2055.1_2+	DECOY_CUFF.2925.5_1+	DECOY_CUFF.2925.4_1+	DECOY_CUFF.2925.3_1+	DECOY_CUFF.2925.2_3+	DECOY_CUFF.2925.1_3+	DECOY_CUFF.2055.3_1+	DECOY_CUFF.2055.2_2+	DECOY_CUFF.2055.5_3+	DECOY_CUFF.2055.4_1+
./crux_output/comet_6966_2_2	0.278011	0.699248	0.837379	R.TAALSARSM.P	DECOY_AGAP003340-RA_1+	DECOY_CUFF.5057.4_2+	DECOY_CUFF.5057.3_3+
./crux_output/comet_6302_3_1	0.277452	0.699438	0.837379	A.EYYFGLAFETRK.G	DECOY_sp|Q07622|ACK1_YEAST
./crux_output/comet_8183_2_3	0.274923	0.699438	0.837379	K.KSTEFDCK.K	DECOY_AGAP007314-RA_3+
./crux_output/comet_9757_3_1	0.274117	0.699438	0.837379	K.CVFSIRFEVKSQ.X	DECOY_AGAP001098-RA_1+	DECOY_CUFF.2977.2_2+
./crux_output/comet_4696_4_4	0.266362	0.700375	0.837379	K.MLTGELNTQNYYGQSASTE.L	DECOY_AGAP028635-PA	DECOY_CUFF.9141.1_2+	DECOY_AGAP012213-RA_1+
./crux_output/comet_8366_3_1	0.264147	0.700935	0.837379	R.VCVCVCCVCRSAVC.A	DECOY_CUFF.15951.1_3+	DECOY_CUFF.15951.2_3+	DECOY_AGAP000112-RA_2+
./crux_output/comet_8199_4_2	0.263622	0.700935	0.837379	F.GECVCLCAGVCSELLRK.A	DECOY_CUFF.2668.7_3+	DECOY_CUFF.2668.10_2+
./crux_output/comet_8233_2_1	0.261697	0.701869	0.837379	R.AGAAERAHGAD.A	DECOY_AGAP008904-RA_3+
./crux_output/comet_9238_2_2	0.261598	0.702804	0.837379	G.GSGAGGGGGGAGGGGGSAGK.E	DECOY_AGAP029634-PA	DECOY_AGAP005925-RA_1+	DECOY_CUFF.1551.1_3+	DECOY_CUFF.1551.7_3+	DECOY_CUFF.1551.6_3+	DECOY_CUFF.1551.5_3+	DECOY_CUFF.1551.4_3+	DECOY_CUFF.1551.14_3+	DECOY_CUFF.1551.13_2+	DECOY_CUFF.1551.10_3+
./crux_output/comet_8999_2_1	0.261219	0.703069	0.837379	R.CNCDMQC.Q	DECOY_CUFF.10977.1_2+
./crux_output/comet_5490_2_3	0.260109	0.703069	0.837379	P.AGAPVPAGPHR.S	DECOY_CUFF.16784.4_3+	DECOY_CUFF.16784.1_2+	DECOY_CUFF.16784.2_1+	DECOY_CUFF.16784.3_3+	DECOY_CUFF.16784.6_1+
./crux_output/comet_7627_2_1	0.259311	0.703069	0.837379	R.CDAPPFSAT.A	DECOY_CUFF.3755.1_3+	DECOY_AGAP002061-RA_2+
./crux_output/comet_7109_2_2	0.256193	0.703069	0.837379	R.HLDVGGDGYDNG.N	DECOY_AGAP010875-PA	DECOY_CUFF.7544.1_2+	DECOY_AGAP010875-RA_1+
./crux_output/comet_7335_2_1	0.253528	0.703069	0.837379	K.LLRSLLQGQRPGFHSLFHT.H	DECOY_AGAP010490-PA	DECOY_AGAP010490-PB	DECOY_ACOM041679-PA	DECOY_CUFF.7056.3_2+	DECOY_CUFF.7056.2_2+	DECOY_CUFF.7056.1_2+	DECOY_AGAP010490-RA_1+	DECOY_AGAP010490-RB_1+
./crux_output/comet_5017_2_1	0.251182	0.703069	0.837379	X.TISGSNSNEGK.N	DECOY_CUFF.4910.1_2+
./crux_output/comet_6836_3_2	0.248615	0.703069	0.837379	R.YPFFHSQSFVITIA.G	DECOY_CUFF.1777.1_3+	DECOY_CUFF.1777.3_2+	DECOY_CUFF.1777.2_2+	DECOY_AGAP006219-RA_2+
./crux_output/comet_6617_3_1	0.247516	0.703069	0.837379	R.HLITDSTAGKGSW.T	DECOY_AGAP004095-RA_1+
./crux_output/comet_9082_3_1	0.239969	0.703069	0.837379	R.GAASHGSLEAETW.C	DECOY_CUFF.2902.1_3+	DECOY_AGAP007645-RA_3+
./crux_output/comet_10481_3_1	0.237591	0.703069	0.837379	K.TQMPNCKGILQ.M	DECOY_CUFF.9706.1_2+
./crux_output/comet_9220_2_1	0.237005	0.703069	0.837379	R.QGDGAGPQDE.L	DECOY_AGAP000579-RA_3+
./crux_output/comet_10073_2_4	0.234150	0.703069	0.837379	M.KACYSQWR.E	DECOY_CUFF.10894.2_2+	DECOY_CUFF.10894.1_1+
./crux_output/comet_9682_3_4	0.234047	0.703069	0.837379	R.GLAGWGAADMPGTPVYNEQWLCAF.F	DECOY_AGAP029065-PA
./crux_output/comet_9795_2_1	0.232837	0.703069	0.837379	R.YLSTGDVVC.S	DECOY_CUFF.6555.1_2+	DECOY_AGAP004665-RA_3+
./crux_output/comet_10045_2_1	0.228513	0.703069	0.837379	R.CVGKCFAFVDWV.C	DECOY_AGAP008080-RA_2+
./crux_output/comet_6712_3_1	0.227699	0.703069	0.837379	V.CPSACSYYEENER.R	DECOY_AGAP006252-PA	DECOY_ACOM039978-PA	DECOY_AGAP006252-RA_1+
./crux_output/comet_10396_3_1	0.225207	0.703069	0.837379	L.YELNFSPDHNVPDCLR.G	DECOY_AGAP000214-PA	DECOY_AGAP000214-RA_1+	DECOY_CUFF.16101.10_3+	DECOY_CUFF.16101.9_3+	DECOY_CUFF.16101.8_3+	DECOY_CUFF.16101.7_1+	DECOY_CUFF.16101.6_1+	DECOY_CUFF.16101.5_2+	DECOY_CUFF.16101.4_3+	DECOY_CUFF.16101.3_1+	DECOY_CUFF.16101.2_1+	DECOY_CUFF.16101.1_2+
./crux_output/comet_5070_2_1	0.223728	0.703069	0.837379	K.HGNEGGRH.T	DECOY_CUFF.16863.3_1+	DECOY_CUFF.16863.4_1+	DECOY_CUFF.16863.5_3+
./crux_output/comet_9085_2_1	0.223523	0.703069	0.837379	K.TATSASSNST.T	DECOY_AGAP011123-PA	DECOY_AGAP011123-PB	DECOY_ACOM023140-PA	DECOY_CUFF.7837.2_3+
./crux_output/comet_5884_2_1	0.219757	0.703069	0.837379	K.LINLSTLNT.I	DECOY_AGAP012442-PA	DECOY_AGAP012442-RA_1+
./crux_output/comet_8401_3_1	0.215597	0.703069	0.837379	S.FTTIFAEGYADELCDDDR.T	DECOY_AGAP000932-PA	DECOY_CUFF.17150.5_3+
./crux_output/comet_5871_3_2	0.212320	0.703069	0.837379	R.RNPTHAHTDDGAS.R	DECOY_CUFF.1028.1_1+
./crux_output/comet_10357_2_2	0.200593	0.703069	0.837379	K.AGSTERLTR.F	DECOY_AGAP004497-RA_1+
./crux_output/comet_6531_2_1	0.200238	0.703069	0.837379	V.QGDDYGTQR.I	DECOY_AGAP013523-RA_3+
./crux_output/comet_9323_2_1	0.196797	0.703069	0.837379	R.MNLLYVF.C	DECOY_CUFF.1806.2_2+	DECOY_CUFF.1806.3_1+	DECOY_CUFF.1806.1_2+	DECOY_CUFF.1806.4_3+
./crux_output/comet_8321_3_1	0.192225	0.703069	0.837379	A.ASSILGSLESLK.L	DECOY_sp|P07257|QCR2_YEAST
./crux_output/comet_8624_3_4	0.188264	0.703069	0.837379	R.CCGWWCWCCVC.R	DECOY_CUFF.5769.1_3+	DECOY_AGAP013315-RA_3+
./crux_output/comet_6849_2_3	0.176562	0.703971	0.837379	K.GGIAVTVW.N	DECOY_AGAP009022-PA	DECOY_ACOM040185-PA	DECOY_AGAP009022-RA_1+
./crux_output/comet_9478_3_1	0.174372	0.704874	0.837379	R.SSSSSSNTSNSSNGNEMAG.N	DECOY_AGAP012273-PA	DECOY_CUFF.9516.1_2+	DECOY_CUFF.9516.2_3+
./crux_output/comet_8549_3_1	0.170427	0.705776	0.837379	E.TDNSLHQTCVAAK.R	DECOY_CUFF.417.1_1+
./crux_output/comet_5640_2_2	0.169657	0.706041	0.837379	R.VGFGSVGFC.M	DECOY_CUFF.3820.1_2+	DECOY_AGAP002084-RA_1+	DECOY_AGAP002084-RB_1+
./crux_output/comet_6245_3_1	0.168516	0.706943	0.837379	R.VSGWVTPAALDSSW.W	DECOY_CUFF.5550.2_1+	DECOY_CUFF.5550.3_1+	DECOY_CUFF.5550.1_2+
./crux_output/comet_7619_4_2	0.168441	0.707062	0.837379	R.GLYLIISSISSVGLKQQGVWS.H	DECOY_CUFF.3064.2_1+	DECOY_CUFF.3064.1_2+	DECOY_CUFF.3064.3_1+
./crux_output/comet_4749_2_1	0.166223	0.707062	0.837379	S.PICVDAAFVR.M	DECOY_CUFF.17072.8_2+	DECOY_CUFF.17072.6_2+
./crux_output/comet_5833_2_1	0.166143	0.707062	0.837379	R.SDSEGEDAE.N	DECOY_CUFF.7547.4_3+	DECOY_AGAP010815-RA_3+
./crux_output/comet_10574_3_1	0.164896	0.707062	0.837379	K.MEDVMGTDVSDPEV.E	DECOY_sp|P32317|AFG1_YEAST
./crux_output/comet_7422_2_1	0.161631	0.707062	0.837379	K.TESIYMIA.S	DECOY_AGAP000773-PA	DECOY_AGAP000773-PB	DECOY_ACOM042361-PA	DECOY_AGAP000773-RA_1+	DECOY_CUFF.16820.2_1+	DECOY_CUFF.16820.1_2+
./crux_output/comet_4997_2_2	0.158704	0.707062	0.837379	K.HPLSEAF.S	DECOY_AGAP003655-RA_1+
./crux_output/comet_8629_2_1	0.158186	0.707062	0.837379	X.CCLTWISCSTR.G	DECOY_TCONS_00022932_2+
./crux_output/comet_7299_3_1	0.153116	0.707062	0.837379	I.QNNKSTFFSRVK.R	DECOY_CUFF.9299.1_2+
./crux_output/comet_8643_2_3	0.150202	0.707062	0.837379	R.FGGELHNQ.S	DECOY_CUFF.3644.1_2+
./crux_output/comet_7621_2_1	0.141854	0.707062	0.837379	K.KPPRPPIP.E	DECOY_AGAP007452-PB	DECOY_AGAP007452-PC	DECOY_ACOM025699-PA	DECOY_CUFF.2781.6_1+	DECOY_CUFF.2781.4_3+	DECOY_CUFF.2781.2_1+	DECOY_CUFF.2781.1_2+	DECOY_AGAP007452-RA_1+
./crux_output/comet_8047_2_1	0.140900	0.707062	0.837379	K.QFNKKNK.I	DECOY_CUFF.1049.1_2+
./crux_output/comet_7103_2_3	0.137417	0.707062	0.837379	R.TTSWSGTSATSSTSAW.Y	DECOY_AGAP011165-RA_1+
./crux_output/comet_5018_2_3	0.137072	0.707062	0.837379	R.VIDMYDNSG.R	DECOY_AGAP001507-PA	DECOY_ACOM034230-PA	DECOY_AGAP001507-RA_3+
./crux_output/comet_9027_2_3	0.126044	0.707062	0.837379	D.CQYVVNAYSDR.C	DECOY_CUFF.5272.1_1+
./crux_output/comet_10312_3_1	0.123825	0.707062	0.837379	K.NDDDDEDDSNND.D	DECOY_sp|P38193|PP4R2_YEAST
./crux_output/comet_6279_3_1	0.122391	0.707062	0.837379	R.FGRVCVGQHANQ.W	DECOY_CUFF.1506.1_2+	DECOY_AGAP005934-RA_2+
./crux_output/comet_6163_3_1	0.112259	0.707062	0.837379	S.CTFFCLCLCVSVNCK.T	DECOY_TCONS_00031806_2+
./crux_output/comet_4722_2_2	0.107733	0.707062	0.837379	W.WQDAAAFIK.C	DECOY_AGAP012225-RA_3+	DECOY_CUFF.9139.1_2+
./crux_output/comet_4385_2_1	0.099845	0.707062	0.837379	R.SSVTNYSASV.S	DECOY_AGAP001854-RA_2+
./crux_output/comet_7070_3_2	0.093543	0.707062	0.837379	Q.LAVSECACVSLSR.R	DECOY_CUFF.8917.5_2+	DECOY_CUFF.8917.2_2+	DECOY_CUFF.8917.3_1+	DECOY_CUFF.8917.1_2+
./crux_output/comet_5229_2_2	0.091767	0.707062	0.837379	K.MGELSEPLGF.I	DECOY_TCONS_00022088_3+
./crux_output/comet_8192_2_2	0.091235	0.707062	0.837379	R.DDDDDDDDED.G	DECOY_AGAP005288-PA	DECOY_ACOM027817-PA	DECOY_CUFF.939.7_3+	DECOY_AGAP005288-RA_1+	DECOY_CUFF.939.9_1+	DECOY_CUFF.939.3_1+	DECOY_CUFF.939.2_3+
./crux_output/comet_7334_3_1	0.086478	0.707062	0.837379	R.ESVEVPADTSSLPTNTAEA.V	DECOY_AGAP010849-PA	DECOY_ACOM027659-PA	DECOY_CUFF.7517.1_1+	DECOY_AGAP010849-RA_2+
./crux_output/comet_10153_2_1	0.083277	0.707062	0.837379	K.GMDPFIE.S	DECOY_sp|Q00578|RAD25_YEAST
./crux_output/comet_9664_4_1	0.080052	0.707062	0.837379	R.TDQGDGDPGECVRLPGAHPGEPGAPESA.R	DECOY_CUFF.3420.1_3+	DECOY_AGAP001673-RA_3+
./crux_output/comet_7562_2_3	0.079164	0.707062	0.837379	K.KPPRPPIP.E	DECOY_AGAP007452-PB	DECOY_AGAP007452-PC	DECOY_ACOM025699-PA	DECOY_CUFF.2781.6_1+	DECOY_CUFF.2781.4_3+	DECOY_CUFF.2781.2_1+	DECOY_CUFF.2781.1_2+	DECOY_AGAP007452-RA_1+
./crux_output/comet_8958_2_1	0.072448	0.707062	0.837379	K.SALDMFSLL.E	DECOY_AGAP013454-PA	DECOY_ACOM034728-PA	DECOY_CUFF.5561.7_1+	DECOY_AGAP013454-RA_1+
./crux_output/comet_7453_2_1	0.068298	0.707934	0.837379	A.AGGLTTARTR.A	DECOY_CUFF.4452.1_2+	DECOY_AGAP002758-RA_2+
./crux_output/comet_5785_2_3	0.066995	0.708806	0.837379	K.QSNNETPLEI.A	DECOY_CUFF.3006.6_1+
./crux_output/comet_9828_3_2	0.066776	0.709677	0.837379	V.FQMIDGFPDHCVCR.D	DECOY_CUFF.16393.7_3+	DECOY_CUFF.16393.2_3+	DECOY_CUFF.16393.9_3+
./crux_output/comet_8988_3_3	0.065852	0.709930	0.837379	K.MLPSSIAEIENAPVG.I	DECOY_sp|P39958|GDI1_YEAST
./crux_output/comet_9497_3_1	0.059838	0.710183	0.837379	K.ANTFHLSQSIYVT.M	DECOY_CUFF.12301.2_1+
./crux_output/comet_7161_2_2	0.059222	0.711053	0.837379	T.EAGRGEAER.G	DECOY_AGAP012121-RA_3+
./crux_output/comet_5314_2_3	0.058780	0.711923	0.837379	K.AIGFDILS.S	DECOY_AGAP002075-PA	DECOY_ACOM042280-PA	DECOY_AGAP002075-RA_1+	DECOY_CUFF.3785.1_3+
./crux_output/comet_10132_3_1	0.056710	0.712794	0.837379	V.LYSTIHPHSYTK.T	DECOY_CUFF.9886.3_1+	DECOY_CUFF.9886.1_2+	DECOY_CUFF.9886.4_2+	DECOY_CUFF.9886.2_3+
./crux_output/comet_6009_3_1	0.056647	0.713551	0.837379	K.GCRVMWCMTPPSVNL.T	DECOY_AGAP003532-RA_1+
./crux_output/comet_6590_2_3	0.055383	0.713551	0.837379	K.LTSLNFFYFVW.P	DECOY_CUFF.15821.3_3+	DECOY_AGAP000013-RA_2+
./crux_output/comet_7914_3_2	0.055013	0.713551	0.837379	F.KQSCGHIPSHR.N	DECOY_TCONS_00033544_1+
./crux_output/comet_5080_2_2	0.054021	0.713551	0.837379	C.CDNAHDNSK.X	DECOY_CUFF.626.4_1+	DECOY_CUFF.626.1_3+	DECOY_CUFF.626.2_2+	DECOY_CUFF.626.3_1+
./crux_output/comet_8281_3_1	0.045570	0.713551	0.837379	V.YACMASGHAGTPVPR.E	DECOY_AGAP006645-RA_1+	DECOY_AGAP006645-RC_1+	DECOY_AGAP006645-RD_2+	DECOY_AGAP006645-RB_2+	DECOY_CUFF.2156.1_1+
./crux_output/comet_8393_2_1	0.043954	0.713551	0.837379	X.ARAPCIK.S	DECOY_AGAP007105-RA_2+
./crux_output/comet_4219_3_5	0.039333	0.713551	0.837379	H.CQDETQATAHLDEK.V	DECOY_CUFF.4303.1_3+
./crux_output/comet_5170_2_1	0.037441	0.713551	0.837379	R.SAAAAPQAGEGAP.R	DECOY_AGAP013410-RA_3+	DECOY_CUFF.16475.1_3+
./crux_output/comet_6998_2_2	0.036317	0.713551	0.837379	R.ASTIVAVSS.H	DECOY_AGAP003426-RA_3+	DECOY_AGAP010868-RA_3+	DECOY_AGAP007268-RA_3+	DECOY_AGAP004927-RA_3+	DECOY_AGAP006801-RA_3+
./crux_output/comet_8454_3_1	0.035688	0.713551	0.837379	K.DTGIAGCMVCIDQTLVFQ.E	DECOY_AGAP011192-PA	DECOY_AGAP011192-PB	DECOY_ACOM038203-PA	DECOY_CUFF.7935.2_1+	DECOY_CUFF.7935.1_1+
./crux_output/comet_4148_3_1	0.028074	0.713551	0.837379	P.GEAGGDCGQGSGAEGR.V	DECOY_CUFF.10115.1_1+	DECOY_AGAP008604-RB_3+	DECOY_AGAP008604-RA_2+
./crux_output/comet_8479_3_5	0.026388	0.713551	0.837379	R.LQVMFYSGGISGP.D	DECOY_AGAP003206-PA	DECOY_AGAP003206-PB	DECOY_AGAP003206-PC	DECOY_ACOM035685-PA	DECOY_CUFF.4942.8_3+	DECOY_CUFF.4942.9_2+	DECOY_CUFF.4942.1_1+	DECOY_CUFF.4942.2_2+	DECOY_CUFF.4942.3_1+	DECOY_CUFF.4942.4_3+	DECOY_CUFF.4942.5_3+	DECOY_CUFF.4942.6_1+	DECOY_CUFF.4942.7_1+	DECOY_CUFF.4942.10_1+	DECOY_AGAP003206-RA_1+	DECOY_AGAP003206-RB_1+
./crux_output/comet_8516_2_1	0.005367	0.713551	0.837379	R.ASCACVSAGDSPWT.T	DECOY_AGAP012261-RA_2+
./crux_output/comet_6796_2_1	0.000023	0.713796	0.837379	Y.AHKNEIK.T	DECOY_CUFF.1718.1_3+	DECOY_CUFF.1718.2_1+	DECOY_CUFF.761.1_3+	DECOY_AGAP006139-RB_2+	DECOY_AGAP006139-RA_2+
./crux_output/comet_8269_3_1	-0.002730	0.713920	0.837379	L.YHLHTHTCTHQHK.Q	DECOY_CUFF.1544.1_2+	DECOY_CUFF.1544.4_3+	DECOY_CUFF.1544.3_2+	DECOY_CUFF.1544.2_2+
./crux_output/comet_7974_2_5	-0.009928	0.713920	0.837379	K.KFELENK.H	DECOY_sp|P13259|PCY1_YEAST	DECOY_TCONS_00032806_3+
./crux_output/comet_10541_4_1	-0.010402	0.713920	0.837379	D.TGAAEGAAGDDHLAATATDDK.A	DECOY_AGAP005919-PA	DECOY_AGAP005919-RA_1+
./crux_output/comet_6324_2_2	-0.017642	0.714774	0.837379	K.ESLADVAIDA.D	DECOY_AGAP001468-PA	DECOY_ACOM034182-PA	DECOY_CUFF.3214.2_2+	DECOY_CUFF.3214.1_2+	DECOY_AGAP001468-RA_1+
./crux_output/comet_6894_3_4	-0.017736	0.714961	0.837379	R.TTTVITVTPCYRNSHT.T	DECOY_AGAP003175-RA_2+	DECOY_CUFF.4863.3_2+	DECOY_CUFF.4863.1_2+
./crux_output/comet_5800_3_1	-0.018493	0.714961	0.837379	R.VPSWTSGRGVGW.R	DECOY_CUFF.2928.7_3+	DECOY_CUFF.2928.5_2+	DECOY_CUFF.2928.2_1+	DECOY_CUFF.2928.1_1+	DECOY_CUFF.2928.10_1+	DECOY_CUFF.2928.11_2+	DECOY_CUFF.2928.12_2+
./crux_output/comet_5452_2_4	-0.023868	0.714961	0.837379	R.SVADWGWSVA.A	DECOY_CUFF.2879.5_3+	DECOY_CUFF.2879.1_3+	DECOY_CUFF.2879.2_3+	DECOY_AGAP007666-RA_2+	DECOY_CUFF.2879.4_3+
./crux_output/comet_9309_3_1	-0.026318	0.714961	0.837379	K.PYWCRCCACSRR.W	DECOY_CUFF.8430.1_1+	DECOY_AGAP011570-RA_2+
./crux_output/comet_7173_2_3	-0.026622	0.714961	0.837379	K.FNFFLENGA.Y	DECOY_CUFF.9731.1_3+
./crux_output/comet_6970_2_2	-0.029855	0.714961	0.837379	R.AGCVAIAVW.L	DECOY_CUFF.16856.4_3+	DECOY_CUFF.16856.3_3+	DECOY_CUFF.16856.8_2+	DECOY_CUFF.16856.9_3+	DECOY_CUFF.16856.11_1+	DECOY_CUFF.16856.14_1+	DECOY_CUFF.16856.15_2+	DECOY_CUFF.16856.16_2+	DECOY_CUFF.16856.10_1+	DECOY_CUFF.16856.12_1+
./crux_output/comet_8253_2_1	-0.029894	0.714961	0.837379	R.DDDDDDDDED.G	DECOY_AGAP005288-PA	DECOY_ACOM027817-PA	DECOY_CUFF.939.7_3+	DECOY_AGAP005288-RA_1+	DECOY_CUFF.939.9_1+	DECOY_CUFF.939.3_1+	DECOY_CUFF.939.2_3+
./crux_output/comet_9452_2_4	-0.034006	0.714961	0.837379	R.QSSPVHGCK.G	DECOY_CUFF.10886.1_2+	DECOY_AGAP009264-RB_2+	DECOY_AGAP009264-RA_2+
./crux_output/comet_5461_2_1	-0.036681	0.714961	0.837379	R.VAGGNGVECSV.P	DECOY_CUFF.9604.3_1+
./crux_output/comet_9551_2_3	-0.040116	0.714961	0.837379	R.CEDCDDHSMVTAD.Q	DECOY_AGAP010062-PA	DECOY_ACOM035391-PA	DECOY_CUFF.11897.1_1+
./crux_output/comet_6567_3_2	-0.041442	0.714961	0.837379	R.TPSIADRPSYQSI.I	DECOY_CUFF.5785.2_2+	DECOY_CUFF.5785.5_3+
./crux_output/comet_6002_2_3	-0.042362	0.714961	0.837379	R.GAGAGFGVSLHVG.G	DECOY_ACOM036683-PA
./crux_output/comet_10408_2_1	-0.043124	0.714961	0.837379	R.SYDMCAVCGGA.F	DECOY_AGAP010930-PA	DECOY_ACOM022815-PA	DECOY_AGAP010930-RA_1+
./crux_output/comet_8342_2_2	-0.044585	0.714961	0.837379	X.CCLTWISCSTR.G	DECOY_TCONS_00022932_2+
./crux_output/comet_10099_4_1	-0.047451	0.714961	0.837379	R.DEEEPEDEDGDLIDDDE.N	DECOY_sp|P53935|NST1_YEAST
./crux_output/comet_7577_2_2	-0.049709	0.714961	0.837379	R.EEGCECMGVCCV.X	DECOY_CUFF.16940.2_1+
./crux_output/comet_8618_2_1	-0.050036	0.714961	0.837379	R.AMSASVSSSAT.V	DECOY_AGAP002741-RA_2+	DECOY_CUFF.4544.1_3+
./crux_output/comet_9141_2_1	-0.052980	0.714961	0.837379	R.GESYEEEDFEDE.L	DECOY_sp|Q12161|PSH1_YEAST
./crux_output/comet_4838_3_1	-0.054151	0.714961	0.837379	K.KKYEDMTLFQ.Q	DECOY_AGAP006475-PA	DECOY_AGAP006475-PB	DECOY_ACOM039669-PA	DECOY_CUFF.1975.1_3+	DECOY_CUFF.1975.3_3+	DECOY_CUFF.1975.2_3+	DECOY_CUFF.1975.5_1+	DECOY_CUFF.1975.4_1+	DECOY_CUFF.1975.6_1+	DECOY_AGAP006475-RA_1+
./crux_output/comet_7342_2_5	-0.063886	0.714961	0.837379	R.RAPVTKTK.R	DECOY_CUFF.9520.2_3+	DECOY_CUFF.9520.1_3+	DECOY_AGAP007867-RA_1+
./crux_output/comet_5684_4_1	-0.064114	0.714961	0.837379	K.CTFEFGARPFTIDDTTG.L	DECOY_CUFF.11547.2_3+	DECOY_CUFF.11547.1_3+
./crux_output/comet_8198_2_4	-0.071031	0.714961	0.837379	K.QFFLCENL.F	DECOY_CUFF.3183.8_1+	DECOY_CUFF.3183.4_2+	DECOY_CUFF.3183.5_3+	DECOY_CUFF.3183.6_1+	DECOY_CUFF.3183.7_2+	DECOY_CUFF.3183.1_2+	DECOY_CUFF.3183.2_3+	DECOY_CUFF.3183.3_3+
./crux_output/comet_6799_3_4	-0.072441	0.714961	0.837379	R.QDTTHHSDLDGDYHGDGL.F	DECOY_CUFF.6267.2_2+	DECOY_CUFF.6267.1_2+	DECOY_AGAP004584-RA_2+
./crux_output/comet_10104_3_2	-0.072574	0.714961	0.837379	R.QMNNEIFDVVQQQQL.L	DECOY_sp|Q05043|RSF1_YEAST
./crux_output/comet_5355_2_1	-0.073904	0.714961	0.837379	D.AEEDDDND.-	DECOY_AGAP011757-PA
./crux_output/comet_10358_3_1	-0.074564	0.714961	0.837379	T.THRSSTCVSSRPR.W	DECOY_AGAP001899-RA_2+
./crux_output/comet_9780_2_1	-0.081171	0.714961	0.837379	R.NQNPSAMSPISENP.S	DECOY_CUFF.10580.2_2+	DECOY_CUFF.10580.3_2+	DECOY_CUFF.10580.1_2+
./crux_output/comet_6490_3_1	-0.092357	0.714961	0.837379	K.SHSGMEHGAQYSHN.N	DECOY_AGAP011360-PA	DECOY_ACOM022778-PA	DECOY_AGAP011360-RB_3+	DECOY_AGAP011360-RA_2+	DECOY_CUFF.8208.5_2+	DECOY_CUFF.8208.4_2+	DECOY_CUFF.8208.6_3+	DECOY_CUFF.8208.1_2+	DECOY_CUFF.8208.3_2+	DECOY_CUFF.8208.2_2+
./crux_output/comet_6198_2_3	-0.094370	0.714961	0.837379	R.QWLMSHPDC.G	DECOY_AGAP001362-RA_3+	DECOY_CUFF.3123.1_3+
./crux_output/comet_6381_3_1	-0.095173	0.714961	0.837379	L.GDSCEGGRDGPR.A	DECOY_AGAP009138-RA_3+	DECOY_CUFF.10766.1_3+
./crux_output/comet_8085_4_2	-0.097711	0.714961	0.837379	E.DNTGEPLMEEDLEFMEFER.D	DECOY_AGAP006129-PA	DECOY_ACOM024631-PA	DECOY_CUFF.1674.1_3+
./crux_output/comet_10167_3_3	-0.098487	0.714961	0.837379	R.HVADARGSLESGDQ.R	DECOY_CUFF.7805.5_3+	DECOY_CUFF.7805.3_3+	DECOY_CUFF.7805.2_3+	DECOY_CUFF.7805.1_3+	DECOY_CUFF.7805.4_3+
./crux_output/comet_10520_3_1	-0.098755	0.714961	0.837379	T.CSCHSSTRNCQK.X	DECOY_CUFF.4454.4_2+	DECOY_CUFF.4454.6_2+	DECOY_CUFF.4454.1_3+	DECOY_CUFF.4454.2_1+	DECOY_CUFF.4454.3_3+
./crux_output/comet_7516_2_1	-0.099929	0.714961	0.837379	R.ASSSASALI.X	DECOY_AGAP010997-RA_2+
./crux_output/comet_6697_3_2	-0.103936	0.714961	0.837379	R.LTTYNTERGQLY.I	DECOY_CUFF.1037.3_2+	DECOY_CUFF.1037.4_2+	DECOY_AGAP005467-RA_2+
./crux_output/comet_4687_3_1	-0.108463	0.714961	0.837379	A.TPESCYISNK.A	DECOY_AGAP013145-RC_3+	DECOY_AGAP013145-RA_2+	DECOY_AGAP013145-RB_2+	DECOY_CUFF.3512.7_3+	DECOY_CUFF.3512.4_2+	DECOY_CUFF.3512.5_3+	DECOY_CUFF.3512.2_3+	DECOY_CUFF.3512.3_2+	DECOY_CUFF.3512.1_3+	DECOY_TCONS_00033814_1+
./crux_output/comet_8372_2_3	-0.108473	0.714961	0.837379	K.EDSSFINNMSIT.E	DECOY_sp|Q04370|PEX12_YEAST
./crux_output/comet_9952_2_1	-0.112392	0.714961	0.837379	R.DPDDGDGL.A	DECOY_CUFF.1564.1_3+	DECOY_AGAP006016-RA_3+
./crux_output/comet_8747_2_1	-0.126465	0.714961	0.837379	F.ARVACIK.S	DECOY_CUFF.10174.2_2+
./crux_output/comet_9673_3_2	-0.130535	0.714961	0.837379	H.RQGHLADPGGPLGLK.R	DECOY_CUFF.16619.1_3+	DECOY_AGAP000484-RA_3+
./crux_output/comet_8979_3_2	-0.133333	0.714961	0.837379	R.LSPPAAAAAGESASVASDA.G	DECOY_ACOM036475-PA
./crux_output/comet_9704_3_2	-0.144245	0.714961	0.837379	R.ECQWCCCCHCVK.X	DECOY_CUFF.9937.1_3+
./crux_output/comet_7234_2_4	-0.154666	0.714961	0.837379	K.NTPEPPLA.R	DECOY_ACOM035867-PA
./crux_output/comet_894_2_2	-0.159042	0.714961	0.837379	R.NKSVYTGK.S	DECOY_AGAP006766-RA_2+	DECOY_CUFF.2207.2_1+
./crux_output/comet_9230_2_1	-0.161069	0.714961	0.837379	R.FRVFSPFQA.R	DECOY_CUFF.11153.1_3+
./crux_output/comet_4448_2_4	-0.164106	0.714961	0.837379	K.ECVSLCFC.M	DECOY_CUFF.5096.1_2+	DECOY_CUFF.5096.3_3+	DECOY_CUFF.5096.2_1+
./crux_output/comet_7740_2_5	-0.165237	0.714961	0.837379	R.IFQQLPK.Y	DECOY_sp|Q04549|ARP10_YEAST
./crux_output/comet_3986_3_1	-0.168965	0.714961	0.837379	P.HLREASCTSTTTSPR.C	DECOY_AGAP000051-RA_2+	DECOY_CUFF.15823.3_2+	DECOY_CUFF.15823.1_3+
./crux_output/comet_9327_2_2	-0.169073	0.714961	0.837379	R.KPQQCWV.F	DECOY_AGAP009601-RA_3+	DECOY_CUFF.11232.2_1+	DECOY_CUFF.11232.1_1+
./crux_output/comet_8164_2_5	-0.197265	0.714961	0.837379	R.QATHGPVADGI.A	DECOY_CUFF.17117.3_1+	DECOY_CUFF.17117.2_1+	DECOY_CUFF.17117.1_1+	DECOY_AGAP000576-RA_3+
./crux_output/comet_7845_2_1	-0.200395	0.714961	0.837379	K.QNNSKISEEGISKAD.W	DECOY_sp|P38748|ETP1_YEAST
./crux_output/comet_6229_2_1	-0.201860	0.714961	0.837379	T.ADDLAHDR.A	DECOY_AGAP009166-RA_3+	DECOY_CUFF.10780.2_3+	DECOY_CUFF.10780.1_1+
./crux_output/comet_4508_3_2	-0.206899	0.714961	0.837379	V.DPDRREDLER.R	DECOY_AGAP006766-RA_3+	DECOY_CUFF.2207.2_2+
./crux_output/comet_8145_2_1	-0.213182	0.714961	0.837379	R.CCSTTTSGSSRCG.C	DECOY_CUFF.15931.12_2+	DECOY_CUFF.15931.11_2+	DECOY_CUFF.15931.13_2+	DECOY_CUFF.15931.10_2+	DECOY_CUFF.15931.15_2+	DECOY_CUFF.15931.9_2+	DECOY_CUFF.15931.8_2+	DECOY_CUFF.15931.7_2+	DECOY_CUFF.15931.6_2+	DECOY_CUFF.15931.5_2+	DECOY_CUFF.15931.4_3+	DECOY_CUFF.15931.3_1+	DECOY_CUFF.15931.1_2+	DECOY_AGAP000054-RA_2+	DECOY_CUFF.15931.2_2+
./crux_output/comet_8138_2_1	-0.219489	0.714961	0.837379	R.APFTMDCYYCDFGI.A	DECOY_AGAP010981-PA	DECOY_CUFF.7698.2_1+	DECOY_CUFF.7698.5_2+	DECOY_CUFF.7698.4_1+	DECOY_CUFF.7698.3_3+	DECOY_CUFF.7698.1_1+
./crux_output/comet_8732_2_5	-0.222489	0.714961	0.837379	R.DKDSFRR.A	DECOY_AGAP012017-RA_2+
./crux_output/comet_6574_3_1	-0.222557	0.714961	0.837379	V.STDISVAPSVGEK.R	DECOY_TCONS_00034694_1+
./crux_output/comet_10149_3_2	-0.226023	0.714961	0.837379	R.PTDYLAHRAR.S	DECOY_AGAP012996-RA_2+
./crux_output/comet_4195_3_5	-0.226632	0.714961	0.837379	R.QEKEQTAHKK.I	DECOY_CUFF.3890.1_3+	DECOY_CUFF.3890.3_3+	DECOY_CUFF.3890.2_1+	DECOY_CUFF.3890.5_2+	DECOY_CUFF.3890.4_1+	DECOY_CUFF.3890.7_3+	DECOY_CUFF.3890.6_2+	DECOY_CUFF.3890.8_2+
./crux_output/comet_6029_2_4	-0.238655	0.714961	0.837379	V.INLYVFDNER.L	DECOY_CUFF.4258.2_3+	DECOY_CUFF.4258.1_2+	DECOY_AGAP002546-RA_1+
./crux_output/comet_8191_3_2	-0.241035	0.714961	0.837379	R.TRHLDGDAHQL.L	DECOY_CUFF.3175.1_1+	DECOY_AGAP001379-RA_3+
./crux_output/comet_6782_4_4	-0.246246	0.714961	0.837379	R.GMYGDPSDEDYSDDSDPSGR.D	DECOY_AGAP001265-PA	DECOY_CUFF.3052.1_1+	DECOY_AGAP001265-RA_1+
./crux_output/comet_8906_3_3	-0.247299	0.714961	0.837379	K.IMYTFDLEPVTDST.N	DECOY_ACOM023378-PA
./crux_output/comet_9451_2_1	-0.255508	0.714961	0.837379	G.LFGGGGNSR.S	DECOY_sp|P38334|TRS20_YEAST
./crux_output/comet_3918_3_1	-0.275207	0.714961	0.837379	K.TTTTRRFTMMWSNA.Q	DECOY_AGAP005482-RA_2+
./crux_output/comet_8126_3_4	-0.277880	0.714961	0.837379	D.NESDHDFKPTNPAKR.D	DECOY_AGAP006436-PA	DECOY_AGAP006436-PB	DECOY_ACOM043177-PA	DECOY_CUFF.1945.6_1+	DECOY_CUFF.1945.7_3+	DECOY_CUFF.1945.1_2+	DECOY_CUFF.1945.2_1+	DECOY_CUFF.1945.3_1+
./crux_output/comet_6985_2_1	-0.279073	0.714961	0.837379	N.KFLMNNSTNR.I	DECOY_CUFF.5376.4_1+	DECOY_CUFF.5376.1_1+
./crux_output/comet_5132_2_1	-0.288763	0.714961	0.837379	K.QYNRDTPST.A	DECOY_CUFF.10332.1_3+	DECOY_AGAP008818-RA_3+
./crux_output/comet_8955_2_2	-0.294045	0.714961	0.837379	R.DSTDELDQEEGAD.E	DECOY_ACOM023063-PA
./crux_output/comet_6715_3_1	-0.297780	0.714961	0.837379	R.RSLHLSTPNECLGGY.G	DECOY_CUFF.6018.8_2+	DECOY_CUFF.6018.6_1+	DECOY_CUFF.6018.7_1+	DECOY_CUFF.6018.9_1+	DECOY_AGAP004179-RB_3+	DECOY_AGAP004179-RC_3+
./crux_output/comet_10011_4_2	-0.302453	0.714961	0.837379	V.IGHRSKCIPGIMDDDECICR.Q	DECOY_CUFF.4197.10_3+	DECOY_CUFF.4197.3_1+	DECOY_CUFF.4197.1_2+	DECOY_CUFF.4197.6_1+	DECOY_CUFF.4197.7_2+	DECOY_CUFF.4197.4_1+	DECOY_CUFF.4197.5_2+	DECOY_CUFF.4197.8_3+	DECOY_CUFF.4197.9_1+
./crux_output/comet_8755_2_1	-0.323778	0.715066	0.837379	R.AAGDVATPPGAN.H	DECOY_CUFF.17548.2_3+	DECOY_AGAP000996-RA_3+
./crux_output/comet_7527_2_1	-0.324005	0.715066	0.837379	K.DESSSSGDDSMAGDE.H	DECOY_sp|Q12153|SSF2_YEAST
./crux_output/comet_7734_2_1	-0.325738	0.715066	0.837379	T.GFCMITCSSR.A	DECOY_AGAP008035-RA_2+
./crux_output/comet_4229_3_1	-0.328908	0.715066	0.837379	R.HGKPGGDHVNRE.Q	DECOY_CUFF.4385.1_2+	DECOY_AGAP002539-RB_3+	DECOY_AGAP002539-RA_3+
./crux_output/comet_7925_2_2	-0.329029	0.715066	0.837379	R.DDDDDDDDED.G	DECOY_AGAP005288-PA	DECOY_ACOM027817-PA	DECOY_CUFF.939.7_3+	DECOY_AGAP005288-RA_1+	DECOY_CUFF.939.9_1+	DECOY_CUFF.939.3_1+	DECOY_CUFF.939.2_3+
./crux_output/comet_5572_2_1	-0.336826	0.715066	0.837379	K.VSNFTSIG.C	DECOY_CUFF.9413.4_1+	DECOY_CUFF.9413.1_1+
./crux_output/comet_6858_2_2	-0.340208	0.715066	0.837379	R.CCHSSC.G	DECOY_CUFF.3414.1_3+
./crux_output/comet_8130_2_1	-0.342583	0.715066	0.837379	K.DDDDDNDEDD.D	DECOY_sp|Q08438|VHS3_YEAST
./crux_output/comet_5062_2_1	-0.364280	0.715289	0.837379	R.VIDMYDNSG.R	DECOY_AGAP001507-PA	DECOY_ACOM034230-PA	DECOY_AGAP001507-RA_3+
./crux_output/comet_7589_2_2	-0.373390	0.715953	0.837379	S.APVLVVLLR.L	DECOY_ACOM027170-PA
./crux_output/comet_4160_3_1	-0.379456	0.715953	0.837379	R.QTPVLNIEQVS.P	DECOY_TCONS_00023791_1+
./crux_output/comet_5756_3_1	-0.383207	0.715953	0.837379	R.GGTAGARASCQGDA.D	DECOY_AGAP000041-RA_3+
./crux_output/comet_6511_3_3	-0.391135	0.716174	0.837379	R.RNPTHAHTDDGAS.R	DECOY_CUFF.1028.1_1+
./crux_output/comet_9900_3_2	-0.397089	0.716705	0.837379	K.AEKYLVTLMQSDYNQ.P	DECOY_AGAP009304-RA_3+
./crux_output/comet_5550_2_5	-0.400769	0.716705	0.837379	R.KFVLLISR.Q	DECOY_CUFF.770.1_3+	DECOY_CUFF.770.6_3+
./crux_output/comet_5842_3_1	-0.401512	0.716705	0.837379	R.SHSAASTSGGTGAAT.P	DECOY_AGAP002929-RA_2+
./crux_output/comet_7955_3_1	-0.411895	0.716705	0.837379	R.AFLAPHLANGDDA.I	DECOY_AGAP009550-RA_3+
./crux_output/comet_8230_3_1	-0.413429	0.716705	0.837379	R.VPPSQNKSCVW.S	DECOY_CUFF.16909.2_2+
./crux_output/comet_8602_2_1	-0.420241	0.716705	0.837379	R.GGACLEPVGG.G	DECOY_CUFF.15880.2_3+	DECOY_CUFF.15880.1_3+	DECOY_CUFF.15880.4_3+	DECOY_AGAP013381-RA_3+
./crux_output/comet_9485_2_1	-0.429484	0.716705	0.837379	R.ARLPVPVHG.R	DECOY_CUFF.7837.1_3+	DECOY_CUFF.7837.2_2+	DECOY_AGAP011123-RA_1+
./crux_output/comet_9919_2_3	-0.434567	0.716705	0.837379	K.DVNTIRR.S	DECOY_CUFF.1869.4_2+	DECOY_CUFF.1869.3_3+	DECOY_CUFF.1869.2_1+	DECOY_CUFF.1869.1_1+
./crux_output/comet_7395_2_1	-0.436411	0.716705	0.837379	E.EKMIMAGSR.A	DECOY_AGAP001136-RA_3+
./crux_output/comet_5178_2_1	-0.444225	0.716705	0.837379	R.ACAFVSVV.K	DECOY_CUFF.11522.4_2+	DECOY_CUFF.11522.3_2+	DECOY_CUFF.11522.1_2+
./crux_output/comet_7926_2_1	-0.462144	0.716923	0.837379	R.KNYAKAGVHVE.L	DECOY_AGAP010397-RA_2+
./crux_output/comet_5189_2_1	-0.472241	0.717692	0.913580	P.HFDTADR.Y	DECOY_CUFF.2358.1_3+	DECOY_AGAP006909-RA_2+
./crux_output/comet_7440_2_5	-0.476388	0.718462	0.913580	R.CTERSRAFA.S	DECOY_AGAP008738-RA_3+
./crux_output/comet_8644_2_1	-0.477729	0.719231	0.913580	N.SGSYGQSR.E	DECOY_AGAP004739-RA_3+
./crux_output/comet_10651_2_2	-0.478723	0.720000	0.913580	T.NHCCETTR.T	DECOY_AGAP010313-RA_3+	DECOY_CUFF.7028.1_2+	DECOY_CUFF.7028.2_3+	DECOY_CUFF.7028.3_3+
./crux_output/comet_8571_2_1	-0.482275	0.720769	0.913580	N.FILATLK.A	DECOY_sp|Q08446|SGT1_YEAST	DECOY_AGAP010191-RA_2+
./crux_output/comet_6212_2_1	-0.488052	0.721538	0.913580	E.YCLTDMDR.T	DECOY_sp|P26793|FEN1_YEAST
./crux_output/comet_8690_2_1	-0.488064	0.722180	0.913580	R.YLAGDAGADAA.P	DECOY_AGAP009000-RA_3+	DECOY_CUFF.10552.1_2+
./crux_output/comet_8300_2_1	-0.490367	0.722180	0.913580	-.AFVANEVDA.S	DECOY_TCONS_00033792_3+
./crux_output/comet_5776_2_2	-0.492998	0.722180	0.913580	K.ITSKSRQ.K	DECOY_CUFF.17052.1_3+	DECOY_CUFF.17052.3_1+	DECOY_CUFF.17052.2_1+
./crux_output/comet_6264_2_2	-0.503964	0.722947	0.913580	L.GAHISNGDYAR.X	DECOY_AGAP000017-RA_3+
./crux_output/comet_7513_2_2	-0.507332	0.723160	0.913580	K.KPPRPPIP.E	DECOY_AGAP007452-PB	DECOY_AGAP007452-PC	DECOY_ACOM025699-PA	DECOY_CUFF.2781.6_1+	DECOY_CUFF.2781.4_3+	DECOY_CUFF.2781.2_1+	DECOY_CUFF.2781.1_2+	DECOY_AGAP007452-RA_1+
./crux_output/comet_10436_2_1	-0.516555	0.723242	0.913580	R.EPHSRLLRG.A	DECOY_AGAP006782-RA_1+
./crux_output/comet_7713_2_3	-0.519976	0.723242	0.913580	R.AGEVLAQQE.Y	DECOY_AGAP010135-RA_3+	DECOY_CUFF.11941.2_3+	DECOY_CUFF.11941.1_2+
./crux_output/comet_10585_4_1	-0.519992	0.723242	0.913580	K.ASIGTGGGLGLGYNNNDFSS.A	DECOY_AGAP006381-PA	DECOY_ACOM039824-PA	DECOY_CUFF.1901.1_1+
./crux_output/comet_6656_2_2	-0.536003	0.723664	0.913580	R.QGAARVAHG.V	DECOY_AGAP002869-RA_1+	DECOY_CUFF.4781.1_1+
./crux_output/comet_9590_2_4	-0.536529	0.723664	0.913580	K.AFVGDNEII.L	DECOY_sp|P39535|PHO90_YEAST
./crux_output/comet_6776_4_3	-0.541313	0.723875	0.913580	K.KEIEGGIITSKLQEF.N	DECOY_CUFF.9617.2_1+
./crux_output/comet_5351_3_2	-0.542970	0.724638	0.913580	T.LFISSTSATDR.S	DECOY_CUFF.3850.1_1+	DECOY_AGAP013535-RA_3+	DECOY_CUFF.3850.2_3+
./crux_output/comet_7863_3_5	-0.546076	0.725400	0.913580	K.NSAGAPLTMSFTVGP.V	DECOY_AGAP010174-PA	DECOY_ACOM022514-PA	DECOY_AGAP010174-RA_1+
./crux_output/comet_7775_3_1	-0.548976	0.725610	0.913580	R.KVKFWFCYQ.L	DECOY_CUFF.7397.11_1+	DECOY_CUFF.7397.1_3+	DECOY_CUFF.7397.3_3+	DECOY_CUFF.7397.7_1+
./crux_output/comet_10058_3_5	-0.550680	0.726372	0.913580	D.EAAHVAGEAAASREPER.E	DECOY_AGAP001804-RA_3+
./crux_output/comet_7283_2_4	-0.553656	0.726672	0.913580	R.EDDDDDDDDE.S	DECOY_sp|P31376|SWC3_YEAST
./crux_output/comet_7793_2_5	-0.563988	0.726672	0.913580	R.ERHVTREK.K	DECOY_AGAP010396-PA	DECOY_AGAP010396-RA_3+
./crux_output/comet_10251_3_1	-0.567581	0.726672	0.913580	A.AAEAAAKGGQHVCGK.D	DECOY_AGAP009432-RA_3+
./crux_output/comet_7492_2_4	-0.575706	0.726672	0.913580	R.EYIGGIQTDT.S	DECOY_ACOM041420-PA
./crux_output/comet_4366_3_1	-0.579398	0.726672	0.913580	R.TTTPTSCYRGTLTLQVACG.G	DECOY_CUFF.895.8_2+	DECOY_CUFF.895.2_3+	DECOY_CUFF.895.5_2+	DECOY_CUFF.895.6_2+	DECOY_CUFF.895.7_1+	DECOY_AGAP005205-RF_2+
./crux_output/comet_4942_2_2	-0.581160	0.726672	0.913580	R.AGGGGVWCECP.S	DECOY_TCONS_00014673_3+
./crux_output/comet_5612_2_1	-0.594683	0.726672	0.913580	R.LVKLDVSV.I	DECOY_CUFF.10103.4_3+	DECOY_CUFF.10103.3_1+	DECOY_CUFF.10103.2_1+	DECOY_CUFF.10103.1_3+	DECOY_CUFF.10103.5_3+
./crux_output/comet_7875_2_5	-0.598292	0.726672	0.913580	R.ISSAVMSSSLIMP.R	DECOY_CUFF.15967.1_1+
./crux_output/comet_9308_2_1	-0.602379	0.726672	0.913580	T.AAVKNWR.C	DECOY_sp|P40510|SER33_YEAST	DECOY_sp|P40054|SERA_YEAST
./crux_output/comet_8936_2_1	-0.605889	0.726672	0.913580	R.TTTDCFARWSSV.C	DECOY_AGAP009074-RA_2+	DECOY_CUFF.10732.5_1+	DECOY_CUFF.10732.4_1+	DECOY_CUFF.10732.7_1+	DECOY_CUFF.10732.6_1+	DECOY_CUFF.10732.3_1+	DECOY_CUFF.10732.8_1+	DECOY_CUFF.10732.2_2+	DECOY_CUFF.10732.1_2+
./crux_output/comet_7853_2_2	-0.616892	0.726672	0.913580	K.EDDDDDDSGE.F	DECOY_sp|Q05468|RQC1_YEAST
./crux_output/comet_5822_3_1	-0.619901	0.726672	0.913580	Q.LFCVCEGLFR.X	DECOY_CUFF.10794.1_1+	DECOY_CUFF.10794.2_3+
./crux_output/comet_9442_3_2	-0.623737	0.726672	0.913580	T.TTPHTHTHTYTHR.T	DECOY_CUFF.17522.1_2+
./crux_output/comet_10583_3_5	-0.629535	0.726672	0.913580	R.EDCEEDDQDSEEGNK.S	DECOY_sp|Q03210|NGL3_YEAST
./crux_output/comet_8948_3_2	-0.648011	0.726672	0.913580	R.DCAECCPDQVAT.E	DECOY_sp|P23493|MBR1_YEAST
./crux_output/comet_7415_2_1	-0.650276	0.726672	0.913580	R.GSPQLDSDPVAPEG.A	DECOY_CUFF.1137.6_2+	DECOY_CUFF.1137.5_3+	DECOY_CUFF.1137.4_1+	DECOY_CUFF.1137.3_1+	DECOY_CUFF.1137.2_1+	DECOY_CUFF.1137.1_1+	DECOY_AGAP005536-RA_3+
./crux_output/comet_6046_2_1	-0.664880	0.726672	0.913580	K.CSVPSKPWSQW.P	DECOY_CUFF.15883.5_3+
./crux_output/comet_5737_2_1	-0.665112	0.726672	0.913580	S.QGTSICNK.A	DECOY_CUFF.1093.2_2+	DECOY_CUFF.1093.3_3+
./crux_output/comet_5987_2_1	-0.675957	0.726672	0.913580	A.HPLTVTHNK.E	DECOY_CUFF.5955.3_2+
./crux_output/comet_9577_3_1	-0.683776	0.726672	0.913580	R.GCCCCHDNGAGAQP.G	DECOY_CUFF.11509.8_1+	DECOY_CUFF.11509.2_1+	DECOY_CUFF.11509.6_2+	DECOY_CUFF.11509.4_2+	DECOY_CUFF.11509.5_2+	DECOY_CUFF.11509.3_1+	DECOY_CUFF.11509.1_3+	DECOY_CUFF.11509.7_1+	DECOY_CUFF.11509.11_2+
./crux_output/comet_10509_3_1	-0.701782	0.726672	0.913580	T.ECQQKECREPRPTR.N	DECOY_CUFF.972.2_2+
./crux_output/comet_7690_2_2	-0.703493	0.726672	0.913580	K.DDNEGEDNGE.H	DECOY_AGAP001140-PA	DECOY_ACOM033686-PA	DECOY_AGAP001140-RA_1+	DECOY_CUFF.3138.1_1+	DECOY_CUFF.3138.2_2+	DECOY_CUFF.3138.3_3+
./crux_output/comet_6860_2_1	-0.734375	0.726672	0.913580	R.QNAVIKCVVS.V	DECOY_CUFF.9014.3_2+	DECOY_CUFF.9014.2_2+	DECOY_CUFF.9014.1_1+	DECOY_CUFF.9014.4_2+
./crux_output/comet_8561_2_2	-0.743359	0.726672	0.913580	C.AGKYKIK.I	DECOY_AGAP010624-PA	DECOY_ACOM028884-PA	DECOY_AGAP010624-RA_1+	DECOY_CUFF.7202.1_1+
./crux_output/comet_10635_2_1	-0.752263	0.726672	0.913580	D.LGCVCVCDDDDDDDK.K	DECOY_CUFF.7873.2_1+
./crux_output/comet_8390_3_2	-0.770747	0.726672	0.913580	R.GGQADAAPVIAGYV.H	DECOY_AGAP009225-RA_3+
./crux_output/comet_9405_2_1	-0.771370	0.726672	0.913580	K.NMWCSQCDA.W	DECOY_AGAP008315-RA_3+
./crux_output/comet_10485_4_3	-0.788730	0.726672	0.913580	K.ELFPFDPQHTQTHKYTYDSGQ.X	DECOY_CUFF.11369.2_3+	DECOY_CUFF.11369.3_2+	DECOY_CUFF.11369.1_3+
./crux_output/comet_7127_2_1	-0.791187	0.726672	0.913580	R.FFEQQF.N	DECOY_CUFF.17231.2_2+	DECOY_CUFF.17231.3_3+	DECOY_TCONS_00022149_1+	DECOY_CUFF.17231.5_1+	DECOY_CUFF.17231.1_3+
./crux_output/comet_10046_3_1	-0.806589	0.726672	0.913580	A.GGAASVSKVCLGER.N	DECOY_AGAP013392-RA_2+	DECOY_CUFF.16162.2_2+	DECOY_CUFF.16162.3_1+	DECOY_CUFF.16162.1_1+
./crux_output/comet_8876_3_1	-0.808132	0.726672	0.913580	G.ACDEEWWGCGR.C	DECOY_TCONS_00039546_1+
./crux_output/comet_10151_3_3	-0.840582	0.726672	0.913580	K.SCPGCPGTEGMEWFNDE.L	DECOY_AGAP009701-PA	DECOY_ACOM040395-PA	DECOY_AGAP009701-RA_1+	DECOY_CUFF.11403.1_1+
./crux_output/comet_6082_3_2	-0.843898	0.726672	0.913580	Q.EMRMTAPDIPK.V	DECOY_AGAP009917-PA	DECOY_ACOM029263-PA	DECOY_CUFF.11720.1_1+	DECOY_AGAP009917-RA_1+
./crux_output/comet_9313_3_1	-0.867383	0.726672	0.913580	-.LMEFDEEDEDLSSMD.T	DECOY_sp|P32944|SWE1_YEAST
./crux_output/comet_4307_3_2	-0.869788	0.726672	0.913580	T.PTCGRTATRNR.S	DECOY_AGAP001662-RA_2+	DECOY_CUFF.3462.6_2+	DECOY_CUFF.3462.4_3+	DECOY_CUFF.3462.5_1+	DECOY_CUFF.3462.2_2+	DECOY_CUFF.3462.3_3+	DECOY_CUFF.3462.1_2+
./crux_output/comet_6570_3_3	-0.926816	0.726672	0.913580	R.QGGLVGVARGCVQ.R	DECOY_CUFF.8106.1_1+	DECOY_CUFF.8106.2_3+	DECOY_AGAP011336-RA_3+
./crux_output/comet_6028_2_1	-0.957276	0.726940	0.913580	E.AGSESTSKK.Y	DECOY_AGAP012142-PA	DECOY_ACOM026498-PA	DECOY_CUFF.9074.1_3+	DECOY_AGAP012142-RA_3+
./crux_output/comet_8285_2_1	-0.962817	0.726940	0.913580	S.VQFEESER.D	DECOY_AGAP008935-PA	DECOY_ACOM040639-PA	DECOY_CUFF.10487.1_3+	DECOY_AGAP008935-RA_1+
./crux_output/comet_6096_3_1	-0.965909	0.726940	0.913580	-.CSCWCWWGCWC.C	DECOY_AGAP008185-RA_2+	DECOY_CUFF.9749.1_3+
./crux_output/comet_8920_2_3	-0.974420	0.726940	0.913580	R.LWQLVW.S	DECOY_AGAP011333-RB_2+	DECOY_AGAP011333-RA_2+	DECOY_CUFF.8586.8_1+	DECOY_CUFF.8586.9_1+	DECOY_CUFF.8586.1_2+	DECOY_CUFF.8586.2_1+	DECOY_CUFF.8586.3_3+	DECOY_CUFF.8586.4_3+	DECOY_CUFF.8586.6_2+	DECOY_CUFF.8586.7_2+	DECOY_CUFF.8586.12_3+	DECOY_CUFF.8586.13_3+	DECOY_CUFF.8586.10_1+	DECOY_CUFF.8586.11_1+	DECOY_CUFF.8586.5_3+
./crux_output/comet_9479_3_1	-1.005946	0.727140	0.913580	R.GDCAQHCETCGVC.T	DECOY_CUFF.10086.1_1+
./crux_output/comet_4960_3_4	-1.031861	0.727339	0.913580	R.DGADAARLVEADV.E	DECOY_CUFF.10733.1_2+	DECOY_AGAP009073-RA_3+
./crux_output/comet_3128_2_1	-1.056552	0.727538	0.913580	R.VAESRGTP.X	DECOY_AGAP028183-RA_3+
./crux_output/comet_4754_3_5	-1.078575	0.728261	0.913580	S.ATTFQAVSSSSSK.K	DECOY_CUFF.939.2_3+	DECOY_CUFF.939.1_3+
./crux_output/comet_5194_2_1	-1.083993	0.728261	0.913580	R.ALVIGLAF.L	DECOY_AGAP001723-PA	DECOY_ACOM034555-PA	DECOY_AGAP001723-RA_1+
./crux_output/comet_6271_2_2	-1.085257	0.728261	0.913580	R.QGEDGDGEAGAAN.H	DECOY_AGAP000553-RA_2+	DECOY_CUFF.16445.3_3+	DECOY_CUFF.16445.1_1+
./crux_output/comet_9993_2_1	-1.102012	0.728261	0.913580	K.RQGTASQGIL.P	DECOY_CUFF.3021.1_1+	DECOY_CUFF.3021.3_1+	DECOY_CUFF.3021.2_1+	DECOY_AGAP001194-RA_3+
./crux_output/comet_6498_2_1	-1.104193	0.728261	0.913580	A.FTDFTNER.E	DECOY_CUFF.4333.5_3+
./crux_output/comet_6439_2_1	-1.128482	0.728261	0.913580	R.QQGTYDVCW.I	DECOY_AGAP011211-RA_3+
./crux_output/comet_8414_3_3	-1.200969	0.728261	0.913580	R.NCGCCCGTTTENQ.L	DECOY_AGAP007769-RA_2+
./crux_output/comet_9151_4_2	-1.242757	0.728261	0.913580	R.SSCITTSNSSCCSSSPCCSPVSRNSSS.T	DECOY_AGAP007316-RA_2+	DECOY_CUFF.2626.3_3+	DECOY_CUFF.2626.2_3+	DECOY_CUFF.2626.1_2+
./crux_output/comet_5337_3_3	-1.275690	0.728261	0.913580	I.LFIPNIISFIIK.Y	DECOY_CUFF.5561.2_2+	DECOY_CUFF.5561.3_3+	DECOY_CUFF.5561.1_3+
./crux_output/comet_10549_2_1	-1.342498	0.728986	0.913580	K.TDGNNSSCH.L	DECOY_AGAP001743-PA	DECOY_ACOM034600-PA	DECOY_CUFF.3480.2_1+	DECOY_CUFF.3480.1_1+	DECOY_AGAP001743-RA_1+
./crux_output/comet_5414_2_1	-1.356884	0.729710	0.913580	D.AEEDDDND.-	DECOY_AGAP011757-PA
./crux_output/comet_10424_2_1	-1.373818	0.730435	0.913580	R.ARESFIL.K	DECOY_CUFF.6268.3_2+
./crux_output/comet_9891_2_1	-1.406843	0.731159	0.913580	R.HRLGTAGAA.L	DECOY_CUFF.1264.1_1+	DECOY_AGAP005713-RA_3+
./crux_output/comet_7847_2_1	-1.418318	0.731743	0.913580	T.DSSCCCCR.S	DECOY_ACOM040091-PA
./crux_output/comet_7860_2_5	-1.419460	0.731743	0.913580	R.ADDSHCGC.S	DECOY_CUFF.4316.1_2+	DECOY_CUFF.4316.3_2+	DECOY_CUFF.4316.2_2+
./crux_output/comet_9737_2_1	-1.502365	0.731743	0.913580	Q.KTVATRSR.V	DECOY_CUFF.11731.2_3+
./crux_output/comet_59_3_1	-1.597927	0.732130	1.000000	C.QFCCCCCCK.R	DECOY_TCONS_00001938_1+
./crux_output/comet_9199_2_1	-1.616155	0.732130	1.000000	N.APVTISTR.X	DECOY_AGAP005693-RA_1+
./crux_output/comet_5724_2_3	-1.725420	0.732516	1.000000	R.ALHVMGIAP.D	DECOY_CUFF.12977.1_2+	DECOY_CUFF.12977.2_2+
./crux_output/comet_9111_2_3	-1.872058	0.732516	1.000000	R.SPCCCSCCWG.P	DECOY_AGAP013368-RA_2+
./crux_output/comet_6804_2_1	-2.036096	0.733237	1.000000	R.CRCSCTCW.S	DECOY_AGAP000181-RA_1+
./crux_output/comet_10221_2_1	-2.323371	0.733958	1.000000	R.VDDDDDDDN.C	DECOY_CUFF.4834.8_3+	DECOY_CUFF.4834.13_1+	DECOY_CUFF.4834.6_2+	DECOY_CUFF.4834.4_1+	DECOY_CUFF.4834.5_2+	DECOY_CUFF.4834.2_3+	DECOY_CUFF.4834.1_2+	DECOY_CUFF.4834.9_3+	DECOY_CUFF.4834.11_1+	DECOY_CUFF.4834.12_1+	DECOY_CUFF.4834.14_1+
./crux_output/comet_8481_3_2	-2.375562	0.734679	1.000000	K.DRTSCVCSPCCC.R	DECOY_TCONS_00028200_3+
./crux_output/comet_5560_2_1	-2.578720	0.735400	1.000000	R.MCSCHCSASSA.S	DECOY_CUFF.9059.1_1+	DECOY_AGAP012134-RA_2+	DECOY_CUFF.9059.2_1+
