ProteinGroupId	q-value	posterior_error_prob	score	numPeptides	proteinIds
DECOY_CUFF.15875.2_2+	0.133333	NA	4.525215	1	DECOY_CUFF.15875.2_2+,DECOY_CUFF.15875.7_3+
DECOY_AGAP000617-RA_1+	0.187500	NA	4.345022	1	DECOY_AGAP000617-RA_1+,DECOY_AGAP000617-RB_1+,DECOY_CUFF.16512.1_1+
DECOY_ACOM031228-PA	0.217391	NA	4.150219	1	DECOY_ACOM031228-PA
DECOY_CUFF.11993.2_2+	0.217391	NA	4.071763	1	DECOY_CUFF.11993.2_2+
DECOY_CUFF.8167.1_3+	0.260870	NA	3.542399	1	DECOY_CUFF.8167.1_3+
DECOY_AGAP001724-RA_1+	0.347826	NA	3.515719	1	DECOY_AGAP001724-RA_1+
DECOY_CUFF.3500.1_1+	0.347826	NA	3.515719	2	DECOY_CUFF.3500.1_1+,DECOY_CUFF.3500.2_2+,DECOY_CUFF.3500.3_3+,DECOY_CUFF.3500.4_3+,DECOY_CUFF.3500.5_2+,DECOY_CUFF.3500.6_1+
DECOY_AGAP001407-RA_3+	0.375000	NA	3.502980	1	DECOY_AGAP001407-RA_3+
DECOY_CUFF.2873.2_1+	0.384615	NA	3.408029	1	DECOY_CUFF.2873.2_1+
DECOY_ACOM041175-PA	0.423077	NA	3.327403	1	DECOY_ACOM041175-PA
DECOY_AGAP003151-RA_3+	0.444444	NA	3.325296	1	DECOY_AGAP003151-RA_3+
DECOY_AGAP006943-PA	0.464286	NA	3.280076	1	DECOY_AGAP006943-PA,DECOY_AGAP006943-RA_1+,DECOY_CUFF.2412.1_3+
DECOY_CUFF.5868.1_3+	0.500000	NA	3.264235	1	DECOY_CUFF.5868.1_3+
DECOY_CUFF.1888.4_2+	0.513514	NA	3.245446	1	DECOY_CUFF.1888.4_2+
DECOY_AGAP000747-RA_1+	0.513514	NA	3.206803	1	DECOY_AGAP000747-RA_1+,DECOY_AGAP000747-RB_1+,DECOY_CUFF.16811.1_3+
DECOY_AGAP009975-RA_3+	0.513514	NA	3.194148	1	DECOY_AGAP009975-RA_3+,DECOY_CUFF.11839.1_1+,DECOY_CUFF.11839.2_2+
DECOY_sp|P53008|CWH41_YEAST	0.513514	NA	3.120883	1	DECOY_sp|P53008|CWH41_YEAST
DECOY_AGAP010564-RA_3+	0.513514	NA	3.057277	1	DECOY_AGAP010564-RA_3+,DECOY_CUFF.7123.1_2+,DECOY_CUFF.7123.2_1+,DECOY_CUFF.7123.3_2+,DECOY_CUFF.7123.4_2+,DECOY_CUFF.7123.5_3+
DECOY_CUFF.7864.1_1+	0.540541	NA	2.950302	1	DECOY_CUFF.7864.1_1+
DECOY_AGAP005840-RA_3+	0.567568	NA	2.928546	2	DECOY_AGAP005840-RA_3+
DECOY_CUFF.16688.3_1+	0.594595	NA	2.927046	1	DECOY_CUFF.16688.3_1+
DECOY_CUFF.3452.1_2+	0.621622	NA	2.916947	1	DECOY_CUFF.3452.1_2+
DECOY_ACOM041751-PA	0.648649	NA	2.889053	1	DECOY_ACOM041751-PA,DECOY_AGAP010574-PA,DECOY_AGAP010574-RA_1+,DECOY_CUFF.7059.1_2+
DECOY_CUFF.3874.5_1+	0.675000	NA	2.880577	1	DECOY_CUFF.3874.5_1+
DECOY_ACOM022485-PA	0.675000	NA	2.874685	1	DECOY_ACOM022485-PA,DECOY_AGAP010146-PA,DECOY_AGAP010146-RA_1+
DECOY_sp|P40033|RSM18_YEAST	0.675000	NA	2.870844	1	DECOY_sp|P40033|RSM18_YEAST
DECOY_AGAP006615-RA_1+	0.700000	NA	2.829842	1	DECOY_AGAP006615-RA_1+,DECOY_CUFF.2077.2_1+
DECOY_AGAP000387-RA_3+	0.725000	NA	2.826624	1	DECOY_AGAP000387-RA_3+
DECOY_AGAP006945-RA_2+	0.731707	NA	2.814698	1	DECOY_AGAP006945-RA_2+
DECOY_AGAP009786-RA_1+	0.756098	NA	2.796014	1	DECOY_AGAP009786-RA_1+,DECOY_CUFF.11595.1_1+,DECOY_CUFF.11595.3_2+
DECOY_TCONS_00040240_2+	0.761905	NA	2.794052	1	DECOY_TCONS_00040240_2+
DECOY_CUFF.11276.1_1+	0.770833	NA	2.756379	1	DECOY_CUFF.11276.1_1+,DECOY_CUFF.11276.2_1+,DECOY_CUFF.11276.3_1+,DECOY_CUFF.11276.4_1+,DECOY_CUFF.11276.5_1+,DECOY_CUFF.11276.6_1+
DECOY_TCONS_00014211_3+	0.770833	NA	2.750013	1	DECOY_TCONS_00014211_3+
DECOY_CUFF.3890.7_3+	0.770833	NA	2.741763	2	DECOY_CUFF.3890.7_3+
DECOY_AGAP008231-PA	0.770833	NA	2.720587	1	DECOY_AGAP008231-PA,DECOY_AGAP008231-RA_1+
DECOY_CUFF.16134.1_1+	0.770833	NA	2.699822	1	DECOY_CUFF.16134.1_1+,DECOY_CUFF.16134.2_2+,DECOY_CUFF.16134.3_1+
DECOY_AGAP000581-RA_2+	0.775510	NA	2.688182	1	DECOY_AGAP000581-RA_2+,DECOY_AGAP029660-PA,DECOY_CUFF.17128.2_3+
DECOY_CUFF.10872.1_1+	0.795918	NA	2.680869	1	DECOY_CUFF.10872.1_1+
DECOY_CUFF.4009.1_2+	0.816327	NA	2.679848	1	DECOY_CUFF.4009.1_2+
DECOY_AGAP011169-RA_2+	0.820000	NA	2.666382	1	DECOY_AGAP011169-RA_2+,DECOY_CUFF.7877.1_1+
DECOY_AGAP001319-RA_2+	0.823529	NA	2.658249	1	DECOY_AGAP001319-RA_2+
DECOY_AGAP006461-RA_1+	0.828125	NA	2.654312	1	DECOY_AGAP006461-RA_1+,DECOY_CUFF.2057.2_2+
DECOY_AGAP000579-RA_2+	0.828125	NA	2.646551	1	DECOY_AGAP000579-RA_2+
DECOY_AGAP006101-RA_3+	0.828125	NA	2.644598	1	DECOY_AGAP006101-RA_3+,DECOY_CUFF.1651.1_2+,DECOY_CUFF.1651.2_3+,DECOY_CUFF.1651.3_1+
DECOY_sp|Q08157|YOL19_YEAST	0.828125	NA	2.641498	1	DECOY_sp|Q08157|YOL19_YEAST
DECOY_AGAP010168-RA_2+	0.828125	NA	2.630877	1	DECOY_AGAP010168-RA_2+,DECOY_CUFF.12015.1_1+
DECOY_TCONS_00023368_1+	0.828125	NA	2.628172	1	DECOY_TCONS_00023368_1+
DECOY_TCONS_00000482_1+	0.828125	NA	2.619934	1	DECOY_TCONS_00000482_1+
DECOY_CUFF.9630.2_3+	0.828125	NA	2.564713	1	DECOY_CUFF.9630.2_3+
DECOY_CUFF.6122.2_2+	0.828125	NA	2.549662	1	DECOY_CUFF.6122.2_2+
DECOY_CUFF.6159.1_3+	0.828125	NA	2.542443	1	DECOY_CUFF.6159.1_3+,DECOY_CUFF.6159.2_1+,DECOY_CUFF.6159.3_3+,DECOY_CUFF.6159.4_2+,DECOY_CUFF.6159.5_1+
DECOY_AGAP008268-RA_3+	0.828125	NA	2.542349	1	DECOY_AGAP008268-RA_3+,DECOY_CUFF.9828.1_2+,DECOY_CUFF.9828.2_1+
DECOY_AGAP007940-RB_3+	0.828283	NA	2.513209	1	DECOY_AGAP007940-RB_3+,DECOY_CUFF.9567.1_3+
DECOY_ACOM033680-PA	0.828283	NA	2.504155	1	DECOY_ACOM033680-PA,DECOY_AGAP001132-PA,DECOY_AGAP001132-RA_1+,DECOY_CUFF.3137.1_1+,DECOY_CUFF.3137.2_2+
DECOY_ACOM033946-PA	0.828283	NA	2.502572	1	DECOY_ACOM033946-PA,DECOY_AGAP001328-PA,DECOY_AGAP001328-RA_1+,DECOY_CUFF.3124.1_1+,DECOY_CUFF.3124.2_2+,DECOY_CUFF.3124.3_3+,DECOY_CUFF.3124.4_1+,DECOY_CUFF.3124.5_3+
DECOY_CUFF.16056.2_2+	0.828283	NA	2.475833	1	DECOY_CUFF.16056.2_2+
DECOY_CUFF.624.1_2+	0.828283	NA	2.460938	1	DECOY_CUFF.624.1_2+,DECOY_CUFF.624.2_2+
DECOY_ACOM029402-PA	0.828283	NA	2.452146	1	DECOY_ACOM029402-PA
DECOY_ACOM035653-PA	0.828283	NA	2.450049	1	DECOY_ACOM035653-PA,DECOY_AGAP003186-PA,DECOY_AGAP003186-RA_1+,DECOY_CUFF.4926.1_2+,DECOY_CUFF.4926.3_3+,DECOY_CUFF.4926.4_3+
DECOY_AGAP003580-RA_1+	0.828283	NA	2.437406	1	DECOY_AGAP003580-RA_1+,DECOY_CUFF.5236.1_3+
DECOY_AGAP002579-RA_3+	0.828283	NA	2.431792	1	DECOY_AGAP002579-RA_3+,DECOY_CUFF.4313.1_3+,DECOY_CUFF.4313.2_2+,DECOY_CUFF.4313.3_3+,DECOY_CUFF.4313.6_3+
DECOY_sp|Q08816|YO352_YEAST	0.828283	NA	2.422496	1	DECOY_sp|Q08816|YO352_YEAST
DECOY_AGAP011124-RA_2+	0.828283	NA	2.411637	1	DECOY_AGAP011124-RA_2+,DECOY_CUFF.7826.2_2+
DECOY_AGAP003374-RA_1+	0.828283	NA	2.405470	1	DECOY_AGAP003374-RA_1+,DECOY_CUFF.5193.1_1+
DECOY_sp|P38073|EDS1_YEAST	0.828283	NA	2.399311	1	DECOY_sp|P38073|EDS1_YEAST
DECOY_ACOM022424-PA	0.828283	NA	2.396230	1	DECOY_ACOM022424-PA
DECOY_sp|P38193|PP4R2_YEAST	0.828283	NA	2.384065	2	DECOY_sp|P38193|PP4R2_YEAST
DECOY_CUFF.9376.1_3+	0.828283	NA	2.355561	1	DECOY_CUFF.9376.1_3+,DECOY_CUFF.9376.2_1+,DECOY_CUFF.9376.3_2+
DECOY_AGAP011421-RA_3+	0.828283	NA	2.355468	1	DECOY_AGAP011421-RA_3+,DECOY_CUFF.8309.10_3+,DECOY_CUFF.8309.11_3+,DECOY_CUFF.8309.1_1+,DECOY_CUFF.8309.4_2+,DECOY_CUFF.8309.6_2+,DECOY_CUFF.8309.7_3+,DECOY_CUFF.8309.9_3+
DECOY_ACOM037945-PA	0.828283	NA	2.337860	1	DECOY_ACOM037945-PA,DECOY_AGAP028143-RA_3+
DECOY_CUFF.9354.1_2+	0.828283	NA	2.337433	1	DECOY_CUFF.9354.1_2+
DECOY_AGAP000954-PA	0.828283	NA	2.336737	1	DECOY_AGAP000954-PA,DECOY_AGAP000954-PB,DECOY_AGAP000954-PC,DECOY_AGAP000954-PD,DECOY_AGAP000954-RA_3+,DECOY_AGAP000954-RB_3+,DECOY_AGAP000954-RC_2+,DECOY_AGAP000954-RD_3+,DECOY_CUFF.17521.12_2+,DECOY_CUFF.17521.13_1+,DECOY_CUFF.17521.14_3+,DECOY_CUFF.17521.1_3+,DECOY_CUFF.17521.2_1+,DECOY_CUFF.17521.3_3+,DECOY_CUFF.17521.4_2+,DECOY_CUFF.17521.5_3+,DECOY_CUFF.17521.6_1+,DECOY_CUFF.17521.7_1+,DECOY_CUFF.17521.8_3+
DECOY_AGAP008291-RA_2+	0.828283	NA	2.330439	1	DECOY_AGAP008291-RA_2+
DECOY_CUFF.2884.1_3+	0.828283	NA	2.327333	1	DECOY_CUFF.2884.1_3+
DECOY_AGAP000382-RA_2+	0.828283	NA	2.315385	1	DECOY_AGAP000382-RA_2+
DECOY_CUFF.3252.1_2+	0.828283	NA	2.310405	1	DECOY_CUFF.3252.1_2+,DECOY_CUFF.3252.2_1+
DECOY_AGAP003024-PA	0.828283	NA	2.295281	1	DECOY_AGAP003024-PA,DECOY_AGAP003024-PB,DECOY_AGAP003024-PC,DECOY_AGAP003024-PD,DECOY_AGAP003024-RA_2+,DECOY_AGAP003024-RB_3+,DECOY_AGAP003024-RC_3+,DECOY_AGAP003024-RD_3+,DECOY_CUFF.4689.1_3+
DECOY_CUFF.5188.1_3+	0.828283	NA	2.293123	1	DECOY_CUFF.5188.1_3+,DECOY_CUFF.5188.2_3+,DECOY_CUFF.5188.3_3+,DECOY_CUFF.5188.4_1+,DECOY_CUFF.5188.6_3+,DECOY_CUFF.5188.8_3+
DECOY_CUFF.2999.1_3+	0.828283	NA	2.282163	1	DECOY_CUFF.2999.1_3+
DECOY_AGAP004029-RA_1+	0.828283	NA	2.281484	1	DECOY_AGAP004029-RA_1+
DECOY_AGAP028166-RA_2+	0.828283	NA	2.277213	1	DECOY_AGAP028166-RA_2+,DECOY_CUFF.8082.1_3+
DECOY_CUFF.2906.1_2+	0.828283	NA	2.256513	1	DECOY_CUFF.2906.1_2+
DECOY_CUFF.10176.3_3+	0.828283	NA	2.255549	1	DECOY_CUFF.10176.3_3+
DECOY_AGAP002687-RA_3+	0.828283	NA	2.248584	1	DECOY_AGAP002687-RA_3+,DECOY_CUFF.4405.1_3+
DECOY_CUFF.2520.1_2+	0.828283	NA	2.248373	1	DECOY_CUFF.2520.1_2+,DECOY_CUFF.2520.2_2+,DECOY_CUFF.2520.3_3+,DECOY_CUFF.8013.3_1+
DECOY_ACOM034742-PA	0.828283	NA	2.244599	1	DECOY_ACOM034742-PA,DECOY_AGAP003872-PA,DECOY_AGAP003872-RA_1+,DECOY_CUFF.5555.1_1+
DECOY_CUFF.17492.1_1+	0.828283	NA	2.240408	1	DECOY_CUFF.17492.1_1+,DECOY_CUFF.17492.2_1+,DECOY_CUFF.17492.3_2+,DECOY_CUFF.17492.4_2+
DECOY_AGAP003271-RA_3+	0.828283	NA	2.235352	1	DECOY_AGAP003271-RA_3+,DECOY_CUFF.4943.1_1+
DECOY_AGAP000814-RA_3+	0.828283	NA	2.233479	1	DECOY_AGAP000814-RA_3+,DECOY_CUFF.16875.1_1+,DECOY_CUFF.16875.2_1+
DECOY_ACOM027237-PA	0.828283	NA	2.227100	1	DECOY_ACOM027237-PA,DECOY_AGAP009128-PA,DECOY_AGAP009128-RA_2+
DECOY_sp|Q12224|RLM1_YEAST	0.828283	NA	2.223637	1	DECOY_sp|Q12224|RLM1_YEAST
DECOY_AGAP006682-RA_1+	0.828283	NA	2.215032	1	DECOY_AGAP006682-RA_1+
DECOY_AGAP002481-RA_3+	0.828283	NA	2.211939	1	DECOY_AGAP002481-RA_3+
DECOY_AGAP001009-RA_1+	0.828283	NA	2.197925	1	DECOY_AGAP001009-RA_1+,DECOY_CUFF.17220.1_1+
DECOY_ACOM039563-PA	0.828283	NA	2.182041	1	DECOY_ACOM039563-PA
DECOY_TCONS_00031607_2+	0.828283	NA	2.175623	1	DECOY_TCONS_00031607_2+
DECOY_sp|Q05580|HEL2_YEAST	0.828283	NA	2.174376	1	DECOY_sp|Q05580|HEL2_YEAST
DECOY_TCONS_00009699_1+	0.828283	NA	2.170935	1	DECOY_TCONS_00009699_1+
DECOY_AGAP010459-RA_1+	0.828283	NA	2.164667	1	DECOY_AGAP010459-RA_1+
DECOY_ACOM041384-PA	0.828283	NA	2.163549	1	DECOY_ACOM041384-PA,DECOY_AGAP011525-RA_2+,DECOY_AGAP029492-PA,DECOY_CUFF.8339.1_1+,DECOY_CUFF.8339.2_1+
DECOY_ACOM041338-PA	0.828283	NA	2.154451	1	DECOY_ACOM041338-PA
DECOY_AGAP006771-RA_2+	0.828283	NA	2.148209	1	DECOY_AGAP006771-RA_2+
DECOY_CUFF.2476.3_1+	0.828283	NA	2.141454	1	DECOY_CUFF.2476.3_1+,DECOY_CUFF.2476.7_2+,DECOY_CUFF.2476.8_2+
DECOY_AGAP008067-RA_3+	0.828283	NA	2.141067	1	DECOY_AGAP008067-RA_3+
DECOY_CUFF.6326.3_1+	0.828283	NA	2.126547	1	DECOY_CUFF.6326.3_1+,DECOY_CUFF.6326.4_1+,DECOY_CUFF.6326.5_1+
DECOY_AGAP004437-RC_1+	0.828283	NA	2.123559	1	DECOY_AGAP004437-RC_1+,DECOY_CUFF.6102.11_1+,DECOY_CUFF.6102.1_3+,DECOY_CUFF.6102.3_3+,DECOY_CUFF.6102.4_3+,DECOY_CUFF.6102.5_3+,DECOY_CUFF.6102.6_2+,DECOY_CUFF.6102.7_2+
DECOY_ACOM031716-PA	0.828283	NA	2.121475	1	DECOY_ACOM031716-PA,DECOY_AGAP006767-PA,DECOY_AGAP006767-RA_1+
DECOY_ACOM030115-PA	0.828283	NA	2.114950	1	DECOY_ACOM030115-PA,DECOY_AGAP008344-PA,DECOY_AGAP008344-PB,DECOY_AGAP008344-RA_1+,DECOY_AGAP008344-RB_1+,DECOY_CUFF.9936.2_3+
DECOY_ACOM041085-PA	0.828283	NA	2.099181	1	DECOY_ACOM041085-PA,DECOY_AGAP012543-PA,DECOY_AGAP012543-RA_3+,DECOY_CUFF.13376.1_1+
DECOY_CUFF.16660.2_3+	0.828283	NA	2.098619	1	DECOY_CUFF.16660.2_3+
DECOY_CUFF.519.1_3+	0.828283	NA	2.093779	1	DECOY_CUFF.519.1_3+
DECOY_CUFF.8812.1_1+	0.828283	NA	2.091101	1	DECOY_CUFF.8812.1_1+
DECOY_sp|Q12252|PHM7_YEAST	0.828283	NA	2.083573	1	DECOY_sp|Q12252|PHM7_YEAST
DECOY_AGAP007563-PA	0.828283	NA	2.073900	1	DECOY_AGAP007563-PA,DECOY_AGAP007563-PB,DECOY_AGAP007563-RA_1+,DECOY_AGAP007563-RB_1+,DECOY_CUFF.3009.10_2+,DECOY_CUFF.3009.14_3+,DECOY_CUFF.3009.21_1+,DECOY_CUFF.3009.22_1+,DECOY_CUFF.3009.23_1+,DECOY_CUFF.3009.24_1+,DECOY_CUFF.3009.6_2+
DECOY_ACOM033917-PA	0.828283	NA	2.070561	1	DECOY_ACOM033917-PA,DECOY_AGAP001298-PA,DECOY_AGAP001298-RA_1+,DECOY_CUFF.3100.1_2+,DECOY_CUFF.3100.2_2+,DECOY_CUFF.3100.3_2+,DECOY_CUFF.3100.4_2+,DECOY_CUFF.3100.5_3+
DECOY_AGAP002411-RB_2+	0.828283	NA	2.060756	1	DECOY_AGAP002411-RB_2+,DECOY_CUFF.4167.2_2+
DECOY_AGAP001488-RA_1+	0.828283	NA	2.057665	1	DECOY_AGAP001488-RA_1+,DECOY_AGAP001488-RB_2+,DECOY_CUFF.3241.2_2+
DECOY_TCONS_00002319_2+	0.828283	NA	2.052996	1	DECOY_TCONS_00002319_2+
DECOY_CUFF.11227.10_3+	0.828283	NA	2.052591	1	DECOY_CUFF.11227.10_3+
DECOY_ACOM028189-PA	0.828283	NA	2.050735	1	DECOY_ACOM028189-PA,DECOY_AGAP028014-PA,DECOY_AGAP028014-RA_1+
DECOY_ACOM028910-PA	0.828283	NA	2.046915	1	DECOY_ACOM028910-PA,DECOY_AGAP000679-PA,DECOY_AGAP000679-RA_1+,DECOY_CUFF.16641.1_1+
DECOY_AGAP006042-RA_1+	0.828283	NA	2.031530	1	DECOY_AGAP006042-RA_1+,DECOY_AGAP006042-RB_2+,DECOY_CUFF.1634.10_1+,DECOY_CUFF.1634.1_3+,DECOY_CUFF.1634.2_1+,DECOY_CUFF.1634.3_3+,DECOY_CUFF.1634.4_3+,DECOY_CUFF.1634.5_3+,DECOY_CUFF.1634.6_1+,DECOY_CUFF.1634.7_2+,DECOY_CUFF.1634.8_1+,DECOY_CUFF.1634.9_1+
DECOY_AGAP010645-RA_1+	0.828283	NA	2.023146	1	DECOY_AGAP010645-RA_1+,DECOY_AGAP012577-RA_3+
DECOY_AGAP002200-RA_2+	0.828283	NA	2.021168	1	DECOY_AGAP002200-RA_2+,DECOY_CUFF.3959.1_2+,DECOY_CUFF.3959.2_3+,DECOY_CUFF.3959.3_3+,DECOY_CUFF.3959.4_2+
DECOY_CUFF.6997.1_2+	0.828283	NA	2.011312	1	DECOY_CUFF.6997.1_2+,DECOY_CUFF.6997.2_2+
DECOY_ACOM038277-PA	0.828283	NA	2.007967	1	DECOY_ACOM038277-PA,DECOY_AGAP004833-PA,DECOY_AGAP004833-RA_1+,DECOY_AGAP012685-PA,DECOY_AGAP012685-RA_1+,DECOY_AGAP012699-PA,DECOY_AGAP012699-RA_1+,DECOY_CUFF.14075.1_1+,DECOY_CUFF.14075.2_2+,DECOY_CUFF.14131.1_1+,DECOY_CUFF.14131.2_1+,DECOY_CUFF.433.1_1+,DECOY_CUFF.433.2_1+,DECOY_CUFF.433.3_1+,DECOY_CUFF.433.4_1+,DECOY_CUFF.433.5_1+
DECOY_AGAP002061-RA_2+	0.828283	NA	2.007632	1	DECOY_AGAP002061-RA_2+,DECOY_CUFF.3755.1_3+
DECOY_sp|Q12749|SMC6_YEAST	0.828283	NA	2.007619	1	DECOY_sp|Q12749|SMC6_YEAST
DECOY_AGAP007134-PA	0.828283	NA	2.000142	1	DECOY_AGAP007134-PA
DECOY_ACOM031472-PA	0.828283	NA	1.998122	1	DECOY_ACOM031472-PA,DECOY_AGAP006968-PA,DECOY_AGAP006968-RA_1+
DECOY_CUFF.15891.1_2+	0.828283	NA	1.993019	1	DECOY_CUFF.15891.1_2+,DECOY_CUFF.15891.2_2+
DECOY_sp|P38164|SEA4_YEAST	0.828283	NA	1.990256	1	DECOY_sp|P38164|SEA4_YEAST
DECOY_AGAP001157-RA_3+	0.828283	NA	1.989851	1	DECOY_AGAP001157-RA_3+
DECOY_AGAP012766-RA_1+	0.828283	NA	1.987069	1	DECOY_AGAP012766-RA_1+,DECOY_TCONS_00034234_3+
DECOY_CUFF.5252.1_1+	0.828283	NA	1.974242	1	DECOY_CUFF.5252.1_1+,DECOY_CUFF.5252.2_3+,DECOY_CUFF.5252.3_1+,DECOY_CUFF.5252.4_2+
DECOY_ACOM025699-PA	0.828283	NA	1.974134	1	DECOY_ACOM025699-PA,DECOY_AGAP007452-PB,DECOY_AGAP007452-PC,DECOY_AGAP007452-RA_1+,DECOY_CUFF.2781.1_2+,DECOY_CUFF.2781.2_1+,DECOY_CUFF.2781.4_3+,DECOY_CUFF.2781.6_1+
DECOY_CUFF.12313.1_3+	0.828283	NA	1.973811	1	DECOY_CUFF.12313.1_3+,DECOY_CUFF.13942.1_3+
DECOY_CUFF.4462.1_1+	0.828283	NA	1.970257	1	DECOY_CUFF.4462.1_1+
DECOY_AGAP010516-RA_3+	0.828283	NA	1.967517	1	DECOY_AGAP010516-RA_3+
DECOY_CUFF.16570.1_1+	0.828283	NA	1.965398	1	DECOY_CUFF.16570.1_1+
DECOY_CUFF.709.10_2+	0.828283	NA	1.964564	1	DECOY_CUFF.709.10_2+,DECOY_CUFF.709.11_1+,DECOY_CUFF.709.15_2+
DECOY_CUFF.9695.1_2+	0.828283	NA	1.954927	1	DECOY_CUFF.9695.1_2+
DECOY_AGAP002223-RA_3+	0.828283	NA	1.943192	1	DECOY_AGAP002223-RA_3+
DECOY_CUFF.1509.1_1+	0.828283	NA	1.929911	1	DECOY_CUFF.1509.1_1+,DECOY_CUFF.1509.2_3+,DECOY_CUFF.1509.3_3+
DECOY_ACOM041035-PA	0.828283	NA	1.924942	1	DECOY_ACOM041035-PA,DECOY_AGAP004595-PA,DECOY_AGAP004595-RA_1+,DECOY_CUFF.6315.1_1+,DECOY_CUFF.6315.3_1+
DECOY_CUFF.3469.10_3+	0.828283	NA	1.923343	1	DECOY_CUFF.3469.10_3+,DECOY_CUFF.3469.11_3+,DECOY_CUFF.3469.12_3+,DECOY_CUFF.3469.13_3+,DECOY_CUFF.3469.14_3+,DECOY_CUFF.3469.15_3+,DECOY_CUFF.3469.16_1+
DECOY_CUFF.4454.1_2+	0.828283	NA	1.922515	1	DECOY_CUFF.4454.1_2+,DECOY_CUFF.4454.2_3+,DECOY_CUFF.4454.3_2+,DECOY_CUFF.4454.4_1+,DECOY_CUFF.4454.6_1+
DECOY_ACOM037052-PA	0.828283	NA	1.918606	1	DECOY_ACOM037052-PA,DECOY_AGAP002388-PA,DECOY_AGAP002388-RA_1+
DECOY_sp|P32494|NGG1_YEAST	0.828283	NA	1.914767	1	DECOY_sp|P32494|NGG1_YEAST
DECOY_AGAP000090-RA_2+	0.828283	NA	1.908148	1	DECOY_AGAP000090-RA_2+,DECOY_CUFF.15866.1_3+
DECOY_AGAP009290-RA_3+	0.828283	NA	1.907130	1	DECOY_AGAP009290-RA_3+,DECOY_CUFF.10998.1_3+,DECOY_CUFF.10998.2_3+,DECOY_CUFF.10998.3_3+
DECOY_CUFF.11673.1_1+	0.828283	NA	1.907065	1	DECOY_CUFF.11673.1_1+,DECOY_CUFF.11673.2_1+,DECOY_CUFF.11673.3_1+,DECOY_CUFF.11673.4_2+
DECOY_AGAP008239-RA_2+	0.828283	NA	1.906103	1	DECOY_AGAP008239-RA_2+,DECOY_CUFF.9805.1_3+
DECOY_AGAP003914-RB_1+	0.828283	NA	1.902719	1	DECOY_AGAP003914-RB_1+,DECOY_CUFF.5680.1_1+,DECOY_CUFF.5680.4_1+
DECOY_AGAP008803-RB_2+	0.828283	NA	1.901257	1	DECOY_AGAP008803-RB_2+,DECOY_CUFF.10317.1_1+,DECOY_CUFF.10317.2_1+,DECOY_CUFF.10317.3_1+
DECOY_TCONS_00026387_1+	0.828283	NA	1.900961	1	DECOY_TCONS_00026387_1+
DECOY_CUFF.1261.1_2+	0.828283	NA	1.892002	1	DECOY_CUFF.1261.1_2+,DECOY_CUFF.1261.2_2+
DECOY_CUFF.10540.1_3+	0.828283	NA	1.891434	1	DECOY_CUFF.10540.1_3+,DECOY_CUFF.10540.2_3+
DECOY_AGAP007675-RA_2+	0.828283	NA	1.888393	1	DECOY_AGAP007675-RA_2+
DECOY_TCONS_00021483_1+	0.828283	NA	1.883047	1	DECOY_TCONS_00021483_1+,DECOY_TCONS_00021484_2+
DECOY_CUFF.5252.4_1+	0.828283	NA	1.872681	1	DECOY_CUFF.5252.4_1+
DECOY_CUFF.1560.1_3+	0.828283	NA	1.869898	1	DECOY_CUFF.1560.1_3+
DECOY_AGAP010438-RA_2+	0.828283	NA	1.861880	1	DECOY_AGAP010438-RA_2+,DECOY_CUFF.6912.1_3+
DECOY_AGAP004071-RB_2+	0.828283	NA	1.859472	1	DECOY_AGAP004071-RB_2+
DECOY_AGAP001916-RA_3+	0.828283	NA	1.838907	1	DECOY_AGAP001916-RA_3+,DECOY_CUFF.3656.1_3+,DECOY_CUFF.3656.2_1+,DECOY_CUFF.3656.4_1+,DECOY_CUFF.3656.5_3+
DECOY_AGAP011545-RA_1+	0.828283	NA	1.833923	1	DECOY_AGAP011545-RA_1+,DECOY_CUFF.8362.1_3+,DECOY_CUFF.8362.2_2+,DECOY_CUFF.8362.3_2+
DECOY_ACOM036577-PA	0.828283	NA	1.833523	1	DECOY_ACOM036577-PA,DECOY_AGAP002649-PA,DECOY_AGAP002649-RA_1+,DECOY_CUFF.4394.1_1+,DECOY_CUFF.4394.2_2+,DECOY_CUFF.4394.3_1+
DECOY_ACOM036172-PA	0.828283	NA	1.831653	1	DECOY_ACOM036172-PA,DECOY_AGAP000865-PA,DECOY_AGAP000865-PB,DECOY_AGAP000865-RA_1+,DECOY_CUFF.17072.1_3+,DECOY_CUFF.17072.2_1+,DECOY_CUFF.17072.3_1+,DECOY_CUFF.17072.4_3+,DECOY_CUFF.17072.5_3+,DECOY_CUFF.17072.6_1+,DECOY_CUFF.17072.7_1+,DECOY_CUFF.17072.8_1+
DECOY_CUFF.7933.11_1+	0.828283	NA	1.826988	1	DECOY_CUFF.7933.11_1+,DECOY_CUFF.7933.9_1+
DECOY_ACOM042081-PA	0.828283	NA	1.822439	1	DECOY_ACOM042081-PA,DECOY_AGAP002183-PA,DECOY_AGAP002183-RA_1+
DECOY_TCONS_00031662_1+	0.828283	NA	1.819027	1	DECOY_TCONS_00031662_1+
DECOY_TCONS_00039638_1+	0.828283	NA	1.798469	1	DECOY_TCONS_00039638_1+
DECOY_ACOM029522-PA	0.828283	NA	1.789254	1	DECOY_ACOM029522-PA,DECOY_AGAP000301-PA,DECOY_AGAP000301-RA_1+,DECOY_CUFF.16260.2_1+
DECOY_AGAP009673-RA_3+	0.828283	NA	1.788511	1	DECOY_AGAP009673-RA_3+,DECOY_CUFF.11510.2_3+
DECOY_CUFF.822.1_1+	0.828283	NA	1.779877	1	DECOY_CUFF.822.1_1+
DECOY_sp|Q04549|ARP10_YEAST	0.828283	NA	1.768425	1	DECOY_sp|Q04549|ARP10_YEAST
DECOY_TCONS_00039521_1+	0.828283	NA	1.764709	1	DECOY_TCONS_00039521_1+
DECOY_AGAP011541-PA	0.828283	NA	1.764381	1	DECOY_AGAP011541-PA,DECOY_AGAP011541-RA_1+,DECOY_CUFF.8369.1_3+,DECOY_CUFF.8369.2_2+,DECOY_CUFF.8369.3_3+,DECOY_CUFF.8369.4_1+
DECOY_CUFF.10977.1_2+	0.828283	NA	1.764358	1	DECOY_CUFF.10977.1_2+
DECOY_AGAP008306-RA_1+	0.828283	NA	1.757940	1	DECOY_AGAP008306-RA_1+,DECOY_AGAP008306-RB_3+
DECOY_ACOM023825-PA	0.828283	NA	1.757916	1	DECOY_ACOM023825-PA,DECOY_AGAP001791-PA,DECOY_AGAP001791-RA_1+,DECOY_CUFF.3539.1_1+
DECOY_ACOM028289-PA	0.828283	NA	1.755018	1	DECOY_ACOM028289-PA,DECOY_AGAP003364-PA,DECOY_AGAP003364-RA_1+
DECOY_CUFF.7596.1_1+	0.828283	NA	1.754729	1	DECOY_CUFF.7596.1_1+,DECOY_CUFF.7596.2_2+
DECOY_AGAP012163-RA_3+	0.828283	NA	1.751142	1	DECOY_AGAP012163-RA_3+,DECOY_CUFF.9130.1_3+,DECOY_CUFF.9130.2_1+,DECOY_CUFF.9130.3_2+,DECOY_CUFF.9130.4_2+,DECOY_CUFF.9130.6_2+
DECOY_CUFF.3035.10_2+	0.828283	NA	1.746337	1	DECOY_CUFF.3035.10_2+,DECOY_CUFF.3035.1_1+,DECOY_CUFF.3035.2_1+,DECOY_CUFF.3035.3_2+,DECOY_CUFF.3035.4_3+,DECOY_CUFF.3035.5_2+,DECOY_CUFF.3035.6_1+,DECOY_CUFF.3035.7_1+,DECOY_CUFF.3035.8_1+,DECOY_CUFF.3035.9_1+
DECOY_AGAP013178-RA_2+	0.828283	NA	1.739185	1	DECOY_AGAP013178-RA_2+,DECOY_CUFF.3792.1_1+,DECOY_CUFF.3792.2_1+,DECOY_CUFF.3792.3_2+,DECOY_CUFF.3792.4_3+,DECOY_CUFF.3792.5_2+
DECOY_AGAP011557-RA_3+	0.828283	NA	1.724194	1	DECOY_AGAP011557-RA_3+
DECOY_CUFF.4083.2_2+	0.828283	NA	1.720517	1	DECOY_CUFF.4083.2_2+,DECOY_CUFF.4083.3_2+
DECOY_AGAP001606-RA_2+	0.828283	NA	1.709714	1	DECOY_AGAP001606-RA_2+,DECOY_CUFF.3376.1_2+,DECOY_CUFF.3376.2_1+
DECOY_CUFF.16096.7_2+	0.828283	NA	1.703781	1	DECOY_CUFF.16096.7_2+
DECOY_ACOM027772-PA	0.828283	NA	1.696083	1	DECOY_ACOM027772-PA,DECOY_AGAP010327-PA,DECOY_AGAP010327-RA_1+,DECOY_CUFF.6703.1_3+,DECOY_CUFF.6703.2_3+,DECOY_CUFF.6703.3_1+
DECOY_CUFF.11140.1_1+	0.828283	NA	1.693347	1	DECOY_CUFF.11140.1_1+,DECOY_CUFF.11140.2_1+
DECOY_AGAP013499-RA_2+	0.828283	NA	1.686714	1	DECOY_AGAP013499-RA_2+,DECOY_CUFF.4651.2_1+
DECOY_ACOM026617-PA	0.828283	NA	1.686570	1	DECOY_ACOM026617-PA,DECOY_AGAP012066-PA,DECOY_AGAP012066-RA_1+,DECOY_AGAP012907-PA,DECOY_AGAP012907-RA_1+,DECOY_CUFF.8990.1_1+
DECOY_sp|P22438|SYMM_YEAST	0.828283	NA	1.678382	1	DECOY_sp|P22438|SYMM_YEAST
DECOY_CUFF.633.2_1+	0.828283	NA	1.676854	1	DECOY_CUFF.633.2_1+
DECOY_sp|Q03661|ESC1_YEAST	0.828283	NA	1.675810	1	DECOY_sp|Q03661|ESC1_YEAST
DECOY_CUFF.2832.1_1+	0.828283	NA	1.672481	1	DECOY_CUFF.2832.1_1+,DECOY_CUFF.2832.2_3+,DECOY_CUFF.2832.3_3+,DECOY_CUFF.2832.4_3+,DECOY_CUFF.2832.5_3+
DECOY_CUFF.8043.2_2+	0.828283	NA	1.666082	1	DECOY_CUFF.8043.2_2+
DECOY_CUFF.5272.1_1+	0.828283	NA	1.659130	1	DECOY_CUFF.5272.1_1+
DECOY_ACOM026133-PA	0.828283	NA	1.658578	1	DECOY_ACOM026133-PA,DECOY_AGAP012403-PA,DECOY_AGAP012403-PB,DECOY_CUFF.9332.1_1+,DECOY_CUFF.9332.2_3+,DECOY_CUFF.9332.3_3+,DECOY_CUFF.9332.4_2+
DECOY_AGAP012403-RA_1+	0.828283	NA	1.658578	2	DECOY_AGAP012403-RA_1+
DECOY_AGAP009608-RA_3+	0.828283	NA	1.651643	1	DECOY_AGAP009608-RA_3+,DECOY_CUFF.11249.1_1+,DECOY_CUFF.11249.2_1+,DECOY_CUFF.11249.3_1+
DECOY_AGAP004241-RA_2+	0.828283	NA	1.645763	1	DECOY_AGAP004241-RA_2+,DECOY_CUFF.5893.1_3+
DECOY_ACOM040185-PA	0.828283	NA	1.637647	2	DECOY_ACOM040185-PA,DECOY_AGAP009022-PA,DECOY_AGAP009022-RA_1+
DECOY_CUFF.9831.1_2+	0.828283	NA	1.636075	1	DECOY_CUFF.9831.1_2+,DECOY_CUFF.9831.2_2+
DECOY_AGAP001726-RA_3+	0.828283	NA	1.633272	1	DECOY_AGAP001726-RA_3+,DECOY_CUFF.3500.10_3+,DECOY_CUFF.3500.11_1+,DECOY_CUFF.3500.8_1+,DECOY_CUFF.3500.9_3+
DECOY_AGAP010414-RA_2+	0.828283	NA	1.627704	1	DECOY_AGAP010414-RA_2+
DECOY_sp|P36134|YK21_YEAST	0.828283	NA	1.625809	1	DECOY_sp|P36134|YK21_YEAST
DECOY_CUFF.7593.11_3+	0.828283	NA	1.619166	1	DECOY_CUFF.7593.11_3+,DECOY_CUFF.7593.16_3+,DECOY_CUFF.7593.1_3+
DECOY_AGAP003769-RA_2+	0.828283	NA	1.618426	1	DECOY_AGAP003769-RA_2+
DECOY_CUFF.457.1_2+	0.828283	NA	1.612144	1	DECOY_CUFF.457.1_2+,DECOY_CUFF.457.2_2+,DECOY_CUFF.457.3_2+
DECOY_CUFF.5242.1_1+	0.828283	NA	1.609807	1	DECOY_CUFF.5242.1_1+,DECOY_CUFF.5242.2_1+,DECOY_CUFF.5242.3_1+,DECOY_CUFF.5242.4_3+,DECOY_CUFF.5242.6_1+,DECOY_CUFF.5242.7_1+,DECOY_CUFF.5242.8_1+
DECOY_AGAP013287-RA_2+	0.828283	NA	1.605069	1	DECOY_AGAP013287-RA_2+,DECOY_CUFF.16909.1_3+,DECOY_CUFF.16909.2_1+,DECOY_CUFF.16909.3_2+,DECOY_CUFF.16909.4_2+
DECOY_AGAP002246-RA_3+	0.828283	NA	1.603987	1	DECOY_AGAP002246-RA_3+,DECOY_CUFF.3998.1_3+,DECOY_CUFF.3998.2_1+,DECOY_CUFF.3998.3_1+
DECOY_AGAP008805-RA_2+	0.828283	NA	1.602556	1	DECOY_AGAP008805-RA_2+,DECOY_CUFF.10319.1_3+
DECOY_sp|Q03305|RMT2_YEAST	0.828283	NA	1.601035	1	DECOY_sp|Q03305|RMT2_YEAST
DECOY_AGAP012515-RA_3+	0.828283	NA	1.595102	1	DECOY_AGAP012515-RA_3+,DECOY_CUFF.13147.1_3+,DECOY_CUFF.13147.2_3+
DECOY_CUFF.9527.3_2+	0.828283	NA	1.585513	1	DECOY_CUFF.9527.3_2+
DECOY_AGAP013363-RA_3+	0.828283	NA	1.570669	1	DECOY_AGAP013363-RA_3+,DECOY_CUFF.4451.1_1+
DECOY_AGAP002461-RA_3+	0.828283	NA	1.570587	1	DECOY_AGAP002461-RA_3+
DECOY_CUFF.1594.1_3+	0.828283	NA	1.563785	1	DECOY_CUFF.1594.1_3+,DECOY_CUFF.1594.2_1+,DECOY_CUFF.1594.3_3+,DECOY_CUFF.1594.4_2+
DECOY_AGAP002523-RA_3+	0.828283	NA	1.558641	1	DECOY_AGAP002523-RA_3+,DECOY_CUFF.4259.1_2+,DECOY_CUFF.5196.1_2+,DECOY_CUFF.5196.2_3+
DECOY_AGAP003901-RA_1+	0.828283	NA	1.553296	1	DECOY_AGAP003901-RA_1+,DECOY_CUFF.5574.1_3+
DECOY_sp|P47061|VPS53_YEAST	0.828283	NA	1.552463	1	DECOY_sp|P47061|VPS53_YEAST
DECOY_AGAP006789-RA_2+	0.828283	NA	1.551717	1	DECOY_AGAP006789-RA_2+,DECOY_AGAP006789-RB_3+
DECOY_AGAP000666-RA_2+	0.828283	NA	1.550815	1	DECOY_AGAP000666-RA_2+
DECOY_CUFF.4848.1_2+	0.828283	NA	1.544418	1	DECOY_CUFF.4848.1_2+
DECOY_AGAP009746-RA_3+	0.828283	NA	1.543541	1	DECOY_AGAP009746-RA_3+,DECOY_CUFF.11500.1_1+,DECOY_CUFF.11500.2_1+
DECOY_TCONS_00004070_1+	0.828283	NA	1.539759	1	DECOY_TCONS_00004070_1+
DECOY_sp|Q03266|PABC_YEAST	0.828283	NA	1.535447	1	DECOY_sp|Q03266|PABC_YEAST
DECOY_CUFF.8917.5_3+	0.828283	NA	1.533774	1	DECOY_CUFF.8917.5_3+
DECOY_ACOM037647-PA	0.828283	NA	1.532126	1	DECOY_ACOM037647-PA
DECOY_sp|Q03338|PRP3_YEAST	0.828283	NA	1.531739	1	DECOY_sp|Q03338|PRP3_YEAST
DECOY_AGAP012332-RA_2+	0.828283	NA	1.530360	1	DECOY_AGAP012332-RA_2+,DECOY_CUFF.9247.1_1+,DECOY_CUFF.9247.2_3+,DECOY_CUFF.9247.3_2+,DECOY_CUFF.9247.4_1+
DECOY_AGAP007977-RA_3+	0.828283	NA	1.528867	1	DECOY_AGAP007977-RA_3+
DECOY_CUFF.10534.1_3+	0.828283	NA	1.527203	1	DECOY_CUFF.10534.1_3+
DECOY_ACOM040013-PA	0.828283	NA	1.525086	1	DECOY_ACOM040013-PA,DECOY_AGAP006234-PA,DECOY_AGAP006234-RA_3+
DECOY_AGAP003765-RA_3+	0.828283	NA	1.521316	1	DECOY_AGAP003765-RA_3+
DECOY_CUFF.7322.2_1+	0.828283	NA	1.515105	1	DECOY_CUFF.7322.2_1+
DECOY_TCONS_00040091_2+	0.828283	NA	1.511956	1	DECOY_TCONS_00040091_2+
DECOY_CUFF.16284.10_1+	0.828283	NA	1.508557	1	DECOY_CUFF.16284.10_1+,DECOY_CUFF.16284.1_1+,DECOY_CUFF.16284.2_3+,DECOY_CUFF.16284.3_1+,DECOY_CUFF.16284.4_3+,DECOY_CUFF.16284.5_2+,DECOY_CUFF.16284.6_2+,DECOY_CUFF.16284.7_2+,DECOY_CUFF.16284.9_2+
DECOY_AGAP006428-RA_3+	0.828283	NA	1.505227	1	DECOY_AGAP006428-RA_3+
DECOY_ACOM023289-PA	0.828283	NA	1.504466	1	DECOY_ACOM023289-PA,DECOY_AGAP000196-PA,DECOY_AGAP000196-RA_1+
DECOY_CUFF.1747.1_3+	0.828283	NA	1.499988	1	DECOY_CUFF.1747.1_3+,DECOY_CUFF.1747.3_3+,DECOY_CUFF.1747.4_3+,DECOY_CUFF.1747.5_1+
DECOY_AGAP001460-RA_1+	0.831650	NA	1.481112	1	DECOY_AGAP001460-RA_1+,DECOY_CUFF.3215.1_3+,DECOY_CUFF.3215.2_3+,DECOY_CUFF.3215.3_3+,DECOY_CUFF.3215.4_2+,DECOY_CUFF.3215.5_3+,DECOY_CUFF.3215.6_3+
DECOY_AGAP005263-RA_3+	0.834437	NA	1.480866	1	DECOY_AGAP005263-RA_3+,DECOY_CUFF.904.1_1+
DECOY_AGAP012848-RA_2+	0.834437	NA	1.479946	1	DECOY_AGAP012848-RA_2+
DECOY_ACOM037411-PA	0.834437	NA	1.479060	1	DECOY_ACOM037411-PA,DECOY_AGAP002955-PA,DECOY_AGAP002955-RA_1+
DECOY_AGAP000330-RA_3+	0.834437	NA	1.468507	1	DECOY_AGAP000330-RA_3+,DECOY_AGAP006454-RA_3+,DECOY_CUFF.16245.1_2+,DECOY_CUFF.16245.2_2+,DECOY_CUFF.2013.2_2+,DECOY_CUFF.2013.4_1+,DECOY_CUFF.2871.1_1+,DECOY_CUFF.930.10_3+,DECOY_CUFF.930.1_2+,DECOY_CUFF.930.2_2+,DECOY_CUFF.930.7_1+,DECOY_CUFF.930.8_3+
DECOY_CUFF.10833.1_1+	0.834437	NA	1.464925	1	DECOY_CUFF.10833.1_1+
DECOY_AGAP013313-RA_2+	0.836066	NA	1.456042	1	DECOY_AGAP013313-RA_2+
DECOY_CUFF.3254.10_1+	0.836066	NA	1.455829	1	DECOY_CUFF.3254.10_1+,DECOY_CUFF.3254.11_3+,DECOY_CUFF.3254.12_3+,DECOY_CUFF.3254.2_2+,DECOY_CUFF.3254.3_2+,DECOY_CUFF.3254.4_2+,DECOY_CUFF.3254.5_1+,DECOY_CUFF.3254.6_1+,DECOY_CUFF.3254.9_1+
DECOY_AGAP009131-PA	0.836066	NA	1.451761	1	DECOY_AGAP009131-PA,DECOY_AGAP009131-RA_1+,DECOY_CUFF.10731.1_1+
DECOY_CUFF.17097.7_3+	0.839344	NA	1.449758	1	DECOY_CUFF.17097.7_3+
DECOY_AGAP028007-PA	0.839869	NA	1.448906	2	DECOY_AGAP028007-PA,DECOY_AGAP028007-RA_1+,DECOY_CUFF.8967.2_3+
DECOY_ACOM031514-PA	0.841424	NA	1.446398	1	DECOY_ACOM031514-PA,DECOY_AGAP006926-PA,DECOY_AGAP006926-RA_3+,DECOY_CUFF.2361.1_2+
DECOY_AGAP002303-RA_2+	0.841424	NA	1.446112	1	DECOY_AGAP002303-RA_2+,DECOY_CUFF.4025.1_3+,DECOY_CUFF.4025.2_1+
DECOY_AGAP009960-RA_3+	0.841424	NA	1.445657	1	DECOY_AGAP009960-RA_3+
DECOY_AGAP005334-RA_1+	0.844660	NA	1.443475	1	DECOY_AGAP005334-RA_1+
DECOY_ACOM023729-PA	0.847896	NA	1.442913	1	DECOY_ACOM023729-PA,DECOY_AGAP001863-PA,DECOY_AGAP001863-PB,DECOY_AGAP001863-RA_1+,DECOY_AGAP001863-RB_1+
DECOY_ACOM037548-PA	0.851133	NA	1.442553	1	DECOY_ACOM037548-PA,DECOY_AGAP002884-RA_2+,DECOY_CUFF.4559.1_2+
DECOY_AGAP007959-RA_1+	0.853503	NA	1.442334	1	DECOY_AGAP007959-RA_1+
DECOY_ACOM027068-PA	0.853503	NA	1.441612	1	DECOY_ACOM027068-PA
DECOY_AGAP000847-PA	0.853503	NA	1.424732	1	DECOY_AGAP000847-PA,DECOY_AGAP000847-PC,DECOY_AGAP000847-RC_1+,DECOY_AGAP013275-PA,DECOY_AGAP013275-RA_1+,DECOY_CUFF.16371.1_2+,DECOY_CUFF.16371.2_2+,DECOY_CUFF.17097.2_2+,DECOY_CUFF.17097.3_1+,DECOY_CUFF.17097.4_3+
DECOY_sp|P40077|DSE1_YEAST	0.853503	NA	1.420644	1	DECOY_sp|P40077|DSE1_YEAST
DECOY_ACOM026817-PA	0.853503	NA	1.420603	1	DECOY_ACOM026817-PA,DECOY_AGAP009835-PA,DECOY_AGAP009835-PB,DECOY_AGAP009835-RA_1+,DECOY_CUFF.11658.10_3+,DECOY_CUFF.11658.11_1+,DECOY_CUFF.11658.13_3+,DECOY_CUFF.11658.1_1+,DECOY_CUFF.11658.2_1+,DECOY_CUFF.11658.3_3+,DECOY_CUFF.11658.5_3+,DECOY_CUFF.11658.6_1+,DECOY_CUFF.11658.7_1+,DECOY_CUFF.11658.8_3+,DECOY_CUFF.11658.9_3+
DECOY_AGAP009413-RA_3+	0.854037	NA	1.409351	1	DECOY_AGAP009413-RA_3+
DECOY_AGAP013180-RA_3+	0.854037	NA	1.405823	1	DECOY_AGAP013180-RA_3+,DECOY_CUFF.5399.1_3+
DECOY_AGAP010720-RA_1+	0.854037	NA	1.405570	1	DECOY_AGAP010720-RA_1+,DECOY_CUFF.7359.1_3+
DECOY_AGAP007954-RA_3+	0.854037	NA	1.398882	2	DECOY_AGAP007954-RA_3+
DECOY_AGAP011620-RA_3+	0.854037	NA	1.397957	1	DECOY_AGAP011620-RA_3+,DECOY_CUFF.8519.1_1+
DECOY_AGAP008644-RA_3+	0.854037	NA	1.394245	1	DECOY_AGAP008644-RA_3+,DECOY_CUFF.10153.1_2+,DECOY_CUFF.10153.2_2+,DECOY_CUFF.10153.3_3+,DECOY_CUFF.10153.4_3+,DECOY_CUFF.10153.7_1+
DECOY_TCONS_00035029_2+	0.854037	NA	1.391248	1	DECOY_TCONS_00035029_2+,DECOY_TCONS_00035030_2+
DECOY_AGAP003815-RA_1+	0.854617	NA	1.382418	1	DECOY_AGAP003815-RA_1+
DECOY_AGAP006264-RA_1+	0.854617	NA	1.379895	1	DECOY_AGAP006264-RA_1+,DECOY_AGAP006264-RB_3+,DECOY_CUFF.1802.1_1+,DECOY_CUFF.1802.2_2+
DECOY_sp|Q00362|2ABA_YEAST	0.854617	NA	1.379020	1	DECOY_sp|Q00362|2ABA_YEAST
DECOY_CUFF.2545.2_2+	0.854617	NA	1.378648	1	DECOY_CUFF.2545.2_2+,DECOY_CUFF.2545.5_2+,DECOY_CUFF.2545.6_2+,DECOY_CUFF.2545.7_3+
DECOY_AGAP009081-RA_2+	0.854617	NA	1.373735	1	DECOY_AGAP009081-RA_2+
DECOY_CUFF.11154.10_1+	0.854617	NA	1.373631	1	DECOY_CUFF.11154.10_1+,DECOY_CUFF.11154.11_3+,DECOY_CUFF.11154.7_2+,DECOY_CUFF.11154.8_1+,DECOY_CUFF.11154.9_2+
DECOY_AGAP001569-RA_2+	0.854617	NA	1.366976	1	DECOY_AGAP001569-RA_2+,DECOY_AGAP001569-RB_2+,DECOY_CUFF.3322.1_2+
DECOY_AGAP009382-RA_2+	0.854617	NA	1.365768	1	DECOY_AGAP009382-RA_2+
DECOY_AGAP009385-RB_1+	0.854617	NA	1.365768	2	DECOY_AGAP009385-RB_1+
DECOY_CUFF.16181.1_1+	0.854617	NA	1.361094	1	DECOY_CUFF.16181.1_1+
DECOY_AGAP009385-RA_1+	0.854617	NA	1.359773	1	DECOY_AGAP009385-RA_1+
DECOY_AGAP001135-RA_3+	0.854617	NA	1.357646	1	DECOY_AGAP001135-RA_3+
DECOY_CUFF.16863.1_3+	0.854617	NA	1.357344	1	DECOY_CUFF.16863.1_3+,DECOY_CUFF.16863.2_3+,DECOY_CUFF.16863.6_1+
DECOY_CUFF.16863.3_1+	0.854617	NA	1.357344	2	DECOY_CUFF.16863.3_1+,DECOY_CUFF.16863.4_1+,DECOY_CUFF.16863.5_3+
DECOY_AGAP005710-RA_3+	0.854617	NA	1.356811	1	DECOY_AGAP005710-RA_3+,DECOY_CUFF.1298.1_2+,DECOY_CUFF.1298.2_2+,DECOY_CUFF.1298.3_2+,DECOY_CUFF.1298.4_2+,DECOY_CUFF.1298.5_1+
DECOY_ACOM039272-PA	0.854617	NA	1.355439	1	DECOY_ACOM039272-PA,DECOY_AGAP008800-RA_1+,DECOY_AGAP008801-RB_1+,DECOY_AGAP029905-PB,DECOY_CUFF.10359.1_3+,DECOY_CUFF.10359.2_1+
DECOY_AGAP004156-PA	0.854617	NA	1.350705	1	DECOY_AGAP004156-PA,DECOY_AGAP004156-PB,DECOY_AGAP004156-RA_2+,DECOY_AGAP004156-RB_3+,DECOY_CUFF.5836.3_3+
DECOY_gi|9790345|ref|NP_062908.1|	0.854617	NA	1.349581	1	DECOY_gi|9790345|ref|NP_062908.1|
DECOY_ACOM032247-PA	0.854617	NA	1.349244	1	DECOY_ACOM032247-PA,DECOY_AGAP011975-PA,DECOY_AGAP011975-RA_3+
DECOY_ACOM036081-PA	0.854617	NA	1.349120	1	DECOY_ACOM036081-PA,DECOY_AGAP000219-PA,DECOY_AGAP000219-RA_1+,DECOY_CUFF.16086.2_1+,DECOY_CUFF.16086.3_1+
DECOY_ACOM033015-PA	0.854617	NA	1.348251	1	DECOY_ACOM033015-PA,DECOY_AGAP004290-RA_2+,DECOY_AGAP013168-PA,DECOY_AGAP013168-RA_1+
DECOY_AGAP010026-RA_2+	0.854617	NA	1.339706	1	DECOY_AGAP010026-RA_2+,DECOY_CUFF.12095.1_1+,DECOY_CUFF.12095.2_1+,DECOY_CUFF.12095.3_1+,DECOY_CUFF.12095.4_1+,DECOY_CUFF.12095.5_1+
DECOY_AGAP013051-RA_3+	0.854617	NA	1.337620	1	DECOY_AGAP013051-RA_3+
DECOY_CUFF.2635.10_3+	0.854617	NA	1.336090	1	DECOY_CUFF.2635.10_3+,DECOY_CUFF.2635.11_3+,DECOY_CUFF.2635.12_1+,DECOY_CUFF.2635.13_1+,DECOY_CUFF.2635.1_3+,DECOY_CUFF.2635.2_3+,DECOY_CUFF.2635.3_3+,DECOY_CUFF.2635.5_1+,DECOY_CUFF.2635.6_1+,DECOY_CUFF.2635.7_2+,DECOY_CUFF.2635.8_2+,DECOY_CUFF.2635.9_3+
DECOY_AGAP003699-PA	0.854617	NA	1.336021	1	DECOY_AGAP003699-PA,DECOY_AGAP003699-RA_2+
DECOY_AGAP009177-PA	0.854617	NA	1.329148	1	DECOY_AGAP009177-PA
DECOY_ACOM023062-PA	0.854617	NA	1.327655	1	DECOY_ACOM023062-PA,DECOY_AGAP028510-PA,DECOY_TCONS_00023218_1+
DECOY_ACOM027235-PA	0.854617	NA	1.322636	1	DECOY_ACOM027235-PA,DECOY_AGAP009126-PA,DECOY_AGAP009126-RA_1+,DECOY_CUFF.10747.1_1+
DECOY_CUFF.2251.1_1+	0.854617	NA	1.320824	1	DECOY_CUFF.2251.1_1+,DECOY_CUFF.2251.2_2+,DECOY_CUFF.2251.3_2+,DECOY_CUFF.2251.4_2+
DECOY_AGAP009636-RA_2+	0.854617	NA	1.315374	1	DECOY_AGAP009636-RA_2+
DECOY_sp|P25588|MRC1_YEAST	0.854617	NA	1.310066	1	DECOY_sp|P25588|MRC1_YEAST
DECOY_CUFF.10548.2_1+	0.854617	NA	1.302475	1	DECOY_CUFF.10548.2_1+
DECOY_CUFF.2486.1_1+	0.854617	NA	1.299845	1	DECOY_CUFF.2486.1_1+,DECOY_CUFF.2486.2_1+
DECOY_ACOM037283-PA	0.854617	NA	1.297528	1	DECOY_ACOM037283-PA
DECOY_TCONS_00014671_2+	0.854617	NA	1.296236	1	DECOY_TCONS_00014671_2+
DECOY_AGAP001984-RA_2+	0.854617	NA	1.295656	1	DECOY_AGAP001984-RA_2+
DECOY_ACOM037375-PA	0.854617	NA	1.294245	1	DECOY_ACOM037375-PA,DECOY_AGAP002973-PA,DECOY_AGAP002973-RA_1+,DECOY_CUFF.4657.2_1+
DECOY_ACOM032062-PA	0.854617	NA	1.292590	1	DECOY_ACOM032062-PA,DECOY_AGAP011823-PA,DECOY_AGAP011823-RA_3+,DECOY_CUFF.8797.1_3+
DECOY_ACOM031425-PA	0.854617	NA	1.290549	1	DECOY_ACOM031425-PA,DECOY_AGAP007006-PA,DECOY_AGAP007006-PB,DECOY_AGAP007006-PC,DECOY_AGAP007006-RA_1+,DECOY_AGAP007006-RB_3+,DECOY_AGAP007006-RC_1+,DECOY_CUFF.2444.10_3+,DECOY_CUFF.2444.1_1+,DECOY_CUFF.2444.2_3+,DECOY_CUFF.2444.3_2+,DECOY_CUFF.2444.4_1+,DECOY_CUFF.2444.5_1+,DECOY_CUFF.2444.6_3+,DECOY_CUFF.2444.7_1+,DECOY_CUFF.2444.8_1+,DECOY_CUFF.2444.9_1+
DECOY_ACOM039502-PA	0.854617	NA	1.284136	1	DECOY_ACOM039502-PA,DECOY_AGAP006551-PA,DECOY_AGAP006551-RA_3+
DECOY_AGAP003021-RA_3+	0.854617	NA	1.283277	1	DECOY_AGAP003021-RA_3+,DECOY_AGAP003021-RB_2+,DECOY_CUFF.4684.1_1+
DECOY_AGAP000037-PA	0.854617	NA	1.282246	1	DECOY_AGAP000037-PA,DECOY_AGAP000037-RA_1+,DECOY_CUFF.15832.1_2+,DECOY_CUFF.15832.2_2+,DECOY_CUFF.15832.4_1+
DECOY_AGAP002649-RA_3+	0.854617	NA	1.280555	2	DECOY_AGAP002649-RA_3+,DECOY_CUFF.4394.1_3+,DECOY_CUFF.4394.2_1+,DECOY_CUFF.4394.3_3+
DECOY_AGAP010314-RA_2+	0.854617	NA	1.272512	1	DECOY_AGAP010314-RA_2+,DECOY_CUFF.7032.1_1+,DECOY_CUFF.7032.3_3+
DECOY_ACOM030679-PA	0.854617	NA	1.271420	1	DECOY_ACOM030679-PA,DECOY_AGAP007996-RA_2+,DECOY_AGAP007996-RB_2+,DECOY_AGAP029532-PA,DECOY_CUFF.9674.1_2+,DECOY_CUFF.9674.2_1+,DECOY_CUFF.9674.3_3+
DECOY_ACOM030055-PA	0.854617	NA	1.270446	2	DECOY_ACOM030055-PA
DECOY_AGAP028115-PA	0.854617	NA	1.270446	1	DECOY_AGAP028115-PA,DECOY_AGAP028115-RA_1+
DECOY_CUFF.9975.1_3+	0.854617	NA	1.269427	1	DECOY_CUFF.9975.1_3+,DECOY_CUFF.9975.2_1+,DECOY_CUFF.9975.3_2+,DECOY_CUFF.9975.4_2+
DECOY_CUFF.7107.1_2+	0.854617	NA	1.267625	1	DECOY_CUFF.7107.1_2+,DECOY_CUFF.7107.2_1+
DECOY_AGAP002498-RA_1+	0.854617	NA	1.266879	1	DECOY_AGAP002498-RA_1+,DECOY_CUFF.4202.1_3+
DECOY_AGAP004152-RA_3+	0.854617	NA	1.265750	1	DECOY_AGAP004152-RA_3+,DECOY_CUFF.5832.1_1+
DECOY_ACOM033802-PA	0.854617	NA	1.263722	1	DECOY_ACOM033802-PA,DECOY_AGAP001209-PA,DECOY_AGAP001209-RA_1+,DECOY_CUFF.3036.1_2+,DECOY_CUFF.3036.2_1+,DECOY_CUFF.3036.3_1+,DECOY_CUFF.3036.4_3+,DECOY_CUFF.3036.5_1+,DECOY_CUFF.3036.6_1+,DECOY_CUFF.3036.7_1+,DECOY_CUFF.3036.8_1+
DECOY_AGAP009338-RA_3+	0.854617	NA	1.263433	1	DECOY_AGAP009338-RA_3+
DECOY_CUFF.11548.1_1+	0.854617	NA	1.259643	1	DECOY_CUFF.11548.1_1+,DECOY_CUFF.11548.2_3+
DECOY_AGAP003540-RA_2+	0.854617	NA	1.257718	1	DECOY_AGAP003540-RA_2+
DECOY_AGAP002181-RA_3+	0.854617	NA	1.255647	1	DECOY_AGAP002181-RA_3+,DECOY_AGAP002181-RB_3+,DECOY_AGAP002181-RC_1+,DECOY_CUFF.4241.1_2+,DECOY_CUFF.4241.2_1+,DECOY_CUFF.4241.3_1+,DECOY_CUFF.4241.4_2+,DECOY_CUFF.4241.5_2+,DECOY_CUFF.4241.8_1+
DECOY_ACOM037091-PA	0.854617	NA	1.254075	1	DECOY_ACOM037091-PA,DECOY_AGAP002370-PA,DECOY_AGAP002370-RA_1+,DECOY_CUFF.4107.1_2+,DECOY_CUFF.4107.3_3+,DECOY_CUFF.4107.4_2+,DECOY_CUFF.4107.5_2+
DECOY_CUFF.2927.7_3+	0.854617	NA	1.252045	1	DECOY_CUFF.2927.7_3+,DECOY_CUFF.2927.9_2+
DECOY_AGAP008544-RA_3+	0.854617	NA	1.251583	1	DECOY_AGAP008544-RA_3+,DECOY_CUFF.10050.1_3+
DECOY_CUFF.10250.1_2+	0.854617	NA	1.245351	1	DECOY_CUFF.10250.1_2+,DECOY_CUFF.10250.2_1+,DECOY_CUFF.10250.3_2+
DECOY_AGAP001535-RA_1+	0.854617	NA	1.244539	1	DECOY_AGAP001535-RA_1+,DECOY_CUFF.3317.1_1+,DECOY_CUFF.3317.2_3+,DECOY_CUFF.3317.4_1+,DECOY_CUFF.3317.5_3+
DECOY_sp|P38185|YBH1_YEAST	0.854617	NA	1.243836	1	DECOY_sp|P38185|YBH1_YEAST
DECOY_CUFF.977.3_1+	0.854617	NA	1.243415	1	DECOY_CUFF.977.3_1+
DECOY_CUFF.349.1_3+	0.854617	NA	1.239654	1	DECOY_CUFF.349.1_3+,DECOY_CUFF.349.2_3+,DECOY_CUFF.349.3_3+,DECOY_CUFF.349.4_3+,DECOY_CUFF.349.5_1+
DECOY_CUFF.3264.16_1+	0.854617	NA	1.236161	1	DECOY_CUFF.3264.16_1+,DECOY_CUFF.3264.5_2+,DECOY_CUFF.3264.8_1+
DECOY_TCONS_00034607_3+	0.854617	NA	1.232337	1	DECOY_TCONS_00034607_3+
DECOY_CUFF.10053.2_2+	0.854617	NA	1.228624	1	DECOY_CUFF.10053.2_2+,DECOY_CUFF.10053.3_1+,DECOY_CUFF.10053.5_1+
DECOY_ACOM034850-PA	0.854617	NA	1.228527	1	DECOY_ACOM034850-PA
DECOY_AGAP011057-RA_2+	0.854617	NA	1.228419	1	DECOY_AGAP011057-RA_2+,DECOY_CUFF.7754.1_2+,DECOY_TCONS_00035333_1+
DECOY_CUFF.7498.1_1+	0.854617	NA	1.224133	1	DECOY_CUFF.7498.1_1+
DECOY_AGAP003323-RA_3+	0.854617	NA	1.223778	1	DECOY_AGAP003323-RA_3+,DECOY_CUFF.5055.1_2+,DECOY_CUFF.5055.2_3+,DECOY_CUFF.5055.3_2+
DECOY_TCONS_00019648_2+	0.854617	NA	1.222357	1	DECOY_TCONS_00019648_2+,DECOY_TCONS_00019649_1+,DECOY_TCONS_00019650_2+
DECOY_sp|P53166|MRH4_YEAST	0.854617	NA	1.219939	1	DECOY_sp|P53166|MRH4_YEAST
DECOY_AGAP011938-RA_3+	0.854617	NA	1.217439	1	DECOY_AGAP011938-RA_3+,DECOY_CUFF.8900.1_1+
DECOY_AGAP001957-RA_1+	0.854617	NA	1.216379	1	DECOY_AGAP001957-RA_1+,DECOY_AGAP001957-RB_1+
DECOY_AGAP012092-RA_2+	0.854617	NA	1.205832	1	DECOY_AGAP012092-RA_2+,DECOY_CUFF.9022.1_3+,DECOY_CUFF.9029.1_1+,DECOY_CUFF.9029.2_1+
DECOY_ACOM027707-PA	0.854617	NA	1.200650	1	DECOY_ACOM027707-PA,DECOY_AGAP010883-PA,DECOY_AGAP010883-RA_1+,DECOY_CUFF.7555.1_1+
DECOY_AGAP001996-RA_3+	0.854617	NA	1.198274	1	DECOY_AGAP001996-RA_3+
DECOY_sp|Q12025|EMC10_YEAST	0.854617	NA	1.197865	1	DECOY_sp|Q12025|EMC10_YEAST
DECOY_AGAP011084-RA_2+	0.854617	NA	1.197292	1	DECOY_AGAP011084-RA_2+,DECOY_CUFF.7864.1_3+
DECOY_AGAP008262-RA_3+	0.854617	NA	1.194193	1	DECOY_AGAP008262-RA_3+
DECOY_AGAP013051-RA_2+	0.854617	NA	1.189494	1	DECOY_AGAP013051-RA_2+
DECOY_ACOM031096-PA	0.854617	NA	1.186240	1	DECOY_ACOM031096-PA
DECOY_CUFF.2078.1_2+	0.854617	NA	1.185935	1	DECOY_CUFF.2078.1_2+
DECOY_AGAP005636-PA	0.854617	NA	1.185019	1	DECOY_AGAP005636-PA,DECOY_AGAP005636-RA_3+
DECOY_CUFF.10086.1_1+	0.854617	NA	1.181943	1	DECOY_CUFF.10086.1_1+
DECOY_sp|Q06673|ECM30_YEAST	0.854617	NA	1.179989	1	DECOY_sp|Q06673|ECM30_YEAST
DECOY_AGAP007637-RA_3+	0.854617	NA	1.179155	1	DECOY_AGAP007637-RA_3+
DECOY_AGAP011441-RA_3+	0.854617	NA	1.178649	2	DECOY_AGAP011441-RA_3+
DECOY_CUFF.985.1_1+	0.854617	NA	1.178380	1	DECOY_CUFF.985.1_1+,DECOY_CUFF.985.4_3+
DECOY_AGAP000601-RA_1+	0.854617	NA	1.178167	1	DECOY_AGAP000601-RA_1+,DECOY_AGAP000601-RB_2+,DECOY_CUFF.16486.1_3+,DECOY_CUFF.16486.2_1+,DECOY_CUFF.16486.5_3+
DECOY_ACOM036726-PA	0.854617	NA	1.174630	1	DECOY_ACOM036726-PA
DECOY_AGAP008870-RA_2+	0.854617	NA	1.173961	1	DECOY_AGAP008870-RA_2+
DECOY_CUFF.5382.1_2+	0.854617	NA	1.173460	1	DECOY_CUFF.5382.1_2+
DECOY_AGAP000262-RA_2+	0.854617	NA	1.171901	1	DECOY_AGAP000262-RA_2+
DECOY_AGAP028072-RA_2+	0.854617	NA	1.164628	1	DECOY_AGAP028072-RA_2+,DECOY_CUFF.8067.1_2+,DECOY_CUFF.8067.4_1+
DECOY_AGAP007613-RA_2+	0.854617	NA	1.161418	1	DECOY_AGAP007613-RA_2+,DECOY_CUFF.2843.1_2+
DECOY_ACOM033621-PA	0.854617	NA	1.159456	1	DECOY_ACOM033621-PA
DECOY_AGAP013193-RA_3+	0.854617	NA	1.139128	1	DECOY_AGAP013193-RA_3+,DECOY_CUFF.5577.1_3+,DECOY_CUFF.5577.2_2+,DECOY_CUFF.5577.3_3+,DECOY_CUFF.5577.4_1+
DECOY_sp|Q12080|NOP53_YEAST	0.854617	NA	1.134314	1	DECOY_sp|Q12080|NOP53_YEAST
DECOY_TCONS_00024926_1+	0.854617	NA	1.132159	1	DECOY_TCONS_00024926_1+,DECOY_TCONS_00024933_1+
DECOY_CUFF.2158.1_1+	0.854617	NA	1.116414	1	DECOY_CUFF.2158.1_1+
DECOY_AGAP000217-RA_3+	0.854617	NA	1.115052	1	DECOY_AGAP000217-RA_3+,DECOY_CUFF.16127.1_3+,DECOY_CUFF.16127.2_1+
DECOY_ACOM041454-PA	0.854617	NA	1.114731	1	DECOY_ACOM041454-PA
DECOY_CUFF.3871.1_2+	0.854617	NA	1.111221	1	DECOY_CUFF.3871.1_2+,DECOY_CUFF.3871.2_3+
DECOY_sp|Q06625|GDE_YEAST	0.854617	NA	1.110356	1	DECOY_sp|Q06625|GDE_YEAST
DECOY_AGAP001441-RA_3+	0.854617	NA	1.109833	1	DECOY_AGAP001441-RA_3+,DECOY_CUFF.3410.1_3+,DECOY_CUFF.3410.2_2+,DECOY_CUFF.3410.3_3+,DECOY_CUFF.3410.4_3+,DECOY_CUFF.3410.5_1+
DECOY_CUFF.9194.1_1+	0.854617	NA	1.104902	1	DECOY_CUFF.9194.1_1+,DECOY_CUFF.9194.2_3+,DECOY_CUFF.9194.3_3+,DECOY_CUFF.9194.4_2+,DECOY_CUFF.9194.5_3+
DECOY_AGAP008483-RA_3+	0.854617	NA	1.102880	1	DECOY_AGAP008483-RA_3+
DECOY_sp|P18963|IRA1_YEAST	0.854617	NA	1.101068	1	DECOY_sp|P18963|IRA1_YEAST
DECOY_CUFF.15867.2_1+	0.854617	NA	1.091842	2	DECOY_CUFF.15867.2_1+
DECOY_AGAP001458-RA_1+	0.854617	NA	1.091689	1	DECOY_AGAP001458-RA_1+
DECOY_TCONS_00028645_2+	0.854617	NA	1.089177	1	DECOY_TCONS_00028645_2+
DECOY_ACOM038214-PA	0.854617	NA	1.088377	1	DECOY_ACOM038214-PA,DECOY_AGAP028515-PA
DECOY_CUFF.4684.1_2+	0.854617	NA	1.087193	1	DECOY_CUFF.4684.1_2+
DECOY_AGAP029074-PA	0.854617	NA	1.083416	1	DECOY_AGAP029074-PA,DECOY_TCONS_00022667_1+
DECOY_CUFF.6542.1_2+	0.854617	NA	1.078342	1	DECOY_CUFF.6542.1_2+
DECOY_AGAP002874-RA_2+	0.854617	NA	1.073931	1	DECOY_AGAP002874-RA_2+,DECOY_CUFF.4552.1_3+,DECOY_CUFF.4552.2_2+
DECOY_CUFF.3410.1_2+	0.854617	NA	1.072991	1	DECOY_CUFF.3410.1_2+,DECOY_CUFF.3410.2_1+,DECOY_CUFF.3410.3_2+,DECOY_CUFF.3410.4_2+,DECOY_CUFF.3410.5_3+
DECOY_ACOM033894-PA	0.854617	NA	1.068149	1	DECOY_ACOM033894-PA,DECOY_AGAP001286-PA,DECOY_AGAP001286-RA_2+
DECOY_AGAP003493-RA_1+	0.854617	NA	1.066996	1	DECOY_AGAP003493-RA_1+
DECOY_sp|P53131|PRP43_YEAST	0.854617	NA	1.066537	1	DECOY_sp|P53131|PRP43_YEAST
DECOY_TCONS_00018491_1+	0.854617	NA	1.063085	1	DECOY_TCONS_00018491_1+
DECOY_ACOM032729-PA	0.854617	NA	1.059276	1	DECOY_ACOM032729-PA
DECOY_AGAP000163-RA_2+	0.854617	NA	1.056488	1	DECOY_AGAP000163-RA_2+,DECOY_CUFF.16004.1_1+,DECOY_CUFF.16004.2_1+
DECOY_AGAP007803-PA	0.854617	NA	1.050637	1	DECOY_AGAP007803-PA,DECOY_AGAP007803-RA_1+,DECOY_CUFF.9448.1_2+
DECOY_CUFF.8106.1_1+	0.854617	NA	1.050525	2	DECOY_CUFF.8106.1_1+,DECOY_CUFF.8106.2_3+
DECOY_ACOM041676-PA	0.854617	NA	1.042572	1	DECOY_ACOM041676-PA,DECOY_AGAP010488-PA,DECOY_AGAP010488-RA_3+,DECOY_CUFF.7177.1_3+
DECOY_ACOM030838-PA	0.854617	NA	1.031131	1	DECOY_ACOM030838-PA,DECOY_AGAP007892-PA,DECOY_AGAP007892-PB,DECOY_AGAP007892-RA_1+,DECOY_AGAP007892-RB_1+,DECOY_CUFF.9888.11_3+,DECOY_CUFF.9888.1_2+,DECOY_CUFF.9888.2_1+,DECOY_CUFF.9888.3_1+,DECOY_CUFF.9888.4_3+,DECOY_CUFF.9888.5_3+,DECOY_CUFF.9888.6_1+,DECOY_CUFF.9888.7_2+,DECOY_CUFF.9888.8_2+,DECOY_CUFF.9888.9_1+
DECOY_AGAP003372-RA_3+	0.854617	NA	1.029255	1	DECOY_AGAP003372-RA_3+,DECOY_AGAP003372-RB_3+,DECOY_CUFF.5097.10_2+,DECOY_CUFF.5097.11_1+,DECOY_CUFF.5097.1_2+,DECOY_CUFF.5097.3_3+,DECOY_CUFF.5097.4_1+,DECOY_CUFF.5097.5_1+,DECOY_CUFF.5097.6_1+,DECOY_CUFF.5097.7_3+,DECOY_CUFF.5097.8_2+,DECOY_CUFF.5097.9_3+
DECOY_ACOM030548-PA	0.854617	NA	1.020880	1	DECOY_ACOM030548-PA
DECOY_AGAP001043-RA_3+	0.854617	NA	1.016309	1	DECOY_AGAP001043-RA_3+,DECOY_CUFF.17506.1_3+,DECOY_CUFF.17506.2_3+,DECOY_CUFF.17506.3_3+,DECOY_CUFF.17506.5_3+,DECOY_CUFF.17506.6_3+,DECOY_CUFF.17506.7_1+,DECOY_CUFF.17506.8_2+
DECOY_AGAP003979-RA_2+	0.854617	NA	1.014143	1	DECOY_AGAP003979-RA_2+,DECOY_CUFF.5656.1_2+
DECOY_TCONS_00006725_2+	0.854617	NA	1.013555	1	DECOY_TCONS_00006725_2+,DECOY_TCONS_00006726_2+,DECOY_TCONS_00006727_2+
DECOY_sp|P40367|GPI7_YEAST	0.854617	NA	1.006302	1	DECOY_sp|P40367|GPI7_YEAST
DECOY_TCONS_00000012_3+	0.854617	NA	1.005158	1	DECOY_TCONS_00000012_3+
DECOY_AGAP013449-RA_3+	0.854617	NA	0.999851	1	DECOY_AGAP013449-RA_3+
DECOY_CUFF.11820.3_2+	0.854617	NA	0.991384	1	DECOY_CUFF.11820.3_2+
DECOY_ACOM028471-PA	0.854617	NA	0.984319	1	DECOY_ACOM028471-PA,DECOY_AGAP013468-PA,DECOY_AGAP013468-RA_1+
DECOY_CUFF.9903.10_2+	0.854617	NA	0.979918	1	DECOY_CUFF.9903.10_2+,DECOY_CUFF.9903.1_3+,DECOY_CUFF.9903.2_3+,DECOY_CUFF.9903.3_3+,DECOY_CUFF.9903.4_1+,DECOY_CUFF.9903.6_1+,DECOY_CUFF.9903.7_3+,DECOY_CUFF.9903.8_3+
DECOY_CUFF.9038.11_2+	0.854617	NA	0.978783	1	DECOY_CUFF.9038.11_2+
DECOY_AGAP006908-RA_3+	0.854617	NA	0.974115	1	DECOY_AGAP006908-RA_3+,DECOY_CUFF.2357.1_2+,DECOY_CUFF.2357.2_3+,DECOY_CUFF.2357.3_3+,DECOY_CUFF.2357.5_3+
DECOY_CUFF.1580.1_2+	0.854617	NA	0.969353	1	DECOY_CUFF.1580.1_2+
DECOY_AGAP000783-RA_2+	0.854617	NA	0.968572	1	DECOY_AGAP000783-RA_2+,DECOY_CUFF.16847.1_3+,DECOY_CUFF.16847.2_1+,DECOY_CUFF.16847.3_2+,DECOY_CUFF.16847.4_1+,DECOY_CUFF.16847.5_3+
DECOY_ACOM032216-PA	0.854617	NA	0.965014	1	DECOY_ACOM032216-PA,DECOY_AGAP028539-PA,DECOY_TCONS_00024494_1+,DECOY_TCONS_00024496_1+
DECOY_CUFF.6838.1_2+	0.854617	NA	0.963567	1	DECOY_CUFF.6838.1_2+,DECOY_CUFF.6838.2_1+,DECOY_CUFF.6838.3_1+,DECOY_CUFF.6838.4_2+,DECOY_CUFF.6838.5_1+
DECOY_AGAP002807-RA_3+	0.854617	NA	0.962640	1	DECOY_AGAP002807-RA_3+,DECOY_AGAP002807-RB_3+,DECOY_CUFF.4534.10_1+,DECOY_CUFF.4534.1_1+,DECOY_CUFF.4534.2_3+,DECOY_CUFF.4534.3_2+,DECOY_CUFF.4534.4_1+,DECOY_CUFF.4534.5_1+,DECOY_CUFF.4534.7_1+,DECOY_CUFF.4534.8_3+,DECOY_CUFF.4534.9_1+
DECOY_CUFF.9414.1_2+	0.854617	NA	0.952740	1	DECOY_CUFF.9414.1_2+,DECOY_CUFF.9414.2_3+,DECOY_CUFF.9414.3_2+,DECOY_CUFF.9414.4_3+
DECOY_AGAP009594-PA	0.854617	NA	0.948914	1	DECOY_AGAP009594-PA,DECOY_CUFF.11219.1_3+
DECOY_CUFF.11311.3_1+	0.854617	NA	0.946166	1	DECOY_CUFF.11311.3_1+
DECOY_CUFF.4207.1_2+	0.854617	NA	0.943633	1	DECOY_CUFF.4207.1_2+,DECOY_CUFF.4207.3_1+
DECOY_ACOM038875-PA	0.854617	NA	0.943112	1	DECOY_ACOM038875-PA,DECOY_AGAP005644-PA,DECOY_AGAP005644-RA_1+,DECOY_CUFF.1184.1_2+,DECOY_CUFF.1184.2_3+,DECOY_CUFF.1184.3_3+,DECOY_CUFF.1184.4_3+
DECOY_ACOM029926-PA	0.854617	NA	0.941231	1	DECOY_ACOM029926-PA,DECOY_AGAP008467-PA,DECOY_AGAP008467-RA_2+,DECOY_CUFF.10006.1_1+,DECOY_CUFF.10006.2_1+
DECOY_AGAP011485-RA_3+	0.854617	NA	0.940726	1	DECOY_AGAP011485-RA_3+,DECOY_CUFF.8491.1_1+
DECOY_AGAP006792-RA_3+	0.854617	NA	0.938669	1	DECOY_AGAP006792-RA_3+
DECOY_ACOM028717-PA	0.854617	NA	0.931405	1	DECOY_ACOM028717-PA,DECOY_AGAP003638-PA,DECOY_AGAP003638-RA_1+,DECOY_CUFF.5342.1_2+
DECOY_ACOM032668-PA	0.854617	NA	0.925482	1	DECOY_ACOM032668-PA,DECOY_AGAP009661-PA,DECOY_AGAP009661-RA_1+,DECOY_CUFF.11341.1_1+
DECOY_AGAP008438-RA_1+	0.854617	NA	0.924170	1	DECOY_AGAP008438-RA_1+,DECOY_AGAP012637-RA_3+,DECOY_CUFF.13934.1_2+,DECOY_CUFF.13934.2_1+
DECOY_AGAP008692-RA_3+	0.854617	NA	0.913561	1	DECOY_AGAP008692-RA_3+
DECOY_AGAP011425-RA_3+	0.854617	NA	0.912901	1	DECOY_AGAP011425-RA_3+,DECOY_CUFF.8198.3_3+
DECOY_AGAP000139-RA_3+	0.854902	NA	0.909596	1	DECOY_AGAP000139-RA_3+,DECOY_CUFF.15975.1_2+
DECOY_CUFF.16361.1_1+	0.855186	NA	0.905662	1	DECOY_CUFF.16361.1_1+
DECOY_ACOM025083-PA	0.855469	NA	0.904335	1	DECOY_ACOM025083-PA,DECOY_AGAP029512-PA,DECOY_AGAP029512-PB,DECOY_AGAP029512-PC,DECOY_CUFF.1473.10_2+,DECOY_CUFF.1473.11_1+,DECOY_CUFF.1473.12_1+,DECOY_CUFF.1473.13_1+,DECOY_CUFF.1473.14_1+,DECOY_CUFF.1473.15_1+,DECOY_CUFF.1473.16_3+,DECOY_CUFF.1473.18_2+,DECOY_CUFF.1473.2_3+,DECOY_CUFF.1473.3_3+,DECOY_CUFF.1473.4_3+,DECOY_CUFF.1473.5_1+,DECOY_CUFF.1473.6_1+,DECOY_CUFF.1473.7_1+,DECOY_CUFF.1473.8_1+,DECOY_CUFF.1473.9_1+
DECOY_AGAP001672-RA_2+	0.857422	NA	0.903249	1	DECOY_AGAP001672-RA_2+,DECOY_CUFF.3427.1_1+,DECOY_CUFF.3427.2_2+,DECOY_CUFF.3427.3_2+
DECOY_CUFF.7397.11_1+	0.859073	NA	0.900947	2	DECOY_CUFF.7397.11_1+,DECOY_CUFF.7397.1_3+,DECOY_CUFF.7397.3_3+,DECOY_CUFF.7397.7_1+
DECOY_CUFF.7699.2_3+	0.859073	NA	0.900573	1	DECOY_CUFF.7699.2_3+,DECOY_CUFF.7699.3_3+
DECOY_sp|P25653|FIG2_YEAST	0.859073	NA	0.897120	1	DECOY_sp|P25653|FIG2_YEAST
DECOY_CUFF.1884.29_1+	0.859073	NA	0.895475	1	DECOY_CUFF.1884.29_1+
DECOY_ACOM029598-PA	0.859073	NA	0.892677	1	DECOY_ACOM029598-PA,DECOY_AGAP004517-PA,DECOY_AGAP004517-RA_1+
DECOY_AGAP005302-RA_3+	0.859073	NA	0.891407	1	DECOY_AGAP005302-RA_3+,DECOY_CUFF.910.1_3+
DECOY_AGAP004571-PA	0.860153	NA	0.889571	1	DECOY_AGAP004571-PA
DECOY_AGAP010849-RA_1+	0.860153	NA	0.887198	1	DECOY_AGAP010849-RA_1+,DECOY_CUFF.7517.1_3+
DECOY_CUFF.8855.1_1+	0.860153	NA	0.886660	1	DECOY_CUFF.8855.1_1+
DECOY_AGAP008349-RA_3+	0.860153	NA	0.886211	1	DECOY_AGAP008349-RA_3+
DECOY_ACOM040709-PA	0.862069	NA	0.878207	1	DECOY_ACOM040709-PA,DECOY_AGAP008899-PA,DECOY_AGAP008899-RA_1+,DECOY_CUFF.10436.1_2+
DECOY_ACOM039903-PA	0.863985	NA	0.877164	1	DECOY_ACOM039903-PA,DECOY_AGAP006324-PA,DECOY_AGAP006324-RA_1+,DECOY_CUFF.1810.1_1+
DECOY_AGAP013190-RA_3+	0.865900	NA	0.875282	1	DECOY_AGAP013190-RA_3+,DECOY_CUFF.4316.1_3+,DECOY_CUFF.4316.2_3+,DECOY_CUFF.4316.3_3+
DECOY_AGAP005101-RA_3+	0.867816	NA	0.873759	1	DECOY_AGAP005101-RA_3+
DECOY_ACOM033578-PA	0.869732	NA	0.873325	1	DECOY_ACOM033578-PA,DECOY_AGAP000911-PA,DECOY_AGAP000911-RA_3+
DECOY_ACOM034058-PA	0.869781	NA	0.871563	1	DECOY_ACOM034058-PA,DECOY_AGAP001399-PA,DECOY_AGAP001399-RA_2+
DECOY_ACOM025493-PA	0.869781	NA	0.871013	1	DECOY_ACOM025493-PA,DECOY_AGAP007279-PA,DECOY_CUFF.2610.1_2+,DECOY_CUFF.2610.3_2+,DECOY_CUFF.2610.4_2+,DECOY_CUFF.2610.6_2+
DECOY_AGAP004801-RA_2+	0.869781	NA	0.869499	1	DECOY_AGAP004801-RA_2+,DECOY_AGAP004801-RB_2+,DECOY_AGAP004801-RC_3+,DECOY_CUFF.478.10_2+,DECOY_CUFF.478.11_2+,DECOY_CUFF.478.13_3+,DECOY_CUFF.478.14_3+,DECOY_CUFF.478.15_1+,DECOY_CUFF.478.16_3+,DECOY_CUFF.478.18_3+,DECOY_CUFF.478.19_2+,DECOY_CUFF.478.1_2+,DECOY_CUFF.478.21_2+,DECOY_CUFF.478.22_2+,DECOY_CUFF.478.23_1+,DECOY_CUFF.478.2_3+,DECOY_CUFF.478.3_3+,DECOY_CUFF.478.4_3+,DECOY_CUFF.478.5_1+,DECOY_CUFF.478.6_3+,DECOY_CUFF.478.7_2+
DECOY_sp|P50273|ATP22_YEAST	0.869781	NA	0.868396	1	DECOY_sp|P50273|ATP22_YEAST
DECOY_CUFF.11244.1_1+	0.869781	NA	0.865440	1	DECOY_CUFF.11244.1_1+
DECOY_AGAP012245-RA_3+	0.869781	NA	0.864782	1	DECOY_AGAP012245-RA_3+,DECOY_CUFF.9180.1_3+,DECOY_CUFF.9180.2_2+,DECOY_CUFF.9180.3_1+,DECOY_CUFF.9180.4_2+
DECOY_AGAP007121-RA_1+	0.869781	NA	0.864636	1	DECOY_AGAP007121-RA_1+
DECOY_AGAP001394-RA_2+	0.869781	NA	0.861948	1	DECOY_AGAP001394-RA_2+,DECOY_AGAP001394-RB_2+,DECOY_CUFF.3305.1_1+,DECOY_CUFF.3305.2_3+,DECOY_CUFF.3305.3_3+,DECOY_CUFF.3305.4_3+,DECOY_CUFF.3305.5_1+
DECOY_AGAP010189-RA_3+	0.869781	NA	0.861227	1	DECOY_AGAP010189-RA_3+,DECOY_CUFF.12088.1_2+,DECOY_CUFF.12088.2_1+,DECOY_CUFF.12088.3_2+,DECOY_CUFF.12088.4_2+,DECOY_CUFF.12088.5_3+,DECOY_CUFF.12088.6_3+
DECOY_TCONS_00040707_3+	0.869781	NA	0.860732	1	DECOY_TCONS_00040707_3+
DECOY_sp|P39518|LCF2_YEAST	0.869781	NA	0.860285	1	DECOY_sp|P39518|LCF2_YEAST
DECOY_ACOM035054-PA	0.869781	NA	0.859127	1	DECOY_ACOM035054-PA,DECOY_AGAP005058-PB,DECOY_AGAP005058-RA_1+,DECOY_CUFF.683.1_2+
DECOY_AGAP008859-RA_3+	0.869781	NA	0.854322	1	DECOY_AGAP008859-RA_3+,DECOY_AGAP008859-RB_3+,DECOY_CUFF.10525.1_2+,DECOY_CUFF.10525.3_2+,DECOY_CUFF.10525.4_2+,DECOY_CUFF.10525.5_2+,DECOY_CUFF.10525.6_2+
DECOY_CUFF.1651.2_2+	0.869781	NA	0.853736	1	DECOY_CUFF.1651.2_2+
DECOY_ACOM038110-PA	0.869781	NA	0.848369	1	DECOY_ACOM038110-PA,DECOY_AGAP011232-PA,DECOY_AGAP011232-RA_1+,DECOY_CUFF.7972.1_1+
DECOY_TCONS_00002749_3+	0.869781	NA	0.838463	1	DECOY_TCONS_00002749_3+
DECOY_CUFF.915.1_2+	0.869781	NA	0.836340	1	DECOY_CUFF.915.1_2+,DECOY_CUFF.915.2_1+
DECOY_TCONS_00039521_2+	0.869781	NA	0.835291	1	DECOY_TCONS_00039521_2+
DECOY_ACOM035408-PA	0.869781	NA	0.831957	1	DECOY_ACOM035408-PA,DECOY_AGAP013426-PA
DECOY_ACOM039513-PA	0.869781	NA	0.830962	1	DECOY_ACOM039513-PA,DECOY_AGAP006570-PA,DECOY_AGAP006570-RA_1+
DECOY_ACOM031133-PA	0.869781	NA	0.826517	1	DECOY_ACOM031133-PA,DECOY_AGAP000483-PA,DECOY_AGAP000483-PB,DECOY_AGAP000483-PC,DECOY_AGAP000483-RA_1+,DECOY_AGAP000483-RB_1+,DECOY_AGAP000483-RC_1+,DECOY_CUFF.16614.1_2+,DECOY_CUFF.16614.2_2+
DECOY_AGAP003006-RA_3+	0.869781	NA	0.826493	1	DECOY_AGAP003006-RA_3+
DECOY_sp|P42940|ETFB_YEAST	0.869781	NA	0.817885	1	DECOY_sp|P42940|ETFB_YEAST
DECOY_AGAP000951-RA_2+	0.869781	NA	0.817611	1	DECOY_AGAP000951-RA_2+,DECOY_AGAP000951-RB_2+,DECOY_AGAP000951-RC_2+,DECOY_CUFF.17148.1_2+
DECOY_AGAP000657-RA_2+	0.869781	NA	0.813007	1	DECOY_AGAP000657-RA_2+
DECOY_AGAP011427-RA_1+	0.869781	NA	0.812987	1	DECOY_AGAP011427-RA_1+,DECOY_AGAP029747-PA,DECOY_CUFF.8303.12_2+
DECOY_AGAP008785-RA_2+	0.869781	NA	0.810715	1	DECOY_AGAP008785-RA_2+
DECOY_sp|P32660|ATC5_YEAST	0.869781	NA	0.809764	1	DECOY_sp|P32660|ATC5_YEAST
DECOY_TCONS_00010131_1+	0.869781	NA	0.808290	1	DECOY_TCONS_00010131_1+
DECOY_ACOM023060-PA	0.869781	NA	0.804008	1	DECOY_ACOM023060-PA,DECOY_AGAP011086-PA,DECOY_AGAP011086-RA_1+,DECOY_CUFF.7776.1_3+
DECOY_AGAP006376-RB_3+	0.869781	NA	0.802050	1	DECOY_AGAP006376-RB_3+,DECOY_CUFF.1954.10_3+,DECOY_CUFF.1954.11_2+,DECOY_CUFF.1954.12_2+
DECOY_ACOM034870-PA	0.869781	NA	0.801301	1	DECOY_ACOM034870-PA,DECOY_AGAP028486-PA,DECOY_CUFF.5544.4_1+
DECOY_AGAP003038-RA_3+	0.869781	NA	0.800592	1	DECOY_AGAP003038-RA_3+,DECOY_CUFF.4709.1_3+
DECOY_CUFF.4671.1_1+	0.869781	NA	0.799497	1	DECOY_CUFF.4671.1_1+,DECOY_CUFF.4671.2_2+
DECOY_AGAP006398-PA	0.869781	NA	0.797973	1	DECOY_AGAP006398-PA,DECOY_AGAP006398-RA_2+
DECOY_AGAP001964-RA_2+	0.869781	NA	0.792097	1	DECOY_AGAP001964-RA_2+,DECOY_CUFF.3692.1_2+,DECOY_CUFF.3692.2_2+
DECOY_AGAP005300-RA_3+	0.869781	NA	0.791092	1	DECOY_AGAP005300-RA_3+,DECOY_AGAP005300-RB_1+,DECOY_AGAP005300-RC_3+,DECOY_CUFF.967.1_1+,DECOY_CUFF.967.2_2+
DECOY_CUFF.16469.1_3+	0.869781	NA	0.790500	1	DECOY_CUFF.16469.1_3+,DECOY_CUFF.16469.2_3+
DECOY_TCONS_00039699_3+	0.869781	NA	0.789099	1	DECOY_TCONS_00039699_3+
DECOY_ACOM030724-PA	0.869781	NA	0.788896	1	DECOY_ACOM030724-PA,DECOY_AGAP007975-PA,DECOY_AGAP007975-PB,DECOY_AGAP007975-RA_2+,DECOY_AGAP007975-RB_3+,DECOY_CUFF.9614.1_3+,DECOY_CUFF.9614.2_3+,DECOY_CUFF.9614.3_2+
DECOY_CUFF.3429.4_3+	0.869781	NA	0.783247	1	DECOY_CUFF.3429.4_3+
DECOY_CUFF.2745.1_3+	0.869781	NA	0.780532	1	DECOY_CUFF.2745.1_3+
DECOY_AGAP011087-RA_2+	0.869781	NA	0.780152	1	DECOY_AGAP011087-RA_2+,DECOY_CUFF.7787.1_1+
DECOY_TCONS_00002777_1+	0.869781	NA	0.774140	1	DECOY_TCONS_00002777_1+
DECOY_AGAP002340-RA_3+	0.869781	NA	0.770851	1	DECOY_AGAP002340-RA_3+
DECOY_CUFF.2829.4_3+	0.869781	NA	0.765828	1	DECOY_CUFF.2829.4_3+,DECOY_CUFF.2829.5_3+
DECOY_AGAP007474-RA_3+	0.869781	NA	0.763956	1	DECOY_AGAP007474-RA_3+,DECOY_CUFF.2838.1_3+,DECOY_CUFF.2838.2_2+,DECOY_CUFF.2838.3_1+,DECOY_CUFF.2838.4_1+,DECOY_CUFF.2838.5_3+
DECOY_AGAP012027-RA_3+	0.869781	NA	0.763117	1	DECOY_AGAP012027-RA_3+,DECOY_CUFF.8958.1_2+,DECOY_CUFF.8958.2_2+,DECOY_CUFF.8958.3_3+,DECOY_CUFF.8958.4_3+,DECOY_CUFF.8958.6_2+,DECOY_CUFF.8958.7_2+
DECOY_AGAP005149-RA_3+	0.869781	NA	0.761329	1	DECOY_AGAP005149-RA_3+
DECOY_AGAP007923-RA_3+	0.869781	NA	0.761257	1	DECOY_AGAP007923-RA_3+,DECOY_CUFF.9530.2_3+,DECOY_CUFF.9530.3_1+
DECOY_CUFF.6165.11_2+	0.869781	NA	0.759470	1	DECOY_CUFF.6165.11_2+
DECOY_AGAP004417-RA_2+	0.869781	NA	0.753287	1	DECOY_AGAP004417-RA_2+
DECOY_AGAP012011-RA_3+	0.869781	NA	0.752496	1	DECOY_AGAP012011-RA_3+,DECOY_CUFF.8942.1_1+
DECOY_CUFF.8713.1_3+	0.869781	NA	0.748808	1	DECOY_CUFF.8713.1_3+
DECOY_ACOM034730-PA	0.869781	NA	0.748142	1	DECOY_ACOM034730-PA,DECOY_AGAP003879-PA,DECOY_AGAP003879-RA_1+
DECOY_ACOM034584-PA	0.869781	NA	0.747925	1	DECOY_ACOM034584-PA
DECOY_CUFF.16609.1_1+	0.869781	NA	0.744667	1	DECOY_CUFF.16609.1_1+,DECOY_CUFF.16609.2_1+
DECOY_sp|P12945|NAT1_YEAST	0.869781	NA	0.743601	1	DECOY_sp|P12945|NAT1_YEAST
DECOY_AGAP003276-RA_2+	0.869781	NA	0.739207	1	DECOY_AGAP003276-RA_2+,DECOY_CUFF.4989.1_3+,DECOY_CUFF.4989.2_1+,DECOY_CUFF.4989.3_2+,DECOY_CUFF.4989.4_2+,DECOY_CUFF.4989.5_1+,DECOY_CUFF.4989.6_2+,DECOY_CUFF.4989.7_3+,DECOY_CUFF.4989.8_2+
DECOY_ACOM032032-PA	0.869781	NA	0.738960	1	DECOY_ACOM032032-PA,DECOY_AGAP011811-PA,DECOY_AGAP011811-RA_1+,DECOY_CUFF.8806.1_2+,DECOY_CUFF.8806.2_3+,DECOY_CUFF.8806.3_2+
DECOY_CUFF.17573.1_1+	0.869781	NA	0.737526	1	DECOY_CUFF.17573.1_1+
DECOY_ACOM025360-PA	0.869781	NA	0.736291	1	DECOY_ACOM025360-PA,DECOY_AGAP007172-PA,DECOY_AGAP007172-PB,DECOY_AGAP007172-RA_1+,DECOY_AGAP007172-RB_3+,DECOY_CUFF.2541.1_2+,DECOY_CUFF.2541.2_1+,DECOY_CUFF.2541.4_2+
DECOY_AGAP008217-RA_3+	0.869781	NA	0.734874	1	DECOY_AGAP008217-RA_3+
DECOY_ACOM043071-PA	0.869781	NA	0.733376	1	DECOY_ACOM043071-PA
DECOY_AGAP003540-RA_3+	0.869781	NA	0.730811	1	DECOY_AGAP003540-RA_3+
DECOY_CUFF.7806.1_3+	0.869781	NA	0.730754	1	DECOY_CUFF.7806.1_3+
DECOY_ACOM037496-PA	0.869781	NA	0.728315	1	DECOY_ACOM037496-PA,DECOY_AGAP002903-PA,DECOY_AGAP002903-RA_1+
DECOY_CUFF.9400.1_2+	0.869781	NA	0.725273	1	DECOY_CUFF.9400.1_2+
DECOY_CUFF.11276.1_3+	0.869781	NA	0.724549	1	DECOY_CUFF.11276.1_3+,DECOY_CUFF.11276.2_3+,DECOY_CUFF.11276.3_3+,DECOY_CUFF.11276.4_3+,DECOY_CUFF.11276.5_3+,DECOY_CUFF.11276.6_3+
DECOY_CUFF.4478.1_2+	0.869781	NA	0.722571	1	DECOY_CUFF.4478.1_2+,DECOY_CUFF.4478.2_3+,DECOY_CUFF.4478.3_3+,DECOY_CUFF.4478.4_2+,DECOY_CUFF.4478.6_2+
DECOY_ACOM036763-PA	0.869781	NA	0.718741	1	DECOY_ACOM036763-PA,DECOY_AGAP002579-RA_1+,DECOY_AGAP029605-PA,DECOY_AGAP029605-PB,DECOY_CUFF.4313.1_1+,DECOY_CUFF.4313.2_3+,DECOY_CUFF.4313.3_1+,DECOY_CUFF.4313.6_1+
DECOY_AGAP000807-RA_3+	0.869781	NA	0.716894	1	DECOY_AGAP000807-RA_3+
DECOY_AGAP007881-RA_2+	0.869781	NA	0.715569	1	DECOY_AGAP007881-RA_2+
DECOY_AGAP008863-RA_1+	0.869781	NA	0.714743	1	DECOY_AGAP008863-RA_1+,DECOY_AGAP008863-RB_2+
DECOY_CUFF.934.1_3+	0.869781	NA	0.711451	1	DECOY_CUFF.934.1_3+,DECOY_CUFF.934.2_3+,DECOY_CUFF.934.4_2+,DECOY_CUFF.934.5_1+
DECOY_AGAP003090-RA_2+	0.869781	NA	0.710534	1	DECOY_AGAP003090-RA_2+,DECOY_AGAP003090-RB_2+,DECOY_CUFF.4744.1_2+,DECOY_CUFF.4744.2_2+
DECOY_AGAP013496-RA_2+	0.869781	NA	0.708868	1	DECOY_AGAP013496-RA_2+
DECOY_AGAP009336-RA_3+	0.869781	NA	0.707391	1	DECOY_AGAP009336-RA_3+
DECOY_ACOM030124-PA	0.869781	NA	0.705875	1	DECOY_ACOM030124-PA,DECOY_AGAP008335-PA,DECOY_AGAP008335-RA_1+
DECOY_CUFF.9520.1_3+	0.869781	NA	0.703739	2	DECOY_CUFF.9520.1_3+,DECOY_CUFF.9520.2_3+
DECOY_sp|P07271|PIF1_YEAST	0.869781	NA	0.700579	1	DECOY_sp|P07271|PIF1_YEAST
DECOY_AGAP011303-RA_3+	0.869781	NA	0.697995	1	DECOY_AGAP011303-RA_3+,DECOY_CUFF.8076.2_2+
DECOY_sp|P40086|COX15_YEAST	0.869781	NA	0.696889	1	DECOY_sp|P40086|COX15_YEAST
DECOY_AGAP009007-RA_3+	0.869781	NA	0.693336	1	DECOY_AGAP009007-RA_3+,DECOY_CUFF.10591.1_2+,DECOY_CUFF.10591.3_3+
DECOY_TCONS_00028279_1+	0.869781	NA	0.687672	1	DECOY_TCONS_00028279_1+
DECOY_sp|P40884|IMA5_YEAST	0.869781	NA	0.686936	1	DECOY_sp|P40884|IMA5_YEAST
DECOY_CUFF.16018.1_1+	0.869781	NA	0.684803	1	DECOY_CUFF.16018.1_1+
DECOY_ACOM031730-PA	0.869781	NA	0.684124	1	DECOY_ACOM031730-PA,DECOY_AGAP006765-PA,DECOY_AGAP006765-PB,DECOY_AGAP006765-RA_3+,DECOY_AGAP006765-RB_1+
DECOY_sp|P19524|MYO2_YEAST	0.869781	NA	0.679034	1	DECOY_sp|P19524|MYO2_YEAST
DECOY_CUFF.4834.11_1+	0.869781	NA	0.675877	1	DECOY_CUFF.4834.11_1+,DECOY_CUFF.4834.12_1+,DECOY_CUFF.4834.13_1+,DECOY_CUFF.4834.14_1+,DECOY_CUFF.4834.1_2+,DECOY_CUFF.4834.2_3+,DECOY_CUFF.4834.4_1+,DECOY_CUFF.4834.5_2+,DECOY_CUFF.4834.6_2+,DECOY_CUFF.4834.8_3+,DECOY_CUFF.4834.9_3+
DECOY_AGAP003442-RA_3+	0.869781	NA	0.675643	1	DECOY_AGAP003442-RA_3+
DECOY_CUFF.17052.1_3+	0.869781	NA	0.674553	2	DECOY_CUFF.17052.1_3+
DECOY_CUFF.17052.2_3+	0.869781	NA	0.674553	1	DECOY_CUFF.17052.2_3+,DECOY_CUFF.17052.3_3+,DECOY_CUFF.17052.5_2+
DECOY_AGAP004604-PA	0.869781	NA	0.674039	1	DECOY_AGAP004604-PA,DECOY_AGAP004604-RA_1+,DECOY_CUFF.6454.1_3+,DECOY_CUFF.6454.2_2+,DECOY_CUFF.6454.6_1+
DECOY_AGAP001499-RA_1+	0.869781	NA	0.672287	1	DECOY_AGAP001499-RA_1+,DECOY_AGAP001499-RB_2+,DECOY_CUFF.3284.1_2+,DECOY_CUFF.3284.2_2+,DECOY_CUFF.3284.3_3+
DECOY_CUFF.8960.1_2+	0.869781	NA	0.671847	1	DECOY_CUFF.8960.1_2+
DECOY_ACOM022849-PA	0.869781	NA	0.669808	1	DECOY_ACOM022849-PA,DECOY_AGAP010960-PA,DECOY_AGAP010960-RA_1+,DECOY_CUFF.7665.1_2+
DECOY_CUFF.8488.10_2+	0.869781	NA	0.665433	1	DECOY_CUFF.8488.10_2+
DECOY_sp|Q12402|YOP1_YEAST	0.869781	NA	0.664377	1	DECOY_sp|Q12402|YOP1_YEAST
DECOY_CUFF.571.4_2+	0.869781	NA	0.661929	1	DECOY_CUFF.571.4_2+
DECOY_AGAP005901-RA_2+	0.869781	NA	0.660246	1	DECOY_AGAP005901-RA_2+,DECOY_CUFF.1535.10_2+,DECOY_CUFF.1535.1_2+,DECOY_CUFF.1535.2_2+,DECOY_CUFF.1535.3_3+,DECOY_CUFF.1535.4_1+,DECOY_CUFF.1535.5_3+,DECOY_CUFF.1535.8_3+,DECOY_CUFF.1535.9_2+
DECOY_AGAP002272-PA	0.869781	NA	0.659871	1	DECOY_AGAP002272-PA,DECOY_AGAP002272-PB,DECOY_AGAP002272-PC,DECOY_AGAP002272-RA_1+,DECOY_AGAP002272-RB_1+,DECOY_AGAP002272-RC_1+,DECOY_CUFF.4117.1_1+,DECOY_CUFF.4117.3_1+,DECOY_CUFF.4117.6_1+,DECOY_CUFF.4117.8_3+,DECOY_CUFF.4117.9_1+
DECOY_AGAP011892-RA_3+	0.869781	NA	0.659021	1	DECOY_AGAP011892-RA_3+,DECOY_CUFF.8854.1_2+
DECOY_AGAP001699-RA_3+	0.869781	NA	0.658524	1	DECOY_AGAP001699-RA_3+
DECOY_TCONS_00013518_1+	0.869781	NA	0.658100	1	DECOY_TCONS_00013518_1+
DECOY_AGAP011900-RA_2+	0.869781	NA	0.657454	1	DECOY_AGAP011900-RA_2+
DECOY_sp|P26793|FEN1_YEAST	0.869781	NA	0.656842	1	DECOY_sp|P26793|FEN1_YEAST
DECOY_AGAP013148-RA_1+	0.869781	NA	0.656032	1	DECOY_AGAP013148-RA_1+
DECOY_AGAP001986-RA_1+	0.869781	NA	0.654957	1	DECOY_AGAP001986-RA_1+,DECOY_CUFF.3726.1_3+
DECOY_CUFF.5451.1_1+	0.869781	NA	0.653707	1	DECOY_CUFF.5451.1_1+,DECOY_CUFF.5451.2_2+,DECOY_CUFF.5451.3_2+,DECOY_CUFF.5451.6_3+,DECOY_CUFF.5451.7_3+
DECOY_AGAP013042-RA_2+	0.869781	NA	0.647109	1	DECOY_AGAP013042-RA_2+,DECOY_CUFF.16753.1_2+
DECOY_sp|P39940|RSP5_YEAST	0.869781	NA	0.644850	1	DECOY_sp|P39940|RSP5_YEAST
DECOY_ACOM026655-PA	0.869781	NA	0.644315	1	DECOY_ACOM026655-PA,DECOY_AGAP012843-PA,DECOY_AGAP012843-RA_1+
DECOY_sp|P53037|PSD2_YEAST	0.869781	NA	0.641723	1	DECOY_sp|P53037|PSD2_YEAST
DECOY_AGAP000909-RA_2+	0.869781	NA	0.640376	1	DECOY_AGAP000909-RA_2+,DECOY_CUFF.17170.1_2+
DECOY_AGAP012389-RA_2+	0.869781	NA	0.630852	1	DECOY_AGAP012389-RA_2+
DECOY_CUFF.5533.1_1+	0.869781	NA	0.627645	1	DECOY_CUFF.5533.1_1+
DECOY_AGAP000249-RA_1+	0.869781	NA	0.625657	1	DECOY_AGAP000249-RA_1+
DECOY_CUFF.2050.1_1+	0.869781	NA	0.625267	1	DECOY_CUFF.2050.1_1+,DECOY_CUFF.2050.2_1+
DECOY_ACOM030623-PA	0.869781	NA	0.621831	1	DECOY_ACOM030623-PA,DECOY_AGAP028427-RA_1+,DECOY_AGAP029774-PA,DECOY_CUFF.9681.1_2+,DECOY_CUFF.9681.3_2+,DECOY_CUFF.9681.4_3+
DECOY_ACOM029122-PA	0.869781	NA	0.620245	1	DECOY_ACOM029122-PA,DECOY_AGAP009027-PA,DECOY_AGAP009027-RA_1+,DECOY_CUFF.10624.1_1+
DECOY_TCONS_00032355_2+	0.869781	NA	0.615265	1	DECOY_TCONS_00032355_2+
DECOY_sp|P06786|TOP2_YEAST	0.869781	NA	0.613629	1	DECOY_sp|P06786|TOP2_YEAST
DECOY_CUFF.5114.5_2+	0.869781	NA	0.611074	1	DECOY_CUFF.5114.5_2+
DECOY_AGAP003513-PA	0.869781	NA	0.607354	1	DECOY_AGAP003513-PA,DECOY_AGAP003513-RA_2+
DECOY_CUFF.4879.1_2+	0.869781	NA	0.606819	1	DECOY_CUFF.4879.1_2+,DECOY_CUFF.4879.2_3+,DECOY_CUFF.4879.3_2+,DECOY_CUFF.4879.4_3+,DECOY_CUFF.4879.5_2+,DECOY_CUFF.4879.6_1+,DECOY_CUFF.4879.7_3+,DECOY_CUFF.4879.8_1+
DECOY_AGAP001786-RA_2+	0.869781	NA	0.605654	1	DECOY_AGAP001786-RA_2+,DECOY_CUFF.3770.2_2+,DECOY_CUFF.3770.3_2+
DECOY_AGAP009061-RA_3+	0.869781	NA	0.602257	1	DECOY_AGAP009061-RA_3+,DECOY_CUFF.10700.1_3+,DECOY_CUFF.10700.2_1+,DECOY_CUFF.10700.3_3+
DECOY_CUFF.9740.1_1+	0.869781	NA	0.601699	1	DECOY_CUFF.9740.1_1+,DECOY_CUFF.9740.2_2+
DECOY_ACOM027453-PA	0.869781	NA	0.600421	1	DECOY_ACOM027453-PA,DECOY_AGAP010710-PA,DECOY_AGAP010710-PB,DECOY_AGAP010710-PC,DECOY_AGAP010710-RA_1+,DECOY_CUFF.7389.1_3+,DECOY_CUFF.7389.2_2+,DECOY_CUFF.7389.3_3+,DECOY_CUFF.7389.4_2+,DECOY_CUFF.7389.5_1+
DECOY_AGAP009000-RA_3+	0.869781	NA	0.599847	1	DECOY_AGAP009000-RA_3+,DECOY_CUFF.10552.1_2+
DECOY_CUFF.8827.10_2+	0.869781	NA	0.596808	1	DECOY_CUFF.8827.10_2+,DECOY_CUFF.8827.11_1+,DECOY_CUFF.8827.1_2+,DECOY_CUFF.8827.2_2+
DECOY_AGAP006275-RA_3+	0.869781	NA	0.596737	1	DECOY_AGAP006275-RA_3+
DECOY_AGAP003803-RA_2+	0.869781	NA	0.591735	1	DECOY_AGAP003803-RA_2+
DECOY_sp|P06776|PDE2_YEAST	0.869781	NA	0.591287	1	DECOY_sp|P06776|PDE2_YEAST
DECOY_ACOM026450-PA	0.869781	NA	0.589526	1	DECOY_ACOM026450-PA
DECOY_AGAP000073-PA	0.869781	NA	0.583909	1	DECOY_AGAP000073-PA,DECOY_AGAP000073-RA_1+,DECOY_CUFF.15857.1_3+,DECOY_CUFF.15857.2_2+
DECOY_ACOM025632-PA	0.869781	NA	0.583426	1	DECOY_ACOM025632-PA,DECOY_AGAP007374-PA,DECOY_AGAP007374-RA_2+,DECOY_CUFF.2732.1_3+,DECOY_CUFF.2732.2_2+
DECOY_TCONS_00040953_3+	0.869781	NA	0.581948	1	DECOY_TCONS_00040953_3+
DECOY_AGAP007833-RA_3+	0.869781	NA	0.579918	1	DECOY_AGAP007833-RA_3+,DECOY_CUFF.9461.1_1+
DECOY_CUFF.14291.1_3+	0.869781	NA	0.577071	1	DECOY_CUFF.14291.1_3+
DECOY_ACOM041687-PA	0.869781	NA	0.573339	1	DECOY_ACOM041687-PA,DECOY_AGAP010500-PA,DECOY_AGAP010500-RA_3+
DECOY_ACOM040250-PA	0.869781	NA	0.570112	1	DECOY_ACOM040250-PA,DECOY_AGAP000812-PA,DECOY_AGAP000812-RA_1+,DECOY_CUFF.16946.1_3+,DECOY_CUFF.16946.2_1+,DECOY_CUFF.16946.3_1+,DECOY_CUFF.16946.4_2+,DECOY_CUFF.16946.5_1+,DECOY_CUFF.16946.6_2+
DECOY_AGAP002137-RA_2+	0.869781	NA	0.567958	1	DECOY_AGAP002137-RA_2+,DECOY_CUFF.3865.1_1+
DECOY_AGAP001826-RA_3+	0.869781	NA	0.555630	1	DECOY_AGAP001826-RA_3+,DECOY_CUFF.3604.1_1+
DECOY_sp|Q12207|NCE2_YEAST	0.869781	NA	0.551293	1	DECOY_sp|Q12207|NCE2_YEAST
DECOY_CUFF.9747.1_1+	0.869781	NA	0.550603	1	DECOY_CUFF.9747.1_1+
DECOY_sp|Q12136|SAS10_YEAST	0.869781	NA	0.549547	1	DECOY_sp|Q12136|SAS10_YEAST
DECOY_sp|P40072|SLX8_YEAST	0.869781	NA	0.549002	1	DECOY_sp|P40072|SLX8_YEAST
DECOY_ACOM031578-PA	0.869781	NA	0.543029	1	DECOY_ACOM031578-PA
DECOY_CUFF.576.1_3+	0.869781	NA	0.542566	1	DECOY_CUFF.576.1_3+,DECOY_CUFF.576.2_1+,DECOY_CUFF.576.4_2+,DECOY_CUFF.576.5_2+,DECOY_CUFF.576.6_1+,DECOY_CUFF.576.7_1+
DECOY_ACOM033505-PA	0.869781	NA	0.542268	1	DECOY_ACOM033505-PA,DECOY_AGAP010026-PA,DECOY_AGAP010026-PB,DECOY_AGAP010026-RA_1+,DECOY_CUFF.12095.1_3+,DECOY_CUFF.12095.2_3+,DECOY_CUFF.12095.3_3+,DECOY_CUFF.12095.4_3+,DECOY_CUFF.12095.5_3+
DECOY_AGAP006936-RA_1+	0.869781	NA	0.541818	1	DECOY_AGAP006936-RA_1+,DECOY_AGAP006936-RB_2+
DECOY_sp|P26798|INO2_YEAST	0.869781	NA	0.537479	1	DECOY_sp|P26798|INO2_YEAST
DECOY_ACOM035635-PA	0.869781	NA	0.537182	1	DECOY_ACOM035635-PA,DECOY_AGAP003182-PA,DECOY_AGAP003182-RA_1+
DECOY_CUFF.1049.1_2+	0.869781	NA	0.535801	1	DECOY_CUFF.1049.1_2+
DECOY_ACOM029127-PA	0.869781	NA	0.534308	1	DECOY_ACOM029127-PA,DECOY_AGAP009028-PA,DECOY_AGAP009028-RA_1+,DECOY_CUFF.10628.2_1+
DECOY_AGAP008411-RA_2+	0.869781	NA	0.531902	1	DECOY_AGAP008411-RA_2+,DECOY_CUFF.9947.1_3+
DECOY_ACOM033049-PA	0.869781	NA	0.531865	1	DECOY_ACOM033049-PA,DECOY_AGAP004271-PA,DECOY_AGAP004271-RA_2+
DECOY_CUFF.5202.2_2+	0.869781	NA	0.529185	1	DECOY_CUFF.5202.2_2+
DECOY_AGAP000558-PB	0.869781	NA	0.526131	1	DECOY_AGAP000558-PB,DECOY_AGAP000558-RB_1+,DECOY_CUFF.16455.2_1+
DECOY_CUFF.1633.1_1+	0.869781	NA	0.523925	1	DECOY_CUFF.1633.1_1+,DECOY_CUFF.1633.2_1+,DECOY_CUFF.1633.3_1+
DECOY_AGAP002996-RA_3+	0.869781	NA	0.518589	1	DECOY_AGAP002996-RA_3+,DECOY_AGAP002996-RB_1+,DECOY_AGAP002996-RC_2+,DECOY_AGAP002996-RD_2+,DECOY_CUFF.4699.1_2+,DECOY_CUFF.4699.2_3+,DECOY_CUFF.4699.7_1+
DECOY_CUFF.16056.1_3+	0.869781	NA	0.517639	1	DECOY_CUFF.16056.1_3+
DECOY_CUFF.4260.1_3+	0.869781	NA	0.514196	1	DECOY_CUFF.4260.1_3+
DECOY_AGAP001208-RC_3+	0.869781	NA	0.513905	1	DECOY_AGAP001208-RC_3+,DECOY_CUFF.3035.10_3+,DECOY_CUFF.3035.1_3+,DECOY_CUFF.3035.2_3+,DECOY_CUFF.3035.3_1+,DECOY_CUFF.3035.4_2+,DECOY_CUFF.3035.5_3+,DECOY_CUFF.3035.6_3+,DECOY_CUFF.3035.7_3+,DECOY_CUFF.3035.8_2+,DECOY_CUFF.3035.9_2+
DECOY_CUFF.16934.1_2+	0.869781	NA	0.512968	1	DECOY_CUFF.16934.1_2+,DECOY_CUFF.16934.3_2+,DECOY_CUFF.16934.4_1+,DECOY_CUFF.16934.5_1+,DECOY_CUFF.16934.6_2+,DECOY_CUFF.16934.7_1+
DECOY_AGAP006935-RC_2+	0.869781	NA	0.511551	1	DECOY_AGAP006935-RC_2+,DECOY_CUFF.2398.1_1+,DECOY_CUFF.2398.4_1+,DECOY_CUFF.2398.8_2+
DECOY_CUFF.1324.1_3+	0.869781	NA	0.511036	1	DECOY_CUFF.1324.1_3+,DECOY_CUFF.1324.2_2+,DECOY_CUFF.1324.3_3+,DECOY_CUFF.1324.4_2+,DECOY_CUFF.1324.5_3+
DECOY_AGAP010081-RA_2+	0.869781	NA	0.509046	1	DECOY_AGAP010081-RA_2+
DECOY_AGAP007788-PA	0.869781	NA	0.508857	1	DECOY_AGAP007788-PA,DECOY_AGAP007788-PB,DECOY_AGAP007788-PC,DECOY_AGAP007788-RA_1+,DECOY_AGAP007788-RB_3+,DECOY_AGAP007788-RC_1+,DECOY_CUFF.9452.1_2+,DECOY_CUFF.9452.2_1+,DECOY_CUFF.9452.3_2+,DECOY_CUFF.9452.4_2+,DECOY_CUFF.9452.5_3+,DECOY_CUFF.9452.6_3+,DECOY_CUFF.9452.7_3+
DECOY_AGAP000984-PA	0.869781	NA	0.507261	1	DECOY_AGAP000984-PA,DECOY_AGAP000984-RA_1+,DECOY_CUFF.17231.1_1+,DECOY_CUFF.17231.2_3+,DECOY_CUFF.17231.3_1+
DECOY_CUFF.17231.5_1+	0.869781	NA	0.507261	2	DECOY_CUFF.17231.5_1+
DECOY_AGAP008763-RA_2+	0.869781	NA	0.507260	1	DECOY_AGAP008763-RA_2+,DECOY_AGAP008763-RB_1+,DECOY_CUFF.10286.3_1+
DECOY_AGAP005939-RA_3+	0.869781	NA	0.504290	1	DECOY_AGAP005939-RA_3+
DECOY_sp|P53170|PDK2_YEAST	0.869781	NA	0.503944	1	DECOY_sp|P53170|PDK2_YEAST
DECOY_AGAP004957-RA_2+	0.869781	NA	0.492336	1	DECOY_AGAP004957-RA_2+
DECOY_CUFF.9025.12_1+	0.869781	NA	0.485280	1	DECOY_CUFF.9025.12_1+,DECOY_CUFF.9025.3_1+,DECOY_CUFF.9025.5_1+,DECOY_CUFF.9025.8_3+
DECOY_TCONS_00031946_3+	0.869781	NA	0.484994	1	DECOY_TCONS_00031946_3+
DECOY_AGAP000629-RA_2+	0.869781	NA	0.484078	1	DECOY_AGAP000629-RA_2+,DECOY_CUFF.16538.1_3+,DECOY_CUFF.16538.2_3+
DECOY_CUFF.16631.10_2+	0.869781	NA	0.483778	1	DECOY_CUFF.16631.10_2+,DECOY_CUFF.16631.3_3+,DECOY_CUFF.16631.4_3+,DECOY_CUFF.16631.5_2+,DECOY_CUFF.16631.6_3+,DECOY_CUFF.16631.7_3+,DECOY_CUFF.16631.8_1+,DECOY_CUFF.16631.9_1+
DECOY_sp|P32794|AFG2_YEAST	0.869781	NA	0.475905	1	DECOY_sp|P32794|AFG2_YEAST
DECOY_CUFF.11772.1_2+	0.869781	NA	0.470458	1	DECOY_CUFF.11772.1_2+,DECOY_CUFF.11772.2_2+,DECOY_CUFF.11772.3_3+
DECOY_CUFF.11483.1_2+	0.869781	NA	0.467580	1	DECOY_CUFF.11483.1_2+,DECOY_CUFF.11483.2_1+,DECOY_CUFF.11483.3_1+,DECOY_CUFF.11483.4_3+
DECOY_AGAP003994-RA_3+	0.869781	NA	0.467039	1	DECOY_AGAP003994-RA_3+
DECOY_AGAP008943-RA_2+	0.869781	NA	0.465655	1	DECOY_AGAP008943-RA_2+,DECOY_CUFF.10488.1_3+,DECOY_CUFF.10488.2_3+
DECOY_AGAP013032-RA_3+	0.869781	NA	0.464238	1	DECOY_AGAP013032-RA_3+,DECOY_CUFF.5636.1_2+,DECOY_CUFF.5636.2_2+,DECOY_CUFF.5636.3_2+
DECOY_ACOM025386-PA	0.869781	NA	0.458365	1	DECOY_ACOM025386-PA
DECOY_AGAP008223-RA_3+	0.869781	NA	0.456439	1	DECOY_AGAP008223-RA_3+
DECOY_CUFF.11334.1_2+	0.869781	NA	0.456435	1	DECOY_CUFF.11334.1_2+,DECOY_CUFF.11334.2_3+
DECOY_CUFF.4441.3_2+	0.869781	NA	0.452838	1	DECOY_CUFF.4441.3_2+,DECOY_CUFF.4441.8_3+
DECOY_CUFF.6862.3_1+	0.869781	NA	0.449935	1	DECOY_CUFF.6862.3_1+
DECOY_AGAP006039-RA_2+	0.869781	NA	0.443886	1	DECOY_AGAP006039-RA_2+
DECOY_AGAP029269-PA	0.869781	NA	0.440128	1	DECOY_AGAP029269-PA,DECOY_TCONS_00021048_3+,DECOY_TCONS_00021049_3+
DECOY_AGAP002516-RA_2+	0.869781	NA	0.438729	1	DECOY_AGAP002516-RA_2+,DECOY_CUFF.4230.1_3+,DECOY_CUFF.4230.2_2+
DECOY_TCONS_00009794_1+	0.869781	NA	0.434248	1	DECOY_TCONS_00009794_1+
DECOY_AGAP002262-RA_3+	0.869781	NA	0.431725	1	DECOY_AGAP002262-RA_3+,DECOY_CUFF.4047.10_1+,DECOY_CUFF.4047.11_3+,DECOY_CUFF.4047.12_3+,DECOY_CUFF.4047.1_2+,DECOY_CUFF.4047.2_3+,DECOY_CUFF.4047.3_2+,DECOY_CUFF.4047.4_2+,DECOY_CUFF.4047.5_2+,DECOY_CUFF.4047.6_2+,DECOY_CUFF.4047.7_1+,DECOY_CUFF.4047.8_2+,DECOY_CUFF.4047.9_3+
DECOY_AGAP006688-RA_1+	0.869781	NA	0.413640	1	DECOY_AGAP006688-RA_1+
DECOY_CUFF.7531.1_1+	0.869781	NA	0.413446	1	DECOY_CUFF.7531.1_1+,DECOY_CUFF.7531.2_3+,DECOY_CUFF.7531.3_3+
DECOY_ACOM036256-PA	0.869781	NA	0.408004	1	DECOY_ACOM036256-PA,DECOY_AGAP000676-PA,DECOY_AGAP000676-RA_1+,DECOY_CUFF.16686.1_3+
DECOY_CUFF.17221.2_2+	0.869781	NA	0.407356	1	DECOY_CUFF.17221.2_2+,DECOY_CUFF.17221.4_2+,DECOY_CUFF.17221.6_1+
DECOY_ACOM035905-PA	0.869781	NA	0.406439	1	DECOY_ACOM035905-PA,DECOY_AGAP000019-PA,DECOY_AGAP000019-RA_1+,DECOY_CUFF.15782.1_3+
DECOY_ACOM031249-PA	0.869781	NA	0.403723	1	DECOY_ACOM031249-PA,DECOY_AGAP005743-PA,DECOY_AGAP005743-RA_3+
DECOY_AGAP002091-RA_1+	0.869781	NA	0.401382	1	DECOY_AGAP002091-RA_1+
DECOY_CUFF.3645.10_3+	0.869781	NA	0.398753	1	DECOY_CUFF.3645.10_3+,DECOY_CUFF.3645.4_2+,DECOY_CUFF.3645.5_1+,DECOY_CUFF.3645.6_3+,DECOY_CUFF.3645.7_3+,DECOY_CUFF.3645.8_1+,DECOY_CUFF.3645.9_3+
DECOY_TCONS_00034795_3+	0.869781	NA	0.398217	1	DECOY_TCONS_00034795_3+
DECOY_AGAP004192-RA_3+	0.869781	NA	0.391899	1	DECOY_AGAP004192-RA_3+,DECOY_CUFF.6126.1_1+,DECOY_CUFF.6126.3_3+
DECOY_ACOM037180-PA	0.869781	NA	0.390042	1	DECOY_ACOM037180-PA,DECOY_AGAP002323-PA,DECOY_AGAP002323-RA_1+
DECOY_AGAP006669-RA_3+	0.869781	NA	0.389247	1	DECOY_AGAP006669-RA_3+,DECOY_CUFF.2162.1_3+,DECOY_CUFF.2162.2_1+,DECOY_CUFF.2162.3_3+,DECOY_CUFF.2162.4_3+,DECOY_CUFF.2162.5_3+
DECOY_AGAP012092-RA_1+	0.869781	NA	0.387984	1	DECOY_AGAP012092-RA_1+
DECOY_ACOM041442-PA	0.869781	NA	0.384850	1	DECOY_ACOM041442-PA,DECOY_AGAP011492-PA,DECOY_AGAP011492-RA_1+,DECOY_CUFF.8318.1_2+,DECOY_CUFF.8318.2_3+
DECOY_ACOM028833-PA	0.869781	NA	0.383813	1	DECOY_ACOM028833-PA,DECOY_AGAP003710-PA,DECOY_AGAP003710-RA_2+
DECOY_sp|P22219|VPS15_YEAST	0.869781	NA	0.378171	1	DECOY_sp|P22219|VPS15_YEAST
DECOY_ACOM027816-PA	0.869781	NA	0.374646	1	DECOY_ACOM027816-PA
DECOY_AGAP005288-PA	0.869781	NA	0.374646	2	DECOY_AGAP005288-PA,DECOY_AGAP005288-RA_1+,DECOY_CUFF.939.3_1+,DECOY_CUFF.939.7_3+,DECOY_CUFF.939.9_1+
DECOY_CUFF.939.2_3+	0.869781	NA	0.374646	3	DECOY_CUFF.939.2_3+
DECOY_AGAP002797-RA_2+	0.869781	NA	0.373999	1	DECOY_AGAP002797-RA_2+,DECOY_AGAP002797-RB_2+,DECOY_CUFF.4475.1_2+,DECOY_CUFF.4475.2_1+,DECOY_CUFF.4475.3_3+
DECOY_sp|P38931|SSN2_YEAST	0.869781	NA	0.373072	1	DECOY_sp|P38931|SSN2_YEAST
DECOY_AGAP003506-RA_2+	0.869781	NA	0.369917	1	DECOY_AGAP003506-RA_2+,DECOY_CUFF.5160.1_1+
DECOY_ACOM024951-PA	0.869781	NA	0.367779	1	DECOY_ACOM024951-PA,DECOY_AGAP005915-PA,DECOY_AGAP005915-RA_1+,DECOY_CUFF.1490.1_3+
DECOY_AGAP008263-RA_1+	0.869781	NA	0.365640	1	DECOY_AGAP008263-RA_1+
DECOY_ACOM038434-PA	0.869781	NA	0.365535	1	DECOY_ACOM038434-PA,DECOY_AGAP004756-PA,DECOY_AGAP004756-RA_1+,DECOY_CUFF.395.1_2+,DECOY_CUFF.395.2_3+
DECOY_sp|P16861|PFKA1_YEAST	0.869781	NA	0.364061	1	DECOY_sp|P16861|PFKA1_YEAST
DECOY_AGAP003610-RA_3+	0.869781	NA	0.362649	1	DECOY_AGAP003610-RA_3+
DECOY_CUFF.3848.1_2+	0.869781	NA	0.358131	1	DECOY_CUFF.3848.1_2+
DECOY_ACOM042416-PA	0.869781	NA	0.352636	1	DECOY_ACOM042416-PA
DECOY_AGAP004631-RA_3+	0.869781	NA	0.347112	1	DECOY_AGAP004631-RA_3+,DECOY_CUFF.6351.1_2+,DECOY_CUFF.6351.2_2+
DECOY_ACOM039444-PA	0.869781	NA	0.340667	1	DECOY_ACOM039444-PA,DECOY_AGAP006623-PA,DECOY_AGAP006623-RA_1+
DECOY_sp|P09959|SWI6_YEAST	0.869781	NA	0.328365	1	DECOY_sp|P09959|SWI6_YEAST
DECOY_TCONS_00013518_3+	0.869781	NA	0.325102	1	DECOY_TCONS_00013518_3+,DECOY_TCONS_00013519_2+
DECOY_CUFF.16527.1_1+	0.869781	NA	0.323473	1	DECOY_CUFF.16527.1_1+
DECOY_CUFF.450.1_3+	0.869781	NA	0.319274	1	DECOY_CUFF.450.1_3+,DECOY_CUFF.450.2_3+,DECOY_CUFF.450.3_3+,DECOY_CUFF.450.4_3+,DECOY_CUFF.450.5_3+,DECOY_CUFF.450.6_3+
DECOY_CUFF.4236.3_2+	0.869781	NA	0.317421	1	DECOY_CUFF.4236.3_2+,DECOY_CUFF.4236.5_2+,DECOY_CUFF.4236.6_1+,DECOY_CUFF.4236.7_1+,DECOY_CUFF.4236.8_1+,DECOY_CUFF.4236.9_2+
DECOY_sp|P39958|GDI1_YEAST	0.869781	NA	0.315879	2	DECOY_sp|P39958|GDI1_YEAST
DECOY_CUFF.5703.1_1+	0.869781	NA	0.310869	1	DECOY_CUFF.5703.1_1+
DECOY_CUFF.2762.1_3+	0.869781	NA	0.310478	1	DECOY_CUFF.2762.1_3+
DECOY_AGAP003643-PA	0.869781	NA	0.304400	1	DECOY_AGAP003643-PA,DECOY_AGAP003643-RA_1+,DECOY_CUFF.5322.2_1+,DECOY_CUFF.5322.3_1+
DECOY_AGAP009550-PA	0.869781	NA	0.303243	1	DECOY_AGAP009550-PA,DECOY_AGAP009550-PB
DECOY_AGAP000368-PA	0.869781	NA	0.303121	1	DECOY_AGAP000368-PA,DECOY_AGAP000368-RA_3+
DECOY_AGAP006623-RA_2+	0.869781	NA	0.300694	1	DECOY_AGAP006623-RA_2+
DECOY_ACOM039653-PA	0.869781	NA	0.300524	1	DECOY_ACOM039653-PA,DECOY_AGAP006479-PA,DECOY_AGAP006479-RA_1+,DECOY_CUFF.1981.1_2+,DECOY_CUFF.1981.2_1+,DECOY_CUFF.1981.3_1+,DECOY_CUFF.1981.4_2+
DECOY_AGAP012540-RA_1+	0.869781	NA	0.298508	1	DECOY_AGAP012540-RA_1+
DECOY_ACOM027509-PA	0.869781	NA	0.297742	1	DECOY_ACOM027509-PA,DECOY_AGAP029638-PA,DECOY_CUFF.7415.1_1+,DECOY_CUFF.7415.3_1+
DECOY_AGAP000620-RA_3+	0.869781	NA	0.297293	1	DECOY_AGAP000620-RA_3+,DECOY_CUFF.16511.1_2+,DECOY_CUFF.16511.2_2+
DECOY_CUFF.10018.2_2+	0.869781	NA	0.294350	1	DECOY_CUFF.10018.2_2+,DECOY_CUFF.10018.3_2+,DECOY_CUFF.10018.4_3+,DECOY_CUFF.10018.5_2+,DECOY_CUFF.10018.6_1+
DECOY_CUFF.3536.2_2+	0.869781	NA	0.294332	1	DECOY_CUFF.3536.2_2+
DECOY_AGAP000610-RA_2+	0.869781	NA	0.292572	1	DECOY_AGAP000610-RA_2+
DECOY_AGAP004101-RA_3+	0.869781	NA	0.290524	1	DECOY_AGAP004101-RA_3+,DECOY_AGAP012836-RA_2+
DECOY_sp|P53741|BRE5_YEAST	0.869781	NA	0.290063	1	DECOY_sp|P53741|BRE5_YEAST
DECOY_AGAP002623-PA	0.869781	NA	0.286019	1	DECOY_AGAP002623-PA,DECOY_AGAP002623-RA_1+,DECOY_CUFF.4365.1_1+,DECOY_CUFF.4365.2_3+
DECOY_CUFF.2055.1_2+	0.869781	NA	0.284721	1	DECOY_CUFF.2055.1_2+,DECOY_CUFF.2055.2_2+,DECOY_CUFF.2055.3_1+,DECOY_CUFF.2055.4_1+,DECOY_CUFF.2055.5_3+,DECOY_CUFF.2925.1_3+,DECOY_CUFF.2925.2_3+,DECOY_CUFF.2925.3_1+,DECOY_CUFF.2925.4_1+,DECOY_CUFF.2925.5_1+
DECOY_CUFF.3326.1_3+	0.869781	NA	0.281969	1	DECOY_CUFF.3326.1_3+
DECOY_AGAP003340-RA_1+	0.869781	NA	0.278011	1	DECOY_AGAP003340-RA_1+,DECOY_CUFF.5057.3_3+,DECOY_CUFF.5057.4_2+
DECOY_sp|Q07622|ACK1_YEAST	0.869781	NA	0.277452	1	DECOY_sp|Q07622|ACK1_YEAST
DECOY_AGAP007314-RA_3+	0.869781	NA	0.274923	1	DECOY_AGAP007314-RA_3+
DECOY_AGAP001098-RA_1+	0.869781	NA	0.274117	1	DECOY_AGAP001098-RA_1+,DECOY_CUFF.2977.2_2+
DECOY_AGAP012213-RA_1+	0.869781	NA	0.266362	1	DECOY_AGAP012213-RA_1+,DECOY_AGAP028635-PA,DECOY_CUFF.9141.1_2+
DECOY_AGAP000112-RA_2+	0.869781	NA	0.264147	1	DECOY_AGAP000112-RA_2+,DECOY_CUFF.15951.1_3+,DECOY_CUFF.15951.2_3+
DECOY_CUFF.2668.10_2+	0.869781	NA	0.263622	1	DECOY_CUFF.2668.10_2+,DECOY_CUFF.2668.7_3+
DECOY_AGAP008904-RA_3+	0.869781	NA	0.261697	1	DECOY_AGAP008904-RA_3+
DECOY_AGAP005925-RA_1+	0.869781	NA	0.261598	1	DECOY_AGAP005925-RA_1+,DECOY_AGAP029634-PA,DECOY_CUFF.1551.10_3+,DECOY_CUFF.1551.13_2+,DECOY_CUFF.1551.14_3+,DECOY_CUFF.1551.1_3+,DECOY_CUFF.1551.4_3+,DECOY_CUFF.1551.5_3+,DECOY_CUFF.1551.6_3+,DECOY_CUFF.1551.7_3+
DECOY_CUFF.16784.1_2+	0.869781	NA	0.260109	1	DECOY_CUFF.16784.1_2+,DECOY_CUFF.16784.2_1+,DECOY_CUFF.16784.3_3+,DECOY_CUFF.16784.4_3+,DECOY_CUFF.16784.6_1+
DECOY_AGAP010875-PA	0.869781	NA	0.256193	1	DECOY_AGAP010875-PA,DECOY_AGAP010875-RA_1+,DECOY_CUFF.7544.1_2+
DECOY_ACOM041679-PA	0.869781	NA	0.253528	1	DECOY_ACOM041679-PA,DECOY_AGAP010490-PA,DECOY_AGAP010490-PB,DECOY_AGAP010490-RA_1+,DECOY_AGAP010490-RB_1+,DECOY_CUFF.7056.1_2+,DECOY_CUFF.7056.2_2+,DECOY_CUFF.7056.3_2+
DECOY_CUFF.4910.1_2+	0.869781	NA	0.251182	1	DECOY_CUFF.4910.1_2+
DECOY_AGAP006219-RA_2+	0.869781	NA	0.248615	1	DECOY_AGAP006219-RA_2+,DECOY_CUFF.1777.1_3+,DECOY_CUFF.1777.2_2+,DECOY_CUFF.1777.3_2+
DECOY_AGAP004095-RA_1+	0.869781	NA	0.247516	1	DECOY_AGAP004095-RA_1+
DECOY_AGAP007645-RA_3+	0.869781	NA	0.239969	1	DECOY_AGAP007645-RA_3+,DECOY_CUFF.2902.1_3+
DECOY_CUFF.9706.1_2+	0.869781	NA	0.237591	1	DECOY_CUFF.9706.1_2+
DECOY_AGAP000579-RA_3+	0.869781	NA	0.237005	1	DECOY_AGAP000579-RA_3+
DECOY_CUFF.10894.1_1+	0.869781	NA	0.234150	1	DECOY_CUFF.10894.1_1+,DECOY_CUFF.10894.2_2+
DECOY_AGAP029065-PA	0.869781	NA	0.234047	1	DECOY_AGAP029065-PA
DECOY_AGAP004665-RA_3+	0.869781	NA	0.232837	1	DECOY_AGAP004665-RA_3+,DECOY_CUFF.6555.1_2+
DECOY_AGAP008080-RA_2+	0.869781	NA	0.228513	1	DECOY_AGAP008080-RA_2+
DECOY_ACOM039978-PA	0.869781	NA	0.227699	1	DECOY_ACOM039978-PA,DECOY_AGAP006252-PA,DECOY_AGAP006252-RA_1+
DECOY_AGAP000214-PA	0.869781	NA	0.225207	1	DECOY_AGAP000214-PA,DECOY_AGAP000214-RA_1+,DECOY_CUFF.16101.10_3+,DECOY_CUFF.16101.1_2+,DECOY_CUFF.16101.2_1+,DECOY_CUFF.16101.3_1+,DECOY_CUFF.16101.4_3+,DECOY_CUFF.16101.5_2+,DECOY_CUFF.16101.6_1+,DECOY_CUFF.16101.7_1+,DECOY_CUFF.16101.8_3+,DECOY_CUFF.16101.9_3+
DECOY_ACOM023140-PA	0.869781	NA	0.223523	1	DECOY_ACOM023140-PA,DECOY_AGAP011123-PA,DECOY_AGAP011123-PB,DECOY_CUFF.7837.2_3+
DECOY_AGAP012442-PA	0.869781	NA	0.219757	1	DECOY_AGAP012442-PA,DECOY_AGAP012442-RA_1+
DECOY_AGAP000932-PA	0.869781	NA	0.215597	1	DECOY_AGAP000932-PA,DECOY_CUFF.17150.5_3+
DECOY_CUFF.1028.1_1+	0.869781	NA	0.212320	1	DECOY_CUFF.1028.1_1+
DECOY_AGAP004497-RA_1+	0.869781	NA	0.200593	1	DECOY_AGAP004497-RA_1+
DECOY_AGAP013523-RA_3+	0.869781	NA	0.200238	1	DECOY_AGAP013523-RA_3+
DECOY_CUFF.1806.1_2+	0.869781	NA	0.196797	1	DECOY_CUFF.1806.1_2+,DECOY_CUFF.1806.2_2+,DECOY_CUFF.1806.3_1+,DECOY_CUFF.1806.4_3+
DECOY_sp|P07257|QCR2_YEAST	0.869781	NA	0.192225	1	DECOY_sp|P07257|QCR2_YEAST
DECOY_AGAP013315-RA_3+	0.869781	NA	0.188264	1	DECOY_AGAP013315-RA_3+,DECOY_CUFF.5769.1_3+
DECOY_AGAP012273-PA	0.869781	NA	0.174372	1	DECOY_AGAP012273-PA,DECOY_CUFF.9516.1_2+,DECOY_CUFF.9516.2_3+
DECOY_CUFF.417.1_1+	0.869781	NA	0.170427	1	DECOY_CUFF.417.1_1+
DECOY_AGAP002084-RA_1+	0.869781	NA	0.169657	1	DECOY_AGAP002084-RA_1+,DECOY_AGAP002084-RB_1+,DECOY_CUFF.3820.1_2+
DECOY_CUFF.5550.1_2+	0.869781	NA	0.168516	1	DECOY_CUFF.5550.1_2+,DECOY_CUFF.5550.2_1+,DECOY_CUFF.5550.3_1+
DECOY_CUFF.3064.1_2+	0.869781	NA	0.168441	1	DECOY_CUFF.3064.1_2+,DECOY_CUFF.3064.2_1+,DECOY_CUFF.3064.3_1+
DECOY_CUFF.17072.6_2+	0.869781	NA	0.166223	1	DECOY_CUFF.17072.6_2+,DECOY_CUFF.17072.8_2+
DECOY_AGAP010815-RA_3+	0.869781	NA	0.166143	1	DECOY_AGAP010815-RA_3+,DECOY_CUFF.7547.4_3+
DECOY_sp|P32317|AFG1_YEAST	0.869781	NA	0.164896	1	DECOY_sp|P32317|AFG1_YEAST
DECOY_ACOM042361-PA	0.869781	NA	0.161631	1	DECOY_ACOM042361-PA,DECOY_AGAP000773-PA,DECOY_AGAP000773-PB,DECOY_AGAP000773-RA_1+,DECOY_CUFF.16820.1_2+,DECOY_CUFF.16820.2_1+
DECOY_AGAP003655-RA_1+	0.869781	NA	0.158704	1	DECOY_AGAP003655-RA_1+
DECOY_TCONS_00022932_2+	0.869781	NA	0.158186	1	DECOY_TCONS_00022932_2+
DECOY_CUFF.9299.1_2+	0.869781	NA	0.153116	1	DECOY_CUFF.9299.1_2+
DECOY_CUFF.3644.1_2+	0.869781	NA	0.150202	1	DECOY_CUFF.3644.1_2+
DECOY_AGAP011165-RA_1+	0.869781	NA	0.137417	1	DECOY_AGAP011165-RA_1+
DECOY_ACOM034230-PA	0.869781	NA	0.137072	1	DECOY_ACOM034230-PA,DECOY_AGAP001507-PA,DECOY_AGAP001507-RA_3+
DECOY_AGAP005934-RA_2+	0.869781	NA	0.122391	1	DECOY_AGAP005934-RA_2+,DECOY_CUFF.1506.1_2+
DECOY_TCONS_00031806_2+	0.869781	NA	0.112259	1	DECOY_TCONS_00031806_2+
DECOY_AGAP012225-RA_3+	0.869781	NA	0.107733	1	DECOY_AGAP012225-RA_3+,DECOY_CUFF.9139.1_2+
DECOY_AGAP001854-RA_2+	0.869781	NA	0.099845	1	DECOY_AGAP001854-RA_2+
DECOY_CUFF.8917.1_2+	0.869781	NA	0.093543	1	DECOY_CUFF.8917.1_2+,DECOY_CUFF.8917.2_2+,DECOY_CUFF.8917.3_1+,DECOY_CUFF.8917.5_2+
DECOY_TCONS_00022088_3+	0.869781	NA	0.091767	1	DECOY_TCONS_00022088_3+
DECOY_ACOM027817-PA	0.869781	NA	0.091235	1	DECOY_ACOM027817-PA
DECOY_ACOM027659-PA	0.869781	NA	0.086478	1	DECOY_ACOM027659-PA,DECOY_AGAP010849-PA,DECOY_AGAP010849-RA_2+,DECOY_CUFF.7517.1_1+
DECOY_sp|Q00578|RAD25_YEAST	0.869781	NA	0.083277	1	DECOY_sp|Q00578|RAD25_YEAST
DECOY_AGAP001673-RA_3+	0.869781	NA	0.080052	1	DECOY_AGAP001673-RA_3+,DECOY_CUFF.3420.1_3+
DECOY_ACOM034728-PA	0.869781	NA	0.072448	1	DECOY_ACOM034728-PA,DECOY_AGAP013454-PA,DECOY_AGAP013454-RA_1+,DECOY_CUFF.5561.7_1+
DECOY_AGAP002758-RA_2+	0.869781	NA	0.068298	1	DECOY_AGAP002758-RA_2+,DECOY_CUFF.4452.1_2+
DECOY_CUFF.3006.6_1+	0.869781	NA	0.066995	1	DECOY_CUFF.3006.6_1+
DECOY_CUFF.16393.2_3+	0.869781	NA	0.066776	1	DECOY_CUFF.16393.2_3+,DECOY_CUFF.16393.7_3+,DECOY_CUFF.16393.9_3+
DECOY_CUFF.12301.2_1+	0.869781	NA	0.059838	1	DECOY_CUFF.12301.2_1+
DECOY_AGAP012121-RA_3+	0.869781	NA	0.059222	1	DECOY_AGAP012121-RA_3+
DECOY_ACOM042280-PA	0.869781	NA	0.058780	1	DECOY_ACOM042280-PA,DECOY_AGAP002075-PA,DECOY_AGAP002075-RA_1+,DECOY_CUFF.3785.1_3+
DECOY_CUFF.9886.1_2+	0.869781	NA	0.056710	1	DECOY_CUFF.9886.1_2+,DECOY_CUFF.9886.2_3+,DECOY_CUFF.9886.3_1+,DECOY_CUFF.9886.4_2+
DECOY_AGAP003532-RA_1+	0.869781	NA	0.056647	1	DECOY_AGAP003532-RA_1+
DECOY_AGAP000013-RA_2+	0.869781	NA	0.055383	1	DECOY_AGAP000013-RA_2+,DECOY_CUFF.15821.3_3+
DECOY_TCONS_00033544_1+	0.869781	NA	0.055013	1	DECOY_TCONS_00033544_1+
DECOY_CUFF.626.1_3+	0.869781	NA	0.054021	1	DECOY_CUFF.626.1_3+,DECOY_CUFF.626.2_2+,DECOY_CUFF.626.3_1+,DECOY_CUFF.626.4_1+
DECOY_AGAP006645-RA_1+	0.869781	NA	0.045570	1	DECOY_AGAP006645-RA_1+,DECOY_AGAP006645-RB_2+,DECOY_AGAP006645-RC_1+,DECOY_AGAP006645-RD_2+,DECOY_CUFF.2156.1_1+
DECOY_CUFF.4303.1_3+	0.869781	NA	0.039333	1	DECOY_CUFF.4303.1_3+
DECOY_AGAP013410-RA_3+	0.869781	NA	0.037441	1	DECOY_AGAP013410-RA_3+,DECOY_CUFF.16475.1_3+
DECOY_AGAP003426-RA_3+	0.869781	NA	0.036317	1	DECOY_AGAP003426-RA_3+,DECOY_AGAP004927-RA_3+,DECOY_AGAP006801-RA_3+,DECOY_AGAP007268-RA_3+,DECOY_AGAP010868-RA_3+
DECOY_ACOM038203-PA	0.869781	NA	0.035688	1	DECOY_ACOM038203-PA,DECOY_AGAP011192-PA,DECOY_AGAP011192-PB,DECOY_CUFF.7935.1_1+,DECOY_CUFF.7935.2_1+
DECOY_AGAP008604-RA_2+	0.869781	NA	0.028074	1	DECOY_AGAP008604-RA_2+,DECOY_AGAP008604-RB_3+,DECOY_CUFF.10115.1_1+
DECOY_ACOM035685-PA	0.869781	NA	0.026388	1	DECOY_ACOM035685-PA,DECOY_AGAP003206-PA,DECOY_AGAP003206-PB,DECOY_AGAP003206-PC,DECOY_AGAP003206-RA_1+,DECOY_AGAP003206-RB_1+,DECOY_CUFF.4942.10_1+,DECOY_CUFF.4942.1_1+,DECOY_CUFF.4942.2_2+,DECOY_CUFF.4942.3_1+,DECOY_CUFF.4942.4_3+,DECOY_CUFF.4942.5_3+,DECOY_CUFF.4942.6_1+,DECOY_CUFF.4942.7_1+,DECOY_CUFF.4942.8_3+,DECOY_CUFF.4942.9_2+
DECOY_AGAP012261-RA_2+	0.869781	NA	0.005367	1	DECOY_AGAP012261-RA_2+
DECOY_AGAP006139-RA_2+	0.869781	NA	0.000023	1	DECOY_AGAP006139-RA_2+,DECOY_AGAP006139-RB_2+,DECOY_CUFF.1718.1_3+,DECOY_CUFF.1718.2_1+,DECOY_CUFF.761.1_3+
DECOY_CUFF.1544.1_2+	0.869781	NA	-0.002730	1	DECOY_CUFF.1544.1_2+,DECOY_CUFF.1544.2_2+,DECOY_CUFF.1544.3_2+,DECOY_CUFF.1544.4_3+
DECOY_TCONS_00032806_3+	0.869781	NA	-0.009928	1	DECOY_TCONS_00032806_3+,DECOY_sp|P13259|PCY1_YEAST
DECOY_AGAP005919-PA	0.869781	NA	-0.010402	1	DECOY_AGAP005919-PA,DECOY_AGAP005919-RA_1+
DECOY_ACOM034182-PA	0.869781	NA	-0.017642	1	DECOY_ACOM034182-PA,DECOY_AGAP001468-PA,DECOY_AGAP001468-RA_1+,DECOY_CUFF.3214.1_2+,DECOY_CUFF.3214.2_2+
DECOY_AGAP003175-RA_2+	0.869781	NA	-0.017736	1	DECOY_AGAP003175-RA_2+,DECOY_CUFF.4863.1_2+,DECOY_CUFF.4863.3_2+
DECOY_CUFF.2928.10_1+	0.869781	NA	-0.018493	1	DECOY_CUFF.2928.10_1+,DECOY_CUFF.2928.11_2+,DECOY_CUFF.2928.12_2+,DECOY_CUFF.2928.1_1+,DECOY_CUFF.2928.2_1+,DECOY_CUFF.2928.5_2+,DECOY_CUFF.2928.7_3+
DECOY_AGAP007666-RA_2+	0.869781	NA	-0.023868	1	DECOY_AGAP007666-RA_2+,DECOY_CUFF.2879.1_3+,DECOY_CUFF.2879.2_3+,DECOY_CUFF.2879.4_3+,DECOY_CUFF.2879.5_3+
DECOY_AGAP011570-RA_2+	0.869781	NA	-0.026318	1	DECOY_AGAP011570-RA_2+,DECOY_CUFF.8430.1_1+
DECOY_CUFF.9731.1_3+	0.869781	NA	-0.026622	1	DECOY_CUFF.9731.1_3+
DECOY_CUFF.16856.10_1+	0.869781	NA	-0.029855	1	DECOY_CUFF.16856.10_1+,DECOY_CUFF.16856.11_1+,DECOY_CUFF.16856.12_1+,DECOY_CUFF.16856.14_1+,DECOY_CUFF.16856.15_2+,DECOY_CUFF.16856.16_2+,DECOY_CUFF.16856.3_3+,DECOY_CUFF.16856.4_3+,DECOY_CUFF.16856.8_2+,DECOY_CUFF.16856.9_3+
DECOY_AGAP009264-RA_2+	0.869781	NA	-0.034006	1	DECOY_AGAP009264-RA_2+,DECOY_AGAP009264-RB_2+,DECOY_CUFF.10886.1_2+
DECOY_CUFF.9604.3_1+	0.869781	NA	-0.036681	1	DECOY_CUFF.9604.3_1+
DECOY_ACOM035391-PA	0.869781	NA	-0.040116	1	DECOY_ACOM035391-PA,DECOY_AGAP010062-PA,DECOY_CUFF.11897.1_1+
DECOY_CUFF.5785.2_2+	0.869781	NA	-0.041442	1	DECOY_CUFF.5785.2_2+,DECOY_CUFF.5785.5_3+
DECOY_ACOM036683-PA	0.869781	NA	-0.042362	1	DECOY_ACOM036683-PA
DECOY_ACOM022815-PA	0.869781	NA	-0.043124	1	DECOY_ACOM022815-PA,DECOY_AGAP010930-PA,DECOY_AGAP010930-RA_1+
DECOY_sp|P53935|NST1_YEAST	0.869781	NA	-0.047451	1	DECOY_sp|P53935|NST1_YEAST
DECOY_CUFF.16940.2_1+	0.869781	NA	-0.049709	1	DECOY_CUFF.16940.2_1+
DECOY_AGAP002741-RA_2+	0.869781	NA	-0.050036	1	DECOY_AGAP002741-RA_2+,DECOY_CUFF.4544.1_3+
DECOY_sp|Q12161|PSH1_YEAST	0.869781	NA	-0.052980	1	DECOY_sp|Q12161|PSH1_YEAST
DECOY_ACOM039669-PA	0.869781	NA	-0.054151	1	DECOY_ACOM039669-PA,DECOY_AGAP006475-PA,DECOY_AGAP006475-PB,DECOY_AGAP006475-RA_1+,DECOY_CUFF.1975.1_3+,DECOY_CUFF.1975.2_3+,DECOY_CUFF.1975.3_3+,DECOY_CUFF.1975.4_1+,DECOY_CUFF.1975.5_1+,DECOY_CUFF.1975.6_1+
DECOY_AGAP007867-RA_1+	0.869781	NA	-0.063886	1	DECOY_AGAP007867-RA_1+
DECOY_CUFF.11547.1_3+	0.869781	NA	-0.064114	1	DECOY_CUFF.11547.1_3+,DECOY_CUFF.11547.2_3+
DECOY_CUFF.3183.1_2+	0.869781	NA	-0.071031	1	DECOY_CUFF.3183.1_2+,DECOY_CUFF.3183.2_3+,DECOY_CUFF.3183.3_3+,DECOY_CUFF.3183.4_2+,DECOY_CUFF.3183.5_3+,DECOY_CUFF.3183.6_1+,DECOY_CUFF.3183.7_2+,DECOY_CUFF.3183.8_1+
DECOY_AGAP004584-RA_2+	0.869781	NA	-0.072441	1	DECOY_AGAP004584-RA_2+,DECOY_CUFF.6267.1_2+,DECOY_CUFF.6267.2_2+
DECOY_sp|Q05043|RSF1_YEAST	0.869781	NA	-0.072574	1	DECOY_sp|Q05043|RSF1_YEAST
DECOY_AGAP011757-PA	0.869781	NA	-0.073904	1	DECOY_AGAP011757-PA
DECOY_AGAP001899-RA_2+	0.869781	NA	-0.074564	1	DECOY_AGAP001899-RA_2+
DECOY_CUFF.10580.1_2+	0.869781	NA	-0.081171	1	DECOY_CUFF.10580.1_2+,DECOY_CUFF.10580.2_2+,DECOY_CUFF.10580.3_2+
DECOY_ACOM022778-PA	0.869781	NA	-0.092357	1	DECOY_ACOM022778-PA,DECOY_AGAP011360-PA,DECOY_AGAP011360-RA_2+,DECOY_AGAP011360-RB_3+,DECOY_CUFF.8208.1_2+,DECOY_CUFF.8208.2_2+,DECOY_CUFF.8208.3_2+,DECOY_CUFF.8208.4_2+,DECOY_CUFF.8208.5_2+,DECOY_CUFF.8208.6_3+
DECOY_AGAP001362-RA_3+	0.869781	NA	-0.094370	1	DECOY_AGAP001362-RA_3+,DECOY_CUFF.3123.1_3+
DECOY_AGAP009138-RA_3+	0.869781	NA	-0.095173	1	DECOY_AGAP009138-RA_3+,DECOY_CUFF.10766.1_3+
DECOY_ACOM024631-PA	0.869781	NA	-0.097711	1	DECOY_ACOM024631-PA,DECOY_AGAP006129-PA,DECOY_CUFF.1674.1_3+
DECOY_CUFF.7805.1_3+	0.869781	NA	-0.098487	1	DECOY_CUFF.7805.1_3+,DECOY_CUFF.7805.2_3+,DECOY_CUFF.7805.3_3+,DECOY_CUFF.7805.4_3+,DECOY_CUFF.7805.5_3+
DECOY_CUFF.4454.1_3+	0.869781	NA	-0.098755	1	DECOY_CUFF.4454.1_3+,DECOY_CUFF.4454.2_1+,DECOY_CUFF.4454.3_3+,DECOY_CUFF.4454.4_2+,DECOY_CUFF.4454.6_2+
DECOY_AGAP010997-RA_2+	0.869781	NA	-0.099929	1	DECOY_AGAP010997-RA_2+
DECOY_AGAP005467-RA_2+	0.869781	NA	-0.103936	1	DECOY_AGAP005467-RA_2+,DECOY_CUFF.1037.3_2+,DECOY_CUFF.1037.4_2+
DECOY_AGAP013145-RA_2+	0.869781	NA	-0.108463	1	DECOY_AGAP013145-RA_2+,DECOY_AGAP013145-RB_2+,DECOY_AGAP013145-RC_3+,DECOY_CUFF.3512.1_3+,DECOY_CUFF.3512.2_3+,DECOY_CUFF.3512.3_2+,DECOY_CUFF.3512.4_2+,DECOY_CUFF.3512.5_3+,DECOY_CUFF.3512.7_3+,DECOY_TCONS_00033814_1+
DECOY_sp|Q04370|PEX12_YEAST	0.869781	NA	-0.108473	1	DECOY_sp|Q04370|PEX12_YEAST
DECOY_AGAP006016-RA_3+	0.869781	NA	-0.112392	1	DECOY_AGAP006016-RA_3+,DECOY_CUFF.1564.1_3+
DECOY_CUFF.10174.2_2+	0.869781	NA	-0.126465	1	DECOY_CUFF.10174.2_2+
DECOY_AGAP000484-RA_3+	0.869781	NA	-0.130535	1	DECOY_AGAP000484-RA_3+,DECOY_CUFF.16619.1_3+
DECOY_ACOM036475-PA	0.869781	NA	-0.133333	1	DECOY_ACOM036475-PA
DECOY_CUFF.9937.1_3+	0.869781	NA	-0.144245	1	DECOY_CUFF.9937.1_3+
DECOY_ACOM035867-PA	0.869781	NA	-0.154666	1	DECOY_ACOM035867-PA
DECOY_AGAP006766-RA_2+	0.869781	NA	-0.159042	1	DECOY_AGAP006766-RA_2+,DECOY_CUFF.2207.2_1+
DECOY_CUFF.11153.1_3+	0.869781	NA	-0.161069	1	DECOY_CUFF.11153.1_3+
DECOY_CUFF.5096.1_2+	0.869781	NA	-0.164106	1	DECOY_CUFF.5096.1_2+,DECOY_CUFF.5096.2_1+,DECOY_CUFF.5096.3_3+
DECOY_AGAP000051-RA_2+	0.869781	NA	-0.168965	1	DECOY_AGAP000051-RA_2+,DECOY_CUFF.15823.1_3+,DECOY_CUFF.15823.3_2+
DECOY_AGAP009601-RA_3+	0.869781	NA	-0.169073	1	DECOY_AGAP009601-RA_3+,DECOY_CUFF.11232.1_1+,DECOY_CUFF.11232.2_1+
DECOY_sp|P38748|ETP1_YEAST	0.869781	NA	-0.200395	1	DECOY_sp|P38748|ETP1_YEAST
DECOY_AGAP009166-RA_3+	0.869781	NA	-0.201860	1	DECOY_AGAP009166-RA_3+,DECOY_CUFF.10780.1_1+,DECOY_CUFF.10780.2_3+
DECOY_AGAP006766-RA_3+	0.869781	NA	-0.206899	1	DECOY_AGAP006766-RA_3+,DECOY_CUFF.2207.2_2+
DECOY_AGAP000054-RA_2+	0.869781	NA	-0.213182	1	DECOY_AGAP000054-RA_2+,DECOY_CUFF.15931.10_2+,DECOY_CUFF.15931.11_2+,DECOY_CUFF.15931.12_2+,DECOY_CUFF.15931.13_2+,DECOY_CUFF.15931.15_2+,DECOY_CUFF.15931.1_2+,DECOY_CUFF.15931.2_2+,DECOY_CUFF.15931.3_1+,DECOY_CUFF.15931.4_3+,DECOY_CUFF.15931.5_2+,DECOY_CUFF.15931.6_2+,DECOY_CUFF.15931.7_2+,DECOY_CUFF.15931.8_2+,DECOY_CUFF.15931.9_2+
DECOY_AGAP010981-PA	0.869781	NA	-0.219489	1	DECOY_AGAP010981-PA,DECOY_CUFF.7698.1_1+,DECOY_CUFF.7698.2_1+,DECOY_CUFF.7698.3_3+,DECOY_CUFF.7698.4_1+,DECOY_CUFF.7698.5_2+
DECOY_AGAP012017-RA_2+	0.869781	NA	-0.222489	1	DECOY_AGAP012017-RA_2+
DECOY_TCONS_00034694_1+	0.869781	NA	-0.222557	1	DECOY_TCONS_00034694_1+
DECOY_AGAP012996-RA_2+	0.869781	NA	-0.226023	1	DECOY_AGAP012996-RA_2+
DECOY_CUFF.3890.1_3+	0.869781	NA	-0.226632	1	DECOY_CUFF.3890.1_3+,DECOY_CUFF.3890.2_1+,DECOY_CUFF.3890.3_3+,DECOY_CUFF.3890.4_1+,DECOY_CUFF.3890.5_2+,DECOY_CUFF.3890.6_2+,DECOY_CUFF.3890.8_2+
DECOY_AGAP002546-RA_1+	0.869781	NA	-0.238655	1	DECOY_AGAP002546-RA_1+,DECOY_CUFF.4258.1_2+,DECOY_CUFF.4258.2_3+
DECOY_AGAP001379-RA_3+	0.869781	NA	-0.241035	1	DECOY_AGAP001379-RA_3+,DECOY_CUFF.3175.1_1+
DECOY_AGAP001265-PA	0.869781	NA	-0.246246	1	DECOY_AGAP001265-PA,DECOY_AGAP001265-RA_1+,DECOY_CUFF.3052.1_1+
DECOY_ACOM023378-PA	0.869781	NA	-0.247299	1	DECOY_ACOM023378-PA
DECOY_sp|P38334|TRS20_YEAST	0.869781	NA	-0.255508	1	DECOY_sp|P38334|TRS20_YEAST
DECOY_AGAP005482-RA_2+	0.869781	NA	-0.275207	1	DECOY_AGAP005482-RA_2+
DECOY_ACOM043177-PA	0.869781	NA	-0.277880	1	DECOY_ACOM043177-PA,DECOY_AGAP006436-PA,DECOY_AGAP006436-PB,DECOY_CUFF.1945.1_2+,DECOY_CUFF.1945.2_1+,DECOY_CUFF.1945.3_1+,DECOY_CUFF.1945.6_1+,DECOY_CUFF.1945.7_3+
DECOY_CUFF.5376.1_1+	0.869781	NA	-0.279073	1	DECOY_CUFF.5376.1_1+,DECOY_CUFF.5376.4_1+
DECOY_ACOM023063-PA	0.869781	NA	-0.294045	1	DECOY_ACOM023063-PA
DECOY_AGAP004179-RB_3+	0.869781	NA	-0.297780	1	DECOY_AGAP004179-RB_3+,DECOY_AGAP004179-RC_3+,DECOY_CUFF.6018.6_1+,DECOY_CUFF.6018.7_1+,DECOY_CUFF.6018.8_2+,DECOY_CUFF.6018.9_1+
DECOY_CUFF.4197.10_3+	0.869781	NA	-0.302453	1	DECOY_CUFF.4197.10_3+,DECOY_CUFF.4197.1_2+,DECOY_CUFF.4197.3_1+,DECOY_CUFF.4197.4_1+,DECOY_CUFF.4197.5_2+,DECOY_CUFF.4197.6_1+,DECOY_CUFF.4197.7_2+,DECOY_CUFF.4197.8_3+,DECOY_CUFF.4197.9_1+
DECOY_AGAP000996-RA_3+	0.869781	NA	-0.323778	1	DECOY_AGAP000996-RA_3+,DECOY_CUFF.17548.2_3+
DECOY_sp|Q12153|SSF2_YEAST	0.869781	NA	-0.324005	1	DECOY_sp|Q12153|SSF2_YEAST
DECOY_AGAP008035-RA_2+	0.869781	NA	-0.325738	1	DECOY_AGAP008035-RA_2+
DECOY_AGAP002539-RA_3+	0.869781	NA	-0.328908	1	DECOY_AGAP002539-RA_3+,DECOY_AGAP002539-RB_3+,DECOY_CUFF.4385.1_2+
DECOY_CUFF.9413.1_1+	0.869781	NA	-0.336826	1	DECOY_CUFF.9413.1_1+,DECOY_CUFF.9413.4_1+
DECOY_CUFF.3414.1_3+	0.869781	NA	-0.340208	1	DECOY_CUFF.3414.1_3+
DECOY_sp|Q08438|VHS3_YEAST	0.869781	NA	-0.342583	1	DECOY_sp|Q08438|VHS3_YEAST
DECOY_ACOM027170-PA	0.869781	NA	-0.373390	1	DECOY_ACOM027170-PA
DECOY_TCONS_00023791_1+	0.869781	NA	-0.379456	1	DECOY_TCONS_00023791_1+
DECOY_AGAP000041-RA_3+	0.869781	NA	-0.383207	1	DECOY_AGAP000041-RA_3+
DECOY_AGAP009304-RA_3+	0.869781	NA	-0.397089	1	DECOY_AGAP009304-RA_3+
DECOY_CUFF.770.1_3+	0.869781	NA	-0.400769	1	DECOY_CUFF.770.1_3+,DECOY_CUFF.770.6_3+
DECOY_AGAP002929-RA_2+	0.869781	NA	-0.401512	1	DECOY_AGAP002929-RA_2+
DECOY_AGAP009550-RA_3+	0.869781	NA	-0.411895	1	DECOY_AGAP009550-RA_3+
DECOY_CUFF.16909.2_2+	0.869781	NA	-0.413429	1	DECOY_CUFF.16909.2_2+
DECOY_AGAP013381-RA_3+	0.869781	NA	-0.420241	1	DECOY_AGAP013381-RA_3+,DECOY_CUFF.15880.1_3+,DECOY_CUFF.15880.2_3+,DECOY_CUFF.15880.4_3+
DECOY_AGAP011123-RA_1+	0.869781	NA	-0.429484	1	DECOY_AGAP011123-RA_1+,DECOY_CUFF.7837.1_3+,DECOY_CUFF.7837.2_2+
DECOY_CUFF.1869.1_1+	0.869781	NA	-0.434567	1	DECOY_CUFF.1869.1_1+,DECOY_CUFF.1869.2_1+,DECOY_CUFF.1869.3_3+,DECOY_CUFF.1869.4_2+
DECOY_AGAP001136-RA_3+	0.869781	NA	-0.436411	1	DECOY_AGAP001136-RA_3+
DECOY_CUFF.11522.1_2+	0.869781	NA	-0.444225	1	DECOY_CUFF.11522.1_2+,DECOY_CUFF.11522.3_2+,DECOY_CUFF.11522.4_2+
DECOY_AGAP010397-RA_2+	0.869911	NA	-0.462144	1	DECOY_AGAP010397-RA_2+
DECOY_AGAP006909-RA_2+	0.870904	NA	-0.472241	1	DECOY_AGAP006909-RA_2+,DECOY_CUFF.2358.1_3+
DECOY_AGAP008738-RA_3+	0.871897	NA	-0.476388	1	DECOY_AGAP008738-RA_3+
DECOY_AGAP004739-RA_3+	0.872890	NA	-0.477729	1	DECOY_AGAP004739-RA_3+
DECOY_AGAP010313-RA_3+	0.873883	NA	-0.478723	1	DECOY_AGAP010313-RA_3+,DECOY_CUFF.7028.1_2+,DECOY_CUFF.7028.2_3+,DECOY_CUFF.7028.3_3+
DECOY_AGAP010191-RA_2+	0.874257	NA	-0.482275	1	DECOY_AGAP010191-RA_2+,DECOY_sp|Q08446|SGT1_YEAST
DECOY_TCONS_00033792_3+	0.874257	NA	-0.490367	1	DECOY_TCONS_00033792_3+
DECOY_CUFF.17052.2_1+	0.874257	NA	-0.492998	1	DECOY_CUFF.17052.2_1+,DECOY_CUFF.17052.3_1+
DECOY_AGAP000017-RA_3+	0.874382	NA	-0.503964	1	DECOY_AGAP000017-RA_3+
DECOY_AGAP006782-RA_1+	0.874414	NA	-0.516555	1	DECOY_AGAP006782-RA_1+
DECOY_AGAP010135-RA_3+	0.874414	NA	-0.519976	1	DECOY_AGAP010135-RA_3+,DECOY_CUFF.11941.1_2+,DECOY_CUFF.11941.2_3+
DECOY_ACOM039824-PA	0.874414	NA	-0.519992	1	DECOY_ACOM039824-PA,DECOY_AGAP006381-PA,DECOY_CUFF.1901.1_1+
DECOY_AGAP002869-RA_1+	0.874414	NA	-0.536003	1	DECOY_AGAP002869-RA_1+,DECOY_CUFF.4781.1_1+
DECOY_sp|P39535|PHO90_YEAST	0.874414	NA	-0.536529	1	DECOY_sp|P39535|PHO90_YEAST
DECOY_CUFF.9617.2_1+	0.874414	NA	-0.541313	1	DECOY_CUFF.9617.2_1+
DECOY_AGAP013535-RA_3+	0.874414	NA	-0.542970	1	DECOY_AGAP013535-RA_3+,DECOY_CUFF.3850.1_1+,DECOY_CUFF.3850.2_3+
DECOY_ACOM022514-PA	0.874414	NA	-0.546076	1	DECOY_ACOM022514-PA,DECOY_AGAP010174-PA,DECOY_AGAP010174-RA_1+
DECOY_AGAP001804-RA_3+	0.874414	NA	-0.550680	1	DECOY_AGAP001804-RA_3+
DECOY_sp|P31376|SWC3_YEAST	0.874414	NA	-0.553656	1	DECOY_sp|P31376|SWC3_YEAST
DECOY_AGAP010396-PA	0.874414	NA	-0.563988	1	DECOY_AGAP010396-PA,DECOY_AGAP010396-RA_3+
DECOY_AGAP009432-RA_3+	0.874414	NA	-0.567581	1	DECOY_AGAP009432-RA_3+
DECOY_ACOM041420-PA	0.874414	NA	-0.575706	1	DECOY_ACOM041420-PA
DECOY_AGAP005205-RF_2+	0.874414	NA	-0.579398	1	DECOY_AGAP005205-RF_2+,DECOY_CUFF.895.2_3+,DECOY_CUFF.895.5_2+,DECOY_CUFF.895.6_2+,DECOY_CUFF.895.7_1+,DECOY_CUFF.895.8_2+
DECOY_TCONS_00014673_3+	0.874414	NA	-0.581160	1	DECOY_TCONS_00014673_3+
DECOY_CUFF.10103.1_3+	0.874414	NA	-0.594683	1	DECOY_CUFF.10103.1_3+,DECOY_CUFF.10103.2_1+,DECOY_CUFF.10103.3_1+,DECOY_CUFF.10103.4_3+,DECOY_CUFF.10103.5_3+
DECOY_CUFF.15967.1_1+	0.874414	NA	-0.598292	1	DECOY_CUFF.15967.1_1+
DECOY_sp|P40054|SERA_YEAST	0.874414	NA	-0.602379	1	DECOY_sp|P40054|SERA_YEAST,DECOY_sp|P40510|SER33_YEAST
DECOY_AGAP009074-RA_2+	0.874414	NA	-0.605889	1	DECOY_AGAP009074-RA_2+,DECOY_CUFF.10732.1_2+,DECOY_CUFF.10732.2_2+,DECOY_CUFF.10732.3_1+,DECOY_CUFF.10732.4_1+,DECOY_CUFF.10732.5_1+,DECOY_CUFF.10732.6_1+,DECOY_CUFF.10732.7_1+,DECOY_CUFF.10732.8_1+
DECOY_sp|Q05468|RQC1_YEAST	0.874414	NA	-0.616892	1	DECOY_sp|Q05468|RQC1_YEAST
DECOY_CUFF.10794.1_1+	0.874414	NA	-0.619901	1	DECOY_CUFF.10794.1_1+,DECOY_CUFF.10794.2_3+
DECOY_CUFF.17522.1_2+	0.874414	NA	-0.623737	1	DECOY_CUFF.17522.1_2+
DECOY_sp|Q03210|NGL3_YEAST	0.874414	NA	-0.629535	1	DECOY_sp|Q03210|NGL3_YEAST
DECOY_sp|P23493|MBR1_YEAST	0.874414	NA	-0.648011	1	DECOY_sp|P23493|MBR1_YEAST
DECOY_AGAP005536-RA_3+	0.874414	NA	-0.650276	1	DECOY_AGAP005536-RA_3+,DECOY_CUFF.1137.1_1+,DECOY_CUFF.1137.2_1+,DECOY_CUFF.1137.3_1+,DECOY_CUFF.1137.4_1+,DECOY_CUFF.1137.5_3+,DECOY_CUFF.1137.6_2+
DECOY_CUFF.15883.5_3+	0.874414	NA	-0.664880	1	DECOY_CUFF.15883.5_3+
DECOY_CUFF.1093.2_2+	0.874414	NA	-0.665112	1	DECOY_CUFF.1093.2_2+,DECOY_CUFF.1093.3_3+
DECOY_CUFF.5955.3_2+	0.874414	NA	-0.675957	1	DECOY_CUFF.5955.3_2+
DECOY_CUFF.11509.11_2+	0.874414	NA	-0.683776	1	DECOY_CUFF.11509.11_2+,DECOY_CUFF.11509.1_3+,DECOY_CUFF.11509.2_1+,DECOY_CUFF.11509.3_1+,DECOY_CUFF.11509.4_2+,DECOY_CUFF.11509.5_2+,DECOY_CUFF.11509.6_2+,DECOY_CUFF.11509.7_1+,DECOY_CUFF.11509.8_1+
DECOY_CUFF.972.2_2+	0.874414	NA	-0.701782	1	DECOY_CUFF.972.2_2+
DECOY_ACOM033686-PA	0.874414	NA	-0.703493	1	DECOY_ACOM033686-PA,DECOY_AGAP001140-PA,DECOY_AGAP001140-RA_1+,DECOY_CUFF.3138.1_1+,DECOY_CUFF.3138.2_2+,DECOY_CUFF.3138.3_3+
DECOY_CUFF.9014.1_1+	0.874414	NA	-0.734375	1	DECOY_CUFF.9014.1_1+,DECOY_CUFF.9014.2_2+,DECOY_CUFF.9014.3_2+,DECOY_CUFF.9014.4_2+
DECOY_ACOM028884-PA	0.874414	NA	-0.743359	1	DECOY_ACOM028884-PA,DECOY_AGAP010624-PA,DECOY_AGAP010624-RA_1+,DECOY_CUFF.7202.1_1+
DECOY_CUFF.7873.2_1+	0.874414	NA	-0.752263	1	DECOY_CUFF.7873.2_1+
DECOY_AGAP009225-RA_3+	0.874414	NA	-0.770747	1	DECOY_AGAP009225-RA_3+
DECOY_AGAP008315-RA_3+	0.874414	NA	-0.771370	1	DECOY_AGAP008315-RA_3+
DECOY_CUFF.11369.1_3+	0.874414	NA	-0.788730	1	DECOY_CUFF.11369.1_3+,DECOY_CUFF.11369.2_3+,DECOY_CUFF.11369.3_2+
DECOY_CUFF.17231.1_3+	0.874414	NA	-0.791187	1	DECOY_CUFF.17231.1_3+,DECOY_CUFF.17231.2_2+,DECOY_CUFF.17231.3_3+,DECOY_TCONS_00022149_1+
DECOY_AGAP013392-RA_2+	0.874414	NA	-0.806589	1	DECOY_AGAP013392-RA_2+,DECOY_CUFF.16162.1_1+,DECOY_CUFF.16162.2_2+,DECOY_CUFF.16162.3_1+
DECOY_TCONS_00039546_1+	0.874414	NA	-0.808132	1	DECOY_TCONS_00039546_1+
DECOY_ACOM040395-PA	0.874414	NA	-0.840582	1	DECOY_ACOM040395-PA,DECOY_AGAP009701-PA,DECOY_AGAP009701-RA_1+,DECOY_CUFF.11403.1_1+
DECOY_ACOM029263-PA	0.874414	NA	-0.843898	1	DECOY_ACOM029263-PA,DECOY_AGAP009917-PA,DECOY_AGAP009917-RA_1+,DECOY_CUFF.11720.1_1+
DECOY_sp|P32944|SWE1_YEAST	0.874414	NA	-0.867383	1	DECOY_sp|P32944|SWE1_YEAST
DECOY_AGAP001662-RA_2+	0.874414	NA	-0.869788	1	DECOY_AGAP001662-RA_2+,DECOY_CUFF.3462.1_2+,DECOY_CUFF.3462.2_2+,DECOY_CUFF.3462.3_3+,DECOY_CUFF.3462.4_3+,DECOY_CUFF.3462.5_1+,DECOY_CUFF.3462.6_2+
DECOY_AGAP011336-RA_3+	0.874414	NA	-0.926816	1	DECOY_AGAP011336-RA_3+
DECOY_ACOM026498-PA	0.874414	NA	-0.957276	1	DECOY_ACOM026498-PA,DECOY_AGAP012142-PA,DECOY_AGAP012142-RA_3+,DECOY_CUFF.9074.1_3+
DECOY_ACOM040639-PA	0.874414	NA	-0.962817	1	DECOY_ACOM040639-PA,DECOY_AGAP008935-PA,DECOY_AGAP008935-RA_1+,DECOY_CUFF.10487.1_3+
DECOY_AGAP008185-RA_2+	0.874414	NA	-0.965909	1	DECOY_AGAP008185-RA_2+,DECOY_CUFF.9749.1_3+
DECOY_AGAP011333-RA_2+	0.874414	NA	-0.974420	1	DECOY_AGAP011333-RA_2+,DECOY_AGAP011333-RB_2+,DECOY_CUFF.8586.10_1+,DECOY_CUFF.8586.11_1+,DECOY_CUFF.8586.12_3+,DECOY_CUFF.8586.13_3+,DECOY_CUFF.8586.1_2+,DECOY_CUFF.8586.2_1+,DECOY_CUFF.8586.3_3+,DECOY_CUFF.8586.4_3+,DECOY_CUFF.8586.5_3+,DECOY_CUFF.8586.6_2+,DECOY_CUFF.8586.7_2+,DECOY_CUFF.8586.8_1+,DECOY_CUFF.8586.9_1+
DECOY_AGAP009073-RA_3+	0.875351	NA	-1.031861	1	DECOY_AGAP009073-RA_3+,DECOY_CUFF.10733.1_2+
DECOY_AGAP028183-RA_3+	0.875468	NA	-1.056552	1	DECOY_AGAP028183-RA_3+
DECOY_CUFF.939.1_3+	0.876279	NA	-1.078575	1	DECOY_CUFF.939.1_3+
DECOY_ACOM034555-PA	0.876279	NA	-1.083993	1	DECOY_ACOM034555-PA,DECOY_AGAP001723-PA,DECOY_AGAP001723-RA_1+
DECOY_AGAP000553-RA_2+	0.876279	NA	-1.085257	1	DECOY_AGAP000553-RA_2+,DECOY_CUFF.16445.1_1+,DECOY_CUFF.16445.3_3+
DECOY_CUFF.4333.5_3+	0.876279	NA	-1.104193	1	DECOY_CUFF.4333.5_3+
DECOY_AGAP011211-RA_3+	0.876279	NA	-1.128482	1	DECOY_AGAP011211-RA_3+
DECOY_AGAP007769-RA_2+	0.876279	NA	-1.200969	1	DECOY_AGAP007769-RA_2+
DECOY_AGAP007316-RA_2+	0.876279	NA	-1.242757	1	DECOY_AGAP007316-RA_2+,DECOY_CUFF.2626.1_2+,DECOY_CUFF.2626.2_3+,DECOY_CUFF.2626.3_3+
DECOY_CUFF.5561.1_3+	0.877209	NA	-1.275690	1	DECOY_CUFF.5561.1_3+,DECOY_CUFF.5561.2_2+,DECOY_CUFF.5561.3_3+
DECOY_ACOM034600-PA	0.878140	NA	-1.342498	1	DECOY_ACOM034600-PA,DECOY_AGAP001743-PA,DECOY_AGAP001743-RA_1+,DECOY_CUFF.3480.1_1+,DECOY_CUFF.3480.2_1+
DECOY_CUFF.6268.3_2+	0.879070	NA	-1.373818	1	DECOY_CUFF.6268.3_2+
DECOY_AGAP005713-RA_3+	0.879406	NA	-1.406843	1	DECOY_AGAP005713-RA_3+,DECOY_CUFF.1264.1_1+
DECOY_ACOM040091-PA	0.879406	NA	-1.418318	1	DECOY_ACOM040091-PA
DECOY_CUFF.4316.1_2+	0.879406	NA	-1.419460	1	DECOY_CUFF.4316.1_2+,DECOY_CUFF.4316.2_2+,DECOY_CUFF.4316.3_2+
DECOY_TCONS_00001938_1+	0.879630	NA	-1.597927	1	DECOY_TCONS_00001938_1+
DECOY_AGAP005693-RA_1+	0.879630	NA	-1.616155	1	DECOY_AGAP005693-RA_1+
DECOY_CUFF.12977.1_2+	0.879852	NA	-1.725420	1	DECOY_CUFF.12977.1_2+,DECOY_CUFF.12977.2_2+
DECOY_AGAP013368-RA_2+	0.879852	NA	-1.872058	1	DECOY_AGAP013368-RA_2+
DECOY_AGAP000181-RA_1+	0.880776	NA	-2.036096	1	DECOY_AGAP000181-RA_1+
DECOY_TCONS_00028200_3+	0.881701	NA	-2.375562	1	DECOY_TCONS_00028200_3+
DECOY_AGAP012134-RA_2+	0.882625	NA	-2.578720	1	DECOY_AGAP012134-RA_2+,DECOY_CUFF.9059.1_1+,DECOY_CUFF.9059.2_1+
