PSMId	score	q-value	posterior_error_prob	peptide	proteinIds
./crux_output/comet_10085_2_1	13.790462	0.024390	0.024390	K.CCAADDKEACFAVEGPK.L	sp|P02769|ALBU_BOVIN
./crux_output/comet_9646_4_1	11.383847	0.024390	0.024390	K.VHKECCHGDLLECADDRADLAK.Y	sp|P02769|ALBU_BOVIN
./crux_output/comet_9560_2_1	10.865381	0.024390	0.024390	K.EYEATLEECCAK.D	sp|P02769|ALBU_BOVIN
./crux_output/comet_6854_3_1	10.599443	0.024390	0.024390	K.VHKECCHGDLLECADDR.A	sp|P02769|ALBU_BOVIN
./crux_output/comet_6287_3_1	10.029587	0.024390	0.024390	K.LKECCDKPLLEK.S	sp|P02769|ALBU_BOVIN
./crux_output/comet_3746_3_1	8.838582	0.024390	0.024390	K.TCVADESHAGCEK.S	sp|P02769|ALBU_BOVIN
./crux_output/comet_9697_2_1	8.550114	0.024390	0.024390	K.ECCHGDLLECADDR.A	sp|P02769|ALBU_BOVIN
./crux_output/comet_7583_2_1	8.264830	0.024390	0.024390	K.YICDNQDTISSK.L	sp|P02769|ALBU_BOVIN
./crux_output/comet_10554_2_1	7.899722	0.024390	0.024390	K.YNGVFQECCQAEDK.G	sp|P02769|ALBU_BOVIN
./crux_output/comet_4378_2_1	7.758560	0.024390	0.024390	K.SHCIAEVEK.D	sp|P02769|ALBU_BOVIN
./crux_output/comet_5973_2_1	7.744250	0.024390	0.024390	K.ECCDKPLLEK.S	sp|P02769|ALBU_BOVIN
./crux_output/comet_8141_2_1	7.574721	0.024390	0.024390	R.ETYGDMADCCEK.Q	sp|P02769|ALBU_BOVIN
./crux_output/comet_9967_2_1	7.394469	0.024390	0.024390	R.INVYYNEASGGK.Y	AGAP010929-PA	AGAP008622-PA	ACOM042500-PA	ACOM022823-PA	AGAP008622-RA_2+	AGAP010929-RA_3+	CUFF.10119.1_3+
./crux_output/comet_6823_2_1	7.318441	0.024390	0.024390	K.CCTESLVNR.R	sp|P02769|ALBU_BOVIN
./crux_output/comet_8314_2_1	7.161425	0.024390	0.024390	F.HADICTLPDTEK.Q	sp|P02769|ALBU_BOVIN
./crux_output/comet_7850_2_1	6.983773	0.024390	0.024390	R.GTGTAGDSLVLHK.G	AGAP007041-PA	ACOM031357-PA	AGAP007041-RA_1+
./crux_output/comet_9550_3_1	6.948142	0.024390	0.024390	R.TNAENEFVTIKK.D	gi|39794653|gb|AAH63697.1|	gi|1346343|sp|P04264|K2C1_HUMAN
./crux_output/comet_10020_2_1	6.816864	0.024390	0.024390	K.EACFAVEGPK.L	sp|P02769|ALBU_BOVIN
./crux_output/comet_8594_2_1	6.785344	0.024390	0.024390	K.CGPCPVSAIK.Q	AGAP009099-PA	ACOM027314-PA	AGAP009099-RA_3+	CUFF.10723.3_1+
./crux_output/comet_6767_2_1	6.594803	0.024390	0.024390	K.AQYEDIAQK.S	gi|39794653|gb|AAH63697.1|
./crux_output/comet_10229_4_1	6.550553	0.024390	0.024390	K.QEPERNECFLSHKDDSPDLPK.L	sp|P02769|ALBU_BOVIN
./crux_output/comet_8133_3_1	6.536839	0.024390	0.024390	R.FKDLGEEHFK.G	sp|P02769|ALBU_BOVIN
./crux_output/comet_7061_2_1	6.151696	0.024390	0.024390	K.DLGEEHFK.G	sp|P02769|ALBU_BOVIN
./crux_output/comet_9368_3_1	6.120827	0.024390	0.024390	D.PHACYSTVFDK.L	sp|P02769|ALBU_BOVIN
./crux_output/comet_7341_2_1	5.985543	0.024390	0.024390	K.DDSPDLPK.L	sp|P02769|ALBU_BOVIN
./crux_output/comet_7224_3_1	5.769964	0.024390	0.024390	R.TNHVGISHGEDDEVTYPK.H	AGAP012225-PA	ACOM026392-PA	AGAP012225-RA_1+	CUFF.9139.1_3+
./crux_output/comet_9329_2_1	5.626515	0.024390	0.024390	K.AEFVEVTK.L	sp|P02769|ALBU_BOVIN
./crux_output/comet_5442_3_1	5.568820	0.024390	0.024390	K.NKYEDEINKR.T	gi|46812692|gb|AAH69269.1|	gi|39794653|gb|AAH63697.1|	gi|27503816|gb|AAH42132.1|	gi|21961227|gb|AAH34535.1|	gi|18999435|gb|AAH24292.1|	gi|15559584|gb|AAH14152.1|	gi|1346343|sp|P04264|K2C1_HUMAN
./crux_output/comet_6457_3_1	5.358979	0.024390	0.024390	R.SQYEQLAEQNRK.D	gi|21961605|gb|AAH34697.1|
./crux_output/comet_10629_2_1	5.322421	0.024390	0.024390	R.FITVQQPPR.L	AGAP011100-PD	ACOM023090-PA	CUFF.7827.3_2+	CUFF.7827.5_1+	AGAP011100-RA_1+	CUFF.7827.1_2+
./crux_output/comet_7663_2_1	5.125493	0.024390	0.024390	R.SLLEGEGSSGGGGR.G	gi|21961605|gb|AAH34697.1|
./crux_output/comet_9829_2_1	4.981910	0.024390	0.024390	R.GSFESLQATR.M	AGAP007041-PA	ACOM031357-PA	AGAP007041-RA_1+
./crux_output/comet_5644_2_1	4.959319	0.024390	0.024390	R.NECFLSHK.D	sp|P02769|ALBU_BOVIN
./crux_output/comet_9072_2_1	4.897076	0.024390	0.024390	R.LAADDFR.T	gi|34783124|gb|AAH02539.2|	gi|33991652|gb|AAH56421.1|	gi|27769301|gb|AAH42437.1|	gi|24659602|gb|AAH39169.1|	gi|21961605|gb|AAH34697.1|	gi|18089255|gb|AAH20982.1|	gi|17512236|gb|AAH19097.1|	gi|15080273|gb|AAH11901.1|	gi|14602965|gb|AAH09971.1|	gi|6016413|sp|Q15323|K1H1_HUMAN
./crux_output/comet_5727_2_1	4.843474	0.024390	0.024390	K.TNNDWTGASR.L	AGAP001649-PA	ACOM034418-PA	AGAP001649-RA_1+	CUFF.3430.2_1+	CUFF.3430.1_2+
./crux_output/comet_6428_3_1	4.841481	0.024390	0.024390	K.QEPERNECFLSHK.D	sp|P02769|ALBU_BOVIN
./crux_output/comet_7762_2_1	4.799735	0.024390	0.024390	K.LSSPATLNSR.V	gi|136429|sp|P00761|TRYP_PIG
./crux_output/comet_7985_2_1	4.676508	0.024390	0.024390	R.TLLEGEESR.M	gi|39794653|gb|AAH63697.1|	gi|1346343|sp|P04264|K2C1_HUMAN
./crux_output/comet_4261_3_1	4.622473	0.024390	0.024390	R.YKYPEDSKEER.D	AGAP009099-PA	ACOM027314-PA	AGAP009099-RA_3+	CUFF.10723.3_1+
./crux_output/comet_5994_2_1	4.566846	0.024390	0.024390	K.QLEQQIQR.G	ACOM032897-PA	CUFF.11018.1_3+	CUFF.11018.2_3+
./crux_output/comet_7826_2_1	4.561492	0.024390	0.024390	K.DVDGAYMTK.V	gi|39794653|gb|AAH63697.1|	gi|1346343|sp|P04264|K2C1_HUMAN
./crux_output/comet_7121_2_1	4.303480	0.069767	0.307692	K.NMMAACDPR.H	AGAP010510-PA	AGAP010929-PA	AGAP008622-PA	ACOM041694-PA	ACOM042500-PA	ACOM022823-PA	AGAP008622-RA_2+	CUFF.7003.2_1+	AGAP010929-RA_3+	AGAP010510-RA_1+	CUFF.10119.1_3+
./crux_output/comet_10118_2_1	4.266911	0.069767	0.307692	R.SLVNLGGSK.S	gi|39794653|gb|AAH63697.1|	gi|1346343|sp|P04264|K2C1_HUMAN
./crux_output/comet_10391_2_1	4.102996	0.090909	0.307692	R.VQLQIEQAR.E	ACOM032897-PA	CUFF.11018.1_3+	CUFF.11018.2_3+
./crux_output/comet_5617_2_1	4.015566	0.092593	0.307692	R.LCVLHEK.T	sp|P02769|ALBU_BOVIN
./crux_output/comet_8568_2_1	3.907764	0.092593	0.307692	K.GASSFLISVV.I	TCONS_00039659_2+
./crux_output/comet_8157_3_1	3.887092	0.092593	0.307692	K.QMQLWLCSLNER.K	CUFF.342.6_1+
./crux_output/comet_6661_3_1	3.855440	0.092593	0.307692	R.LGCAPFRDGGR.G	CUFF.8877.1_3+
./crux_output/comet_8870_3_1	3.664592	0.092593	0.307692	R.RGSGGTKPFPTPAERTPMDWCYECY.S	AGAP010911-RA_3+
./crux_output/comet_10371_2_1	3.640564	0.092593	0.307692	H.ADICTLPDTEK.Q	sp|P02769|ALBU_BOVIN
./crux_output/comet_4638_2_1	3.613106	0.092593	0.307692	R.LSQKFPK.A	sp|P02769|ALBU_BOVIN
./crux_output/comet_10134_2_1	3.567634	0.092593	0.307692	R.VATVSLPR.S	gi|136429|sp|P00761|TRYP_PIG
./crux_output/comet_8592_3_3	3.552340	0.092593	0.307692	R.TEVTPAEIAEEIEK.E	AGAP007726-PA	ACOM026015-PA	AGAP007726-RA_1+	AGAP007726-RB_1+	CUFF.2941.5_3+	CUFF.2941.4_3+	CUFF.2941.1_2+	CUFF.2941.3_2+	CUFF.2941.2_1+
./crux_output/comet_7511_3_1	3.552190	0.092593	0.307692	R.IFYTIDSDICSTAYCTK.L	CUFF.560.1_2+
./crux_output/comet_10587_3_1	3.508002	0.127273	0.764706	R.NECFLSHKDDSPDLPK.L	sp|P02769|ALBU_BOVIN
./crux_output/comet_9521_3_1	3.415038	0.142857	0.764706	R.GCCCCCSADKYR.N	TCONS_00028013_3+
./crux_output/comet_7560_3_1	3.376408	0.155172	0.764706	R.CCTRSMCSSER.S	CUFF.9341.8_2+	CUFF.9341.2_3+	CUFF.9341.3_3+	CUFF.9341.1_1+	CUFF.9341.6_1+	CUFF.9341.7_1+	CUFF.9341.4_3+	CUFF.9341.5_1+	AGAP012372-RA_2+
./crux_output/comet_7949_3_1	3.375796	0.155172	0.764706	R.CGCGAPPPSAART.G	AGAP000222-RA_2+	AGAP000222-RB_2+	CUFF.16246.8_2+	CUFF.16246.5_1+	CUFF.16246.4_1+	CUFF.16246.3_1+	CUFF.16246.2_1+	CUFF.16246.1_1+
./crux_output/comet_10320_2_1	3.284008	0.186441	0.764706	K.GGMCEMEP.F	CUFF.11141.2_2+
./crux_output/comet_6276_3_3	3.266864	0.200000	0.764706	R.QFYGYWEGFCTK.K	AGAP009943-PA	ACOM029333-PA	AGAP009943-RA_1+
./crux_output/comet_8466_3_1	3.196743	0.245902	0.764706	R.ETYGDMADCCEKQEPER.N	sp|P02769|ALBU_BOVIN
./crux_output/comet_8149_2_2	3.125787	0.253521	0.764706	R.ANASHKSGR.F	CUFF.4121.1_3+	CUFF.4121.3_2+	CUFF.4121.2_1+	CUFF.4121.5_1+	CUFF.4121.4_1+	CUFF.4121.6_3+	AGAP002379-RA_1+
./crux_output/comet_6761_2_1	3.114403	0.253521	0.764706	S.ALCDISVK.X	CUFF.12046.1_1+
./crux_output/comet_6951_2_1	3.108253	0.253521	0.764706	K.LCTFSITQK.D	AGAP001157-PA	ACOM033710-PA	AGAP001157-RA_1+
./crux_output/comet_7987_3_1	3.080156	0.253521	0.764706	R.TRHTETHTPEIK.G	TCONS_00026717_3+
./crux_output/comet_5382_2_1	3.061065	0.253521	0.764706	K.NPVITDQTK.K	AGAP009373-PA	AGAP009373-RA_3+
./crux_output/comet_10594_2_1	3.052296	0.253521	0.764706	K.IDTNQFQRNR.G	CUFF.16123.3_2+
./crux_output/comet_6407_3_1	3.048267	0.253521	0.764706	K.NRVNESVCVR.E	CUFF.9014.3_2+	CUFF.9014.1_1+	CUFF.9014.4_2+
./crux_output/comet_7036_3_2	3.026546	0.253521	0.764706	R.QLSDENFLLCHR.X	AGAP003560-RA_3+
./crux_output/comet_10000_3_1	3.003584	0.253521	0.764706	N.TLCDEFKADEK.K	sp|P02769|ALBU_BOVIN
./crux_output/comet_9731_2_1	2.964820	0.253521	0.764706	K.CIPLEDCPK.-	AGAP006581-PA	CUFF.2130.1_1+
./crux_output/comet_10266_2_1	2.902868	0.305556	0.847328	N.TLCDEFK.A	sp|P02769|ALBU_BOVIN
./crux_output/comet_6619_3_3	2.864971	0.346667	0.847328	R.QFDRVGCSQLLHK.X	AGAP010238-RA_2+	CUFF.12114.5_3+	CUFF.12114.4_3+	CUFF.12114.6_1+	CUFF.12114.1_1+	CUFF.12114.3_3+	CUFF.12114.2_3+
./crux_output/comet_6930_2_1	2.838653	0.346667	0.847328	R.ARPEPPVR.L	AGAP000066-RA_3+	CUFF.15881.1_3+
./crux_output/comet_6312_3_5	2.831962	0.346667	0.847328	R.TASTALKHTER.E	CUFF.5853.1_3+
./crux_output/comet_4661_3_1	2.810053	0.376623	0.847328	K.NHEEEMKDLR.N	gi|21961605|gb|AAH34697.1|
./crux_output/comet_9371_3_2	2.796826	0.376623	0.847328	R.CCCCCCCCCR.L	CUFF.7998.1_2+	CUFF.5201.1_2+	CUFF.16245.1_3+	CUFF.16245.2_1+	CUFF.3623.4_2+	CUFF.3623.1_2+	CUFF.3623.3_1+	CUFF.3623.2_2+	CUFF.5201.2_2+	DECOY_CUFF.7998.1_2+	DECOY_CUFF.5201.1_2+	DECOY_CUFF.16245.1_3+	DECOY_CUFF.16245.2_1+	DECOY_CUFF.3623.4_2+	DECOY_CUFF.3623.1_2+	DECOY_CUFF.3623.3_1+	DECOY_CUFF.3623.2_2+	DECOY_CUFF.5201.2_2+
./crux_output/comet_5683_2_1	2.759099	0.397436	0.847328	-.VDSGYENK.Q	CUFF.7915.1_2+
./crux_output/comet_10381_4_5	2.742817	0.417722	0.847328	K.SQNNKCVTQRPVHGDCPK.G	AGAP002631-PA	AGAP002631-RA_1+
./crux_output/comet_8245_2_1	2.740714	0.419753	0.847328	R.TLPQSHETGTPK.R	AGAP004651-RA_3+
./crux_output/comet_7664_2_1	2.725920	0.419753	0.847328	R.NDHRDANAK.E	CUFF.2676.1_1+	CUFF.2676.2_2+	CUFF.2676.3_3+
./crux_output/comet_8221_4_1	2.695491	0.428571	0.847328	R.QLQQGAGGLGNLMSGFGGK.-	AGAP004610-PA	ACOM041045-PA	AGAP004610-RA_1+
./crux_output/comet_5202_3_1	2.690513	0.428571	0.847328	R.LPPTGRSCQMR.K	CUFF.4916.1_1+
./crux_output/comet_8490_3_4	2.688943	0.428571	0.847328	R.YTHTHNYAIMYK.N	CUFF.9641.3_3+	CUFF.9641.2_3+	CUFF.9641.1_3+	CUFF.9641.6_1+
./crux_output/comet_6722_2_1	2.687056	0.435294	0.847328	R.FMLEVMK.D	sp|Q06324|MMR1_YEAST
./crux_output/comet_9930_2_4	2.658291	0.465116	0.847328	K.FAQFSSACDSLR.E	CUFF.8268.1_2+
./crux_output/comet_5255_2_1	2.654955	0.471264	0.847328	R.FPTFCCR.T	AGAP000781-RA_2+	CUFF.16824.1_3+
./crux_output/comet_10524_2_2	2.639724	0.511364	0.847328	K.QHVHAAANER.Y	AGAP003794-RA_1+	AGAP003794-RB_1+
./crux_output/comet_5263_3_1	2.614517	0.514851	0.847328	V.TVESEEGSRTDR.A	AGAP005917-RA_3+	CUFF.1495.1_2+
./crux_output/comet_5975_2_2	2.605744	0.514851	0.847328	R.LATMSRR.X	AGAP010611-RA_3+	CUFF.7129.1_3+
./crux_output/comet_9674_2_1	2.600003	0.514851	0.847328	R.TDLWPWNT.D	CUFF.7001.1_3+	AGAP010530-RA_1+
./crux_output/comet_7325_3_2	2.574324	0.514851	0.847328	R.CSCPTHSTCSTLR.I	AGAP008023-RA_2+
./crux_output/comet_5313_2_2	2.558168	0.514851	0.847328	R.STEEGENRR.S	CUFF.1949.1_2+	CUFF.1949.2_2+	AGAP006451-RA_2+
./crux_output/comet_9106_2_3	2.553687	0.514851	0.847328	K.YSSLDFK.Q	AGAP003320-PA	AGAP003320-PB	ACOM035867-PA	AGAP003320-RA_1+
./crux_output/comet_8714_3_3	2.552382	0.514851	0.847328	R.TQQWGTKAAAPSER.M	AGAP007806-RB_1+	AGAP007806-RC_1+	AGAP007806-RA_1+	CUFF.9488.1_3+	CUFF.9488.2_3+
./crux_output/comet_5938_2_1	2.549652	0.514851	0.847328	K.DNEDLRGK.L	AGAP028061-PA	ACOM028094-PA	CUFF.10212.2_2+	CUFF.10212.1_3+	AGAP028061-RA_1+
./crux_output/comet_5195_2_1	2.548894	0.514851	0.847328	R.AICTAEVK.G	AGAP009099-PA	ACOM027314-PA	AGAP009099-RA_3+	CUFF.10723.3_1+
./crux_output/comet_6125_2_2	2.541890	0.514851	0.847328	R.EKHNNTNNK.R	AGAP003417-RA_2+	AGAP003417-RB_2+	CUFF.5109.1_2+
./crux_output/comet_9262_2_2	2.536031	0.514851	0.847328	K.LMSSSMFPPK.S	AGAP029444-PA	ACOM033473-PA	AGAP010054-RA_2+	CUFF.11971.2_2+
./crux_output/comet_6667_3_4	2.530147	0.514851	0.847328	R.TNMDIHIQQHAK.H	CUFF.9744.4_3+	CUFF.9744.1_2+
./crux_output/comet_7376_2_1	2.514885	0.514851	0.847328	N.SNSYDYLR.H	CUFF.11299.2_1+	CUFF.11299.6_2+
./crux_output/comet_8418_4_1	2.507584	0.519608	0.847328	A.CCIKFGTSWNDCTTFSR.A	AGAP009856-RA_2+
./crux_output/comet_6838_4_5	2.491887	0.528846	0.847328	R.CSNDRNGNNTMPVNEGFSR.V	sp|Q12057|PIN2_YEAST
./crux_output/comet_7967_3_3	2.476116	0.528846	0.847328	K.EAPQDVGDRGGRVR.R	AGAP029559-PA	ACOM027880-PA	AGAP005333-RA_1+
./crux_output/comet_10609_2_1	2.441996	0.558559	0.847328	K.IEFVEIYEP.F	ACOM038474-PA
./crux_output/comet_10082_3_2	2.428753	0.558559	0.847328	R.CSNGCCFRFVTFFIR.E	TCONS_00028833_3+
./crux_output/comet_8322_4_1	2.422766	0.558559	0.847328	K.NEAANDTISVTVDSNYIPS.F	AGAP029695-PA
./crux_output/comet_6825_3_1	2.420982	0.558559	0.847328	R.FATNHSKPQSVS.R	AGAP009346-RA_2+
./crux_output/comet_6109_3_1	2.420747	0.558559	0.847328	K.DTACPALPAGAEEGSNA.A	AGAP008377-RA_3+	CUFF.9911.1_3+
./crux_output/comet_4614_2_1	2.420617	0.558559	0.847328	R.NATNHTQAP.P	TCONS_00014999_3+	TCONS_00014998_3+
./crux_output/comet_5317_2_1	2.417665	0.558559	0.847328	R.AFIVCCR.V	AGAP009619-RA_1+	CUFF.11251.2_3+	CUFF.11251.3_3+	CUFF.11251.1_3+
./crux_output/comet_8231_2_1	2.406275	0.561983	0.847328	R.ATGGGGGGGGGGR.D	AGAP006649-PA	ACOM039391-PA	AGAP006649-RA_1+
./crux_output/comet_10506_2_1	2.395541	0.561983	0.847328	R.CDEEDDE.D	AGAP001618-RA_1+	CUFF.3372.1_3+
./crux_output/comet_6923_2_1	2.385017	0.561983	0.847328	K.SSPYEMYER.S	CUFF.7839.8_3+	CUFF.7839.6_3+	CUFF.7839.7_1+	CUFF.7839.4_1+	CUFF.7839.5_1+	CUFF.7839.2_1+	CUFF.7839.3_3+	CUFF.7839.1_2+
./crux_output/comet_8411_3_3	2.381511	0.561983	0.847328	K.FREMSDFQIK.L	sp|P32367|TFC1_YEAST
./crux_output/comet_8892_3_1	2.378135	0.561983	0.847328	R.KELNDIKAHFSEQ.L	AGAP029814-PB	ACOM025526-PA	CUFF.2625.1_1+	CUFF.2625.2_2+	CUFF.2625.3_1+	AGAP007311-RA_1+
./crux_output/comet_5261_3_1	2.360918	0.561983	0.847328	R.QEEAQEGEGGGEAQA.Q	AGAP011217-RA_3+	CUFF.7954.4_2+	CUFF.7954.1_2+	CUFF.7954.2_2+	CUFF.7954.3_3+
./crux_output/comet_6256_2_1	2.355468	0.561983	0.847328	R.TATASRTR.C	CUFF.17552.1_1+	TCONS_00009340_2+	AGAP001004-RA_2+	DECOY_CUFF.8309.9_3+	DECOY_CUFF.8309.4_2+	DECOY_CUFF.8309.7_3+	DECOY_CUFF.8309.6_2+	DECOY_CUFF.8309.1_1+	DECOY_CUFF.8309.11_3+	DECOY_CUFF.8309.10_3+	DECOY_AGAP011421-RA_3+
./crux_output/comet_8603_2_3	2.354284	0.561983	0.847328	K.LFGCDDQR.Y	AGAP001649-PA	ACOM034418-PA	AGAP001649-RA_1+	CUFF.3430.2_1+	CUFF.3430.1_2+
./crux_output/comet_10486_2_1	2.340955	0.561983	0.847328	K.MCCFSSR.F	CUFF.10700.2_3+
./crux_output/comet_9719_3_1	2.340363	0.561983	0.847328	R.HPYTSPYRIDAPW.W	CUFF.9891.1_2+	AGAP007898-RA_2+	AGAP007897-RA_2+
./crux_output/comet_9651_2_2	2.336962	0.573770	0.847328	T.QTTTADFQAK.V	ACOM029459-PA
./crux_output/comet_5611_2_1	2.335160	0.577236	0.847328	R.SDYRCSSSSR.A	CUFF.1180.1_2+	AGAP005651-RA_3+
./crux_output/comet_9718_2_1	2.326359	0.581395	0.847328	P.CIFIFFEKK.K	CUFF.3006.12_3+
./crux_output/comet_6108_2_4	2.323320	0.581395	0.847328	K.QNACDWPER.A	AGAP028750-PA	ACOM026532-PA	AGAP012133-RA_1+
./crux_output/comet_9758_3_1	2.315294	0.581395	0.847328	R.KPGTRCSGSTGRSIR.R	CUFF.8831.1_1+	AGAP011895-RA_2+
./crux_output/comet_9285_2_2	2.310925	0.581395	0.847328	G.QGANGANLANRGR.T	AGAP008080-PA	ACOM030562-PA	AGAP008080-RA_1+
./crux_output/comet_9253_4_1	2.299678	0.581395	0.847328	R.RGSNSVDMLQTGCVGIQW.A	AGAP008577-RA_3+	CUFF.10113.10_2+	CUFF.10113.11_1+	CUFF.10113.2_3+	CUFF.10113.5_3+
./crux_output/comet_7910_2_1	2.298065	0.581395	0.847328	R.SVCGYCAEQ.I	TCONS_00015650_1+
./crux_output/comet_7356_2_3	2.282014	0.600000	0.847328	-.SSSVIYQQSSDK.L	CUFF.9223.3_3+
./crux_output/comet_7528_3_1	2.277308	0.603053	0.847328	R.CECWCTTRCC.D	CUFF.9969.4_1+	CUFF.9969.5_2+
./crux_output/comet_8542_2_1	2.253080	0.611940	0.847328	R.EQSSPASSPAK.G	CUFF.11264.1_1+
./crux_output/comet_5797_4_1	2.252098	0.611940	0.847328	L.QVGSFSSEGKQTVFEK.I	TCONS_00040105_1+
./crux_output/comet_6997_3_1	2.251205	0.611940	0.847328	K.LFGLSTSEQSR.N	ACOM035672-PA
./crux_output/comet_7287_2_2	2.235946	0.637037	0.847328	V.IPILLIVILIVRYK.I	ACOM037803-PA
./crux_output/comet_5004_2_1	2.227791	0.640288	0.847328	K.QEEGQESNTHSFP.E	sp|Q07458|RXT3_YEAST
./crux_output/comet_7099_2_2	2.227100	0.640288	0.847328	R.LLTSALGR.A	AGAP001458-RA_3+	DECOY_AGAP009128-PA	DECOY_ACOM027237-PA	DECOY_AGAP009128-RA_2+
./crux_output/comet_9941_2_1	2.215756	0.640288	0.847328	R.ETPGHSWAETPRAD.R	AGAP000178-PA	ACOM028896-PA	CUFF.16024.1_2+	AGAP000178-RA_2+
./crux_output/comet_7343_3_2	2.215112	0.640288	0.847328	R.QTLAQPNAFHDLT.V	AGAP011202-PA	ACOM038171-PA	CUFF.7923.2_1+	CUFF.7923.3_3+	CUFF.7923.1_3+	AGAP011202-RA_1+
./crux_output/comet_8799_2_3	2.209215	0.650000	0.847328	R.TLPHLPSR.L	CUFF.7775.1_1+	CUFF.7775.3_2+	CUFF.7775.2_1+	AGAP011079-RA_3+
./crux_output/comet_7345_2_2	2.192055	0.652482	0.847328	V.LVVLVVVLVPHIKLK.S	AGAP009509-RA_1+	CUFF.11115.1_2+	CUFF.11115.2_2+
./crux_output/comet_9507_2_1	2.174944	0.661972	0.847328	N.SNTPVDGRTVER.R	CUFF.1731.2_3+	CUFF.1731.3_3+	CUFF.1731.1_3+	CUFF.1731.5_2+	CUFF.1731.4_3+
./crux_output/comet_4675_4_3	2.164635	0.675159	0.847328	R.CSSSCSTSPSTPSCWRWR.K	AGAP007105-RA_2+
./crux_output/comet_5715_2_1	2.161765	0.675159	0.847328	R.HVEHLVVSV.I	TCONS_00030302_3+
./crux_output/comet_6739_3_1	2.150585	0.675159	0.847328	R.IFSSSWIYMCSV.F	CUFF.7322.2_3+
./crux_output/comet_7608_3_2	2.147474	0.675159	0.847328	R.QWSAAAGHCPTAYR.R	CUFF.10332.1_3+	AGAP008818-RA_3+
./crux_output/comet_5569_2_1	2.141881	0.675159	0.847328	R.CSVELFHR.Q	CUFF.1261.1_3+	AGAP005699-RA_3+	CUFF.1261.2_3+
./crux_output/comet_9552_3_1	2.136665	0.675159	0.847328	R.RFCGFCCSSACAG.R	CUFF.3373.1_1+
./crux_output/comet_7352_3_1	2.132300	0.675159	0.847328	D.KEACFAVEGPK.L	sp|P02769|ALBU_BOVIN
./crux_output/comet_4240_3_2	2.130585	0.675159	0.847328	-.MNDDPQVWTDDQ.S	ACOM029227-PA
./crux_output/comet_577_3_1	2.128357	0.675159	0.847328	R.CSPCCCCCCCA.F	ACOM027985-PA
./crux_output/comet_8739_3_1	2.118788	0.675159	0.847328	K.LRRDCADGVHR.E	CUFF.3645.10_1+	CUFF.3645.13_3+	CUFF.3645.12_1+	CUFF.3645.14_3+	CUFF.3645.5_2+	CUFF.3645.4_3+	CUFF.3645.7_1+	CUFF.3645.6_1+	CUFF.3645.1_3+	CUFF.3645.2_2+	CUFF.3645.9_1+	CUFF.3645.8_2+	AGAP001751-RE_3+	AGAP001751-RA_3+
./crux_output/comet_10330_3_1	2.113671	0.675159	0.847328	R.ACMCQCLVCHT.L	CUFF.2334.3_1+	CUFF.2334.2_2+	CUFF.2334.1_1+	CUFF.2334.4_3+
./crux_output/comet_9103_3_1	2.113188	0.675159	0.847328	R.TNGSNDAAVDGTRR.S	CUFF.8445.13_3+	CUFF.8445.3_3+
./crux_output/comet_8023_2_1	2.112716	0.675159	0.847328	K.EFMNQART.E	sp|P53723|YN8B_YEAST
./crux_output/comet_6030_3_1	2.105065	0.675159	0.847328	C.GASGMCVWGGDCSSGGASR.W	ACOM029462-PA
./crux_output/comet_9454_2_3	2.102095	0.675159	0.847328	K.DNDEYTLIK.V	AGAP008341-PA	ACOM030127-PA	AGAP008341-RA_1+	CUFF.9860.1_2+
./crux_output/comet_7330_3_1	2.094641	0.679245	0.847328	K.QHAAAKVAAAASFYQ.N	AGAP005631-RA_1+
./crux_output/comet_7946_2_1	2.094208	0.679245	0.847328	K.MFTFLLN.F	TCONS_00039760_2+
./crux_output/comet_7700_2_1	2.084267	0.687500	0.847328	R.AGEGGPPAGAR.G	CUFF.2369.7_3+	AGAP006901-RA_3+
./crux_output/comet_6447_2_1	2.081396	0.689441	0.847328	F.LYEYSR.R	sp|P02769|ALBU_BOVIN
./crux_output/comet_7563_2_1	2.072515	0.691358	0.847328	G.YNAQCSTR.N	AGAP029234-PA	AGAP029234-PB	CUFF.12092.2_1+	CUFF.12092.10_3+	CUFF.12092.11_1+	CUFF.12092.12_3+	CUFF.12092.9_2+	CUFF.12092.1_1+	CUFF.12092.6_1+	CUFF.12092.4_1+
./crux_output/comet_10342_2_1	2.057578	0.701149	0.847328	R.ALPEGNVAP.L	AGAP009240-RA_3+	CUFF.10854.1_3+
./crux_output/comet_7944_2_1	2.048431	0.701149	0.847328	R.AMGTSSTR.C	AGAP007568-RA_2+
./crux_output/comet_9810_3_5	2.040779	0.701149	0.847328	K.NDNTTGTICSK.Q	CUFF.3464.1_2+	CUFF.3464.2_2+	CUFF.3464.3_2+	CUFF.3464.4_1+
./crux_output/comet_9796_2_2	2.039512	0.701149	0.847328	R.SLEHSSSAAAMK.R	ACOM028585-PA
./crux_output/comet_5415_4_4	2.031568	0.701149	0.847328	R.TVNPSPYLFYIDCLDFQ.I	sp|P00899|TRPE_YEAST
./crux_output/comet_9427_3_3	2.027582	0.701149	0.847328	R.IYWPCGTCCWSCR.R	CUFF.11344.5_2+	CUFF.11344.9_3+	CUFF.11344.8_2+	CUFF.11344.1_2+	CUFF.11344.2_1+	CUFF.11344.4_2+	CUFF.11344.7_2+	CUFF.11344.6_2+	AGAP009554-RA_2+	CUFF.11344.11_2+	CUFF.11344.10_2+	CUFF.11344.13_2+	CUFF.11344.16_3+	CUFF.11344.12_3+	CUFF.11344.17_2+
./crux_output/comet_4753_2_5	2.024433	0.701149	0.847328	R.SCKQNHVEK.V	AGAP010575-RA_1+
./crux_output/comet_4259_3_1	2.021999	0.701149	0.847328	K.VCEGAEGGSRAEGCSG.A	CUFF.1877.1_2+	AGAP006402-RA_3+
./crux_output/comet_10014_2_1	2.019104	0.701149	0.847328	R.NWCTEPGSGD.R	AGAP002133-RA_3+
./crux_output/comet_8326_3_2	2.016850	0.701149	0.847328	R.CVYSLRKSTR.G	TCONS_00011699_1+
./crux_output/comet_7982_2_2	2.014752	0.701149	0.847328	R.AGGGTVHLSGAR.E	AGAP001858-RA_3+	CUFF.3612.1_1+	CUFF.3612.2_2+
./crux_output/comet_8495_2_4	2.014371	0.701149	0.847328	K.GACCSTLK.G	CUFF.9744.1_3+
./crux_output/comet_9935_2_1	2.007986	0.702857	0.847328	X.CGLTSIVRK.R	CUFF.1191.2_3+	CUFF.1191.1_1+
./crux_output/comet_4815_3_1	2.004322	0.707865	0.847328	R.EALPGQQHGPGDC.P	CUFF.16347.2_2+	CUFF.16347.1_2+	AGAP000430-RA_3+
./crux_output/comet_8949_3_1	2.004180	0.707865	0.847328	K.QGKAEPDPDVAVK.I	AGAP002805-PA	ACOM037638-PA	AGAP002805-RA_2+
./crux_output/comet_7228_2_1	2.002568	0.707865	0.847328	V.NDRYSTVEI.-	CUFF.4493.3_2+	CUFF.4493.2_3+	CUFF.4493.1_3+
./crux_output/comet_8475_4_1	1.985144	0.710098	0.847328	Q.GASGTAGGSVDGSIGSSGLNNSR.S	ACOM024138-PA
./crux_output/comet_9284_2_1	1.983335	0.710098	0.847328	R.QEVLFALLL.S	CUFF.6205.6_1+	CUFF.6205.7_3+	CUFF.6205.5_1+	CUFF.6205.2_1+	CUFF.6205.3_3+	CUFF.6205.1_3+
./crux_output/comet_9535_3_1	1.975571	0.710098	0.847328	G.METYIEQCEGSR.S	CUFF.3498.11_1+	CUFF.3498.10_1+	CUFF.3498.9_2+	CUFF.3498.8_2+	CUFF.3498.5_1+	CUFF.3498.4_3+	CUFF.3498.7_2+	CUFF.3498.1_1+	CUFF.3498.3_2+	AGAP001683-RA_1+	AGAP001683-RB_1+
./crux_output/comet_7198_2_1	1.974610	0.710098	0.847328	K.KSTSSSAAEER.C	CUFF.15844.5_2+
./crux_output/comet_6733_2_1	1.973059	0.710098	0.847328	R.STPGSYGGTVPA.V	CUFF.9836.4_2+	CUFF.9836.2_1+	CUFF.9836.1_3+	AGAP008221-RA_2+
./crux_output/comet_9409_2_1	1.965398	0.710098	0.847328	R.RCCCCCCCCC.S	CUFF.4584.2_3+	CUFF.4584.3_1+	CUFF.4584.1_3+	DECOY_CUFF.16570.1_1+
./crux_output/comet_9660_2_1	1.962038	0.710098	0.847328	A.VTVGIGSAK.L	TCONS_00003916_3+
./crux_output/comet_7412_2_2	1.954278	0.710098	0.847328	K.RKVVVLLLPLPPLVL.V	CUFF.8400.2_3+	CUFF.8400.1_3+
./crux_output/comet_9816_3_5	1.953754	0.710098	0.847328	K.FRAFPDVNETAASGAYR.S	CUFF.8173.1_2+
./crux_output/comet_9527_2_4	1.952857	0.710098	0.847328	R.KSSCNTITLITR.R	CUFF.10818.8_3+	CUFF.10818.9_2+	CUFF.10818.7_3+	CUFF.10818.2_2+	CUFF.10818.3_1+	CUFF.10818.1_3+	CUFF.10818.5_2+
./crux_output/comet_4175_2_5	1.951853	0.710098	0.847328	R.QWQCDQER.E	CUFF.2927.1_3+	CUFF.2927.2_3+	AGAP007582-RA_3+
./crux_output/comet_8676_2_1	1.951527	0.710098	0.847328	N.DISVYEK.L	AGAP009354-PA	AGAP009356-PA	AGAP009359-PA	AGAP009359-RA_1+	AGAP009356-RA_2+	CUFF.10947.3_2+	CUFF.10947.2_3+	CUFF.10947.1_2+	CUFF.10947.7_3+	CUFF.10947.4_2+	AGAP009354-RA_1+
./crux_output/comet_6676_3_3	1.950650	0.710098	0.847328	R.SVFSTCNALFR.X	CUFF.4442.1_1+
./crux_output/comet_8981_3_1	1.949273	0.710098	0.847328	K.QLGFDKMTPVQGATI.P	ACOM033817-PA
./crux_output/comet_6711_2_1	1.943407	0.710098	0.847328	V.QCARPDER.A	AGAP004000-RA_3+	CUFF.5749.8_3+	CUFF.5749.2_2+	CUFF.5749.3_3+	CUFF.5749.1_2+	CUFF.5749.6_2+	CUFF.5749.7_1+	CUFF.5749.4_3+	CUFF.5749.5_3+
./crux_output/comet_4278_3_1	1.922341	0.710098	0.847328	K.SCLSNNSSQNDTH.E	CUFF.9888.6_2+	CUFF.9888.3_2+	CUFF.9888.9_2+
./crux_output/comet_6994_2_1	1.919169	0.710098	0.847328	K.EVLIEPK.T	TCONS_00027310_2+
./crux_output/comet_10184_4_3	1.916004	0.710098	0.847328	K.AYHCPFFNSATPPDLRCHNSGGFSR.R	sp|Q00947|STP1_YEAST
./crux_output/comet_7954_3_1	1.912190	0.710098	0.847328	R.ATTVGLRVTFEYC.I	TCONS_00014568_2+
./crux_output/comet_7973_2_4	1.908772	0.710098	0.847328	R.KGSEPDLNQLCVR.E	TCONS_00030778_1+
./crux_output/comet_8505_2_3	1.906631	0.710098	0.847328	R.LCFDTNQK.K	CUFF.1840.3_2+	CUFF.1840.6_3+
./crux_output/comet_8255_3_4	1.902996	0.710098	0.847328	K.EAWETELKNK.M	ACOM028756-PA
./crux_output/comet_4565_2_4	1.895450	0.710098	0.847328	R.RAADRGNAR.F	AGAP004703-RA_1+
./crux_output/comet_10472_2_1	1.891615	0.710098	0.847328	R.ATRAQADGR.Q	AGAP009807-RA_2+	CUFF.11587.1_1+
./crux_output/comet_7134_4_1	1.888792	0.710098	0.847328	-.MSNIDIVQPLWDLSTFT.G	AGAP007119-PA	ACOM025287-PA
./crux_output/comet_3905_3_1	1.881465	0.710098	0.847328	R.HPSENEQENQSTSEM.F	AGAP000630-PA	AGAP000630-RA_1+	CUFF.16559.1_1+	CUFF.16559.2_3+	CUFF.16559.3_2+	CUFF.16559.4_2+	CUFF.16559.5_2+	CUFF.16559.6_1+
./crux_output/comet_10443_2_4	1.869898	0.710098	0.847328	R.NVILFAK.F	CUFF.3715.3_1+	CUFF.3715.1_1+	CUFF.3715.2_3+	DECOY_CUFF.1560.1_3+
./crux_output/comet_6848_2_5	1.868759	0.710098	0.847328	K.EHAIIEK.T	AGAP003635-PA	ACOM028716-PA	AGAP003635-RA_1+	CUFF.5312.4_1+	CUFF.5312.5_1+	CUFF.5312.2_2+	CUFF.5312.1_1+
./crux_output/comet_7095_2_1	1.868424	0.710098	0.847328	K.NITFKPL.I	CUFF.6046.1_2+
./crux_output/comet_6112_2_1	1.867594	0.710098	0.847328	Q.AAPDGNVRR.S	AGAP011839-RA_1+	CUFF.8802.1_3+	CUFF.8802.2_3+
./crux_output/comet_7771_2_3	1.864072	0.710098	0.847328	R.AQGHSAAER.X	TCONS_00015315_2+
./crux_output/comet_9562_3_1	1.861881	0.710098	0.847328	S.KSKCDTIQMQEAGR.N	TCONS_00028833_3+
./crux_output/comet_7449_4_4	1.856804	0.710098	0.847328	K.TNDRRTLHKPFLTPFLYK.K	CUFF.17098.3_2+	CUFF.17098.2_2+	CUFF.17098.1_1+
./crux_output/comet_10197_2_3	1.854587	0.710098	0.847328	R.AGALLDRHDSR.V	CUFF.16082.1_2+	CUFF.16082.3_1+	CUFF.16082.2_2+	CUFF.16082.4_3+	AGAP000153-RA_3+
./crux_output/comet_7593_2_1	1.844580	0.710098	0.847328	K.RQLSHEQPFEDD.G	AGAP029268-PA
./crux_output/comet_9389_2_1	1.841582	0.710098	0.847328	R.WAGWATRTVP.P	CUFF.2229.1_2+	CUFF.2229.2_2+	CUFF.2229.3_2+	AGAP006741-RA_2+
./crux_output/comet_7838_2_1	1.833929	0.710098	0.847328	N.SSTSSSQK.H	CUFF.4575.3_2+	CUFF.4575.1_2+
./crux_output/comet_10334_2_1	1.831864	0.710098	0.847328	R.ANHASITR.W	CUFF.10228.1_1+	CUFF.10228.2_1+
./crux_output/comet_8038_2_1	1.830819	0.710098	0.847328	K.LCIDSLVADA.L	CUFF.17375.4_3+
./crux_output/comet_6136_3_1	1.827144	0.710098	0.847328	R.RCEAADDSGREGGEG.K	CUFF.4064.1_2+	CUFF.4064.3_3+	CUFF.4064.2_3+	AGAP002329-RA_1+
./crux_output/comet_6261_3_1	1.826408	0.710098	0.847328	N.YCYDYDDDDK.D	CUFF.3021.1_1+	CUFF.3021.3_1+	CUFF.3021.2_1+	AGAP001194-RA_3+
./crux_output/comet_9165_2_3	1.819685	0.710098	0.847328	R.KFSLSYPLTK.A	CUFF.12309.4_2+	AGAP010304-RA_1+	CUFF.12309.1_3+	CUFF.12309.5_1+	AGAP010304-RB_1+
./crux_output/comet_10222_3_1	1.806892	0.710098	0.847328	R.QQNEQRPLFGDSGANGSFSLP.V	AGAP008930-RA_3+
./crux_output/comet_7641_2_1	1.801808	0.710098	0.847328	T.TTTMTTLGR.Q	CUFF.16863.2_1+	CUFF.16863.3_2+	CUFF.16863.6_2+	CUFF.16863.4_2+	CUFF.16863.1_1+	CUFF.16863.5_1+
./crux_output/comet_7037_2_1	1.801487	0.710098	0.847328	F.NIDSNPDGQDLER.I	AGAP006540-PA	CUFF.2018.1_2+	AGAP006540-RA_1+
./crux_output/comet_6832_4_5	1.793595	0.710098	0.847328	K.VNYSAMDMGDDGEDDDFNR.S	AGAP008917-PA	AGAP008917-RA_1+	CUFF.10470.1_2+	CUFF.10470.2_2+
./crux_output/comet_5977_2_1	1.793395	0.710098	0.847328	R.WHHPTPIPP.A	CUFF.10591.3_1+	CUFF.10591.1_3+
./crux_output/comet_8858_3_1	1.788149	0.710098	0.847328	K.VAADGGAAAEARGTGRP.V	AGAP000810-RA_3+	CUFF.16929.1_1+	CUFF.16929.2_1+
./crux_output/comet_7696_3_3	1.787683	0.710098	0.847328	K.LVNDEASEGQVK.A	sp|P38427|TSL1_YEAST
./crux_output/comet_6512_2_2	1.780213	0.710098	0.847328	R.SMCATTITVYR.C	CUFF.3069.7_3+	AGAP001238-RB_3+	AGAP001238-RA_3+	CUFF.3069.5_1+	CUFF.3069.4_2+	CUFF.3069.6_2+	CUFF.3069.3_2+	CUFF.3069.8_2+
./crux_output/comet_7148_2_2	1.775375	0.710098	0.847328	R.AVAFRFR.C	AGAP004348-RA_2+
./crux_output/comet_8209_2_1	1.771309	0.710098	0.847328	G.GYDDDEWCSGSK.A	CUFF.8376.3_1+	CUFF.8376.1_2+	CUFF.8376.2_2+
./crux_output/comet_10304_3_1	1.759841	0.710098	0.847328	R.QIIMNDYITSQQMQGRTSAAGGNG.A	AGAP029113-PA	AGAP004732-RA_3+	CUFF.349.4_1+	CUFF.349.5_2+	CUFF.349.1_1+	CUFF.349.2_1+	CUFF.349.3_1+
./crux_output/comet_10328_4_1	1.759835	0.710098	0.847328	R.VSGYEDYYVWQDPKPGTERDPP.N	AGAP012400-PA	ACOM042578-PA	AGAP012400-RA_3+
./crux_output/comet_8752_3_2	1.757916	0.710098	0.847328	V.GNRTIGTLECPGPR.S	CUFF.652.3_1+	CUFF.652.2_3+
./crux_output/comet_5818_2_1	1.756774	0.710098	0.847328	K.CCDCYC.N	CUFF.16102.3_1+	CUFF.16102.4_1+
./crux_output/comet_10614_2_1	1.756349	0.710098	0.847328	R.GRTAVHPYRQPP.V	AGAP008186-RA_3+
./crux_output/comet_5518_2_1	1.755030	0.710098	0.847328	K.ACHLWVW.D	CUFF.3934.1_1+
./crux_output/comet_10568_4_1	1.754028	0.710098	0.847328	R.RMMDPSEGSSALTQTKYIER.V	AGAP001168-PA	ACOM043163-PA	AGAP001168-RB_1+	AGAP001168-RA_2+	CUFF.3007.1_1+	CUFF.3007.3_1+	CUFF.3007.2_3+
./crux_output/comet_9698_2_1	1.752741	0.710098	0.847328	G.GGGGGAAAGGEVAEWR.X	AGAP000262-RA_3+
./crux_output/comet_5458_2_1	1.751435	0.710098	0.847328	K.DNEDGDEE.F	AGAP005470-PA	ACOM039116-PA	AGAP005470-RA_1+
./crux_output/comet_7932_2_1	1.750875	0.710098	0.847328	T.ENKGKHAGGGK.A	CUFF.7901.3_3+	CUFF.7901.1_1+	CUFF.7901.6_2+	CUFF.7901.7_3+	CUFF.7901.4_3+	CUFF.7901.5_1+	CUFF.7901.8_2+	CUFF.7901.9_3+	CUFF.7901.14_1+	CUFF.7901.15_2+	CUFF.7901.16_2+	CUFF.7901.10_3+	CUFF.7901.11_1+	CUFF.7901.12_2+	CUFF.7901.13_2+
./crux_output/comet_9800_2_5	1.750295	0.710098	0.847328	K.YGSSGFGSSYK.G	AGAP003160-PA	ACOM035616-PA	CUFF.4850.1_1+	AGAP003160-RA_1+
./crux_output/comet_7768_3_4	1.738557	0.710098	0.847328	R.GAQGCVPDGGHQSAR.H	CUFF.1762.1_2+	AGAP006205-RA_1+
./crux_output/comet_5333_2_5	1.735612	0.710098	0.847328	R.TATHPGRVR.Q	AGAP006878-RA_2+
./crux_output/comet_6176_3_1	1.731581	0.710098	0.847328	R.GAESRGSSAEQFYVW.C	CUFF.11514.3_1+	CUFF.11514.4_2+	AGAP009752-RA_2+	CUFF.11514.1_1+
./crux_output/comet_6855_3_1	1.729871	0.710098	0.847328	Q.CFELHSTSSNCTPQWK.L	AGAP004417-RA_1+
./crux_output/comet_8027_2_5	1.727321	0.710098	0.847328	R.QPGYYADIETR.C	AGAP006435-PA	ACOM039748-PA	CUFF.1931.1_2+	AGAP006435-RA_1+
./crux_output/comet_9298_3_1	1.725615	0.710098	0.847328	R.YFQSPHSTMT.S	AGAP029560-PA	CUFF.9160.2_3+	CUFF.9160.4_3+	CUFF.9160.3_3+	AGAP012223-RA_3+
./crux_output/comet_8985_3_2	1.722884	0.710098	0.847328	R.AGAAAGWGSCECGR.L	AGAP008928-RA_3+	CUFF.10472.1_2+
./crux_output/comet_8091_2_1	1.720493	0.710098	0.847328	D.ICTLPDTEK.Q	sp|P02769|ALBU_BOVIN
./crux_output/comet_10567_4_4	1.720452	0.710098	0.847328	R.THAPDSIGKVNCGMKLDNER.C	CUFF.5282.1_2+	CUFF.5282.3_2+
./crux_output/comet_8291_2_1	1.719156	0.710098	0.847328	Y.LYCLDNFPDCK.R	CUFF.5757.11_1+	CUFF.5757.1_2+
./crux_output/comet_5786_2_4	1.717924	0.710098	0.847328	K.QVNYTVW.-	AGAP000169-RA_3+	CUFF.16007.1_1+
./crux_output/comet_7779_3_1	1.709761	0.710098	0.847328	R.DREYRGGGGGGGGR.G	AGAP002908-PA	ACOM037502-PA	AGAP002908-RA_1+	CUFF.4590.1_1+	CUFF.4590.3_1+	CUFF.4590.2_1+
./crux_output/comet_6979_3_2	1.704260	0.710098	0.847328	K.TFFVSPSSNLC.F	AGAP002913-PA	ACOM037486-PA	AGAP002913-RA_2+	CUFF.4578.2_2+	CUFF.4578.1_2+
./crux_output/comet_8020_3_1	1.698459	0.710098	0.847328	R.SSPASGSSISGKLSSY.G	AGAP009112-PA	ACOM027280-PA	AGAP009112-RA_1+	CUFF.10719.1_3+
./crux_output/comet_6977_2_1	1.697634	0.710098	0.847328	K.LYTNLMK.K	AGAP002523-PA	ACOM036856-PA	CUFF.4259.1_3+	AGAP002523-RA_1+
./crux_output/comet_8616_2_1	1.697167	0.710098	0.847328	R.MQLFYATVS.L	TCONS_00003917_1+	TCONS_00003916_3+
./crux_output/comet_8911_2_3	1.697104	0.710098	0.847328	K.QATQFRMLR.F	CUFF.9975.1_2+	CUFF.9975.3_1+	CUFF.9975.2_3+	CUFF.9975.4_1+
./crux_output/comet_7544_2_1	1.692636	0.710098	0.847328	S.TANGPQCIR.S	AGAP013007-RA_3+	CUFF.4192.1_3+
./crux_output/comet_6123_2_1	1.692040	0.710098	0.847328	R.TTTTNTGGNNEK.R	CUFF.7993.1_2+
./crux_output/comet_8845_2_1	1.690390	0.710098	0.847328	R.SVRNEPAAAAATATAT.A	AGAP008903-RA_1+	CUFF.10437.1_3+
./crux_output/comet_5919_3_1	1.689340	0.710098	0.847328	R.SSSSSSNLYCTIA.R	CUFF.6205.6_2+	CUFF.6205.7_1+	CUFF.6205.5_2+	CUFF.6205.2_2+	CUFF.6205.3_1+	CUFF.6205.1_1+
./crux_output/comet_4693_2_3	1.683101	0.710098	0.847328	R.CACRQYSK.K	CUFF.5147.2_3+	CUFF.5147.1_3+	AGAP003449-RA_2+
./crux_output/comet_8467_2_3	1.677869	0.710098	0.847328	K.SSSKFSLAT.X	AGAP011990-RA_2+
./crux_output/comet_5789_2_1	1.675301	0.710098	0.847328	K.QNNQPTNR.N	CUFF.496.3_2+	CUFF.496.2_1+	CUFF.496.1_1+	CUFF.496.7_1+	CUFF.496.6_2+	CUFF.496.5_3+	CUFF.496.4_1+
./crux_output/comet_6916_2_5	1.674618	0.710098	0.847328	R.APVSESLSR.L	AGAP000314-PA	CUFF.16189.1_2+	AGAP000314-RB_1+	AGAP000314-RA_1+	CUFF.16189.2_2+
./crux_output/comet_8814_3_1	1.671575	0.710098	0.847328	G.VDSDSGVDSESEVDSGVDSDSVSDFWKL.-	AGAP000875-RA_3+
./crux_output/comet_10260_2_1	1.670766	0.710098	0.847328	A.SQGVPGQLAAAPGR.Y	AGAP012097-RA_2+	CUFF.9033.2_2+	CUFF.9033.3_2+	CUFF.9033.1_2+
./crux_output/comet_7486_2_1	1.668598	0.710098	0.847328	R.LHKSVLCAGGEEG.A	AGAP010731-PA	ACOM027471-PA	CUFF.7372.1_3+	AGAP010731-RA_2+
./crux_output/comet_10459_2_1	1.662202	0.710098	0.847328	R.FLLDYIAVMAGGGD.P	ACOM037745-PA
./crux_output/comet_10537_4_2	1.657931	0.710098	0.847328	R.YYCFQCVCLFFFLLNIFNA.N	CUFF.11072.9_2+	CUFF.11072.6_3+	CUFF.11072.2_3+	CUFF.11072.7_2+
./crux_output/comet_6357_2_1	1.657350	0.710098	0.847328	R.TTSATMCTSPTSV.W	CUFF.3754.2_1+	CUFF.3754.3_3+	CUFF.3754.1_1+	AGAP002015-RB_2+	AGAP002015-RA_2+
./crux_output/comet_10324_2_1	1.657038	0.710098	0.847328	L.CQSGTVSSSSYPK.C	CUFF.3026.1_1+	AGAP001225-RA_2+
./crux_output/comet_9830_2_1	1.646609	0.710098	0.847328	S.SINAMSAVER.S	sp|Q04233|GIS4_YEAST
./crux_output/comet_10607_2_1	1.635964	0.710098	0.847328	K.AWDDNEDE.R	sp|P40547|VID28_YEAST
./crux_output/comet_10618_3_1	1.635538	0.710098	0.847328	K.SAECTGSKQQCQLPTDSS.H	sp|P32900|SKG6_YEAST
./crux_output/comet_9899_3_1	1.624914	0.710098	0.847328	H.PAAAAAHVHPSATSVK.X	CUFF.16102.3_2+	CUFF.16102.4_2+
./crux_output/comet_5342_3_5	1.623648	0.710098	0.847328	K.GDSGIENDFRK.D	AGAP012181-PA	AGAP012181-PB	ACOM026467-PA	AGAP012181-RA_1+	CUFF.9118.2_2+	CUFF.9118.1_2+
./crux_output/comet_8914_3_5	1.621037	0.710098	0.847328	R.GCTSFECPPDSR.D	ACOM030493-PA
./crux_output/comet_7319_3_3	1.620058	0.710098	0.847328	R.SSELEVSTYSAK.D	CUFF.5908.4_2+	CUFF.5908.1_3+	CUFF.5908.3_1+	CUFF.5908.2_1+
./crux_output/comet_8159_4_1	1.619356	0.710098	0.847328	R.QFVANHSERTAVATGTK.W	CUFF.7277.1_3+	AGAP010641-RA_2+
./crux_output/comet_10288_2_1	1.617845	0.710098	0.847328	P.KGESRSGK.G	CUFF.10017.1_1+	AGAP008515-RA_1+
./crux_output/comet_7462_2_3	1.605624	0.710098	0.847328	R.TTTVMAVR.D	AGAP000467-PA	AGAP000467-PB	ACOM038723-PA	CUFF.16784.4_1+	CUFF.16784.1_1+	CUFF.16784.2_3+	CUFF.16784.3_3+	AGAP000467-RA_1+
./crux_output/comet_7908_3_2	1.604138	0.710098	0.847328	R.CCCCSRSCGR.S	CUFF.4046.1_2+	CUFF.4046.3_2+	AGAP002324-RA_1+
./crux_output/comet_10109_3_4	1.602353	0.710098	0.847328	R.TKITFSPTQTGR.D	AGAP005715-PA	AGAP005715-PB	ACOM031208-PA	AGAP005715-RB_3+	AGAP005715-RA_1+
./crux_output/comet_6927_3_1	1.601025	0.710098	0.847328	S.TAFVCSWTER.R	CUFF.9691.1_3+	AGAP008074-RA_1+
./crux_output/comet_10262_2_5	1.599797	0.710098	0.847328	E.SILSSGIR.G	CUFF.7936.3_1+	CUFF.7936.6_2+	CUFF.7936.4_2+	AGAP011177-RA_1+
./crux_output/comet_6634_3_1	1.599378	0.710098	0.847328	Y.SSSSTVYSGGESTADK.T	sp|P41809|HKR1_YEAST
./crux_output/comet_9414_2_1	1.598904	0.710098	0.847328	K.QLHTAYNAPS.G	AGAP010393-PA	ACOM040825-PA	CUFF.6831.1_2+	CUFF.6831.3_2+	CUFF.6831.2_2+	AGAP010393-RA_3+
./crux_output/comet_9385_4_2	1.598034	0.710098	0.847328	K.ANYLREFIAFIPPSNDTIAC.L	CUFF.15803.1_1+
./crux_output/comet_6517_2_1	1.593780	0.710098	0.847328	R.VYSNMCRVFSN.P	AGAP028253-RA_2+
./crux_output/comet_7246_2_4	1.590403	0.710098	0.847328	R.LSLPAHSLCVPCPR.S	TCONS_00021610_3+
./crux_output/comet_8031_2_1	1.589242	0.710098	0.847328	R.CCGCCCYF.L	CUFF.17574.1_2+	CUFF.17574.2_2+
./crux_output/comet_10645_2_1	1.587426	0.710098	0.847328	R.NTAHVLR.A	AGAP009268-RA_2+
./crux_output/comet_7536_2_1	1.587310	0.710098	0.847328	R.ISFQTTEGKCAL.N	CUFF.9568.4_2+
./crux_output/comet_6948_2_5	1.585019	0.710098	0.847328	R.NTQSISTQK.X	CUFF.11076.10_1+	CUFF.11076.9_3+	CUFF.11076.8_2+	CUFF.11076.5_2+	CUFF.11076.7_2+	CUFF.11076.6_3+
./crux_output/comet_8106_2_2	1.582399	0.710098	0.847328	R.QALLPMHR.A	AGAP006024-PA	ACOM024810-PA	AGAP006024-RA_2+	CUFF.1594.4_3+	CUFF.1594.2_2+	CUFF.1594.3_1+	CUFF.1594.1_1+
./crux_output/comet_8181_3_1	1.581400	0.710098	0.847328	D.LYTCFDSIVENFDVYK.V	AGAP003283-PA	AGAP012597-PA	ACOM035796-PA	AGAP012597-RA_1+	AGAP003283-RA_1+	CUFF.5078.3_1+	CUFF.5078.2_2+	CUFF.5078.5_2+	CUFF.5078.4_3+	CUFF.5078.7_3+	CUFF.5078.6_1+
./crux_output/comet_6448_2_3	1.581050	0.710098	0.847328	R.GWAGVGQDSEGALDK.K	CUFF.11901.1_2+	AGAP010078-RA_3+
./crux_output/comet_5917_2_1	1.575994	0.710098	0.847328	R.HVILSTQPP.Q	AGAP009522-PA	ACOM032446-PA	CUFF.11227.10_3+	AGAP009522-RA_1+	CUFF.11227.8_1+	CUFF.11227.11_2+	CUFF.11227.3_1+	CUFF.11227.2_1+	CUFF.11227.4_1+	CUFF.11227.7_1+	CUFF.11227.9_1+
./crux_output/comet_6117_3_1	1.570868	0.710098	0.847328	R.ASGEAAEAPSGGIECFEASQ.R	ACOM033201-PA	CUFF.6122.1_1+	CUFF.6122.3_1+	CUFF.6122.4_2+
./crux_output/comet_8973_2_2	1.570172	0.710098	0.847328	K.KMADFSRLDSR.S	AGAP004835-PA	ACOM038281-PA	AGAP004835-RA_1+	CUFF.422.2_1+	CUFF.422.3_2+	CUFF.422.1_2+
./crux_output/comet_6059_2_2	1.568960	0.710098	0.847328	K.QYSPLFASSK.R	CUFF.7679.1_2+
./crux_output/comet_9474_2_1	1.563407	0.710098	0.847328	A.TTAAAAPPSAGNR.H	AGAP003428-PB	CUFF.5120.4_2+	CUFF.5120.3_3+	CUFF.5120.2_3+	CUFF.5120.1_3+	CUFF.5120.7_2+	CUFF.5120.6_1+	CUFF.5120.5_2+	AGAP003428-RB_3+
./crux_output/comet_6647_3_1	1.560289	0.710098	0.847328	R.TSATWVPASVSCW.T	CUFF.8592.3_3+	CUFF.8592.2_1+	CUFF.8592.1_1+	CUFF.8592.4_3+	AGAP011627-RA_1+
./crux_output/comet_9175_3_1	1.555309	0.710098	0.847328	K.AAGCSCGSIGTMW.A	AGAP003503-RA_2+
./crux_output/comet_6333_2_2	1.554933	0.710098	0.847328	R.AVCIGSLSYTR.S	CUFF.6298.1_2+	AGAP004588-RA_3+
./crux_output/comet_8662_2_2	1.551970	0.714286	0.847328	R.AGGRGAAAGK.Q	AGAP000585-RA_3+	CUFF.16587.1_1+	CUFF.16587.3_2+	CUFF.16587.2_1+	CUFF.16587.4_2+
./crux_output/comet_8879_2_2	1.547555	0.716129	0.847328	K.ADYMTPIK.E	sp|P41695|BUB1_YEAST
./crux_output/comet_6069_2_5	1.546866	0.716129	0.847328	R.AAGGGVDPRR.W	AGAP013509-RA_3+
./crux_output/comet_10598_3_1	1.533473	0.720721	0.847328	F.VCFSINVHLIDSI.-	AGAP003785-RC_3+	AGAP003785-RD_3+
./crux_output/comet_8029_3_1	1.532538	0.720721	0.847328	R.FRECCLLPPACYYD.X	AGAP013746-RA_2+
./crux_output/comet_8160_2_1	1.531856	0.720721	0.847328	R.DLCLCVYVCVSV.C	CUFF.16792.1_2+
./crux_output/comet_10018_3_2	1.529559	0.720721	0.847328	R.IPCGTEPAQPGTVP.N	AGAP009540-RA_3+
./crux_output/comet_8299_2_1	1.528197	0.720721	0.847328	R.LETPSSPTPAAGPA.L	CUFF.2877.3_1+
./crux_output/comet_9735_3_1	1.526895	0.720721	0.847328	R.TDRGLDGQSERPGR.T	CUFF.7517.1_2+	AGAP010850-RA_3+
./crux_output/comet_9219_2_1	1.526790	0.720721	0.847328	K.TIIESLSGPM.S	AGAP000017-PA	AGAP000017-PB	AGAP000017-PC	CUFF.15855.1_1+	CUFF.15855.4_1+	AGAP000017-RA_1+	CUFF.15855.10_1+	CUFF.15855.2_1+	CUFF.15855.3_1+	CUFF.15855.5_2+	CUFF.15855.6_3+	CUFF.15855.7_2+	CUFF.15855.8_1+
./crux_output/comet_8832_2_2	1.525112	0.720721	0.847328	M.ENEHSIANNLL.-	AGAP009078-PA	ACOM027344-PA
./crux_output/comet_6141_3_1	1.519206	0.720721	0.847328	K.YYDSCSCQNE.N	AGAP010042-PA	CUFF.11980.6_1+	AGAP010042-RA_1+	CUFF.11980.3_3+	CUFF.11980.2_2+	CUFF.11980.1_1+	CUFF.11980.7_3+	CUFF.11980.5_3+	CUFF.11980.4_2+	CUFF.11980.8_3+
./crux_output/comet_7752_2_2	1.519042	0.720721	0.847328	R.AASSSASFCCRR.X	AGAP008488-RA_2+	CUFF.10038.1_1+	CUFF.10038.2_3+
./crux_output/comet_8968_2_1	1.518480	0.720721	0.847328	C.YIDMAEMVDTEK.K	AGAP004854-PA	ACOM038290-PA	AGAP004854-RA_2+
./crux_output/comet_6616_3_1	1.517110	0.720721	0.847328	P.SCFSQLNSHLIK.L	CUFF.10607.2_1+	CUFF.10607.3_3+	CUFF.10607.5_1+	CUFF.10607.6_1+	CUFF.10607.1_1+
./crux_output/comet_7274_3_1	1.515403	0.720721	0.847328	K.AGAFAMGAGTALISPEA.A	sp|P41735|COQ7_YEAST
./crux_output/comet_7724_2_3	1.512880	0.720721	0.847328	K.VLSEYSNLR.K	sp|Q12493|NKP1_YEAST
./crux_output/comet_9528_2_1	1.509200	0.720721	0.847328	R.EEYWDNNNGN.N	sp|P40036|GIP2_YEAST
./crux_output/comet_6508_2_2	1.509015	0.720721	0.847328	S.TVEKNEYPK.A	AGAP003808-PA	ACOM034826-PA	AGAP003808-RA_1+
./crux_output/comet_8099_4_1	1.507886	0.720721	0.847328	D.SLGDAGLRPGSMQGNIK.F	AGAP005639-PA	AGAP005639-PB	ACOM038883-PA	AGAP005639-RA_1+	CUFF.1179.1_1+
./crux_output/comet_4359_3_4	1.506890	0.720721	0.847328	R.DEAPSRPGAASSR.A	AGAP006839-RA_2+
./crux_output/comet_9964_3_3	1.500179	0.720721	0.847328	R.IFFLNLCFCPP.L	AGAP001255-RA_3+	CUFF.3059.1_3+	CUFF.3059.2_3+
./crux_output/comet_8701_2_1	1.489514	0.720721	0.847328	K.LYQCEVC.Q	AGAP012410-PA	ACOM042574-PA	CUFF.9318.1_2+	AGAP012410-RA_1+
./crux_output/comet_9162_2_1	1.488052	0.720721	0.847328	K.TFRSSEMLN.E	AGAP009520-PA	ACOM032435-PA	CUFF.11135.1_2+	AGAP009520-RA_1+
./crux_output/comet_8875_3_2	1.486979	0.720721	0.847328	R.TCGRATRTATTR.C	CUFF.10429.2_2+	CUFF.10429.1_1+	AGAP008851-RA_2+	CUFF.10429.3_3+
./crux_output/comet_6283_2_1	1.481212	0.720721	0.847328	K.CDDDDDD.L	sp|Q12050|ELG1_YEAST
./crux_output/comet_7646_2_1	1.479897	0.727545	0.867305	Q.ANNKHTCER.E	CUFF.1256.1_2+	CUFF.1256.6_2+	CUFF.1256.4_3+	CUFF.1256.3_1+	CUFF.1256.2_2+	CUFF.1256.5_1+
./crux_output/comet_8771_2_1	1.469398	0.727811	0.867305	R.VNFDCDCPCVCG.E	CUFF.1574.1_1+
./crux_output/comet_10475_3_2	1.464344	0.727811	0.867305	R.WRYRTITIISR.C	AGAP013298-RA_2+
./crux_output/comet_7647_3_5	1.461520	0.727811	0.867305	R.DLSGSGNDEYDDDSGNQGVW.-	sp|Q08969|GRE1_YEAST
./crux_output/comet_7835_2_2	1.459856	0.727811	0.867305	R.CTMCATCW.T	AGAP006216-RA_2+	AGAP006216-RB_2+	CUFF.1779.1_1+
./crux_output/comet_6253_4_1	1.451915	0.730205	0.867305	R.QPSATVQHQDVALEQP.G	AGAP005943-RA_3+	CUFF.1556.1_3+	CUFF.1556.2_3+	CUFF.1556.3_3+	CUFF.1556.4_2+	CUFF.1556.6_2+
./crux_output/comet_8940_3_1	1.451279	0.730205	0.867305	P.MPRLPLTSGETADDDR.C	TCONS_00023162_3+
./crux_output/comet_9872_2_3	1.449999	0.730205	0.867305	R.KCVCVCVCFR.H	CUFF.2441.4_2+	CUFF.2441.5_2+	CUFF.2441.6_3+	CUFF.2441.1_3+	CUFF.2441.2_2+	CUFF.2441.3_1+
./crux_output/comet_9413_4_1	1.447629	0.733918	0.867305	K.CPVSFHTKEDTYELVS.T	AGAP004302-PA	CUFF.5978.2_1+	CUFF.5978.1_3+	AGAP004302-RA_1+
./crux_output/comet_10241_4_1	1.444977	0.736232	0.867305	L.MTFSYGTSSDCRPTQARNFHSTTSR.W	AGAP012616-RA_3+	CUFF.13875.1_2+	CUFF.13875.2_2+
./crux_output/comet_4887_2_2	1.444934	0.736232	0.867305	K.QTNRPTK.K	CUFF.4045.2_3+	CUFF.4045.1_3+
./crux_output/comet_7571_3_5	1.443511	0.736232	0.867305	R.QFAMSDICLLR.N	AGAP005906-PA	ACOM042520-PA	AGAP005906-RA_3+
./crux_output/comet_5303_3_2	1.437464	0.746398	0.867305	K.TTTESVGGTGGQSSV.M	sp|Q08746|RRS1_YEAST
./crux_output/comet_8204_3_1	1.434731	0.746398	0.867305	H.CYCCCCCACR.S	CUFF.1634.10_1+	AGAP006042-RB_2+	AGAP006042-RA_1+	CUFF.1634.9_1+	CUFF.1634.8_1+	CUFF.1634.7_2+	CUFF.1634.6_1+	CUFF.1634.5_3+	CUFF.1634.4_3+	CUFF.1634.3_3+	CUFF.1634.2_1+	CUFF.1634.1_3+
./crux_output/comet_7085_2_1	1.423395	0.746439	0.867305	R.INSNNNNNNNNKP.C	CUFF.15931.12_3+	CUFF.15931.11_3+	CUFF.15931.16_3+	CUFF.15931.18_1+	CUFF.15931.17_3+	CUFF.15931.8_2+	CUFF.15931.5_3+	CUFF.15931.4_3+	CUFF.15931.20_3+	CUFF.15931.21_1+	CUFF.15931.2_2+
./crux_output/comet_8900_3_4	1.413327	0.746439	0.867305	R.CPKHGCWPVRFHR.C	CUFF.7775.1_2+	CUFF.7775.3_3+	CUFF.7775.2_2+	AGAP011079-RA_1+
./crux_output/comet_9897_3_1	1.411088	0.746439	0.867305	A.QSKHGSAGSSSSTAR.T	ACOM039449-PA
./crux_output/comet_6554_2_4	1.410793	0.746439	0.867305	K.FALDDDEDDQNAEER.S	AGAP009177-PA	ACOM027129-PA	AGAP009177-RA_2+
./crux_output/comet_8008_2_3	1.402363	0.751397	0.867305	R.ASKHCAWR.X	AGAP003756-RA_2+
./crux_output/comet_8419_3_1	1.395103	0.751397	0.867305	R.ESDDCASVQGMVDL.P	CUFF.12010.1_1+	CUFF.12010.2_3+	AGAP010160-RA_1+
./crux_output/comet_9495_4_2	1.393666	0.751397	0.867305	R.LCQFGGSCIFNTLNEILLSFSF.T	CUFF.4929.1_3+	CUFF.4929.3_3+	CUFF.4929.2_1+	AGAP012981-RA_2+
./crux_output/comet_5968_2_1	1.393236	0.751397	0.867305	R.HVITPSQLP.N	AGAP006915-PA	ACOM031536-PA	AGAP006915-RA_2+
./crux_output/comet_7413_3_4	1.390828	0.751397	0.867305	K.WCIFQNFLLNT.N	CUFF.16877.5_1+
./crux_output/comet_7815_3_1	1.387313	0.751397	0.867305	R.TTTTASMGTTSSSTLAT.A	AGAP005999-RA_1+
./crux_output/comet_4473_3_2	1.385074	0.751397	0.867305	R.AGTYARASTSPAR.A	AGAP000926-RA_2+	AGAP000926-RB_2+	CUFF.17140.13_2+	CUFF.17140.9_2+	CUFF.17140.4_2+	CUFF.17140.7_2+	CUFF.17140.6_2+	CUFF.17140.3_3+	CUFF.17140.8_1+	CUFF.17140.5_2+	CUFF.17140.15_1+	CUFF.17140.14_2+	CUFF.17140.11_1+	CUFF.17140.10_1+
./crux_output/comet_8286_3_1	1.376766	0.758904	0.867305	R.CGKGGSPRGYDIFE.A	CUFF.2282.2_1+	CUFF.2282.1_2+	AGAP006776-RA_3+
./crux_output/comet_8152_3_4	1.369293	0.758904	0.867305	R.TGHASGGVVWQQACGGK.X	CUFF.1525.3_1+	CUFF.1525.1_2+	CUFF.1525.4_2+
./crux_output/comet_5217_2_1	1.367900	0.758904	0.867305	K.HTHTVCVLSV.V	CUFF.11104.2_1+
./crux_output/comet_8817_3_1	1.365846	0.758904	0.867305	R.NKLENYAHSLKNQ.V	sp|P16474|BIP_YEAST
./crux_output/comet_7830_2_3	1.365177	0.758904	0.867305	R.LYIQTHTNTPTR.L	CUFF.11369.2_2+	CUFF.11369.3_1+	CUFF.11369.1_2+
./crux_output/comet_8445_3_1	1.364494	0.758904	0.867305	R.DRDEDEEDDEEGVEEAENR.R	AGAP001895-PA	AGAP001895-PB	ACOM023689-PA	CUFF.3662.4_1+	CUFF.3662.1_3+	CUFF.3662.2_2+	CUFF.3662.3_3+	AGAP001895-RA_1+
./crux_output/comet_7874_2_1	1.364020	0.758904	0.867305	F.SAESFEQALER.E	AGAP001715-PA	ACOM043207-PA	AGAP001715-RA_1+
./crux_output/comet_8665_3_4	1.356628	0.766938	0.867305	R.APGTFRVEHCTVR.K	AGAP005743-RA_2+
./crux_output/comet_6483_2_5	1.355703	0.766938	0.867305	-.MSGSTESKK.Q	sp|P40487|DPH1_YEAST
./crux_output/comet_8060_2_1	1.351863	0.766938	0.867305	K.TNVEQNPSAG.E	CUFF.7935.3_2+	CUFF.7935.2_1+	CUFF.7935.1_1+
./crux_output/comet_7907_3_1	1.350920	0.766938	0.867305	R.KETAQDGISRW.H	ACOM032788-PA
./crux_output/comet_9256_2_1	1.348251	0.773585	0.867305	F.KLEDITK.S	CUFF.3967.3_2+	CUFF.3967.1_1+	CUFF.2680.3_2+	CUFF.2680.2_1+	CUFF.2680.1_1+	DECOY_AGAP013168-PA	DECOY_ACOM033015-PA	DECOY_AGAP004290-RA_2+	DECOY_AGAP013168-RA_1+
./crux_output/comet_7021_3_1	1.341255	0.773585	0.867305	G.EWFPIDQLEPQAVSSGGR.L	AGAP003738-RA_2+
./crux_output/comet_9503_2_1	1.339516	0.774194	0.867305	R.AESDSADHRAR.E	AGAP002238-PA	AGAP002238-PB	ACOM041994-PA	CUFF.3986.5_1+	CUFF.3986.4_1+	CUFF.3986.2_1+	CUFF.3986.8_1+	AGAP002238-RB_1+
./crux_output/comet_6524_2_1	1.334342	0.775457	0.867305	R.RVHSDSTGCGP.M	AGAP002732-PA	AGAP002732-PB	AGAP002732-PC	ACOM043228-PA	ACOM043228-PB	AGAP002732-RA_1+	CUFF.4503.4_1+	CUFF.4503.3_2+
./crux_output/comet_4579_3_2	1.333918	0.775457	0.867305	R.TCAFQWSSLSLT.F	CUFF.5535.3_2+
./crux_output/comet_8150_2_1	1.333313	0.775457	0.867305	V.ISSRTISAR.T	CUFF.3198.1_2+	CUFF.3198.3_2+
./crux_output/comet_7457_3_1	1.327471	0.775457	0.867305	R.QHGHRDGGGPVSV.Q	AGAP006956-RA_3+
./crux_output/comet_10268_4_1	1.327132	0.775457	0.867305	D.NYHKYLTCHGMQQYGSGSFR.T	CUFF.3469.3_1+	CUFF.3469.5_2+	CUFF.3469.4_1+	CUFF.3469.7_1+	CUFF.3469.6_1+	AGAP001690-RB_3+	CUFF.3469.2_1+	AGAP001690-RA_2+	CUFF.3469.15_3+	CUFF.3469.14_1+	CUFF.3469.17_2+	CUFF.3469.16_3+	CUFF.3469.11_1+	CUFF.3469.10_2+	CUFF.3469.13_1+	CUFF.3469.12_2+
./crux_output/comet_9402_2_1	1.321426	0.775457	0.867305	S.AGEFMIRR.T	AGAP012332-PA	ACOM042580-PA	CUFF.9247.1_2+	CUFF.9247.3_3+	CUFF.9247.2_1+	CUFF.9247.4_2+	AGAP012332-RA_3+
./crux_output/comet_4982_3_1	1.315697	0.775457	0.867305	K.CVCTKNQNAC.N	CUFF.3188.3_2+	CUFF.3188.1_1+
./crux_output/comet_8746_3_2	1.315166	0.775457	0.867305	R.WPWTMHGPST.K	CUFF.3444.2_2+	AGAP001694-RA_2+
./crux_output/comet_7289_2_4	1.312320	0.775457	0.867305	R.YKVYADR.Q	AGAP004970-RA_3+	CUFF.589.5_3+	CUFF.589.2_2+	CUFF.589.3_3+	CUFF.589.1_2+
./crux_output/comet_6710_3_1	1.308362	0.775457	0.867305	T.TACRASRACR.R	CUFF.15880.8_2+	CUFF.15880.9_2+	AGAP000065-RA_2+	CUFF.15880.5_1+	CUFF.15880.6_2+	CUFF.15880.7_2+	CUFF.15880.11_2+
./crux_output/comet_6497_2_1	1.303215	0.775457	0.867305	K.WTYEDCVVS.C	AGAP009438-PA	ACOM032307-PA	AGAP009438-RA_2+
./crux_output/comet_8901_2_2	1.297284	0.781250	0.867305	K.DSDTPDAGAALNTA.E	ACOM029555-PA
./crux_output/comet_8340_2_2	1.292969	0.784615	0.867305	S.AGATTSITTR.A	AGAP009074-RA_2+	CUFF.10732.5_3+	CUFF.10732.4_3+	CUFF.10732.7_1+	CUFF.10732.6_1+	CUFF.10732.3_1+	CUFF.10732.8_1+	CUFF.10732.2_2+	CUFF.10732.1_2+
./crux_output/comet_8535_2_1	1.291550	0.784615	0.867305	R.IVDTLAKS.S	sp|P34163|TGL1_YEAST
./crux_output/comet_4795_2_2	1.289892	0.784615	0.867305	R.CAVKYTCDC.P	CUFF.17140.9_1+	CUFF.17140.8_3+	CUFF.17140.15_3+	CUFF.17140.11_1+	CUFF.17140.10_3+
./crux_output/comet_6775_3_3	1.285966	0.784615	0.867305	E.EDKLDSMEPDAPNEPMADDR.L	AGAP007989-PA	CUFF.9601.1_3+
./crux_output/comet_7400_3_1	1.285275	0.784615	0.867305	R.CSRNSYDAGSSSDGSP.T	ACOM032630-PA	CUFF.11299.2_2+	CUFF.11299.3_2+	CUFF.11299.1_3+	CUFF.11299.6_3+
./crux_output/comet_8487_3_3	1.285190	0.784615	0.867305	K.CYSAGMFCSTPPF.L	CUFF.10153.1_2+	CUFF.10153.2_2+	CUFF.10153.3_3+
./crux_output/comet_7130_3_1	1.278292	0.786802	0.867305	R.KMAGFHAPTSAR.Y	AGAP003023-PA	AGAP003023-PB	AGAP003023-RA_1+
./crux_output/comet_10356_2_4	1.277899	0.786802	0.867305	R.TDAFTESSER.E	AGAP001523-PA	ACOM034253-PA	CUFF.3296.1_3+	CUFF.3296.4_2+	AGAP001523-RA_1+	CUFF.3296.3_2+
./crux_output/comet_6387_2_1	1.277274	0.786802	0.867305	K.SCSVNEDNGI.T	AGAP001113-PA	ACOM033670-PA	CUFF.2998.4_3+	CUFF.2998.2_2+	CUFF.2998.1_3+	AGAP001113-RA_1+
./crux_output/comet_5868_2_1	1.273084	0.786802	0.867305	K.RLAISTMLS.I	AGAP007280-RA_2+
./crux_output/comet_9493_4_1	1.267705	0.788280	0.867305	V.CVFACVCPTEGWLDAIK.H	CUFF.9009.6_2+
./crux_output/comet_7183_2_1	1.266785	0.788280	0.867305	R.AAPGGAVVTNG.N	AGAP008046-PA	ACOM030617-PA	AGAP008046-RA_3+	CUFF.9675.4_1+	CUFF.9675.5_1+	CUFF.9675.2_1+	CUFF.9675.3_1+	CUFF.9675.1_2+
./crux_output/comet_8864_2_1	1.263502	0.788280	0.867305	R.SLYNFRLNHS.V	CUFF.612.1_1+
./crux_output/comet_10253_3_1	1.262697	0.788280	0.867305	K.CGNGCGIRSCTR.S	CUFF.1288.2_2+	CUFF.1288.1_3+	AGAP005738-RA_1+
./crux_output/comet_9240_3_1	1.258119	0.788280	0.867305	R.RNVDGCTSDAMLYHTQN.P	CUFF.1528.1_2+
./crux_output/comet_10199_3_1	1.254772	0.788280	0.867305	R.GATHQSNAAGDDREGR.S	CUFF.10872.1_1+	AGAP009239-RA_3+
./crux_output/comet_10332_4_1	1.253539	0.788280	0.867305	R.TSDNTQNAQKPSLHFRPGE.T	AGAP000995-RA_2+
./crux_output/comet_9949_2_1	1.253107	0.788280	0.867305	R.ENHDGRPEGVVFSEF.G	CUFF.2932.3_1+	CUFF.2932.2_3+	CUFF.2932.1_1+
./crux_output/comet_7595_2_1	1.252474	0.788280	0.867305	P.AETLQSAK.F	AGAP012367-RA_3+
./crux_output/comet_6850_2_1	1.251138	0.788280	0.867305	R.KGDITYTILG.K	CUFF.16123.3_3+	CUFF.16123.1_2+
./crux_output/comet_7883_3_1	1.249594	0.788280	0.867305	Q.CTFWELFHNFHIFCCAR.R	CUFF.5785.18_1+	CUFF.5785.19_2+	CUFF.5785.14_1+	CUFF.5785.17_1+
./crux_output/comet_5451_3_5	1.243949	0.788280	0.867305	R.LGQQRWQLGR.Q	AGAP002374-RA_3+	CUFF.4100.1_2+
./crux_output/comet_6415_3_3	1.243832	0.788280	0.867305	D.HASSNFSLYNK.S	AGAP005217-RA_1+
./crux_output/comet_9913_3_5	1.243649	0.788280	0.867305	K.QICEAYFKQTCEAFLK.A	TCONS_00006604_2+
./crux_output/comet_5945_2_2	1.238365	0.788280	0.867305	R.QGVAEPAGPA.D	CUFF.16034.3_1+	AGAP000171-RA_3+	CUFF.16034.2_3+	CUFF.16034.1_3+
./crux_output/comet_9436_3_4	1.238102	0.788280	0.867305	R.SVCGAGVKMEQAK.D	CUFF.3804.2_2+	CUFF.3804.3_2+	CUFF.3804.1_3+
./crux_output/comet_5242_2_1	1.238001	0.788280	0.867305	K.TQYTCALVA.R	AGAP002166-RA_1+
./crux_output/comet_5697_2_1	1.235448	0.788280	0.867305	R.MTADELASQE.L	AGAP004866-PA	ACOM038312-PA	CUFF.457.3_3+	CUFF.457.4_3+	AGAP004866-RA_1+
./crux_output/comet_4408_2_2	1.231695	0.788280	0.867305	R.DCVYVCVC.V	CUFF.5813.1_3+	CUFF.5048.5_3+	CUFF.5048.6_3+	CUFF.5048.1_1+	CUFF.5048.2_3+
./crux_output/comet_10329_2_1	1.230839	0.788280	0.867305	R.RLEPAGPGQ.P	CUFF.1950.2_2+	CUFF.1950.1_3+	AGAP006444-RA_3+
./crux_output/comet_7154_2_1	1.229293	0.788280	0.867305	R.HTKATTNCACG.X	AGAP009785-RA_1+	CUFF.11595.1_1+
./crux_output/comet_5521_2_1	1.228828	0.788280	0.867305	K.FNFTAASST.A	AGAP002692-PA	ACOM036508-PA	CUFF.4415.1_3+	AGAP002692-RA_1+
./crux_output/comet_8956_2_4	1.228195	0.788280	0.867305	R.AGDASTAFSR.S	ACOM041133-PA
./crux_output/comet_8226_3_3	1.225933	0.788280	0.867305	G.AAGAEGFHHDVHHR.R	CUFF.4602.6_3+	CUFF.4602.5_1+	CUFF.4602.4_1+	CUFF.4602.3_1+	CUFF.4602.2_2+	CUFF.4602.1_2+	CUFF.4602.8_2+	CUFF.4602.7_2+	AGAP002886-RB_3+	AGAP002886-RA_3+
./crux_output/comet_7776_2_1	1.224553	0.788280	0.867305	R.AAARPPGPVS.A	AGAP013441-RA_2+
./crux_output/comet_4671_2_4	1.223778	0.788280	0.867305	R.GGAARHVR.E	AGAP011092-RA_3+	CUFF.7825.1_2+	CUFF.7825.3_3+	DECOY_AGAP003323-RA_3+	DECOY_CUFF.5055.2_3+	DECOY_CUFF.5055.3_2+	DECOY_CUFF.5055.1_2+
./crux_output/comet_5599_2_3	1.207839	0.788280	0.867305	R.ASSRSGASTR.S	AGAP000327-RA_2+
./crux_output/comet_6270_2_5	1.206657	0.788280	0.867305	K.GGGAKCSQNGK.K	CUFF.16402.2_1+	CUFF.16402.1_3+
./crux_output/comet_8529_2_1	1.206567	0.788280	0.867305	R.ALDSEHDSRFK.Y	CUFF.9225.6_3+
./crux_output/comet_6487_3_5	1.203596	0.788280	0.867305	R.KWYELYMYK.Q	CUFF.2506.2_1+	CUFF.2506.1_3+
./crux_output/comet_8896_2_3	1.202520	0.788280	0.867305	K.AGSEDRER.E	CUFF.1694.1_2+
./crux_output/comet_7937_3_1	1.201682	0.788280	0.867305	R.AGTHTQKQQTYIA.Y	CUFF.2612.2_3+
./crux_output/comet_6935_2_2	1.199499	0.788280	0.867305	R.QVVQHLQANAD.R	AGAP001672-RA_3+	CUFF.3427.3_3+	CUFF.3427.2_3+	CUFF.3427.1_2+
./crux_output/comet_9229_2_4	1.195894	0.788280	0.867305	R.ITDGTFGVR.D	ACOM030070-PA	CUFF.9900.1_2+	AGAP008362-RA_1+
./crux_output/comet_5222_4_1	1.192725	0.788280	0.867305	R.QLDQQQQYCKQQP.R	CUFF.9199.1_2+	AGAP012282-RA_3+
./crux_output/comet_4814_2_2	1.190978	0.788280	0.867305	-.MNITLTEV.N	AGAP002766-PA	ACOM035455-PA	AGAP002766-RA_1+
./crux_output/comet_7086_3_2	1.188603	0.788280	0.867305	K.IFSGEYDNPTLEF.E	AGAP004546-PA	ACOM029576-PA	CUFF.6220.1_2+	CUFF.6220.2_1+	AGAP004546-RA_3+
./crux_output/comet_8301_3_1	1.185985	0.788280	0.867305	R.VCLQGAVVKISSV.C	CUFF.11152.2_3+	CUFF.11152.1_3+
./crux_output/comet_4790_2_2	1.183228	0.788280	0.867305	K.LVCRKACGGK.K	CUFF.9225.2_1+
./crux_output/comet_9834_3_1	1.181630	0.788280	0.867305	Q.DTGACARPTLRGNR.F	CUFF.3784.6_2+	CUFF.3784.3_1+	CUFF.3784.5_1+	CUFF.3784.4_1+
./crux_output/comet_7180_4_2	1.178227	0.788280	0.867305	R.WAGNANELNAAYAADGYAR.I	sp|P26263|PDC6_YEAST	sp|P16467|PDC5_YEAST	sp|P06169|PDC1_YEAST
./crux_output/comet_10558_2_2	1.176607	0.788280	0.867305	T.LTSTGSIK.L	AGAP011033-PA	ACOM022955-PA	AGAP011033-RA_1+
./crux_output/comet_8264_2_1	1.174114	0.788280	0.867305	R.QHQTHTHTLC.P	AGAP000675-RA_2+	AGAP000675-RC_2+	AGAP000675-RB_2+	CUFF.16689.1_3+	CUFF.16689.2_2+	CUFF.16689.3_2+
./crux_output/comet_10623_2_1	1.169614	0.788280	0.867305	M.LMGTTKR.G	sp|P39728|YAD7_YEAST
./crux_output/comet_6494_2_1	1.169421	0.788280	0.867305	V.TTTATTITR.V	TCONS_00022932_3+
./crux_output/comet_8320_2_1	1.168494	0.788280	0.867305	K.SCLSELYQW.N	AGAP003156-PA	ACOM035599-PA	AGAP003156-RA_1+
./crux_output/comet_5883_2_5	1.165695	0.788280	0.867305	K.GCTCGPIRGPR.G	CUFF.15927.2_3+	CUFF.15927.1_1+
./crux_output/comet_9145_2_1	1.164575	0.788280	0.867305	C.ADVYSYR.A	TCONS_00033723_2+
./crux_output/comet_6288_3_1	1.158756	0.788280	0.867305	P.ITQQYFQADAR.H	CUFF.12373.2_3+	CUFF.12373.1_2+
./crux_output/comet_10049_2_1	1.158535	0.788280	0.867305	R.CCPGSCWSRSCS.C	AGAP000506-RA_2+
./crux_output/comet_10142_3_1	1.157089	0.788280	0.867305	R.KVDPACLPKELGGTM.P	AGAP005553-PA	ACOM038996-PA	AGAP005553-RA_3+
./crux_output/comet_7758_2_2	1.154485	0.788280	0.867305	R.ATSTSSVATRS.T	AGAP002291-RA_2+	CUFF.4002.1_1+
./crux_output/comet_7460_2_1	1.151963	0.788280	0.867305	E.EATPPEPGK.A	AGAP002760-PA	ACOM035464-PA	AGAP002760-RA_1+
./crux_output/comet_7305_2_1	1.146841	0.788280	0.867305	R.IPNSSNPASPDA.D	CUFF.6176.2_1+	CUFF.6176.1_1+	AGAP004469-RB_3+	AGAP004469-RA_2+
./crux_output/comet_10617_2_1	1.139729	0.788280	0.867305	Q.EGKQFNNK.N	sp|P16523|MER1_YEAST
./crux_output/comet_7660_2_1	1.139401	0.788280	0.867305	R.GRDHGAGRVR.S	AGAP011800-RA_1+
./crux_output/comet_8598_3_1	1.133044	0.788280	0.867305	R.YEAYNKKVPIMSQWAVD.H	CUFF.11926.3_2+	CUFF.11926.6_1+	CUFF.11926.5_3+	CUFF.11926.4_3+	CUFF.11926.2_1+	CUFF.11926.1_3+
./crux_output/comet_5505_2_2	1.132481	0.788280	0.867305	R.CYSNETVVD.P	CUFF.2846.3_3+	CUFF.2846.2_3+	CUFF.2846.1_3+	CUFF.2846.5_3+	CUFF.2846.4_3+
./crux_output/comet_4740_2_5	1.132234	0.788280	0.867305	R.TNRTSSR.H	CUFF.11640.10_3+	AGAP009799-RA_3+	CUFF.17248.1_3+	CUFF.11640.4_2+	CUFF.11640.5_2+	CUFF.11640.6_3+	CUFF.11640.1_3+	CUFF.11640.2_3+	CUFF.11640.3_2+	CUFF.11640.9_2+	AGAP006601-RA_2+	AGAP006601-RB_2+	CUFF.17248.2_3+	CUFF.2074.4_3+	CUFF.2074.5_3+	CUFF.2074.1_2+	CUFF.2074.2_2+	CUFF.2074.3_3+	CUFF.2074.8_2+	CUFF.2074.9_2+
./crux_output/comet_9815_3_1	1.131589	0.788280	0.867305	I.CFVSNEFYSLTGFNK.N	sp|P42950|GSM1_YEAST
./crux_output/comet_10529_2_1	1.128786	0.788280	0.867305	-.MSENNEEQHQQQ.Q	sp|P32588|PUB1_YEAST
./crux_output/comet_10212_3_1	1.128712	0.788280	0.867305	X.LFIHKHSCALR.K	CUFF.9636.2_3+
./crux_output/comet_9749_4_1	1.123241	0.788280	0.867305	K.LHASPTAGNQEEAKFGEAKAQ.X	AGAP028215-RA_3+
./crux_output/comet_8971_3_1	1.119244	0.788280	0.867305	T.VPVFYSTSNCK.S	CUFF.12107.6_3+	AGAP010226-RA_3+	AGAP010226-RB_3+	CUFF.12107.5_1+	CUFF.12107.4_3+
./crux_output/comet_10141_3_2	1.116489	0.788280	0.867305	F.IDDELLWSPDNDGR.M	AGAP007327-PB	ACOM025541-PA	CUFF.2671.1_3+	AGAP007327-RB_1+	AGAP007327-RA_1+
./crux_output/comet_10375_2_1	1.114947	0.788280	0.867305	K.NKDEAISNHGKK.R	AGAP010491-PA	ACOM041684-PA	AGAP010491-RA_1+
./crux_output/comet_4041_2_1	1.114697	0.788280	0.867305	R.GEMEGRQSVA.V	CUFF.8908.2_1+	CUFF.8908.1_2+	CUFF.8908.6_3+	CUFF.8908.7_1+	CUFF.8908.4_3+	CUFF.8908.5_2+
./crux_output/comet_9832_2_3	1.111343	0.788280	0.867305	R.LMEMSANSTEQFV.-	AGAP000291-PA	ACOM029052-PA	AGAP000291-RA_1+
./crux_output/comet_5561_2_5	1.110605	0.788280	0.867305	K.AGTTAVQR.A	CUFF.5831.1_3+
./crux_output/comet_9570_2_3	1.107755	0.788280	0.867305	R.DSWTMYRTR.N	AGAP012140-RA_2+
./crux_output/comet_7058_2_1	1.102493	0.788280	0.867305	R.THQQSSVSEGC.Q	AGAP004171-RA_3+
./crux_output/comet_5262_3_3	1.101146	0.788280	0.867305	R.HHHLQHQQQQEEL.Q	AGAP009144-PA	AGAP009144-RA_1+	CUFF.10818.8_1+	CUFF.10818.9_3+	CUFF.10818.7_1+	CUFF.10818.2_3+	CUFF.10818.3_2+	CUFF.10818.1_1+	CUFF.10818.5_3+
./crux_output/comet_9065_3_1	1.098387	0.788280	0.867305	R.YGDGTNGTAATAHGPTAT.N	CUFF.4205.1_3+	AGAP002490-RA_3+
./crux_output/comet_9868_3_1	1.094845	0.788280	0.867305	K.NEIMWDKITKL.F	sp|P34111|TFC3_YEAST
./crux_output/comet_8691_2_2	1.090362	0.788280	0.867305	E.AKELAAAER.C	AGAP008304-PA	ACOM030181-PA	AGAP008304-RA_1+	CUFF.9965.2_2+
./crux_output/comet_8880_2_1	1.090268	0.788280	0.867305	K.TEINCYNGKVT.V	CUFF.11560.1_1+	CUFF.11560.3_2+	CUFF.11560.4_3+	CUFF.11560.2_3+
./crux_output/comet_9931_3_1	1.088100	0.788280	0.867305	S.CPSTCPCSGCTR.X	CUFF.16180.8_1+	CUFF.16180.10_3+	CUFF.16180.5_1+	CUFF.16180.2_3+	CUFF.16180.3_3+	CUFF.16180.1_2+	CUFF.16180.6_1+	CUFF.16180.7_2+	CUFF.16180.4_1+	CUFF.16180.9_2+	AGAP000175-RA_1+	CUFF.16180.11_1+	CUFF.16180.12_3+	CUFF.16180.13_2+	CUFF.16180.14_2+	CUFF.16180.15_2+	CUFF.16180.16_2+	CUFF.16180.17_1+	CUFF.16180.18_3+	CUFF.16180.19_2+	CUFF.16180.21_3+
./crux_output/comet_5731_2_1	1.083355	0.788280	0.867305	K.QEDGGEQPL.R	sp|P49687|NU145_YEAST
./crux_output/comet_6989_3_1	1.080080	0.788280	0.867305	A.GCHDQEPVHRHR.E	AGAP007562-RA_3+	CUFF.3009.9_2+	CUFF.3009.8_2+	CUFF.3009.1_3+	CUFF.3009.7_2+	CUFF.3009.6_1+	CUFF.3009.5_1+	CUFF.3009.4_3+	CUFF.3009.13_2+	CUFF.3009.17_3+	CUFF.3009.16_3+	CUFF.3009.12_2+	CUFF.3009.11_2+	CUFF.3009.10_2+
./crux_output/comet_9222_2_1	1.079236	0.788280	0.867305	R.GGGGWSGSDGYSYPER.X	AGAP006601-RA_3+	AGAP006601-RB_3+	CUFF.2074.4_1+	CUFF.2074.5_1+	CUFF.2074.1_3+	CUFF.2074.2_3+	CUFF.2074.3_1+	CUFF.2074.8_3+	CUFF.2074.9_3+
./crux_output/comet_6323_2_1	1.074604	0.788280	0.867305	K.HISPNALMES.A	AGAP010192-PA	AGAP010192-PB	ACOM022543-PA	AGAP010192-RA_1+	CUFF.12042.1_3+
./crux_output/comet_8703_3_3	1.068948	0.788280	0.867305	K.KSGYENLCCLR.C	AGAP002301-PA	ACOM037224-PA	AGAP002301-RA_1+
./crux_output/comet_4223_3_2	1.067280	0.788280	0.867305	R.YVFSACVCDCIAD.G	AGAP010298-RA_2+
./crux_output/comet_5327_3_1	1.064744	0.788280	0.867305	I.ATGGDSQVPTER.T	AGAP003746-RA_3+	CUFF.5428.1_1+
./crux_output/comet_7364_2_1	1.063469	0.788280	0.867305	R.GFDFYHLPLF.T	AGAP006933-PA	ACOM031521-PA	CUFF.2377.1_1+	CUFF.2377.2_3+	CUFF.2377.3_3+	CUFF.2377.4_3+	CUFF.2377.5_3+	CUFF.2377.6_3+	AGAP006933-RA_2+
./crux_output/comet_7463_2_1	1.060589	0.788280	0.867305	K.KPPSSDPGA.C	CUFF.10429.2_2+	CUFF.10429.3_3+
./crux_output/comet_10069_2_4	1.056270	0.788280	0.867305	-.CASASEWSK.F	CUFF.496.3_3+	CUFF.496.7_3+	CUFF.496.6_3+	CUFF.496.5_3+	CUFF.496.4_3+
./crux_output/comet_10138_3_3	1.055139	0.788280	0.867305	K.HVVNPWSKSSFR.S	CUFF.1458.2_3+
./crux_output/comet_6372_2_1	1.052802	0.788280	0.867305	R.AGADSGARVAGA.X	CUFF.8192.2_1+	CUFF.8192.1_1+
./crux_output/comet_7916_3_1	1.049092	0.788280	0.867305	R.FGSFREIETDLH.Y	AGAP010814-PA	AGAP010814-RA_1+	CUFF.7547.5_1+
./crux_output/comet_6285_3_1	1.047832	0.788280	0.867305	T.SSSVATFNTSTNK.K	AGAP007726-PA	AGAP007726-RA_1+	AGAP007726-RB_1+	CUFF.2941.5_3+	CUFF.2941.4_3+	CUFF.2941.1_2+	CUFF.2941.3_2+	CUFF.2941.2_1+
./crux_output/comet_5674_2_2	1.045078	0.788280	0.867305	K.DLIHYSPN.S	sp|P29461|PTP2_YEAST
./crux_output/comet_5904_2_2	1.040779	0.788280	0.867305	K.WLLNSSQSTG.Q	AGAP001058-RA_1+
./crux_output/comet_7814_2_1	1.039923	0.788280	0.867305	K.LVYFLYID.L	CUFF.7517.1_2+
./crux_output/comet_8107_2_1	1.037983	0.788280	0.867305	R.FSEAAFLGST.Y	sp|P41811|COPB2_YEAST
./crux_output/comet_5024_3_1	1.036132	0.788280	0.867305	T.DEEDDSDSEAEGINR.E	AGAP009067-PA	ACOM027325-PA	AGAP009067-RA_3+	CUFF.10661.1_2+
./crux_output/comet_5796_2_1	1.036001	0.788280	0.867305	K.RGGCTLR.L	AGAP012154-RA_1+	AGAP001271-RA_3+	AGAP001271-RB_3+	CUFF.3097.2_1+	CUFF.3097.3_1+	CUFF.3097.1_2+	CUFF.3097.4_1+	CUFF.3097.5_3+	CUFF.9070.1_2+	CUFF.9070.2_1+
./crux_output/comet_8448_3_2	1.028928	0.788280	0.867305	K.IERWSAGNSIITSCCAW.I	CUFF.982.1_1+	CUFF.982.2_1+
./crux_output/comet_9688_2_5	1.025169	0.788280	0.867305	R.AAAGAAGAHDR.A	CUFF.17117.3_1+	CUFF.17117.2_1+	CUFF.17117.1_1+	AGAP000576-RA_3+
./crux_output/comet_6779_2_3	1.019320	0.788280	0.867305	R.DEFWAR.E	sp|P18410|SPO7_YEAST	CUFF.3895.2_2+	CUFF.3895.3_3+
./crux_output/comet_7523_2_1	1.015362	0.788280	0.867305	D.ADNDTEEEK.D	sp|Q12334|SCM3_YEAST
./crux_output/comet_5646_2_3	1.013070	0.788280	0.867305	K.EGADDATDNGK.D	AGAP007112-PA	AGAP007112-RA_2+
./crux_output/comet_10036_2_1	1.013015	0.788280	0.867305	E.SMSSPPSAEER.I	ACOM037983-PA
./crux_output/comet_8536_2_1	1.012810	0.788280	0.867305	R.DGPEPVPDVFGG.A	CUFF.1623.1_2+	AGAP006054-RA_1+
./crux_output/comet_5687_2_5	1.005798	0.788280	0.867305	K.NAATRYR.Q	AGAP008914-PA	ACOM040682-PA	CUFF.10475.2_3+	CUFF.10475.1_2+
./crux_output/comet_8861_2_1	1.005419	0.788280	0.867305	K.LGTGGGGGGAGGAPG.G	AGAP011545-PA	CUFF.8362.1_1+	CUFF.8362.3_3+
./crux_output/comet_5862_2_1	1.005151	0.788280	0.867305	R.LSFAAAGNET.Q	AGAP010001-RA_2+
./crux_output/comet_7354_2_3	1.003620	0.788280	0.867305	K.DEDDDEDDDD.D	sp|P27692|SPT5_YEAST
./crux_output/comet_8482_3_1	1.003284	0.788280	0.867305	K.RSANPQTNIAAC.H	CUFF.1663.1_2+
./crux_output/comet_7539_4_2	1.000360	0.788280	0.867305	G.GWNEGSASYSTMANSDLLR.A	AGAP011033-PB	ACOM022955-PA	AGAP011033-RA_1+
./crux_output/comet_6893_2_2	0.999875	0.788280	0.867305	R.SVIMTCVVV.P	CUFF.16284.10_2+
./crux_output/comet_9157_4_1	0.999852	0.788280	0.867305	K.NPIDCNCLPNCDDSNFFIQAYVRIC.R	AGAP004474-PA	CUFF.6170.1_1+	AGAP004474-RA_1+
./crux_output/comet_5772_2_4	0.997985	0.788280	0.867305	R.CAVCPCARER.E	AGAP000079-RA_3+	CUFF.15873.1_2+
./crux_output/comet_10513_2_1	0.991881	0.788280	0.867305	-.NNFDFAAFPN.L	AGAP010065-RA_3+
./crux_output/comet_10428_2_1	0.991873	0.788280	0.867305	K.QVNGLLSHG.D	AGAP004698-PA	ACOM036052-PA	CUFF.170.2_1+	CUFF.170.1_1+	AGAP004698-RA_2+
./crux_output/comet_5860_2_1	0.988060	0.788280	0.867305	K.QDDDAGCCE.D	AGAP029545-PA	ACOM042138-PA	AGAP002149-RA_3+	AGAP002149-RB_1+	CUFF.3949.3_3+	CUFF.3949.1_1+	CUFF.3949.4_2+
./crux_output/comet_8473_4_1	0.986945	0.788280	0.867305	K.LAGFEFTERTNETDATDP.V	AGAP005207-PA	ACOM035301-PA	AGAP005207-RA_1+	CUFF.897.2_1+	CUFF.897.3_3+	CUFF.897.1_3+	CUFF.897.6_2+	CUFF.897.4_3+	CUFF.897.5_1+
./crux_output/comet_10081_2_5	0.984400	0.788280	0.867305	K.QQSIIRHDGAGR.C	CUFF.9669.8_2+	CUFF.9669.1_3+	CUFF.9669.3_3+	CUFF.9669.2_2+	CUFF.9669.5_3+	CUFF.9669.4_3+	CUFF.9669.7_3+	CUFF.9669.6_3+	AGAP008017-RA_3+	AGAP008017-RB_3+
./crux_output/comet_6433_2_1	0.983860	0.788280	0.867305	S.SMGAGSSGAMK.M	AGAP006528-PA	ACOM039559-PA	CUFF.2010.4_1+	CUFF.2010.2_2+	CUFF.2010.1_1+	AGAP006528-RA_1+
./crux_output/comet_5962_2_1	0.982029	0.788280	0.867305	R.IRCCAHVHGA.F	TCONS_00022603_3+
./crux_output/comet_6541_3_1	0.981253	0.788280	0.867305	T.SSVFHPGTEQSQQNK.H	TCONS_00006141_1+	TCONS_00006140_3+
./crux_output/comet_7280_3_2	0.978843	0.788280	0.867305	R.WQHHQSDQSAAGQPREH.A	AGAP002032-RA_3+
./crux_output/comet_5097_2_1	0.977694	0.788280	0.867305	R.NLNYMSIQT.Y	CUFF.3130.2_2+
./crux_output/comet_7829_2_1	0.976587	0.788280	0.867305	R.AISSRFRS.I	CUFF.9809.1_3+
./crux_output/comet_6138_2_1	0.972601	0.788280	0.867305	K.TNDLPPGWE.K	AGAP010456-PA	AGAP010456-PB	ACOM040909-PA	AGAP010456-RA_1+	CUFF.6972.3_2+	CUFF.6972.6_2+	CUFF.6972.5_1+	CUFF.6972.4_2+	CUFF.6972.2_1+
./crux_output/comet_6557_2_1	0.965079	0.788280	0.867305	A.SGFAGGHGGER.R	CUFF.4068.1_1+	CUFF.4068.3_3+	AGAP002321-RA_3+
./crux_output/comet_8248_3_1	0.960586	0.788280	0.867305	R.TGGPAPAGTRSSRT.T	AGAP000623-RA_2+	CUFF.16502.1_2+
./crux_output/comet_9008_3_3	0.960196	0.788280	0.867305	R.KFSQDHASSNFSLYNK.S	AGAP005217-RA_1+
./crux_output/comet_5834_2_4	0.956895	0.788280	0.867305	R.YNNMYQIV.I	CUFF.10083.6_3+
./crux_output/comet_10204_2_1	0.954861	0.788280	0.867305	K.EGEEEEDICQNVVS.G	CUFF.9263.1_3+	CUFF.9263.5_2+	CUFF.9263.4_3+	CUFF.9263.3_2+	CUFF.9263.2_3+
./crux_output/comet_7259_2_1	0.954022	0.788280	0.867305	G.DQCDGCGK.L	AGAP007891-PA	ACOM030848-PA	AGAP007891-RA_1+
./crux_output/comet_10270_4_1	0.953315	0.788280	0.867305	A.GWDSSDEYDYSSEDGTKGSEIHK.Q	sp|P46949|FYV8_YEAST
./crux_output/comet_8744_2_1	0.953011	0.788280	0.867305	R.ENDDADED.S	AGAP007027-PA	ACOM031395-PA	CUFF.2428.1_1+	AGAP007027-RA_2+
./crux_output/comet_4382_2_1	0.952110	0.788280	0.867305	R.QFNPTLHC.P	ACOM032557-PA
./crux_output/comet_7941_2_1	0.949798	0.788280	0.867305	R.AACDSSDEDDAN.G	CUFF.849.1_2+	AGAP005230-RA_1+
./crux_output/comet_9277_2_1	0.944977	0.788497	0.867305	K.QKSRFSC.S	CUFF.9364.2_1+	AGAP012359-RB_3+
./crux_output/comet_7184_2_1	0.944218	0.788497	0.867305	K.TSQQETTLW.T	CUFF.7664.1_1+
./crux_output/comet_8373_2_1	0.943037	0.788497	0.867305	R.AKPFATCVW.M	CUFF.15880.9_3+
./crux_output/comet_6530_3_2	0.941120	0.788497	0.867305	T.PSASPNDVDRMK.L	AGAP002741-PA	ACOM043225-PA	AGAP002741-RA_1+	CUFF.4544.1_2+
./crux_output/comet_6905_4_1	0.940306	0.788497	0.867305	X.TSALADTQSNSRPLACR.G	AGAP000602-RA_2+
./crux_output/comet_6208_3_1	0.935419	0.788497	0.867305	K.NASQCCNTCQE.V	AGAP012144-PA	ACOM026509-PA	AGAP012144-RA_1+
./crux_output/comet_9766_3_1	0.932321	0.788497	0.867305	D.ENVCHQIEEDPGKMK.Q	AGAP001104-PA	AGAP001104-RA_1+	CUFF.2963.1_1+
./crux_output/comet_8621_2_1	0.930549	0.788497	0.867305	I.FLTGKLK.R	CUFF.8693.3_3+	CUFF.8693.2_3+	CUFF.8693.4_3+
./crux_output/comet_10128_2_1	0.930319	0.788497	0.867305	K.VHDYLDYAVD.V	AGAP013453-PA	ACOM037152-PA	AGAP013453-RA_1+
./crux_output/comet_10108_3_1	0.928805	0.788497	0.867305	H.DNQGYEDDEGIAESGM.-	AGAP004246-PC
./crux_output/comet_7650_2_1	0.924245	0.788991	0.867305	R.LTNTIHTTSP.P	AGAP007398-RA_1+
./crux_output/comet_10307_2_1	0.920326	0.788991	0.867305	R.DVHYRGQGPA.G	AGAP028403-RA_3+
./crux_output/comet_10604_4_4	0.915125	0.788991	0.867305	R.VYLILKTTVRLSHPAPMDLVLR.K	AGAP007592-PA	ACOM025863-PA	AGAP007592-RA_1+	CUFF.2845.4_1+	CUFF.2845.5_3+	CUFF.2845.6_2+	CUFF.2845.7_1+	CUFF.2845.1_3+	CUFF.2845.2_2+	CUFF.2845.3_2+
./crux_output/comet_6230_2_2	0.912654	0.788991	0.867305	R.AGGQCLPGVS.V	AGAP009739-RA_3+
./crux_output/comet_6354_2_3	0.910567	0.788991	0.867305	R.AGPCAWVDA.R	AGAP000630-RA_3+	CUFF.16559.1_3+	CUFF.16559.2_2+	CUFF.16559.3_1+	CUFF.16559.4_1+	CUFF.16559.5_1+	CUFF.16559.6_3+
./crux_output/comet_9691_4_3	0.910212	0.788991	0.867305	N.STIQDGSWIYNWIVDEVR.S	CUFF.9824.2_2+	CUFF.9824.1_2+
./crux_output/comet_6940_2_1	0.909309	0.789377	0.867305	R.QSERQCAP.E	AGAP008026-RA_3+	CUFF.9646.1_2+
./crux_output/comet_7810_2_1	0.904485	0.789762	0.867305	N.QMQYGVVRS.-	AGAP001865-RA_3+
./crux_output/comet_6959_2_2	0.903600	0.790146	0.867305	R.FYMRMYVSV.H	CUFF.927.2_3+	CUFF.927.1_2+
./crux_output/comet_4949_2_2	0.898342	0.794171	0.867305	R.QFCYPSVC.E	CUFF.10824.1_1+
./crux_output/comet_8859_3_1	0.896170	0.794224	0.867305	R.VLTMCMTMGRRD.C	CUFF.3035.8_1+	CUFF.3035.9_1+	CUFF.3035.6_2+	CUFF.3035.7_2+	CUFF.3035.4_1+	CUFF.3035.5_2+	CUFF.3035.2_2+	CUFF.3035.3_3+	CUFF.3035.1_2+	CUFF.3035.10_2+
./crux_output/comet_8113_3_1	0.894778	0.794224	0.867305	K.SGSSCTNGMPILY.L	ACOM041972-PA
./crux_output/comet_8954_2_1	0.891675	0.794224	0.867305	S.LDDGGGARPGGGGGR.T	CUFF.2731.1_1+	AGAP007439-RA_3+
./crux_output/comet_5741_2_1	0.890981	0.794224	0.867305	K.EDNEVTLGG.G	AGAP001433-PA	ACOM034128-PA	AGAP001433-RA_1+	CUFF.3416.3_1+	CUFF.3416.2_1+	CUFF.3416.1_1+
./crux_output/comet_8167_3_2	0.890763	0.794224	0.867305	R.FSTVHWALCVPAGCT.A	AGAP000629-PA	CUFF.16538.2_2+	CUFF.16538.1_2+	AGAP000629-RA_1+
./crux_output/comet_5036_2_1	0.884515	0.795699	0.867305	R.CYPADRYD.H	CUFF.5262.2_2+	CUFF.5262.1_2+	AGAP003602-RA_2+	AGAP003602-RB_3+
./crux_output/comet_5695_2_1	0.882895	0.795699	0.867305	P.AVTSTVTDK.K	sp|P40971|LYS14_YEAST
./crux_output/comet_6999_4_2	0.880173	0.795699	0.867305	L.WKSNVPLMYDFVSETR.L	sp|P39984|HAT2_YEAST
./crux_output/comet_9457_2_1	0.879304	0.795699	0.867305	I.EQFVDITK.R	CUFF.422.2_2+
./crux_output/comet_6600_3_2	0.870991	0.806798	0.867305	R.TIPPGGSGGWFGP.A	CUFF.924.8_3+	CUFF.924.1_1+	CUFF.924.3_1+	CUFF.924.2_2+	CUFF.924.5_3+	CUFF.924.4_1+	CUFF.924.6_1+	AGAP005285-RA_3+
./crux_output/comet_8833_2_1	0.867239	0.808511	0.867305	T.AGHGRSGVAK.L	AGAP003417-PA	ACOM028354-PA	AGAP003417-RA_1+	AGAP003417-RB_1+	CUFF.5109.1_1+
./crux_output/comet_5245_2_1	0.865054	0.808511	0.867305	A.HLAAEEAER.H	AGAP008273-RA_3+	CUFF.9832.3_1+	CUFF.9832.2_3+	CUFF.9832.1_1+
./crux_output/comet_5169_2_2	0.863788	0.808511	0.867305	R.AGTFSTSGSI.R	AGAP003156-RA_2+
./crux_output/comet_5557_4_1	0.863356	0.808511	0.867305	Q.SEANIFDSIYISANK.N	sp|P53855|ATG2_YEAST
./crux_output/comet_10196_3_1	0.862830	0.808511	0.867305	R.YHYCSSVGNYF.A	CUFF.6272.1_1+	CUFF.6272.2_3+	CUFF.6272.3_3+
./crux_output/comet_8336_3_2	0.861298	0.810105	0.867305	K.HPLYHEFWDLAF.L	CUFF.5764.5_2+	CUFF.5764.4_3+	CUFF.5764.7_2+	CUFF.5764.6_2+	CUFF.5764.1_2+	CUFF.5764.3_2+	CUFF.5764.2_2+	CUFF.5764.9_1+	CUFF.5764.8_1+	CUFF.5764.11_3+	CUFF.5764.10_3+	CUFF.5764.12_1+
./crux_output/comet_8384_3_1	0.860645	0.810105	0.867305	X.RKSETFSMCMCVR.Y	CUFF.3404.2_1+	CUFF.3404.1_2+
./crux_output/comet_6192_4_2	0.859790	0.810105	0.867305	R.VRVCDSTGGLLSTDGR.K	CUFF.4840.2_3+	CUFF.4840.1_2+	AGAP003128-RA_3+
./crux_output/comet_4678_3_1	0.859125	0.810105	0.867305	R.QHVLTAASCVM.N	AGAP006487-PA	ACOM039646-PA	AGAP006487-RA_1+
./crux_output/comet_7716_3_1	0.854815	0.810105	0.867305	R.CCQCCGPGPARSS.S	AGAP001035-RA_2+	CUFF.17501.1_3+
./crux_output/comet_8582_3_1	0.850804	0.810105	0.867305	K.CSCVAPEANRANTA.L	CUFF.2144.2_1+	CUFF.2144.3_1+	CUFF.2144.9_1+
./crux_output/comet_5334_2_1	0.850618	0.810105	0.867305	K.FLYCILPLQ.V	CUFF.13174.1_1+
./crux_output/comet_9146_2_3	0.847692	0.810105	0.867305	R.EDDDDDDDDD.G	AGAP005288-PA	ACOM027817-PA	CUFF.939.7_3+	AGAP005288-RA_1+	CUFF.939.9_1+	CUFF.939.3_1+	CUFF.939.2_3+
./crux_output/comet_8518_3_3	0.847398	0.810105	0.867305	R.YYFTTGISPTCSYHKTT.I	AGAP007103-RD_2+	AGAP007103-RB_3+	AGAP007103-RC_1+	AGAP007103-RA_3+
./crux_output/comet_4497_4_1	0.840531	0.810105	0.867305	R.EDVSSWAGPTPACHRPTNGVW.S	ACOM031437-PA
./crux_output/comet_9733_3_1	0.838371	0.810435	0.867305	K.DAKVQNHMMQQST.M	AGAP003837-PA	AGAP003838-PA	ACOM034802-PA	AGAP003837-RA_2+	AGAP003838-RA_2+
./crux_output/comet_4267_3_1	0.835644	0.810764	0.867305	K.AHNNFRKNNTS.I	AGAP008156-RA_1+
./crux_output/comet_6037_2_1	0.828181	0.810997	0.867305	G.ANEWYTGK.V	CUFF.418.1_2+	AGAP004829-RA_3+
./crux_output/comet_7292_3_1	0.828083	0.810997	0.867305	R.QHPDIKLARC.H	AGAP009825-PA	ACOM026843-PA	AGAP009825-RA_1+
./crux_output/comet_7499_2_1	0.825635	0.810997	0.867305	R.AQYPVER.V	CUFF.1113.3_2+	CUFF.1113.4_2+	CUFF.1113.6_3+
./crux_output/comet_7417_2_1	0.822648	0.810997	0.867305	R.AQPAVFGRS.A	CUFF.9097.1_1+	CUFF.9097.2_3+	CUFF.9097.3_3+	AGAP012175-RA_3+
./crux_output/comet_4886_2_1	0.821436	0.810997	0.867305	K.LTACYSGTTPA.I	CUFF.4987.1_2+	AGAP003280-RA_2+	CUFF.4987.2_3+
./crux_output/comet_9909_3_1	0.819009	0.810997	0.867305	R.SSEESEYDWKKGALSHCFSVS.S	CUFF.5313.1_3+
./crux_output/comet_7689_3_2	0.815810	0.813036	0.867305	R.YCSAQAEHQHHN.D	AGAP008808-RA_3+
./crux_output/comet_7601_2_1	0.812811	0.815385	0.867305	R.AFISSLTS.P	CUFF.16842.1_3+	CUFF.16842.2_3+
./crux_output/comet_9248_3_1	0.812030	0.815385	0.867305	R.DPSPHRGKGVCLSCS.G	CUFF.16250.1_1+
./crux_output/comet_4965_3_2	0.808043	0.816327	0.867305	N.SPNSHSCSNNNNR.R	AGAP004734-RA_2+	CUFF.349.4_2+	CUFF.349.5_3+	CUFF.349.1_2+	CUFF.349.2_2+	CUFF.349.3_2+
./crux_output/comet_8087_3_2	0.806728	0.816327	0.867305	Q.KYAFGRSSSGANTLSR.C	CUFF.16357.1_1+
./crux_output/comet_7465_3_1	0.805896	0.816327	0.867305	T.ESSNPPFDQGLLNK.H	ACOM038473-PA
./crux_output/comet_8696_3_1	0.799833	0.818770	0.867305	Y.TLHDNGHDCK.E	AGAP003702-PA	ACOM028814-PA	AGAP003702-RA_1+	CUFF.5420.6_1+	CUFF.5420.7_3+	CUFF.5420.4_1+	CUFF.5420.5_1+	CUFF.5420.2_3+	CUFF.5420.1_2+
./crux_output/comet_6290_3_5	0.797862	0.818770	0.867305	K.GLPFAGQIEER.X	CUFF.939.7_3+	AGAP005288-RA_3+	AGAP005288-RB_3+	AGAP005288-RC_3+	CUFF.939.9_1+	CUFF.939.3_1+	CUFF.939.2_3+	CUFF.939.1_2+	CUFF.939.6_2+	CUFF.939.4_3+	CUFF.939.13_1+	CUFF.939.12_3+	CUFF.939.11_2+
./crux_output/comet_4895_2_2	0.796422	0.818770	0.867305	-.LQCVHVCVGMC.A	CUFF.664.1_2+
./crux_output/comet_6913_3_1	0.792823	0.818770	0.867305	Q.NFRYPYEDR.L	AGAP002274-PA	AGAP002274-PB	AGAP002274-RA_1+	AGAP002274-RB_2+	CUFF.4117.19_1+	CUFF.4117.14_3+	CUFF.4117.12_3+	CUFF.4117.16_2+
./crux_output/comet_10599_2_2	0.791948	0.818770	0.867305	C.NPSVQVLER.E	AGAP000167-RA_3+
./crux_output/comet_8024_2_1	0.782259	0.818770	0.867305	R.QVSSEVTVS.A	TCONS_00011421_3+	TCONS_00011422_3+
./crux_output/comet_10469_3_1	0.781373	0.818770	0.867305	R.TGEEGAESSVEGEGNA.R	AGAP010655-RA_3+	CUFF.7329.3_1+	CUFF.7329.4_1+	CUFF.7329.2_1+	CUFF.7329.1_2+
./crux_output/comet_6506_2_2	0.780236	0.818770	0.867305	R.LRPDSGNWSSDF.D	CUFF.16640.2_1+
./crux_output/comet_6017_3_2	0.775326	0.818770	0.867305	R.QGVWVWEASGSVCEL.K	AGAP011964-RA_2+
./crux_output/comet_8502_2_1	0.774567	0.818770	0.867305	P.DDGYEEHGYGPGGR.A	AGAP010982-PA	ACOM022879-PA	CUFF.7646.1_1+
./crux_output/comet_8219_2_4	0.772731	0.818770	0.867305	R.KLQYDGLIK.F	CUFF.9527.3_1+
./crux_output/comet_9249_3_1	0.772135	0.818770	0.867305	A.SCSEGIYNVTGK.H	TCONS_00038003_1+
./crux_output/comet_4999_4_1	0.768951	0.818770	0.867305	T.HTHTHTHKHTHTHPFPFPPR.G	CUFF.4577.1_1+	CUFF.4577.2_2+
./crux_output/comet_6273_3_1	0.768502	0.818770	0.867305	R.VRQLWLAHAHAGE.P	AGAP000414-RA_1+
./crux_output/comet_10545_3_1	0.768375	0.818770	0.867305	R.NDNKCTFFDEDDCRDQ.D	ACOM040251-PA
./crux_output/comet_8588_2_2	0.767639	0.818770	0.867305	R.SVTESSRASSSS.Y	AGAP028511-PA	ACOM023099-PA	TCONS_00020330_3+	TCONS_00020331_1+	TCONS_00020329_3+
./crux_output/comet_7445_3_2	0.766828	0.818770	0.867305	-.LFCFTMKECFV.C	ACOM025508-PA
./crux_output/comet_10432_2_1	0.766069	0.818770	0.867305	K.LNKSYPL.L	AGAP011677-PA	ACOM031811-PA	CUFF.8607.2_1+	CUFF.8607.1_2+
./crux_output/comet_10552_2_2	0.764541	0.818770	0.867305	R.EDYLKVFQP.M	AGAP006379-PA	ACOM039834-PA	AGAP006379-RA_1+
./crux_output/comet_6317_2_1	0.763749	0.818770	0.867305	K.SRFYSCPAVA.F	TCONS_00023747_3+
./crux_output/comet_9486_3_2	0.755733	0.818770	0.867305	G.QSHADAGGETAPGLSER.Q	AGAP011393-RA_3+
./crux_output/comet_6528_2_1	0.753982	0.818770	0.867305	P.ESVAFLSTGR.L	CUFF.16532.1_3+	CUFF.16532.3_1+	CUFF.16532.2_2+	AGAP012953-RA_1+
./crux_output/comet_5555_3_2	0.753727	0.818770	0.867305	N.PYYTNSCIKR.K	CUFF.2775.1_2+
./crux_output/comet_5051_3_1	0.753180	0.818770	0.867305	K.SPYSSLYSRSPG.A	AGAP011902-PA	ACOM032151-PA	AGAP011902-RA_3+
./crux_output/comet_4902_3_1	0.751011	0.818770	0.867305	K.HTHAEANPWRLGMVT.V	TCONS_00021049_3+	TCONS_00021048_3+
./crux_output/comet_7366_2_2	0.750950	0.818770	0.867305	T.FGPFDPMIDK.L	CUFF.5515.2_3+	CUFF.5515.1_2+	AGAP013342-RA_3+
./crux_output/comet_9281_2_2	0.749647	0.818770	0.867305	H.TDITTPYR.L	CUFF.5908.4_3+	CUFF.5908.1_1+	CUFF.5908.3_2+	CUFF.5908.2_2+
./crux_output/comet_4890_3_1	0.748297	0.818770	0.867305	R.TASRCTTHPTGA.A	CUFF.11195.1_1+
./crux_output/comet_5669_2_1	0.748261	0.818770	0.867305	R.AKTCPASW.C	AGAP008625-RA_2+	AGAP008625-RB_2+	CUFF.10140.1_2+
./crux_output/comet_7920_3_1	0.748173	0.818770	0.867305	R.KMMAEDIYWESV.V	AGAP003531-PA	ACOM028537-PA	AGAP003531-RA_1+
./crux_output/comet_9343_2_1	0.743862	0.821256	0.867305	W.DEHGACPLCKMCR.F	CUFF.9269.10_2+	CUFF.9269.12_1+	CUFF.9269.5_3+	CUFF.9269.7_3+	CUFF.9269.9_3+	CUFF.9269.8_1+
./crux_output/comet_9948_2_1	0.741535	0.821256	0.867305	L.IDTAEQGYSPDK.L	AGAP011036-PA	ACOM022976-PA	CUFF.7689.1_3+	CUFF.7689.3_2+	CUFF.7689.5_2+	AGAP011036-RA_1+	CUFF.7689.2_2+
./crux_output/comet_7313_2_1	0.739800	0.821256	0.867305	M.ATGGMDGHLR.V	AGAP009942-PA	ACOM029334-PA	AGAP009942-RA_1+
./crux_output/comet_5966_3_1	0.739155	0.821256	0.867305	M.QGYEKRVNHDQVVNK.V	sp|Q02648|TRM44_YEAST
./crux_output/comet_9813_3_2	0.732161	0.821256	0.867305	K.GTNHPLPAREYCNPC.R	AGAP005872-RA_2+	CUFF.1436.2_2+	CUFF.1436.1_1+
./crux_output/comet_7363_2_2	0.728315	0.821256	0.867305	R.KDYTER.K	AGAP010413-RA_1+	CUFF.6870.3_2+	CUFF.6870.4_3+	CUFF.6870.5_2+	CUFF.6870.1_2+	CUFF.6870.2_1+	DECOY_AGAP002903-PA	DECOY_ACOM037496-PA	DECOY_AGAP002903-RA_1+
./crux_output/comet_7808_2_1	0.728032	0.821256	0.867305	P.TSSYNSPTKK.K	CUFF.2548.8_2+	CUFF.2548.4_3+	CUFF.2548.5_2+	CUFF.2548.6_1+	CUFF.2548.7_1+	CUFF.2548.9_1+	CUFF.2548.11_2+
./crux_output/comet_7799_2_3	0.727360	0.821256	0.867305	S.MTMCCWGK.A	AGAP005533-RA_2+	CUFF.1101.1_2+
./crux_output/comet_8426_2_1	0.727288	0.821256	0.867305	R.LCGMQVYQAN.L	AGAP010480-PA	AGAP010480-PB	ACOM041077-PA	AGAP010480-RA_1+	CUFF.6986.2_1+	CUFF.6986.3_2+	CUFF.6986.1_3+
./crux_output/comet_4768_2_1	0.727130	0.821256	0.867305	K.FDYTDENDA.K	CUFF.3465.5_2+	CUFF.3465.4_2+	CUFF.3465.6_1+	CUFF.3465.1_3+	CUFF.3465.3_3+	CUFF.3465.2_2+
./crux_output/comet_7899_2_1	0.725449	0.821256	0.867305	R.MWCCCCQ.C	CUFF.2548.1_1+
./crux_output/comet_7265_2_5	0.723694	0.821256	0.867305	K.EVTAYALK.T	AGAP005765-PA	ACOM031272-PA	CUFF.1314.1_2+	CUFF.1314.3_3+	AGAP005765-RA_3+
./crux_output/comet_9756_2_2	0.722187	0.821256	0.867305	R.GNIGHQFGRAACN.A	AGAP008207-RA_3+	CUFF.9778.2_2+	CUFF.9778.1_3+
./crux_output/comet_6874_2_4	0.721082	0.821256	0.867305	R.TVLFTSPR.K	AGAP009600-PA	ACOM032601-PA	AGAP009600-RA_3+
./crux_output/comet_7964_2_1	0.720233	0.821256	0.867305	R.LINNCFMNLP.V	AGAP001585-RB_3+	AGAP001585-RC_1+
./crux_output/comet_5321_2_5	0.717750	0.821256	0.867305	K.QAYLQVK.L	CUFF.966.3_1+	CUFF.966.2_2+	CUFF.966.1_2+
./crux_output/comet_8674_2_1	0.716227	0.821256	0.867305	S.FENVCKCACVR.T	TCONS_00031499_2+
./crux_output/comet_9396_2_1	0.710626	0.821256	0.867305	G.LDDTETIFR.V	AGAP004614-PA	ACOM041056-PA	AGAP004614-RA_1+
./crux_output/comet_5586_2_2	0.707257	0.821256	0.867305	R.DENDEDAD.D	CUFF.15949.2_3+
./crux_output/comet_7572_2_1	0.706689	0.821256	0.867305	E.MQPNPPEK.G	CUFF.9165.6_2+	CUFF.9165.2_1+	CUFF.9165.3_3+	CUFF.9165.1_3+	CUFF.9165.7_3+	CUFF.9165.5_2+	CUFF.9165.8_2+
./crux_output/comet_6443_2_1	0.704221	0.821256	0.867305	R.QCVFVCVSV.R	AGAP005611-RA_3+
./crux_output/comet_7522_2_3	0.703393	0.821256	0.867305	R.DESLTVDNLS.I	sp|P40302|PSA6_YEAST
./crux_output/comet_7693_3_1	0.697827	0.821256	0.867305	R.AYSLIFPCSIM.I	CUFF.9244.1_3+
./crux_output/comet_6045_2_1	0.696829	0.821256	0.867305	H.HVIESLHSK.K	AGAP008249-PA	ACOM030276-PA	AGAP008249-RA_1+
./crux_output/comet_8305_2_1	0.691523	0.821256	0.867305	R.LSRASSSSSSGCLSD.E	AGAP002695-PA	ACOM036505-PA	AGAP002695-RA_2+	CUFF.4427.2_1+	CUFF.4427.1_2+	CUFF.4427.6_1+	CUFF.4427.4_1+	CUFF.4427.5_2+
./crux_output/comet_7811_3_1	0.689772	0.821256	0.867305	I.LPEALQTNCEK.C	AGAP008052-PA	ACOM030605-PA	AGAP008052-RA_1+
./crux_output/comet_4666_2_1	0.687679	0.821256	0.867305	K.EARGGENTH.L	CUFF.1074.1_3+
./crux_output/comet_8756_2_1	0.687324	0.821256	0.867305	N.QHTNETHIEK.R	TCONS_00016960_1+	TCONS_00016961_2+
./crux_output/comet_9464_2_1	0.685200	0.821256	0.867305	R.CCCCCCCCRC.S	CUFF.16570.1_1+	DECOY_CUFF.4584.2_3+	DECOY_CUFF.4584.3_1+	DECOY_CUFF.4584.1_3+
./crux_output/comet_7178_2_3	0.684381	0.821256	0.867305	R.TSTTATTTSLR.R	CUFF.9495.2_2+	CUFF.9495.3_2+	CUFF.9495.1_3+	AGAP007791-RC_2+	AGAP007791-RB_2+	AGAP007791-RA_2+	AGAP007791-RE_2+	AGAP007791-RD_2+
./crux_output/comet_7661_3_1	0.683252	0.821256	0.867305	R.QISHCTAAAAAV.G	CUFF.4956.1_1+
./crux_output/comet_9333_2_2	0.680492	0.821256	0.867305	K.QKSYVCGA.F	AGAP009769-RA_1+
./crux_output/comet_10278_2_2	0.678207	0.821256	0.867305	F.NAYSFLR.G	AGAP007293-RA_2+	CUFF.2603.6_1+	CUFF.2603.7_3+
./crux_output/comet_6636_3_1	0.676012	0.821256	0.867305	R.IQSSSSSSNLSNSTS.R	CUFF.16357.1_2+	CUFF.16357.3_2+	AGAP000431-RA_2+
./crux_output/comet_7794_2_1	0.675284	0.821256	0.867305	N.EQEEEMEK.L	AGAP004738-PA	ACOM038450-PA	AGAP004738-RA_1+	CUFF.291.1_1+
./crux_output/comet_10557_2_2	0.669307	0.821256	0.867305	R.QCCQQCCS.V	CUFF.8488.7_1+	CUFF.8488.6_1+	CUFF.8488.5_1+	CUFF.8488.9_2+	CUFF.8488.8_2+
./crux_output/comet_10175_3_1	0.667987	0.821256	0.867305	R.CGENRLAQPEPHR.R	AGAP003488-RA_3+
./crux_output/comet_8351_2_4	0.666499	0.821256	0.867305	K.VFSLTER.K	CUFF.3215.6_1+	CUFF.3215.4_3+	CUFF.3215.5_1+	CUFF.3215.1_1+
./crux_output/comet_7081_2_3	0.664174	0.821256	0.867305	R.QGSSTSVKK.Y	sp|Q03533|TDA1_YEAST
./crux_output/comet_5042_2_2	0.663942	0.821256	0.867305	K.YAISTGTS.N	CUFF.17097.4_3+	CUFF.17097.1_3+	CUFF.17097.2_2+	CUFF.17097.8_1+	CUFF.17097.7_1+	CUFF.17097.3_1+	CUFF.17097.10_1+
./crux_output/comet_8938_2_1	0.663598	0.821256	0.867305	R.SMCGDEMC.F	CUFF.4135.2_1+	CUFF.4135.1_1+
./crux_output/comet_8075_3_1	0.662881	0.821256	0.867305	R.CYCCCSYCCH.H	AGAP000689-RA_3+
./crux_output/comet_10100_3_1	0.660741	0.821256	0.867305	S.WNGKECSPDCQCGMDH.-	AGAP006568-PA	ACOM035981-PA
./crux_output/comet_8917_3_1	0.660037	0.821256	0.867305	V.DSGYCTSDGGFDGK.R	ACOM029432-PA	CUFF.11870.3_1+	AGAP010012-RA_1+
./crux_output/comet_10380_2_1	0.657819	0.821256	0.867305	I.QNRLHEK.R	CUFF.10150.2_2+	CUFF.10150.1_2+
./crux_output/comet_6920_2_3	0.656166	0.821256	0.867305	K.GGTSCEGITP.L	AGAP006055-PA	ACOM024754-PA	AGAP006055-RA_1+
./crux_output/comet_8504_3_1	0.653992	0.821256	0.867305	R.QFCPMRIEMYSL.I	CUFF.8853.1_2+	AGAP011891-RA_1+
./crux_output/comet_8139_4_2	0.652730	0.821256	0.867305	R.LGNGGGSAAAPLDFSDELA.Q	AGAP001886-PA	CUFF.3622.1_1+	CUFF.3622.2_1+	CUFF.3622.3_3+	CUFF.3622.4_2+	CUFF.3622.5_3+	CUFF.3622.6_2+	AGAP001886-RA_1+
./crux_output/comet_5408_2_1	0.651957	0.821256	0.867305	R.WFNGAGGGRSA.R	CUFF.3357.1_2+	CUFF.3357.3_2+	CUFF.3357.2_2+	CUFF.3357.4_2+	AGAP001566-RA_3+	AGAP001566-RB_3+
./crux_output/comet_6237_2_1	0.651258	0.821256	0.867305	G.QSAAGSPGR.T	ACOM039441-PA
./crux_output/comet_9894_2_3	0.650449	0.821256	0.867305	Q.QDFVECVK.R	AGAP003619-PA	ACOM028680-PA	AGAP003619-RA_1+
./crux_output/comet_10492_2_1	0.647422	0.821256	0.867305	T.AFALIAAK.E	AGAP002809-PA	ACOM037644-PA	AGAP002809-RA_3+
./crux_output/comet_9607_4_1	0.643798	0.821256	0.867305	P.SEDRRSTLTDGDESDLSAGSTSSDER.D	AGAP029113-PA	AGAP004732-RA_3+	CUFF.349.4_1+	CUFF.349.5_2+	CUFF.349.1_1+	CUFF.349.2_1+	CUFF.349.3_1+
./crux_output/comet_8102_3_1	0.642315	0.821256	0.867305	R.KPMSTVHSTQW.T	AGAP007777-RA_3+
./crux_output/comet_9945_2_3	0.638795	0.821256	0.867305	K.NDVFVSSALPV.T	CUFF.10147.9_2+	CUFF.10147.7_1+	CUFF.10147.8_3+
./crux_output/comet_9547_4_1	0.636487	0.821256	0.867305	R.GSRTGVYIGCSNSETEQHW.C	AGAP009176-PA	ACOM027132-PA	AGAP009176-RA_2+	CUFF.10824.1_1+	CUFF.10824.3_3+
./crux_output/comet_5838_2_1	0.635767	0.821256	0.867305	R.FPIAPSVAD.X	CUFF.16546.1_1+
./crux_output/comet_7858_2_2	0.635222	0.821256	0.867305	R.TSSTCWCAT.A	AGAP003211-RA_2+	CUFF.4899.1_3+	CUFF.4899.3_1+	CUFF.4899.2_3+
./crux_output/comet_4921_3_1	0.634559	0.821256	0.867305	V.PIFTANCTHNK.S	CUFF.3967.3_1+	CUFF.3967.1_3+
./crux_output/comet_8884_2_1	0.631380	0.821256	0.867305	R.KPPGNATGPGT.M	AGAP013148-RA_2+
./crux_output/comet_8615_2_1	0.625657	0.821256	0.867305	L.NCALLPK.H	AGAP000412-RA_2+	CUFF.6798.1_2+	DECOY_AGAP000249-RA_1+
./crux_output/comet_9958_3_3	0.622744	0.821256	0.867305	R.TMLCTCPDGYGY.D	ACOM033509-PA
./crux_output/comet_7409_2_4	0.620405	0.821256	0.867305	K.FVGAVSQIK.K	ACOM028636-PA
./crux_output/comet_10040_3_4	0.619170	0.821256	0.867305	R.CVQSIPQPLPQPYTMGG.C	CUFF.4000.3_3+	CUFF.4000.2_3+	CUFF.4000.1_2+	CUFF.4000.4_3+	AGAP002215-RA_3+
./crux_output/comet_8394_4_1	0.618938	0.821256	0.867305	K.GDSAFENLEFCTVTSTTD.Y	sp|P46670|TBCC_YEAST
./crux_output/comet_7025_3_1	0.617566	0.821256	0.867305	R.ESVPRAVPADEAPQD.P	AGAP006061-RA_3+
./crux_output/comet_8532_2_1	0.616575	0.821256	0.867305	R.HDNDLQPVYS.G	AGAP010201-RA_3+	CUFF.12112.3_2+	CUFF.12112.2_1+	CUFF.12112.1_1+
./crux_output/comet_6486_3_3	0.615811	0.821256	0.867305	P.VAYHPSPDGCAK.X	CUFF.1416.5_2+	CUFF.1416.2_2+	AGAP005816-RA_3+	AGAP005816-RB_3+	CUFF.1416.1_1+
./crux_output/comet_6150_2_1	0.614158	0.821256	0.867305	G.ADDETHPK.K	AGAP010236-PA	AGAP010237-PA	AGAP010236-RB_1+	AGAP010236-RA_3+	AGAP010237-RA_1+	AGAP010237-RB_3+	CUFF.12113.4_2+	CUFF.12113.2_3+	CUFF.12113.1_3+
./crux_output/comet_5206_2_1	0.611598	0.821256	0.867305	R.IYVSSPCV.P	CUFF.846.2_3+
./crux_output/comet_7722_2_1	0.611500	0.821256	0.867305	R.SKATVTFPA.H	AGAP007051-PA	ACOM031324-PA	AGAP007051-RA_1+	CUFF.2652.3_1+	CUFF.2652.2_3+	CUFF.2652.1_2+	CUFF.2652.4_3+
./crux_output/comet_8237_2_1	0.611462	0.821256	0.867305	R.LYCACNEQKKM.V	CUFF.907.5_3+	CUFF.907.6_3+	CUFF.907.1_1+	CUFF.907.2_3+	CUFF.907.3_3+
./crux_output/comet_9585_2_2	0.609122	0.821256	0.867305	K.DFCDFPEEASCE.R	AGAP009830-PA	AGAP009830-RA_1+
./crux_output/comet_8776_2_2	0.609042	0.821256	0.867305	R.HQPLPNGYHG.N	AGAP013178-RA_3+	CUFF.3792.1_2+	CUFF.3792.2_2+	CUFF.3792.3_3+	CUFF.3792.4_1+	CUFF.3792.5_3+
./crux_output/comet_4985_2_1	0.605455	0.821256	0.867305	X.AFWSTSSR.T	CUFF.10014.1_3+	CUFF.10014.3_3+	CUFF.10014.4_3+	CUFF.10014.2_1+	AGAP008435-RA_2+
./crux_output/comet_5385_2_2	0.604203	0.821256	0.867305	F.AGKLHPER.R	AGAP001267-RA_2+	CUFF.3063.5_3+	CUFF.3063.3_3+	CUFF.3063.2_3+	CUFF.3063.1_3+
./crux_output/comet_6581_3_2	0.598341	0.821256	0.867305	S.TASWTHRPPTR.C	CUFF.860.1_1+	CUFF.860.2_3+	AGAP005242-RA_2+
./crux_output/comet_9835_2_1	0.593345	0.821256	0.867305	R.EYLTKVT.K	sp|P04819|DNLI1_YEAST
./crux_output/comet_9568_2_1	0.592879	0.821256	0.867305	R.QDVQHVDA.D	CUFF.8605.2_2+	CUFF.8605.3_1+	CUFF.8605.4_3+	CUFF.8594.1_1+	CUFF.8594.2_1+	AGAP011667-RA_3+	AGAP011666-RA_3+
./crux_output/comet_7759_3_1	0.592074	0.821256	0.867305	K.SLDFSTKSSSLE.K	AGAP029189-PA	ACOM038028-PA	AGAP028041-RA_1+	CUFF.8067.1_1+
./crux_output/comet_9558_2_1	0.591601	0.821256	0.867305	K.ATLLLHCP.D	AGAP006786-RA_3+
./crux_output/comet_7379_2_1	0.589566	0.821256	0.867305	R.CQNGGTCDPVTGEC.V	AGAP007256-PA	ACOM025466-PA	AGAP007256-RA_1+	CUFF.2675.2_1+	CUFF.2675.1_1+	CUFF.2675.7_3+	CUFF.2675.6_3+
./crux_output/comet_8749_3_4	0.585225	0.821256	0.867305	K.LGNVDRHSSGASLKR.R	AGAP009990-RA_1+	CUFF.11859.2_1+	CUFF.11859.8_1+	CUFF.11859.9_1+
./crux_output/comet_8734_2_2	0.583530	0.821256	0.867305	-.MDFISTTNVRSV.L	AGAP029059-PA
./crux_output/comet_10345_3_4	0.579686	0.821256	0.867305	K.QPDQGWTATFDFSIAD.A	sp|P20840|SAG1_YEAST
./crux_output/comet_8754_3_1	0.577911	0.821256	0.867305	R.TTTAATTAATTAASC.S	AGAP004664-RA_2+	CUFF.6496.1_1+	CUFF.6496.2_3+	CUFF.6496.3_3+	CUFF.6496.4_1+	CUFF.6496.5_1+	CUFF.6496.6_3+
./crux_output/comet_7816_2_4	0.577528	0.821256	0.867305	K.LVCDLHPDEGI.N	AGAP009695-PA	AGAP009695-RA_1+	CUFF.11631.1_1+	CUFF.11631.2_3+
./crux_output/comet_7712_2_1	0.575583	0.821256	0.867305	S.QSSEYCRDWCTK.S	TCONS_00028229_2+
./crux_output/comet_8058_3_3	0.570338	0.821256	0.867305	Y.GCMLRKDDAAFK.K	ACOM036188-PA
./crux_output/comet_4557_3_1	0.567863	0.821256	0.867305	S.QHYQTLDLER.L	CUFF.9469.2_1+	CUFF.9469.1_2+
./crux_output/comet_8848_2_1	0.567404	0.821256	0.867305	S.GRVTLFAR.W	AGAP007661-RA_2+
./crux_output/comet_4788_2_1	0.565827	0.821256	0.867305	H.RAGTFVAPL.-	AGAP009601-RA_3+
./crux_output/comet_10595_2_1	0.565064	0.821256	0.867305	I.TSHLANATSEK.Y	sp|P25270|MRM1_YEAST
./crux_output/comet_6340_2_1	0.564609	0.821256	0.867305	R.TNHGNRNT.R	CUFF.9864.1_3+
./crux_output/comet_8925_2_5	0.559631	0.821256	0.867305	R.MHCVDYTPESGK.C	AGAP011666-PA	ACOM031804-PA	CUFF.8605.2_3+	CUFF.8605.3_2+	CUFF.8594.1_2+	CUFF.8594.2_2+	AGAP011667-RA_1+	AGAP011666-RA_1+
./crux_output/comet_9516_2_2	0.559449	0.821256	0.867305	R.VHCPLSGT.G	ACOM024722-PA
./crux_output/comet_8683_2_1	0.558944	0.821256	0.867305	R.SRPIPEEP.R	CUFF.2341.1_2+
./crux_output/comet_5576_3_4	0.554294	0.821256	0.867305	R.DSSAPSYTKMAKAK.A	AGAP009682-RA_2+	CUFF.11391.1_1+
./crux_output/comet_9786_3_2	0.552344	0.821256	0.867305	K.TRLSVCVIER.A	CUFF.16800.5_3+	CUFF.16800.4_2+	CUFF.16800.3_1+	CUFF.16800.2_3+	CUFF.16800.1_1+
./crux_output/comet_10543_2_1	0.549260	0.821256	0.867305	R.CSWLRCPRCDD.V	AGAP007772-RA_1+
./crux_output/comet_6495_2_1	0.549244	0.821256	0.867305	K.MTWEPKNKTDDDDDA.M	AGAP005010-PA	ACOM024408-PA	AGAP005010-RA_1+	CUFF.652.4_1+	CUFF.652.6_1+	CUFF.652.1_2+	CUFF.652.3_3+	CUFF.652.2_2+
./crux_output/comet_8289_3_1	0.548161	0.821256	0.867305	R.VPPDMITNRMAG.L	ACOM035330-PA
./crux_output/comet_7913_2_1	0.547298	0.821256	0.867305	K.TAGIIAAQFCAN.P	CUFF.1424.3_1+
./crux_output/comet_6476_2_1	0.542782	0.821256	0.867305	V.QMVGSYPPK.K	AGAP012168-PA	ACOM026478-PA	CUFF.9090.2_1+	CUFF.9090.1_1+	AGAP012168-RA_1+
./crux_output/comet_7222_2_2	0.542323	0.821256	0.867305	R.WDGISTADTTPLS.G	CUFF.9257.2_2+	CUFF.9257.1_2+
./crux_output/comet_8751_2_1	0.538180	0.821256	0.867305	H.NNNLQNMK.L	sp|Q01846|MDM1_YEAST
./crux_output/comet_4780_2_1	0.537387	0.821256	0.867305	R.GPSLPQPQ.Q	AGAP010704-RA_2+
./crux_output/comet_5899_2_1	0.536554	0.821256	0.867305	R.IAYTSGVW.N	CUFF.5946.3_2+	CUFF.5946.2_2+	CUFF.5946.1_1+
./crux_output/comet_10250_3_1	0.534550	0.821256	0.867305	A.KDISANTTTSFDETPSTEDEKPK.S	sp|Q06523|YP148_YEAST
./crux_output/comet_8526_2_4	0.532771	0.821256	0.867305	R.TSDGTTLKR.K	CUFF.16402.2_2+
./crux_output/comet_4832_2_2	0.530766	0.821256	0.867305	R.AGSSPESVAPAG.S	AGAP006738-RA_2+
./crux_output/comet_9844_2_1	0.530048	0.821256	0.867305	K.SSELGWCGGKSLA.E	CUFF.5036.1_3+	CUFF.5036.6_3+	CUFF.5036.5_3+
./crux_output/comet_8468_2_3	0.525614	0.821256	0.867305	R.AAFGADTQPDSDGSAD.A	CUFF.16802.1_2+	CUFF.16802.2_3+	AGAP000769-RB_1+	AGAP000769-RA_2+
./crux_output/comet_9358_3_4	0.525283	0.821256	0.867305	K.AAILHFYTHCVEG.K	CUFF.4357.1_3+	CUFF.4357.2_3+
./crux_output/comet_6014_2_5	0.523742	0.821256	0.867305	R.VFGLLKRTK.G	CUFF.13137.2_2+
./crux_output/comet_9854_3_1	0.523042	0.821256	0.867305	R.TNCGLPGTVNKIA.F	AGAP003686-PA	CUFF.5361.1_3+	CUFF.5361.2_1+	AGAP003686-RA_1+
./crux_output/comet_5145_2_1	0.521228	0.821256	0.867305	W.ATVPQHVSR.V	CUFF.10290.1_1+	AGAP028050-RA_3+
./crux_output/comet_8507_2_1	0.519283	0.821256	0.867305	L.PDGCAAADRK.D	AGAP004224-RA_3+	CUFF.5876.2_2+	CUFF.5876.1_1+
./crux_output/comet_7843_3_2	0.518223	0.821256	0.867305	Y.TFFFASNTHSLSR.S	CUFF.17131.1_3+	CUFF.17131.2_1+
./crux_output/comet_7165_3_1	0.517675	0.821256	0.867305	A.SQNPQNLSAALK.L	sp|Q06706|ELP1_YEAST
./crux_output/comet_8718_2_1	0.517366	0.821256	0.867305	K.CTNDCDKDGTACS.N	AGAP029234-PA	AGAP029234-PB	ACOM033511-PA	CUFF.12092.2_1+	CUFF.12092.1_1+
./crux_output/comet_10163_3_2	0.516255	0.821256	0.867305	R.QTTDNGQPIGGASTNTATL.R	CUFF.2989.9_2+	CUFF.2989.3_1+	CUFF.2989.5_1+	CUFF.2989.4_2+	CUFF.2989.6_1+	CUFF.2989.8_1+	CUFF.2989.11_1+	CUFF.2989.10_2+	CUFF.2989.13_3+	CUFF.2989.12_2+	AGAP007714-RA_1+
./crux_output/comet_6182_3_2	0.510204	0.821256	0.867305	R.LQFSITTIYAHTH.T	CUFF.3121.1_1+
./crux_output/comet_881_2_1	0.507960	0.821256	0.867305	R.GASSAHCSSTSP.T	AGAP003714-RA_2+	CUFF.5390.2_2+
./crux_output/comet_9420_3_1	0.504184	0.821256	0.867305	N.TCAGIWGISWR.G	AGAP006178-RA_1+
./crux_output/comet_4106_2_2	0.502927	0.821256	0.867305	I.GEWCSEPER.K	TCONS_00034800_3+	TCONS_00033936_2+
./crux_output/comet_6480_2_1	0.502339	0.821256	0.867305	R.LQYTSVT.K	CUFF.3781.2_1+
./crux_output/comet_8694_2_1	0.499962	0.821256	0.867305	E.ARPAQSGR.W	CUFF.17097.4_2+	CUFF.17097.2_1+	AGAP000847-RC_3+	CUFF.17097.3_3+
./crux_output/comet_6671_3_3	0.499091	0.821256	0.867305	H.CPYATATTPFLK.R	AGAP011968-PA	AGAP011968-RA_1+	CUFF.8956.1_2+
./crux_output/comet_9114_2_1	0.493358	0.821256	0.867305	K.CEDVDGC.E	AGAP008117-PA	ACOM030493-PA	AGAP008117-RA_1+
./crux_output/comet_9184_3_1	0.492743	0.821256	0.867305	R.HNSWYCCCCCC.C	CUFF.5764.5_2+	CUFF.5764.4_3+	CUFF.5764.7_2+	CUFF.5764.6_2+	CUFF.5764.1_2+	CUFF.5764.3_2+	CUFF.5764.2_2+	CUFF.5764.9_1+	CUFF.5764.8_1+	CUFF.5764.11_3+	CUFF.5764.10_3+	CUFF.5764.12_1+
./crux_output/comet_9526_2_2	0.490688	0.821256	0.867305	I.VTKTSER.L	CUFF.17716.4_1+	CUFF.17716.2_1+	CUFF.17716.3_1+	CUFF.17716.1_3+	CUFF.17716.5_3+
./crux_output/comet_5084_3_4	0.488926	0.821256	0.867305	R.AGRLFNSAANDK.L	AGAP007894-RA_3+	CUFF.9889.1_2+
./crux_output/comet_5032_2_2	0.483558	0.821256	0.867305	R.LYATAAMAE.Q	AGAP002104-PA	ACOM042220-PA	CUFF.3912.2_3+	CUFF.3912.3_3+	CUFF.3912.1_3+	CUFF.3912.5_1+	AGAP002104-RA_1+
./crux_output/comet_4140_2_1	0.480808	0.821256	0.867305	R.QTDEGSGGEGPGG.T	CUFF.4617.13_2+	CUFF.4617.8_3+	CUFF.4617.6_2+	AGAP002891-RE_3+	AGAP002891-RD_3+	AGAP002891-RC_3+	AGAP002891-RB_3+	AGAP002891-RA_3+	CUFF.4617.14_2+	CUFF.4617.11_2+	CUFF.4617.10_1+	CUFF.4617.12_2+	CUFF.4617.9_3+	CUFF.4617.1_2+	CUFF.4617.3_1+	CUFF.4617.2_1+	CUFF.4617.5_3+	CUFF.4617.4_1+	CUFF.4617.7_2+
./crux_output/comet_10423_2_1	0.479867	0.821256	0.867305	Q.EFTHRTR.A	CUFF.6150.5_2+	CUFF.6150.4_1+	CUFF.6150.3_3+	CUFF.6150.2_1+	CUFF.6150.1_2+	AGAP004446-RA_3+
./crux_output/comet_8702_2_1	0.479178	0.821256	0.867305	R.VQCDHNGRGARALP.V	CUFF.10033.1_2+	AGAP008528-RB_2+	AGAP008528-RA_3+
./crux_output/comet_9289_2_1	0.478930	0.821256	0.867305	K.QLVPEYSHGCMSPE.Q	AGAP009329-PA	ACOM032859-PA	AGAP009329-RA_2+	CUFF.11011.2_1+
./crux_output/comet_6215_2_2	0.476390	0.821256	0.867305	R.IRLLVCFA.Q	CUFF.9774.4_1+	CUFF.9774.2_2+	CUFF.9774.3_1+	CUFF.9774.1_1+
./crux_output/comet_7531_2_4	0.475576	0.821256	0.867305	R.ADAGSYHR.R	AGAP029512-PA	AGAP029512-PB	AGAP029512-PC	CUFF.1473.6_1+	CUFF.1473.7_1+	CUFF.1473.4_3+	CUFF.1473.5_1+	CUFF.1473.2_3+	CUFF.1473.3_3+	CUFF.1473.8_1+	CUFF.1473.9_1+	CUFF.1473.18_2+	AGAP005840-RA_3+	CUFF.1473.10_2+	CUFF.1473.11_1+	CUFF.1473.12_1+	CUFF.1473.13_1+	CUFF.1473.14_1+	CUFF.1473.15_1+	CUFF.1473.16_3+	CUFF.1473.17_3+
./crux_output/comet_8989_2_2	0.475510	0.821256	0.867305	R.SNSQNCGQQQLAS.R	CUFF.8415.1_3+	CUFF.8415.3_2+	CUFF.8415.2_1+
./crux_output/comet_9480_2_2	0.474160	0.821256	0.867305	V.YLFYHR.Q	CUFF.651.2_2+
./crux_output/comet_8423_2_2	0.472641	0.821256	0.867305	S.TDLMYRR.M	AGAP005345-PA	ACOM027894-PA	AGAP005345-RA_1+
./crux_output/comet_9743_2_1	0.470787	0.821256	0.867305	K.ANASERHQ.H	CUFF.11344.5_3+	CUFF.11344.9_1+	CUFF.11344.8_3+	CUFF.11344.1_3+	CUFF.11344.7_3+	CUFF.11344.6_3+	AGAP009554-RA_3+	CUFF.11344.13_3+	CUFF.11344.19_2+	CUFF.11344.12_1+	CUFF.11344.17_3+	CUFF.11344.18_3+
./crux_output/comet_8854_3_2	0.465782	0.821256	0.867305	N.DIDYYLHTNEPSK.E	AGAP007833-PA	AGAP007833-RA_1+	CUFF.9461.1_2+
./crux_output/comet_5399_3_5	0.465169	0.821256	0.867305	R.GGFSCSLKNQTVK.X	CUFF.16665.2_3+	CUFF.16665.1_3+
./crux_output/comet_7397_3_1	0.464789	0.821256	0.867305	F.LFCYLFHFR.F	CUFF.4398.6_3+	CUFF.4398.5_3+
./crux_output/comet_4636_2_1	0.462473	0.821256	0.867305	R.FGVFFVSCFS.V	CUFF.3377.3_3+	CUFF.3377.2_1+	CUFF.3377.4_2+	CUFF.3377.1_2+
./crux_output/comet_6093_2_1	0.457510	0.821256	0.867305	R.VMVWIGYC.V	AGAP003025-RA_2+	AGAP003025-RC_1+	AGAP003025-RB_1+	CUFF.4695.4_3+
./crux_output/comet_8962_2_1	0.457507	0.821256	0.867305	V.FGVYENSR.T	TCONS_00023507_1+
./crux_output/comet_876_3_1	0.454061	0.821256	0.867305	R.FSRQSDCSCGDTD.P	CUFF.843.1_3+	CUFF.843.2_3+
./crux_output/comet_6915_2_4	0.449040	0.821256	0.867305	K.ELMALMLS.S	AGAP006238-PA	ACOM040003-PA	CUFF.1791.1_2+	AGAP006238-RA_3+
./crux_output/comet_10527_2_1	0.440599	0.821256	0.867305	R.AATHRTDVP.G	AGAP011871-RA_2+	CUFF.8995.4_3+	CUFF.8995.5_2+	CUFF.8995.6_1+	CUFF.8995.7_3+	CUFF.8995.1_1+	CUFF.8995.2_3+	CUFF.8995.3_3+	CUFF.8995.8_3+	CUFF.8995.9_2+	CUFF.8995.10_2+	CUFF.8995.11_1+
./crux_output/comet_7009_2_3	0.440514	0.821256	0.867305	K.AISLCDVGE.Y	sp|P17883|SKI3_YEAST
./crux_output/comet_8368_2_2	0.440200	0.821256	0.867305	C.TDICVAFK.K	CUFF.5434.3_2+	AGAP013256-RA_1+
./crux_output/comet_10309_3_1	0.438435	0.821256	0.867305	R.QLHRPRCWSGTITT.T	AGAP001291-RA_2+
./crux_output/comet_6692_3_1	0.437448	0.821256	0.867305	T.ATMWLTCCFQPYR.R	AGAP003815-RA_1+
./crux_output/comet_9970_3_2	0.434512	0.821256	0.867305	R.ADGSFAGRWFPPWRCAR.W	AGAP009877-RA_2+
./crux_output/comet_8153_2_2	0.425656	0.821256	0.867305	R.VFCVLCANL.F	CUFF.2405.1_1+
./crux_output/comet_7665_2_2	0.425058	0.821256	0.867305	E.ANDLMKR.V	AGAP011444-PA	AGAP012608-PA	ACOM041524-PA	CUFF.8231.1_3+	CUFF.8231.3_3+	CUFF.8231.2_1+	AGAP012608-RA_2+	AGAP011444-RA_3+
./crux_output/comet_8886_2_2	0.421044	0.821256	0.867305	R.SSSVFEQFP.E	AGAP001948-PA	ACOM023612-PA	AGAP001948-RA_1+
./crux_output/comet_6394_2_1	0.418944	0.821256	0.867305	R.SSNRSAGTVSV.T	AGAP007021-RA_1+
./crux_output/comet_9016_2_1	0.417613	0.821256	0.867305	P.ISPNDADDK.S	sp|P40094|COG3_YEAST
./crux_output/comet_4613_2_2	0.415514	0.821256	0.867305	A.DSAYSNVR.C	AGAP010819-RA_3+
./crux_output/comet_5740_3_1	0.414984	0.821256	0.867305	K.QAQSQKTIIPQ.R	CUFF.10453.1_2+	CUFF.10453.3_2+	CUFF.10453.2_2+	CUFF.10453.4_1+	AGAP008910-RA_2+
./crux_output/comet_4537_4_1	0.413534	0.821256	0.867305	D.HGNVRPICGCSTPTSTTGHER.T	CUFF.11596.1_3+
./crux_output/comet_9789_2_5	0.412473	0.821256	0.867305	R.TDSGASVQSTTIW.T	AGAP003489-RA_2+	CUFF.5204.1_2+
./crux_output/comet_6429_2_1	0.412471	0.821256	0.867305	R.AMTPTGPK.Q	AGAP003940-PA	ACOM024079-PA	AGAP003940-RA_1+	CUFF.5645.1_2+
./crux_output/comet_6161_3_2	0.410067	0.821256	0.867305	R.GALCGAQFHLNSSL.A	CUFF.5751.7_3+	CUFF.5751.6_3+
./crux_output/comet_6912_2_2	0.404791	0.821256	0.867305	K.WLSFKNLVA.L	CUFF.16510.1_1+
./crux_output/comet_4083_2_4	0.401873	0.821256	0.867305	K.GEEGEREEK.R	CUFF.7924.3_1+	CUFF.7924.2_1+
./crux_output/comet_10559_2_2	0.395763	0.821256	0.867305	R.QSECEGCNTN.K	CUFF.1544.1_1+	CUFF.1544.4_2+	CUFF.1544.3_1+	CUFF.1544.2_1+
./crux_output/comet_10047_3_3	0.391441	0.821256	0.867305	R.TNYARSRPLDGR.C	AGAP007989-RA_2+	CUFF.9601.1_1+
./crux_output/comet_6081_3_2	0.390915	0.821256	0.867305	R.DAVATRGQGDPLVSV.I	CUFF.8770.4_1+	CUFF.8770.3_3+	CUFF.8770.2_2+
./crux_output/comet_7098_2_2	0.386177	0.821256	0.867305	R.SYEASCCPT.V	CUFF.9764.2_3+
./crux_output/comet_9246_2_1	0.385751	0.821256	0.867305	H.GFWTRVMNK.Y	CUFF.16609.2_2+	CUFF.16609.1_2+
./crux_output/comet_7382_2_1	0.383435	0.821256	0.867305	R.ATCSGCLVS.T	AGAP007482-RA_2+
./crux_output/comet_10363_2_1	0.383155	0.821256	0.867305	K.KNKQHCVW.L	AGAP000560-RA_3+
./crux_output/comet_5579_2_1	0.382404	0.821256	0.867305	K.QNCSVLAST.S	AGAP003972-PA	ACOM024027-PA	AGAP003972-RA_1+	CUFF.5691.1_2+	CUFF.5691.3_3+	CUFF.5691.2_3+
./crux_output/comet_4462_3_1	0.371954	0.821256	0.867305	V.SPTSDRNQLER.Q	CUFF.1190.6_1+	CUFF.1190.4_1+	CUFF.1190.5_2+	CUFF.1190.2_3+	CUFF.1190.1_2+	CUFF.1190.8_2+	CUFF.1190.9_2+	CUFF.1190.10_2+	CUFF.1190.7_2+	CUFF.1190.3_2+
./crux_output/comet_7182_2_1	0.371794	0.821256	0.867305	R.NTVGIHPT.V	AGAP000565-PA	AGAP000565-PB	AGAP000565-PC	CUFF.17105.2_3+	AGAP000565-RA_3+	AGAP000565-RC_3+	AGAP000565-RB_2+
./crux_output/comet_6003_3_1	0.368422	0.821256	0.867305	R.SVSMVVCGAVCVP.I	CUFF.10144.1_3+
./crux_output/comet_6862_3_1	0.365518	0.821256	0.867305	G.ADAVGHDQHTAGVCGR.S	AGAP000262-RA_3+
./crux_output/comet_7217_2_2	0.365059	0.821256	0.867305	R.NAGQTAQQNAP.A	CUFF.4860.1_1+
./crux_output/comet_10070_2_1	0.362977	0.821256	0.867305	R.GGGFRSAAAD.Q	CUFF.11566.2_3+	CUFF.11566.1_1+	AGAP009780-RA_1+
./crux_output/comet_7112_2_1	0.361432	0.821256	0.867305	R.RGENKCRPV.H	CUFF.8415.3_3+	CUFF.8415.2_2+
./crux_output/comet_9699_3_1	0.360938	0.821256	0.867305	R.EARPVHGREEGAVRG.E	AGAP008817-RA_2+
./crux_output/comet_7678_4_2	0.356928	0.821256	0.867305	R.SCWTAASIPDCPAWMHCRSSI.X	AGAP001224-RA_2+
./crux_output/comet_9840_3_5	0.356016	0.821256	0.867305	R.ATGWTISLVER.L	AGAP009775-RA_2+	CUFF.11564.5_2+	CUFF.11564.1_2+	CUFF.11564.3_3+	CUFF.11564.2_1+
./crux_output/comet_8440_2_2	0.352646	0.821256	0.867305	K.QSRRCGHGT.T	CUFF.16264.4_1+	CUFF.16264.3_3+
./crux_output/comet_10322_3_3	0.351620	0.821256	0.867305	V.AGRAADDTGVRCAGR.A	CUFF.3532.3_1+	AGAP001775-RA_3+	CUFF.3532.4_3+	CUFF.3532.5_1+	CUFF.3532.1_3+	CUFF.3532.2_3+
./crux_output/comet_5961_3_5	0.346655	0.821256	0.867305	R.STASFIPSVCVCVCK.E	CUFF.11152.2_1+	CUFF.11152.1_1+
./crux_output/comet_7655_3_1	0.343280	0.821256	0.867305	R.HDEAAAADDDDDDD.W	AGAP008914-PA	CUFF.10475.2_3+	CUFF.10475.1_2+
./crux_output/comet_7742_2_1	0.343247	0.821256	0.867305	R.TDNGGDDDD.S	AGAP005203-PA	AGAP005203-PB	AGAP005203-PC	AGAP005203-PD	AGAP005203-PE	AGAP005203-PF	ACOM035295-PA	ACOM035295-PB	ACOM035295-PC	ACOM035295-PD	ACOM035295-PE	ACOM035295-PF	AGAP005203-RH_3+	AGAP005203-RJ_3+	AGAP005203-RE_2+	AGAP005203-RD_3+	AGAP005203-RF_2+	AGAP005203-RA_3+	AGAP005203-RC_3+	AGAP005203-RB_3+	CUFF.839.8_1+
./crux_output/comet_6294_2_2	0.337014	0.821256	0.867305	P.SPPFFHIHTK.T	TCONS_00021014_3+
./crux_output/comet_7680_2_1	0.335794	0.821256	0.867305	E.ALCVVMGR.I	AGAP002102-RA_3+
./crux_output/comet_6201_3_5	0.334490	0.821256	0.867305	R.TRISTAGRSCEGAAQK.E	AGAP011108-RA_2+
./crux_output/comet_8640_2_3	0.333616	0.821256	0.867305	C.ACNVSNATR.T	CUFF.11249.1_3+	CUFF.11249.3_3+	CUFF.11249.2_3+
./crux_output/comet_8512_3_1	0.332932	0.821256	0.867305	E.FPQYAMFNIGCLYAQGK.S	CUFF.5547.5_2+
./crux_output/comet_9593_2_1	0.332645	0.821256	0.867305	R.NGPSGSGSGSGSGGSGGGGGGDV.A	AGAP003983-PA	AGAP003983-RA_1+
./crux_output/comet_5702_3_1	0.330029	0.821256	0.867305	X.ATSYALDWWR.V	CUFF.12056.2_2+	CUFF.12056.3_2+	CUFF.12056.1_3+
./crux_output/comet_6544_2_1	0.327260	0.821256	0.867305	K.GIGQDNNGDTDDDDD.D	AGAP003914-RB_1+	CUFF.5680.4_1+	CUFF.5680.1_1+
./crux_output/comet_9421_2_1	0.326268	0.821256	0.867305	L.TLTTTHPSNGR.R	CUFF.1178.1_3+	CUFF.1178.2_2+	CUFF.1178.3_3+	CUFF.1178.4_1+	CUFF.1178.5_3+	CUFF.1178.6_3+	TCONS_00034817_3+
./crux_output/comet_5379_2_3	0.325064	0.821256	0.867305	K.TTKLYER.S	AGAP003047-RD_2+	AGAP003047-RA_1+	AGAP003047-RC_1+	AGAP003047-RB_1+	CUFF.4721.2_3+	CUFF.4721.1_2+
./crux_output/comet_8059_3_1	0.323830	0.821256	0.867305	G.QHAYTTAHEPR.V	CUFF.7056.3_1+	CUFF.7056.2_1+	CUFF.7056.1_1+	AGAP010490-RA_3+	AGAP010490-RB_3+
./crux_output/comet_7430_2_3	0.322417	0.821256	0.867305	K.YSLSLSGS.K	CUFF.3444.2_2+
./crux_output/comet_9882_3_2	0.320624	0.821256	0.867305	R.LSASWPICCRSTQGC.W	CUFF.8832.1_1+	CUFF.8832.2_1+	CUFF.8832.3_1+	AGAP011551-RA_2+
./crux_output/comet_7331_3_1	0.318001	0.821256	0.867305	K.STDSGNGAGGTHGGH.T	AGAP029047-PA	AGAP000443-RA_1+	CUFF.16393.4_1+	CUFF.16393.1_1+	CUFF.16393.3_3+
./crux_output/comet_9471_3_1	0.317096	0.821256	0.867305	K.VPFAHTYGGVLE.Q	TCONS_00015267_1+
./crux_output/comet_4643_2_1	0.316355	0.821256	0.867305	G.ACGQVGHMR.T	AGAP003882-PA	AGAP003882-PB	ACOM034726-PA	AGAP003882-RB_1+	AGAP003882-RA_1+	CUFF.5551.2_1+	CUFF.5551.1_1+
./crux_output/comet_7600_3_2	0.312810	0.821293	0.867305	K.SIYGGKFPDEN.F	sp|P14832|CYPH_YEAST
./crux_output/comet_4484_2_1	0.303700	0.821293	0.867305	K.KLNAREGEHN.A	AGAP011827-RA_2+	CUFF.8783.1_3+
./crux_output/comet_9556_2_3	0.302721	0.821293	0.867305	R.TLPINNMP.V	sp|P31412|VATC_YEAST
./crux_output/comet_9460_2_1	0.300768	0.821293	0.867305	D.TTTATVTK.T	AGAP004823-RA_3+	CUFF.438.2_3+	CUFF.438.1_2+
./crux_output/comet_6583_2_2	0.299899	0.821293	0.867305	R.YPSDGWSTA.I	AGAP009933-RA_3+	CUFF.11751.3_3+	CUFF.11751.1_3+
./crux_output/comet_7820_2_1	0.299109	0.821293	0.867305	R.VFGCGDYRA.N	AGAP007168-RA_2+
./crux_output/comet_7350_2_1	0.297941	0.821293	0.867305	R.TAMATDTASAASAA.V	CUFF.7723.2_1+	CUFF.7723.1_1+	CUFF.7723.3_2+	CUFF.7723.6_3+	CUFF.7723.7_3+	AGAP011034-RA_2+
./crux_output/comet_8494_2_5	0.296618	0.821293	0.867305	S.IYEGCVMDAK.E	sp|Q06698|YL419_YEAST
./crux_output/comet_7102_2_1	0.294359	0.821293	0.867305	R.ALHVIKLR.C	AGAP009550-PA	AGAP009550-PB
./crux_output/comet_7628_2_1	0.294337	0.821293	0.867305	R.ANESSVEELES.T	AGAP002822-PA	AGAP002822-RA_1+	CUFF.4507.1_1+
./crux_output/comet_6889_3_2	0.291744	0.821293	0.867305	K.QKRDSLVEFGTHTH.T	CUFF.2135.1_1+	CUFF.2135.2_1+
./crux_output/comet_8790_2_5	0.291191	0.821293	0.867305	R.LHLQTLGESCASSV.Q	CUFF.5330.1_2+
./crux_output/comet_6585_2_1	0.288469	0.821293	0.867305	R.TLLDPGST.S	AGAP010251-RA_3+	CUFF.12130.1_3+
./crux_output/comet_10254_3_3	0.282686	0.821293	0.867305	R.TDIMIGSNSTTIICILT.N	AGAP012544-RA_2+
./crux_output/comet_6329_2_1	0.281969	0.821293	0.867305	L.TIHNTTR.Q	AGAP004119-RA_3+	CUFF.5799.5_3+	CUFF.5799.4_2+	CUFF.5799.1_1+	CUFF.5799.3_1+	CUFF.5799.2_1+	DECOY_CUFF.3326.1_3+
./crux_output/comet_4923_2_1	0.279650	0.821293	0.867305	R.GFVKNAFTLV.G	TCONS_00015169_2+
./crux_output/comet_7172_3_4	0.279455	0.821293	0.867305	R.NGHQHHRLSFDSFDLNA.V	AGAP001820-PA	CUFF.3599.1_2+	CUFF.3599.2_1+	AGAP001820-RA_1+
./crux_output/comet_10213_4_2	0.277974	0.821293	0.867305	D.AGNVSDDADAYHVCMSPQELEER.L	AGAP001896-PA	ACOM023690-PA	AGAP001896-RA_3+
./crux_output/comet_9415_3_1	0.275492	0.821293	0.867305	K.RSAPLIGGPGCQCASA.K	CUFF.9490.3_1+	CUFF.9490.2_1+
./crux_output/comet_10053_3_2	0.273250	0.821293	0.867305	K.DQDVTGIIQDFNHLET.I	gi|9790345|ref|NP_062908.1|
./crux_output/comet_6311_3_1	0.270260	0.821293	0.867305	V.QETAESTLNTAASKNK.A	ACOM043192-PA
./crux_output/comet_8639_2_2	0.270152	0.821293	0.867305	R.WGPHSVAVA.A	AGAP003983-RA_2+
./crux_output/comet_8484_4_1	0.263281	0.821293	0.867305	N.SSNNSPTGTNTSPEETEMEK.I	sp|P38140|ERT1_YEAST
./crux_output/comet_9028_2_2	0.262176	0.821293	0.867305	F.LMSSDKMNSALK.F	AGAP008263-PA	ACOM030247-PA	AGAP008263-RA_2+
./crux_output/comet_7300_2_3	0.256603	0.821293	0.867305	K.LDLEWYLVW.T	CUFF.9872.1_3+
./crux_output/comet_5522_2_2	0.254398	0.821293	0.867305	R.TGEAVGEVVGE.A	CUFF.4618.2_2+	CUFF.4618.3_2+	CUFF.4618.1_1+	CUFF.4618.6_1+	CUFF.4618.7_1+	CUFF.4618.4_2+	CUFF.4618.5_3+
./crux_output/comet_8461_2_1	0.250522	0.821293	0.867305	L.AGSAQIFQR.K	AGAP010187-RA_2+
./crux_output/comet_5622_2_1	0.246812	0.821293	0.867305	R.AGPPPAGAW.S	CUFF.3996.1_2+	AGAP002243-RA_2+
./crux_output/comet_4748_2_4	0.239008	0.821293	0.867305	R.LLTHTHLP.G	AGAP010490-PA	AGAP010490-PB	ACOM041679-PA	CUFF.7056.3_2+	CUFF.7056.2_2+	CUFF.7056.1_2+	AGAP010490-RA_1+	AGAP010490-RB_1+
./crux_output/comet_8887_2_1	0.238326	0.821293	0.867305	T.ISFAMSCSAK.R	AGAP002365-RA_2+	CUFF.4078.1_2+
./crux_output/comet_6817_2_1	0.238276	0.821293	0.867305	S.YQSYFK.T	gi|46575688|gb|AAH69135.1|	gi|27371164|gb|AAH41070.1|	gi|14602965|gb|AAH09971.1|	gi|6016413|sp|Q15323|K1H1_HUMAN
./crux_output/comet_6746_2_1	0.236521	0.821293	0.867305	Q.QCSTVAR.T	AGAP012417-RA_3+
./crux_output/comet_7597_3_1	0.234455	0.821293	0.867305	A.GAQHCANNSSIPKR.T	CUFF.9728.1_2+
./crux_output/comet_8118_3_2	0.233155	0.821293	0.867305	D.SPSVPGEWCIK.F	CUFF.11731.2_3+
./crux_output/comet_8619_2_1	0.232801	0.821293	0.867305	R.ALNAHRQAV.A	AGAP011127-PA	ACOM023142-PA	AGAP011127-RA_1+	CUFF.7861.1_1+
./crux_output/comet_7881_2_3	0.232181	0.821293	0.867305	K.LTPEQNNLL.P	TCONS_00038041_3+
./crux_output/comet_7408_3_1	0.232141	0.821293	0.867305	T.QTNTPRNSLPSYR.A	AGAP004131-RA_3+
./crux_output/comet_9000_3_5	0.230039	0.821293	0.867305	K.HPAWSMEIAHAIELQ.A	AGAP008848-PA	ACOM024383-PA	CUFF.10386.1_1+	AGAP008848-RA_1+
./crux_output/comet_9847_3_4	0.224853	0.821293	0.867305	S.NGLGPFTLGSGGDGGR.C	AGAP006873-PA	ACOM031600-PA	CUFF.2313.4_2+	CUFF.2313.2_1+	CUFF.2313.3_1+	CUFF.2313.1_2+	AGAP006873-RA_1+
./crux_output/comet_7520_3_2	0.217950	0.821293	0.867305	D.TTTVYDPTMVAR.S	AGAP009780-PA	ACOM026880-PA	CUFF.11566.2_1+	CUFF.11566.1_2+	AGAP009780-RA_2+
./crux_output/comet_5198_2_1	0.216556	0.821293	0.867305	K.KATETTTSW.A	ACOM028771-PA
./crux_output/comet_6179_3_1	0.211745	0.821293	0.867305	R.KIASESWWHMSL.G	CUFF.12010.1_2+	CUFF.12010.2_2+	AGAP010160-RA_2+
./crux_output/comet_8441_2_1	0.210825	0.821293	0.867305	X.KTTSAATR.A	AGAP013292-RA_2+	CUFF.4864.1_2+
./crux_output/comet_7827_3_1	0.208933	0.821293	0.867305	K.SVAPLRQSDFSIE.H	AGAP003406-PA	ACOM028352-PA	AGAP003406-RA_1+
./crux_output/comet_6328_2_1	0.206293	0.821293	0.867305	K.QHKSTIENL.T	CUFF.9160.2_3+	CUFF.9160.4_3+	CUFF.9160.3_3+
./crux_output/comet_9472_4_1	0.205763	0.821293	0.867305	K.FGCSKHLEFPNGVVVND.K	AGAP029444-PA	ACOM033473-PA	AGAP010054-RA_2+	CUFF.11971.2_2+
./crux_output/comet_8511_2_4	0.204578	0.821293	0.867305	K.LNELVLD.E	CUFF.11960.1_3+
./crux_output/comet_8905_2_4	0.202860	0.821293	0.867305	K.SQPKPQTASAAGAN.N	sp|P48510|DSK2_YEAST
./crux_output/comet_9638_3_1	0.198647	0.821293	0.867305	R.TAGCCPPTGCAT.S	CUFF.10429.2_2+	CUFF.10429.1_1+	AGAP008851-RA_2+	CUFF.10429.3_3+
./crux_output/comet_10115_4_1	0.190801	0.821293	0.867305	V.VVKSHGWEPHSHSYSEFHSW.-	AGAP008893-PA	ACOM040706-PA
./crux_output/comet_8460_3_1	0.187543	0.821293	0.867305	A.SCTTWDSTIPNRPSCSDR.S	AGAP013416-RA_2+	CUFF.4451.1_1+
./crux_output/comet_6529_3_1	0.187214	0.821293	0.867305	K.IKYYAEMCAQP.G	AGAP008305-PA	ACOM030173-PA	CUFF.9967.1_3+	AGAP008305-RA_3+	AGAP008305-RC_1+	AGAP008305-RB_3+
./crux_output/comet_4711_2_2	0.185202	0.821293	0.867305	R.EAEAPGQLQGE.A	TCONS_00022932_3+
./crux_output/comet_7842_2_1	0.185091	0.821293	0.867305	L.AAVAAASETNGK.L	sp|P32597|STH1_YEAST
./crux_output/comet_5359_2_1	0.184381	0.821293	0.867305	F.ANGFLSVK.S	sp|P53208|EAT1_YEAST
./crux_output/comet_7346_2_1	0.183275	0.821293	0.867305	D.GAAAHADGPER.V	AGAP005541-RA_3+	CUFF.1105.1_3+
./crux_output/comet_10636_3_1	0.182677	0.821293	0.867305	C.CSCSDSADGSSNSCASR.N	CUFF.10467.1_2+
./crux_output/comet_10189_2_3	0.181749	0.821293	0.867305	Y.GKAQNLPNTPR.H	AGAP003651-RB_3+	AGAP003651-RA_3+	CUFF.5381.2_1+	TCONS_00034122_3+	CUFF.5381.3_2+	CUFF.5381.4_2+	CUFF.5381.5_2+	TCONS_00034304_3+	TCONS_00034305_3+
./crux_output/comet_6527_2_1	0.178702	0.821293	0.867305	K.YNAKCAGEA.S	AGAP007395-PA	ACOM025641-PA	AGAP007395-RA_1+
./crux_output/comet_10589_2_1	0.168896	0.821293	0.867305	R.STSTGTLPPNW.L	CUFF.759.6_1+	CUFF.759.5_2+	AGAP005076-RA_2+
./crux_output/comet_6926_2_2	0.166773	0.821293	0.867305	R.QSSAADVSYTS.I	CUFF.5204.1_3+
./crux_output/comet_5708_3_4	0.164500	0.821293	0.867305	K.YQQHSSHLTTV.V	CUFF.17494.2_2+
./crux_output/comet_7606_3_1	0.161635	0.821293	0.867305	R.EANGCNDKDPEPC.L	CUFF.3006.6_2+
./crux_output/comet_7269_3_2	0.160983	0.821293	0.867305	K.SSSGACACVYVLMC.E	CUFF.1581.1_3+	CUFF.1581.2_3+	CUFF.1581.3_3+	CUFF.1581.4_3+	CUFF.1581.5_3+	CUFF.1581.6_3+
./crux_output/comet_5431_2_1	0.158195	0.821293	0.867305	E.VHAAAAER.S	AGAP005938-PA	ACOM024928-PA	AGAP005938-RA_1+	CUFF.1502.1_2+
./crux_output/comet_892_3_2	0.157054	0.821293	0.867305	I.QDLADIIRNSACR.C	CUFF.5312.4_2+	CUFF.5312.5_2+	CUFF.5312.2_3+	CUFF.5312.1_2+
./crux_output/comet_885_2_1	0.153980	0.821293	0.867305	D.ASTFTER.V	AGAP007659-PA	AGAP007659-PB	ACOM025957-PA	AGAP007659-RB_1+	AGAP007659-RA_1+
./crux_output/comet_10619_3_1	0.153558	0.821293	0.867305	K.SIFSIDIHPSGE.R	AGAP009488-PA	ACOM032382-PA	AGAP009488-RA_1+
./crux_output/comet_4683_2_1	0.148592	0.821293	0.867305	R.GYNCTHPPLH.Y	TCONS_00018102_3+
./crux_output/comet_5456_2_2	0.147898	0.821293	0.867305	R.IGSEPQRPVAD.G	AGAP006758-RA_3+	CUFF.2205.2_3+
./crux_output/comet_7763_2_2	0.143980	0.821293	0.867305	R.GDEEILIQENNCEG.K	sp|P42223|SBE2_YEAST
./crux_output/comet_9695_3_2	0.141681	0.821293	0.867305	K.LEEQTDEEEVAAAA.A	AGAP002735-PA	ACOM036444-PA	AGAP002735-RA_1+	CUFF.4449.2_1+	CUFF.4449.1_1+
./crux_output/comet_6032_2_5	0.135446	0.821293	0.867305	R.KGQNLYYPP.D	AGAP007890-PA	ACOM030841-PA	AGAP007890-RA_1+
./crux_output/comet_8158_2_1	0.135256	0.821293	0.867305	R.MLFDSLRLS.A	AGAP008758-RA_2+
./crux_output/comet_10287_3_1	0.133722	0.821293	0.867305	R.CEQVPAGAGLPEAAGANDA.P	AGAP009197-RA_2+
./crux_output/comet_8760_2_1	0.133637	0.821293	0.867305	R.AGGAARAGHA.G	CUFF.16211.1_3+	AGAP000337-RA_3+
./crux_output/comet_7107_2_1	0.128330	0.821293	0.867305	R.AVPATLPAQ.P	CUFF.2124.3_1+	CUFF.2124.1_3+	CUFF.2124.6_2+	CUFF.2124.7_1+	CUFF.2124.4_1+	CUFF.2124.5_2+	CUFF.2124.8_3+	AGAP006647-RB_3+	AGAP006647-RA_3+
./crux_output/comet_10626_3_2	0.119778	0.821293	0.867305	R.DGAYSVSLCVQRG.R	ACOM030237-PA
./crux_output/comet_7856_3_1	0.119164	0.821293	0.867305	K.KENPCDMGNNSAARGEVW.D	TCONS_00028137_2+
./crux_output/comet_9179_2_1	0.115194	0.821293	0.867305	S.PDDKYAKK.I	AGAP028522-PA	ACOM041486-PA	TCONS_00023808_1+	TCONS_00023807_2+	TCONS_00023809_2+	TCONS_00023806_3+	TCONS_00023810_2+	TCONS_00023805_2+
./crux_output/comet_8763_3_1	0.109552	0.821293	0.867305	R.LEDLKPWSVEEMEDEATVQEGTNEGE.K	ACOM029122-PA
./crux_output/comet_6303_2_3	0.104317	0.821293	0.867305	K.TQHTSTHLEG.H	CUFF.9511.2_1+	CUFF.9511.1_2+
./crux_output/comet_4635_3_1	0.101518	0.821293	0.867305	A.SDILNDAHVYR.A	AGAP013427-PA	ACOM033554-PA	AGAP013427-RA_2+
./crux_output/comet_8166_3_4	0.101368	0.821293	0.867305	K.QYDMSKISSNK.Q	CUFF.293.6_2+	CUFF.293.12_3+	CUFF.293.10_2+	CUFF.293.11_1+	CUFF.293.4_3+	CUFF.293.8_2+	CUFF.293.9_3+
./crux_output/comet_7697_3_1	0.099307	0.821293	0.867305	A.KHTNIVWIFR.T	TCONS_00033640_1+
./crux_output/comet_7738_3_2	0.089620	0.821293	0.867305	R.TASRAVEQVPDA.R	AGAP005115-RA_3+
./crux_output/comet_8606_2_5	0.088597	0.821293	0.867305	K.ALNFNVIGR.Y	sp|Q12517|DCP1_YEAST
./crux_output/comet_6455_2_1	0.082604	0.821293	0.867305	R.ASMVAFVSV.S	AGAP006730-RA_2+	CUFF.2195.1_3+
./crux_output/comet_4945_3_4	0.082563	0.821293	0.867305	R.FGCLEMEMFMY.V	CUFF.7323.8_1+	CUFF.7323.4_2+	CUFF.7323.5_3+	CUFF.7323.6_2+	CUFF.7323.7_1+	CUFF.7323.1_2+	CUFF.7323.2_3+	CUFF.7323.3_2+
./crux_output/comet_10301_3_1	0.080847	0.821293	0.867305	R.QTAANAGARGGANIEG.K	AGAP008639-RA_3+
./crux_output/comet_8893_3_1	0.080081	0.821293	0.867305	F.ACVVHDFLFTQLR.G	CUFF.6889.2_2+
./crux_output/comet_6124_2_1	0.077069	0.821293	0.867305	R.GDDEDEC.T	AGAP004066-PA	ACOM033392-PA	CUFF.5775.2_2+	CUFF.5775.1_3+	AGAP004066-RA_1+
./crux_output/comet_5725_2_3	0.072081	0.821293	0.867305	K.CYWWWW.W	AGAP003669-RA_3+
./crux_output/comet_5649_3_3	0.071979	0.821293	0.867305	-.MSKSTNVSYER.V	sp|Q04231|RAD33_YEAST
./crux_output/comet_7302_2_3	0.070644	0.821293	0.867305	S.GYGNGITNTTTR.V	sp|P18480|SNF5_YEAST
./crux_output/comet_6024_2_1	0.068961	0.821293	0.867305	K.QDCFDLAEG.M	sp|Q12013|AKR2_YEAST
./crux_output/comet_10455_2_1	0.068463	0.821293	0.867305	A.VCVFAWGGK.Y	TCONS_00028398_3+
./crux_output/comet_5948_2_2	0.059361	0.821293	0.867305	R.QSLGAIEPV.G	ACOM037493-PA
./crux_output/comet_7284_2_5	0.050321	0.821293	0.867305	K.IKKPTASR.R	CUFF.6205.6_2+	CUFF.6205.7_1+	CUFF.6205.5_2+	CUFF.6205.2_2+	CUFF.6205.3_1+	CUFF.6205.1_1+
./crux_output/comet_9161_2_2	0.046847	0.821293	0.867305	Q.QCGPQHR.F	ACOM026096-PA	CUFF.681.1_2+	AGAP005068-RA_3+
./crux_output/comet_9594_2_2	0.045967	0.821293	0.867305	E.FDDYESDK.L	AGAP008340-PA	CUFF.9864.1_1+
./crux_output/comet_8769_3_1	0.045561	0.821293	0.867305	R.VPLSQVSDVQND.R	AGAP000298-RA_3+
./crux_output/comet_9435_2_1	0.042006	0.821293	0.867305	M.YLSMGVMK.X	TCONS_00031607_3+
./crux_output/comet_8724_2_3	0.040909	0.821293	0.867305	V.QVWYEK.K	CUFF.10053.5_3+	CUFF.10053.3_3+	CUFF.10053.2_1+
./crux_output/comet_8786_3_3	0.033236	0.821293	0.867305	R.DTSTTYSGVTRQ.N	AGAP009143-PA	AGAP009143-PB	ACOM027190-PA	CUFF.10802.3_2+	CUFF.10802.2_3+	CUFF.10802.1_1+	CUFF.10802.6_1+	CUFF.10802.4_1+	AGAP009143-RA_1+
./crux_output/comet_8179_2_2	0.031721	0.821293	0.867305	C.QGFPCQFETRR.A	CUFF.930.2_2+	CUFF.930.1_2+
./crux_output/comet_5553_2_2	0.031492	0.821293	0.867305	V.AGFAGEVR.E	CUFF.2317.1_3+	AGAP006885-RA_3+
./crux_output/comet_7674_2_2	0.028782	0.821293	0.867305	R.TVTSTTASIV.G	AGAP013654-RA_3+
./crux_output/comet_5298_3_1	0.023564	0.821293	0.867305	K.TKSIECPCLQ.Q	AGAP006748-RA_1+
./crux_output/comet_6432_3_2	0.019452	0.821293	0.867305	R.CVGGGAEAACECGSR.P	CUFF.17041.1_3+	CUFF.17041.2_1+	AGAP000890-RA_3+
./crux_output/comet_7018_2_1	0.010164	0.821293	0.867305	K.AEERGDSIP.A	AGAP029516-PA	CUFF.8705.10_2+	CUFF.8705.14_2+	CUFF.8705.5_2+	CUFF.8705.7_2+	CUFF.8705.6_2+	CUFF.8705.1_2+	CUFF.8705.3_2+	CUFF.8705.9_2+	CUFF.8705.8_3+
./crux_output/comet_9437_3_3	0.005348	0.821293	0.867305	K.DPPDALTSSPTSPSSVDEEQEQVCSTASG.I	AGAP004693-PA	AGAP004693-RA_1+
./crux_output/comet_7396_2_4	0.004408	0.821293	0.867305	R.KAALLPPLK.Y	AGAP010158-RA_1+	CUFF.12004.1_2+
./crux_output/comet_10338_2_1	0.002646	0.821293	0.867305	R.YLLDPTT.P	AGAP029103-PA	ACOM034771-PA	AGAP013193-RA_1+	CUFF.5577.3_1+	CUFF.5577.2_3+	CUFF.5577.1_1+	CUFF.5577.4_2+
./crux_output/comet_7545_3_1	-0.001021	0.821293	0.867305	R.YNEIEFVPTN.V	TCONS_00031490_1+
./crux_output/comet_6657_3_2	-0.004983	0.821293	0.867305	K.QMRNNGQFWGVSVS.A	CUFF.16347.2_2+	CUFF.16347.1_2+
./crux_output/comet_8959_2_4	-0.012913	0.821293	0.867305	K.GGVWTNVED.Q	sp|Q03654|CEF1_YEAST
./crux_output/comet_6240_3_4	-0.013875	0.821293	0.867305	R.SLFNGSIIESMETP.G	ACOM035731-PA
./crux_output/comet_10362_2_1	-0.014670	0.821293	0.867305	R.CGQVEHDDDD.D	ACOM033092-PA	AGAP004246-RB_1+	CUFF.5914.4_2+	CUFF.5914.3_1+
./crux_output/comet_9466_2_1	-0.019918	0.821293	0.867305	K.TFTTRCTCW.K	AGAP011835-RA_2+	CUFF.8787.1_2+
./crux_output/comet_8857_3_2	-0.022625	0.821293	0.867305	A.QAASIDTTNCPVVR.L	CUFF.2612.2_1+	CUFF.2612.1_3+
./crux_output/comet_7075_2_1	-0.025605	0.821293	0.867305	R.TPPIMQC.A	CUFF.10863.9_3+	CUFF.10863.1_3+	CUFF.10863.2_3+	CUFF.10863.4_3+	CUFF.10863.5_1+	CUFF.10863.6_1+	CUFF.10863.7_3+	CUFF.10863.3_2+
./crux_output/comet_9312_3_1	-0.032874	0.821293	0.867305	T.EIVLPSDDSAEK.D	AGAP001174-PA	ACOM043136-PA	AGAP001174-RA_3+
./crux_output/comet_6209_2_1	-0.033079	0.821293	0.867305	R.TFGCTESLFV.R	AGAP007844-RA_2+	CUFF.9493.1_3+
./crux_output/comet_8819_3_4	-0.039888	0.821293	0.867305	R.FITYTFLHAGSV.H	AGAP009451-PA	ACOM032317-PA	AGAP009451-RA_1+
./crux_output/comet_6727_3_1	-0.041001	0.821293	0.867305	R.HHCSPIPKSHT.S	CUFF.1190.6_2+	CUFF.1190.4_2+	CUFF.1190.5_3+	CUFF.1190.2_1+	CUFF.1190.1_3+	CUFF.1190.9_3+	CUFF.1190.10_3+	AGAP005508-RA_3+	AGAP005508-RC_3+	AGAP005508-RB_3+	CUFF.1190.7_3+	CUFF.1190.3_3+
./crux_output/comet_7616_2_1	-0.046230	0.821293	0.867305	S.LACQKER.V	CUFF.16541.2_3+
./crux_output/comet_6049_2_3	-0.046401	0.821293	0.867305	D.ESKEEDMQPQLSEQK.E	AGAP009990-PA	ACOM029408-PA	AGAP009990-RA_1+	CUFF.11859.1_1+	CUFF.11859.2_1+	CUFF.11859.3_2+	CUFF.11859.8_1+	CUFF.11859.9_1+
./crux_output/comet_8986_4_1	-0.046706	0.821293	0.867305	R.WSSGGGIKGHQIFQPPHEC.G	CUFF.10243.2_1+	CUFF.10243.3_1+
./crux_output/comet_4993_3_2	-0.051329	0.821293	0.867305	V.CCTFCCCCR.C	CUFF.707.6_3+	CUFF.707.5_2+
./crux_output/comet_9584_2_1	-0.054187	0.821293	0.867305	R.SVDENGRETPCEE.G	AGAP000137-PA	ACOM040146-PA	CUFF.16020.5_2+	CUFF.16020.4_2+	CUFF.16020.6_2+	CUFF.16020.1_2+	CUFF.16020.3_1+	CUFF.16020.2_1+	AGAP000137-RA_1+
./crux_output/comet_6691_3_2	-0.058871	0.821293	0.867305	R.WTCTSMAFGSRAT.W	AGAP007103-RD_2+	AGAP007103-RB_3+	AGAP007103-RC_1+	AGAP007103-RA_3+
./crux_output/comet_10107_3_1	-0.059187	0.821293	0.867305	R.LRASDWEDIETYLYA.Y	CUFF.8821.4_2+	CUFF.8821.5_2+	CUFF.8821.1_2+	CUFF.8821.2_2+	CUFF.8821.3_1+
./crux_output/comet_8215_3_1	-0.074676	0.821293	0.867305	D.CQYDSSQWRRWK.W	AGAP004508-RA_3+
./crux_output/comet_8035_3_1	-0.074852	0.821293	0.867305	N.TPCTVLSSSSLFFVR.X	CUFF.2103.4_1+	CUFF.2103.3_2+	CUFF.2103.2_1+	CUFF.2103.1_1+	CUFF.2103.6_3+	CUFF.2103.5_3+
./crux_output/comet_5067_3_5	-0.075828	0.821293	0.867305	K.DLCFGCFHNNDAGGP.I	CUFF.3198.1_2+	CUFF.3198.3_2+
./crux_output/comet_8054_2_2	-0.076852	0.821293	0.867305	K.AIYCDPPY.F	AGAP002916-PA	ACOM037473-PA	CUFF.4584.2_2+	CUFF.4584.3_3+	CUFF.4584.1_2+	AGAP002916-RA_1+
./crux_output/comet_5494_2_2	-0.085014	0.821293	0.867305	I.AQYSAER.R	CUFF.3887.2_2+
./crux_output/comet_7423_2_2	-0.086678	0.821293	0.867305	R.IVYTHVCLTF.Y	CUFF.2714.10_1+	CUFF.2714.1_3+	CUFF.2714.3_3+	CUFF.2714.2_1+	CUFF.2714.5_1+	CUFF.2714.4_2+	CUFF.2714.9_1+
./crux_output/comet_7263_3_3	-0.089881	0.821293	0.867305	L.DSLTEHFDIPK.V	AGAP000425-PA	AGAP000425-RA_3+
./crux_output/comet_9522_3_3	-0.089964	0.821293	0.867305	R.LFEMGFGEQLTET.I	AGAP007511-PA	ACOM025745-PA	AGAP007511-RA_1+
./crux_output/comet_8098_3_1	-0.090816	0.821293	0.867305	K.VCRRAGGTSLPD.R	AGAP005330-RA_3+
./crux_output/comet_6525_2_1	-0.092279	0.821293	0.867305	S.QITAESDQER.I	CUFF.5226.11_3+	CUFF.5226.12_3+	CUFF.5226.16_2+	CUFF.5226.1_2+	CUFF.5226.13_2+	AGAP003546-RA_3+	AGAP003546-RC_3+	CUFF.5226.10_2+	CUFF.5226.6_3+	CUFF.5226.3_3+
./crux_output/comet_5060_2_2	-0.092418	0.821293	0.867305	R.SDPFQRCKG.A	AGAP007016-RA_2+
./crux_output/comet_6191_3_1	-0.094883	0.821293	0.867305	K.LFSSLCGEPFVC.C	CUFF.2065.2_1+	CUFF.2065.3_2+	CUFF.2065.1_1+	CUFF.2065.6_3+	CUFF.2065.5_3+	CUFF.2065.4_2+
./crux_output/comet_8229_2_1	-0.100676	0.821293	0.867305	R.GASKNESQPV.A	TCONS_00007386_3+	TCONS_00007387_2+	TCONS_00007385_1+
./crux_output/comet_7579_3_1	-0.104040	0.821293	0.867305	R.GFCCCCCHSFP.P	CUFF.2732.1_1+	CUFF.2732.5_2+	CUFF.2732.4_1+
./crux_output/comet_10291_3_5	-0.105366	0.821293	0.867305	R.SCMPLPLHNSTLPPTQNPG.S	TCONS_00011281_1+
./crux_output/comet_5214_2_2	-0.106147	0.821293	0.867305	N.STEASYVWR.R	CUFF.3074.2_1+	CUFF.3074.1_1+
./crux_output/comet_9836_3_1	-0.110409	0.821293	0.867305	P.GEGGHDTGQAGPVR.S	AGAP001700-RA_3+	CUFF.3448.1_3+
./crux_output/comet_9712_3_1	-0.111779	0.821293	0.867305	A.TAHCCNQGAGVFR.V	CUFF.3155.1_2+	AGAP001341-RA_1+
./crux_output/comet_6043_3_3	-0.114806	0.821293	0.867305	K.DTSMVLFFVCLSCSH.I	sp|P27999|RPB9_YEAST
./crux_output/comet_8202_4_1	-0.115328	0.821293	0.867305	A.ISSVHRTTVFHCCR.A	CUFF.1144.3_1+	CUFF.1144.2_1+	CUFF.1144.5_1+	CUFF.1144.4_1+	AGAP005606-RA_1+
./crux_output/comet_6071_2_4	-0.115998	0.821293	0.867305	K.HEMDSQIALH.C	AGAP008683-PA	ACOM029108-PA	CUFF.10303.1_1+	CUFF.10303.2_1+	AGAP008683-RA_1+
./crux_output/comet_6252_3_1	-0.117156	0.821293	0.867305	D.QEEQHPGVKVADTEK.E	AGAP006266-PA	ACOM039952-PA	CUFF.1895.4_1+	CUFF.1895.1_1+	AGAP006266-RA_1+
./crux_output/comet_10588_2_1	-0.124534	0.821293	0.867305	K.NCDDEESGEDSS.S	AGAP005106-PA	AGAP005106-PB	AGAP005106-RB_2+	AGAP005106-RA_2+	CUFF.729.1_3+
./crux_output/comet_4372_3_2	-0.129023	0.821293	0.867305	R.LPWRLNVEVW.G	CUFF.1786.1_3+	AGAP006229-RA_2+
./crux_output/comet_9410_2_1	-0.130464	0.821293	0.867305	R.RGITSGEMVP.I	CUFF.9401.5_3+	CUFF.9401.4_2+	CUFF.9401.1_1+	CUFF.9401.3_2+	CUFF.9401.2_1+
./crux_output/comet_5491_4_3	-0.135919	0.821293	0.867305	K.LPQSPRPLNDYFDEDS.I	AGAP028565-PA	ACOM027054-PA	TCONS_00027766_1+
./crux_output/comet_8539_4_3	-0.137282	0.821293	0.867305	P.EGQTHPPDLTAPDPDGAHR.S	AGAP011449-PA	ACOM041516-PA	AGAP011449-RA_3+	CUFF.8237.1_1+
./crux_output/comet_7708_4_1	-0.141229	0.821293	0.867305	V.NVMTQAEVEALNKQQQQQQHTK.S	AGAP004745-PA	AGAP004745-PB	ACOM038431-PA	AGAP004745-RA_2+	AGAP004745-RB_2+	CUFF.275.1_1+
./crux_output/comet_9876_4_1	-0.157390	0.821293	0.867305	A.SSEPIVPVVESKNEVKR.Q	sp|P40343|VPS27_YEAST
./crux_output/comet_9656_3_1	-0.159388	0.821293	0.867305	R.KSNVTWCEDDKNASIYN.A	CUFF.12313.1_3+	AGAP012636-RA_2+	CUFF.13942.1_3+
./crux_output/comet_5250_3_1	-0.165803	0.821293	0.867305	R.WPTSPARTLSSS.S	AGAP010585-RA_2+	CUFF.7099.1_2+	CUFF.7099.2_2+	CUFF.7099.3_3+
./crux_output/comet_5886_2_2	-0.169688	0.821293	0.867305	K.SDGDSESDQ.D	AGAP004751-PA	ACOM038445-PA	CUFF.292.1_1+	AGAP004751-RA_1+
./crux_output/comet_7084_2_4	-0.171199	0.821293	0.867305	R.DLLYIAR.K	TCONS_00039546_3+
./crux_output/comet_6830_2_4	-0.181206	0.821293	0.867305	R.ATSGDSER.L	CUFF.1971.1_3+
./crux_output/comet_10234_3_3	-0.181746	0.821293	0.867305	R.ISNSAMNFSTFVV.L	AGAP007303-RA_1+
./crux_output/comet_6126_4_1	-0.185032	0.821293	0.867305	G.SDSDTETSSEQSEDEEGGK.R	AGAP012121-PA	ACOM026547-PA	AGAP012121-RA_1+
./crux_output/comet_6451_2_4	-0.191632	0.821293	0.867305	K.TVFLSVCVW.K	CUFF.9165.6_2+	CUFF.9165.2_1+	CUFF.9165.3_3+	CUFF.9165.1_3+	CUFF.9165.7_3+	CUFF.9165.5_2+	CUFF.9165.8_2+
./crux_output/comet_8405_2_1	-0.192884	0.821293	0.867305	T.LMLCSVK.T	AGAP029328-PA
./crux_output/comet_8825_3_2	-0.198217	0.821293	0.867305	K.SLSFLKSNNYE.D	sp|P25588|MRC1_YEAST
./crux_output/comet_6347_3_1	-0.199682	0.821293	0.867305	S.QSMINNWQLR.E	AGAP029897-PA	AGAP029897-PB	AGAP029897-PC	AGAP029897-PD	CUFF.11344.8_1+	CUFF.11344.1_1+	CUFF.11344.7_1+	CUFF.11344.6_1+	AGAP009554-RA_1+	CUFF.11344.17_1+
./crux_output/comet_6000_2_1	-0.201279	0.821293	0.867305	R.AGSSPTVPPV.R	AGAP010174-RA_3+
./crux_output/comet_8623_2_1	-0.207167	0.821293	0.867305	R.LNDVNYL.V	AGAP027981-PA	AGAP027981-RA_1+
./crux_output/comet_5855_3_1	-0.209284	0.821293	0.867305	K.QNFLPIPPPPP.X	CUFF.16055.2_3+
./crux_output/comet_9156_2_2	-0.217433	0.821293	0.867305	R.CWDCCWWC.R	AGAP001786-RA_3+
./crux_output/comet_8169_2_1	-0.217620	0.821293	0.867305	R.TVLDQPPPV.C	CUFF.3868.1_3+	AGAP002132-RA_2+
./crux_output/comet_10325_4_2	-0.220410	0.821293	0.867305	P.HPTCAHSLSLLGVSSCMECER.G	AGAP012922-PA	ACOM028733-PA	CUFF.15503.2_1+	AGAP012922-RA_1+
./crux_output/comet_9643_3_5	-0.224292	0.821293	0.867305	R.TLASCVCLLLFSC.T	CUFF.11299.2_3+	CUFF.11299.8_2+	CUFF.11299.3_3+	CUFF.11299.1_1+	CUFF.11299.6_1+	CUFF.11299.5_3+
./crux_output/comet_10414_2_4	-0.232520	0.821293	0.867305	R.VSDHAAGDEQLPGQH.D	AGAP005175-RA_2+	AGAP005175-RB_2+	CUFF.826.8_1+	CUFF.826.2_3+	CUFF.826.3_3+	CUFF.826.6_2+	CUFF.826.7_1+	CUFF.826.5_3+
./crux_output/comet_10640_2_1	-0.233425	0.821293	0.867305	K.IDENCETKDVI.S	TCONS_00011281_3+
./crux_output/comet_7113_2_1	-0.235938	0.821293	0.867305	Y.DDGERVENGR.D	ACOM041968-PA
./crux_output/comet_6587_2_2	-0.245941	0.821293	0.867305	G.QGAFGNMCR.G	sp|P49626|RL4B_YEAST	sp|P10664|RL4A_YEAST
./crux_output/comet_10538_2_1	-0.247312	0.821293	0.867305	S.KTNSVTVTGR.V	CUFF.10225.8_2+	CUFF.10225.1_3+	CUFF.10225.2_2+	CUFF.10225.3_2+	CUFF.10225.4_1+	CUFF.10225.5_3+	CUFF.10225.6_1+	CUFF.10225.7_1+
./crux_output/comet_4183_3_3	-0.249029	0.821293	0.867305	P.GEAGSGQGCDGGAEGR.V	CUFF.10115.1_1+	AGAP008604-RB_3+	AGAP008604-RA_2+
./crux_output/comet_7204_3_1	-0.251172	0.821293	0.867305	F.AVFDGHAGDNVAK.H	AGAP008149-PA	ACOM030454-PA	CUFF.9744.1_3+	AGAP008149-RA_2+
./crux_output/comet_6299_2_1	-0.262224	0.821293	0.867305	V.QFCYSNK.T	CUFF.4143.1_1+
./crux_output/comet_6552_3_3	-0.262446	0.821293	0.867305	K.QPLYPPEIFFPPS.A	CUFF.9263.1_3+	CUFF.9263.5_2+	CUFF.9263.4_3+	CUFF.9263.3_2+	CUFF.9263.2_3+
./crux_output/comet_6869_2_1	-0.262620	0.821293	0.867305	N.TTTTQNTHR.R	AGAP009806-RA_3+	CUFF.11650.3_2+	CUFF.11650.1_2+
./crux_output/comet_5774_2_1	-0.263583	0.821293	0.867305	R.CESPAEHAAD.H	CUFF.4889.3_1+	AGAP003194-RA_3+	AGAP003194-RB_1+
./crux_output/comet_5167_2_1	-0.268334	0.821293	0.867305	K.KFSQSPNSST.I	sp|Q02457|TBF1_YEAST
./crux_output/comet_10445_3_2	-0.270113	0.821293	0.867305	R.GGGGGTSGGAGEGGGRSTQTNSPA.G	ACOM038878-PA
./crux_output/comet_8111_2_2	-0.274164	0.821293	0.867305	R.KFETNTGDS.I	AGAP027984-PA	ACOM029970-PA	CUFF.9987.1_1+	AGAP027984-RA_1+
./crux_output/comet_8317_2_1	-0.277193	0.821293	0.867305	A.ASGLYASER.R	AGAP005017-RA_3+
./crux_output/comet_6514_2_1	-0.277306	0.821293	0.867305	R.SVSFRGASV.A	CUFF.9734.1_1+	AGAP008183-RA_2+
./crux_output/comet_6539_2_1	-0.289159	0.821293	0.867305	K.CMFVAGSVCVS.V	CUFF.2690.4_1+	CUFF.2690.5_1+	CUFF.2690.6_3+	CUFF.2690.7_1+	CUFF.2690.1_3+	CUFF.2690.2_3+	CUFF.2690.3_1+	CUFF.2690.8_3+
./crux_output/comet_6066_2_4	-0.289813	0.821293	0.867305	K.QIGRSER.E	CUFF.4452.1_3+	AGAP002758-RA_3+
./crux_output/comet_6382_3_2	-0.291246	0.821293	0.867305	-.MAGKKSPSEQEEFHT.H	ACOM026246-PA
./crux_output/comet_9889_3_1	-0.299079	0.821293	0.867305	K.TDSVFSCESVLELT.H	sp|P50107|LGUL_YEAST
./crux_output/comet_6536_2_1	-0.304757	0.821293	0.867305	K.KNFLMNHT.T	CUFF.5209.4_1+	CUFF.5139.1_3+
./crux_output/comet_10097_3_1	-0.309184	0.821293	0.867305	K.AHGWTSAGAYEVRGEVF.N	sp|P35845|OSH1_YEAST
./crux_output/comet_10154_4_3	-0.312648	0.821293	0.867305	K.MATSPHHHQAVTAAYTHHGSVYGH.G	ACOM030126-PA
./crux_output/comet_5922_2_2	-0.313981	0.821293	0.867305	R.QARAHPRR.R	TCONS_00039534_3+
./crux_output/comet_4743_2_3	-0.314199	0.821293	0.867305	R.APCSLCHA.X	CUFF.17038.4_2+	CUFF.17038.1_2+	CUFF.17038.5_2+	CUFF.17038.3_1+	CUFF.17038.2_2+
./crux_output/comet_8897_3_2	-0.316517	0.821293	0.867305	-.ARPCCPSVLRS.Q	AGAP003231-RA_3+
./crux_output/comet_5445_3_3	-0.318820	0.821293	0.867305	K.TKNKQQTEFNGQ.T	CUFF.1077.4_3+	CUFF.1077.2_2+	CUFF.1077.3_2+	CUFF.1077.1_1+
./crux_output/comet_7393_2_1	-0.319184	0.821293	0.867305	K.KGPPANMC.A	AGAP001938-RA_3+	CUFF.3659.2_3+	CUFF.3659.1_1+
./crux_output/comet_10105_3_5	-0.323174	0.821293	0.867305	N.WDFWTIERIFR.L	AGAP004636-RA_2+	CUFF.6550.3_1+	CUFF.6550.2_3+	CUFF.6550.1_3+
./crux_output/comet_8043_3_3	-0.325541	0.821293	0.867305	R.NGMQHRRHRP.D	AGAP002828-RA_3+
./crux_output/comet_10025_3_1	-0.326635	0.821293	0.867305	R.INENVRCDSCMLTLTAA.R	CUFF.1922.1_1+	CUFF.1922.2_3+
./crux_output/comet_7214_2_2	-0.336161	0.821293	0.867305	R.KGSTGTISV.N	CUFF.16880.1_3+
./crux_output/comet_8715_3_2	-0.336676	0.821293	0.867305	S.PVVQVMGDGENR.H	AGAP007823-PA	ACOM030970-PA	AGAP007823-RA_1+	CUFF.9456.1_3+	CUFF.9456.2_3+
./crux_output/comet_10378_3_2	-0.345707	0.821293	0.867305	F.KPAAWVPPTEDDSDE.-	sp|P32469|DPH5_YEAST
./crux_output/comet_9910_3_2	-0.353164	0.821293	0.867305	F.ASASIPPNRSSTR.V	AGAP012977-RA_2+	CUFF.5848.1_2+
./crux_output/comet_9539_3_2	-0.354085	0.821293	0.867305	L.DSGSSSCGDGECER.K	CUFF.5226.11_3+	CUFF.5226.12_3+	CUFF.5226.16_2+	CUFF.5226.1_2+	CUFF.5226.13_2+	AGAP003546-RA_3+	AGAP003546-RC_3+	CUFF.5226.10_2+	CUFF.5226.6_3+	CUFF.5226.3_3+
./crux_output/comet_9978_2_1	-0.354610	0.821293	0.867305	Q.ISMILFR.S	CUFF.3480.2_3+	CUFF.3480.1_3+
./crux_output/comet_4717_4_3	-0.355821	0.821293	0.867305	V.DCLWCGASSGCCFPHSKR.A	CUFF.8548.1_1+	AGAP011650-RA_2+
./crux_output/comet_6944_3_2	-0.363265	0.821293	0.867305	Y.QYTGVTQGVDR.L	CUFF.2916.1_1+	CUFF.2916.2_2+
./crux_output/comet_7206_3_1	-0.368356	0.821293	0.867305	R.DEEDSENSTGE.R	CUFF.7599.1_2+
./crux_output/comet_5955_2_2	-0.384351	0.821293	0.867305	F.LNSHQQASCYER.S	AGAP006711-RA_3+
./crux_output/comet_9125_2_1	-0.387368	0.821293	0.867305	K.VYACVCACACLVW.C	CUFF.5242.7_2+	CUFF.5242.2_2+	CUFF.5242.8_2+
./crux_output/comet_4391_2_2	-0.389302	0.821293	0.867305	T.ICCCTTPR.G	CUFF.16500.2_2+	CUFF.16500.1_1+	AGAP000614-RA_2+
./crux_output/comet_5273_2_1	-0.395818	0.821293	0.867305	R.SVMIEDPTAN.S	AGAP000659-PA	CUFF.16609.2_2+	AGAP000659-RA_1+	CUFF.16609.1_2+
./crux_output/comet_6474_3_2	-0.402012	0.821429	0.867305	R.EMFSFVLNSPP.X	CUFF.11706.1_1+
./crux_output/comet_8818_2_1	-0.411416	0.821429	0.867305	K.VELYCIDP.V	CUFF.7258.3_1+	CUFF.7258.2_1+	CUFF.7258.1_2+
./crux_output/comet_5375_2_5	-0.417152	0.821429	0.867305	K.QHWTSGW.I	AGAP006115-RA_3+	AGAP006115-RB_3+	CUFF.1658.12_2+	CUFF.1658.9_2+	CUFF.1658.1_3+	CUFF.1658.3_1+	CUFF.1658.2_1+	CUFF.1658.5_3+	CUFF.1658.4_2+	CUFF.1658.6_3+	CUFF.1658.14_3+	CUFF.1658.11_2+	CUFF.1658.10_1+
./crux_output/comet_8124_2_1	-0.427799	0.821429	0.867305	N.QSVAMKGK.G	AGAP002474-PA	ACOM036937-PA	AGAP002474-RA_1+
./crux_output/comet_9924_2_1	-0.431255	0.821429	0.867305	R.KCTHTHTWVS.S	CUFF.4074.2_2+	CUFF.4074.3_2+	CUFF.4074.1_2+
./crux_output/comet_6859_2_1	-0.434740	0.821429	0.867305	S.TDSCALLK.E	CUFF.16395.1_3+	CUFF.16395.2_1+
./crux_output/comet_888_3_2	-0.436396	0.821429	0.867305	K.NNQCFCDDM.I	CUFF.12165.1_2+
./crux_output/comet_5274_3_1	-0.444731	0.821429	0.867305	K.YEDAIDYWTDVDATV.D	sp|P38340|NTM1_YEAST
./crux_output/comet_6459_2_2	-0.446660	0.821429	0.867305	R.AGSVGGPSHVSL.S	AGAP007573-PA	AGAP007573-RA_1+	CUFF.2832.4_3+	CUFF.2832.5_3+	CUFF.2832.2_3+	CUFF.2832.3_3+	CUFF.2832.1_3+
./crux_output/comet_7054_3_1	-0.448971	0.821429	0.867305	N.QLTTCDFFLR.Y	AGAP007722-RA_2+	CUFF.2960.2_2+	CUFF.2960.3_1+	CUFF.2960.1_1+	CUFF.2960.4_3+
./crux_output/comet_4335_3_3	-0.451032	0.821429	0.867305	A.QPIDPKRGGGAGR.L	ACOM026479-PA
./crux_output/comet_5030_2_1	-0.458878	0.821429	0.867305	R.DASCTSCSMIMDD.V	TCONS_00004580_3+
./crux_output/comet_9412_3_3	-0.470773	0.821596	0.936508	D.PVYGGQDEAAKR.X	CUFF.12104.2_1+	CUFF.12104.1_3+	AGAP010198-RA_2+
./crux_output/comet_4535_2_1	-0.494986	0.825722	0.936508	-.RSVHYQTR.P	CUFF.10867.1_2+
./crux_output/comet_6612_3_3	-0.499241	0.825722	0.936508	R.YDWAAANEREEIF.Q	CUFF.2926.5_1+	AGAP007605-RA_3+	CUFF.2926.8_3+	CUFF.2926.1_3+	CUFF.2926.2_1+	CUFF.2926.3_1+	CUFF.2926.4_3+	CUFF.2926.6_2+	CUFF.2926.7_1+
./crux_output/comet_5828_2_3	-0.501783	0.825722	0.936508	R.KGFICFCCW.F	CUFF.3224.1_1+
./crux_output/comet_7508_3_1	-0.511793	0.825722	0.936508	R.LLIIHGLIDENVHFH.H	AGAP003138-PA	ACOM035576-PA	AGAP003138-RA_1+	CUFF.4789.1_3+
./crux_output/comet_9676_2_1	-0.527777	0.825722	0.936508	R.KTFLAPRS.W	TCONS_00011500_3+
./crux_output/comet_5235_2_1	-0.531021	0.825722	0.936508	R.KESFVVW.R	CUFF.11560.1_1+	CUFF.11560.3_2+	CUFF.11560.4_3+	CUFF.11560.2_3+
./crux_output/comet_7748_2_1	-0.534660	0.825722	0.936508	K.NTVWSDDSRN.I	CUFF.8696.1_1+	CUFF.8696.2_2+	CUFF.8696.3_3+	CUFF.8696.4_3+	CUFF.8696.5_1+
./crux_output/comet_4260_3_2	-0.535592	0.825722	0.936508	R.NWETSSPALVSV.C	CUFF.11299.2_2+	CUFF.11299.6_3+
./crux_output/comet_7080_4_2	-0.540788	0.826816	0.936508	I.TLQNLEIFSNSFDGSDK.G	sp|Q03834|MSH6_YEAST
./crux_output/comet_5168_2_1	-0.541332	0.826977	0.936508	R.QTNIGKY.T	CUFF.17526.1_1+	CUFF.17526.2_1+
./crux_output/comet_8668_2_2	-0.550080	0.827862	0.936508	I.FGTKIIK.Q	AGAP009135-RA_3+	CUFF.10746.1_1+
./crux_output/comet_7031_2_2	-0.565923	0.827862	0.936508	F.AQSMHNCGRR.Q	CUFF.7681.3_2+	CUFF.7681.5_1+	CUFF.7681.4_1+	CUFF.7681.7_1+	CUFF.7681.6_3+	CUFF.7681.8_2+
./crux_output/comet_10642_2_3	-0.587560	0.827862	0.936508	R.TEIMNFGDGPTIA.L	AGAP009008-PA	ACOM040453-PA	CUFF.10557.1_1+	AGAP009008-RA_1+
./crux_output/comet_7714_3_2	-0.594771	0.827862	0.936508	Q.THVADCGPDRSGCDHECR.M	ACOM031203-PA
./crux_output/comet_7008_3_2	-0.599679	0.827862	0.936508	I.KPPPLQSSCCK.A	AGAP007377-PA	AGAP007377-PB	ACOM025630-PA	AGAP007377-RA_1+	CUFF.2735.2_1+	CUFF.2735.3_1+	CUFF.2735.1_1+	CUFF.2735.6_1+	CUFF.2735.7_3+	CUFF.2735.4_3+	CUFF.2735.5_3+	CUFF.2735.8_1+
./crux_output/comet_8609_3_1	-0.605446	0.827862	0.936508	E.PEMALDPDKER.I	AGAP006728-PA	ACOM023350-PA	AGAP006728-RA_1+	CUFF.2184.2_2+
./crux_output/comet_7377_2_1	-0.608478	0.827862	0.936508	G.QNATRDTHR.I	AGAP012971-RA_3+
./crux_output/comet_886_2_2	-0.615265	0.827862	0.936508	K.RFGCSHIDA.A	AGAP003315-PA	ACOM035857-PA	AGAP003315-RA_2+
./crux_output/comet_6403_3_2	-0.620672	0.827862	0.936508	F.QSVGGCVICKTER.I	CUFF.5777.8_1+
./crux_output/comet_10091_2_1	-0.640104	0.827862	0.936508	R.QWPAPRED.R	AGAP002613-RA_2+
./crux_output/comet_8273_2_3	-0.642971	0.827862	0.936508	X.QEAVLIYLK.N	CUFF.5920.1_1+
./crux_output/comet_7403_2_5	-0.666665	0.827862	0.936508	P.ESSSSDTYTK.A	AGAP001979-PA	AGAP001979-RA_1+	CUFF.3818.1_1+	CUFF.3818.3_1+	CUFF.3818.2_1+
./crux_output/comet_7569_3_2	-0.671829	0.827862	0.936508	K.SPVNIIDLAATLS.F	AGAP008202-PA	ACOM030362-PA	CUFF.9781.2_2+	CUFF.9781.3_3+	CUFF.9781.1_3+	CUFF.9781.5_3+	AGAP008202-RA_1+
./crux_output/comet_9785_2_5	-0.674877	0.827862	0.936508	R.ALSFTAVLV.D	AGAP001899-PA	ACOM023688-PA	AGAP001899-RA_1+
./crux_output/comet_4583_2_1	-0.675044	0.827862	0.936508	R.SWCTCSTW.W	CUFF.4000.3_3+	CUFF.4000.2_2+	CUFF.4000.1_2+	CUFF.4000.4_2+	AGAP002215-RA_2+
./crux_output/comet_7617_2_3	-0.677182	0.827862	0.936508	R.LCCSDPTNEITPG.X	CUFF.10226.1_3+	AGAP008657-RA_3+
./crux_output/comet_9205_2_1	-0.682873	0.827862	0.936508	K.CDSENDCGDGSD.E	AGAP000331-PA	AGAP000331-PB	ACOM038717-PA	CUFF.16256.1_1+	CUFF.16256.2_1+	CUFF.16256.3_3+	CUFF.16256.4_2+	AGAP000331-RA_1+
./crux_output/comet_6635_2_1	-0.684954	0.827862	0.936508	P.RPAPGSVGGK.F	CUFF.8854.1_3+
./crux_output/comet_6833_2_2	-0.695977	0.827862	0.936508	R.FGEIIVTGRE.T	AGAP000167-RA_1+
./crux_output/comet_5965_4_1	-0.705900	0.827862	0.936508	D.NGGQPPFCCTNGGVGFSCTGK.T	ACOM024897-PA
./crux_output/comet_8509_2_1	-0.718716	0.827862	0.936508	R.KFGGSGDAGDS.G	AGAP005114-PB	CUFF.806.3_1+	AGAP005114-RB_1+
./crux_output/comet_4879_3_5	-0.727870	0.827862	0.936508	L.QPPPAPHLCER.Y	AGAP010028-RA_2+
./crux_output/comet_7666_2_1	-0.730149	0.827862	0.936508	R.EMFCCCY.C	CUFF.16881.1_3+	CUFF.16881.2_3+
./crux_output/comet_9936_3_2	-0.736006	0.827862	0.936508	N.DDDDEDEVAEAEPR.S	AGAP000520-PA	AGAP000520-RA_1+	CUFF.16437.1_2+
./crux_output/comet_4624_2_1	-0.743005	0.827862	0.936508	R.SGYTGDNCDV.T	AGAP002739-PA	ACOM036434-PA	CUFF.4542.1_3+	CUFF.4542.2_2+	AGAP002739-RA_1+
./crux_output/comet_7675_3_1	-0.757175	0.827862	0.936508	K.DEYNICEEDEFSDEGGAGT.A	AGAP029809-PA	ACOM025709-PA	AGAP007488-RA_1+	CUFF.2805.1_3+
./crux_output/comet_10223_2_3	-0.770952	0.827862	0.936508	K.LHNFPAGAAT.A	CUFF.2837.4_3+	CUFF.2837.3_1+	CUFF.2837.2_1+	CUFF.2837.1_2+
./crux_output/comet_7891_2_1	-0.775201	0.827862	0.936508	R.SYSSVNLL.F	CUFF.6070.1_1+
./crux_output/comet_8288_2_1	-0.777735	0.827862	0.936508	A.TVTSTGRTR.R	AGAP001732-RA_2+
./crux_output/comet_6641_2_2	-0.781822	0.827862	0.936508	A.HISLLGER.E	TCONS_00033576_1+	TCONS_00039132_1+	TCONS_00034524_2+	TCONS_00032101_3+	TCONS_00000045_3+	TCONS_00039130_2+	TCONS_00039131_3+	TCONS_00028309_3+	TCONS_00034111_3+	TCONS_00034894_2+	TCONS_00034037_3+	TCONS_00033597_1+	TCONS_00034507_2+	TCONS_00014890_2+
./crux_output/comet_5688_2_3	-0.783203	0.827862	0.936508	K.KVFLKLNL.L	sp|Q06648|GIC2_YEAST
./crux_output/comet_8726_2_4	-0.784166	0.827862	0.936508	R.VVKSGSCPLP.C	CUFF.2281.6_3+	CUFF.2281.1_3+
./crux_output/comet_6044_2_1	-0.798653	0.827862	0.936508	N.QVTYTSSTK.K	CUFF.6745.3_2+	CUFF.6745.2_2+	CUFF.6745.4_2+
./crux_output/comet_5908_3_3	-0.803280	0.827862	0.936508	X.DICIPLCNKR.S	CUFF.6089.1_1+	CUFF.6089.3_3+	CUFF.6089.4_3+	CUFF.6089.5_3+	CUFF.6089.6_1+	CUFF.6089.7_2+	CUFF.6089.2_1+
./crux_output/comet_7630_2_5	-0.812557	0.827862	0.936508	R.DCQCVSAGADAW.R	CUFF.4126.2_3+	CUFF.4126.3_3+	CUFF.4126.1_1+	AGAP002397-RA_3+
./crux_output/comet_9536_2_2	-0.816407	0.827862	0.936508	R.ATTRARAK.R	CUFF.10018.7_3+	CUFF.10018.4_3+	CUFF.10018.2_3+
./crux_output/comet_9276_2_2	-0.832836	0.827862	0.936508	R.FGVYVCAC.E	CUFF.5242.7_3+	CUFF.5242.2_3+	CUFF.5242.8_3+
./crux_output/comet_9554_2_3	-0.837964	0.827862	0.936508	R.GQQKATGK.R	CUFF.10109.1_1+
./crux_output/comet_10531_3_1	-0.846106	0.827862	0.936508	R.RWTYSGKCST.T	AGAP001949-RA_3+
./crux_output/comet_7959_3_1	-0.861182	0.827862	0.936508	S.SSSSSCAATASSAAAAAASCWK.Q	CUFF.2907.7_3+	CUFF.2907.4_3+	CUFF.2907.6_1+	CUFF.2907.5_1+	CUFF.2907.9_3+	CUFF.2907.20_3+	CUFF.2907.15_1+	CUFF.2907.18_3+	CUFF.2907.13_3+	CUFF.2907.11_3+	CUFF.2907.10_3+	CUFF.2907.17_3+	CUFF.2907.16_3+	CUFF.2907.14_1+
./crux_output/comet_9799_2_5	-0.882229	0.827862	0.936508	R.TLLEETGFG.X	CUFF.4109.1_1+
./crux_output/comet_7339_3_1	-0.891873	0.827862	0.936508	R.MCVCVCERFSVN.R	CUFF.8654.2_3+
./crux_output/comet_6499_2_1	-0.899874	0.827862	0.936508	T.VSCAAGASSK.R	AGAP011120-RA_2+	CUFF.7898.5_1+	CUFF.7898.1_1+	CUFF.7898.3_1+	CUFF.7898.2_1+
./crux_output/comet_9661_2_2	-0.940029	0.827862	0.936508	K.LKPISTCASC.L	CUFF.10893.3_3+
./crux_output/comet_6813_2_3	-0.942025	0.827862	0.936508	F.LMSADHMVR.S	CUFF.4374.1_3+	CUFF.4374.3_1+	CUFF.4374.2_3+	CUFF.4374.4_1+
./crux_output/comet_5964_2_1	-0.947244	0.827862	0.936508	R.LPSCATCSSA.R	CUFF.11222.1_1+
./crux_output/comet_8712_3_1	-0.971458	0.827862	0.936508	R.RVCGTDGLGCDNHANG.G	AGAP006019-RA_3+
./crux_output/comet_9099_2_1	-0.974961	0.827862	0.936508	R.ATSPSTAPAD.X	CUFF.8384.4_3+	CUFF.8384.1_2+	CUFF.8384.2_3+	CUFF.8384.3_2+	AGAP011528-RA_2+
./crux_output/comet_10289_2_2	-0.984852	0.827862	0.936508	K.QTNDGFVITA.T	AGAP007388-PA	ACOM025653-PA	CUFF.2708.2_1+	CUFF.2708.1_1+	AGAP007388-RA_1+
./crux_output/comet_7476_2_4	-0.993739	0.827862	0.936508	T.ETVNGQEQGK.R	CUFF.5884.1_1+	CUFF.5884.2_2+
./crux_output/comet_9591_3_1	-0.996607	0.827862	0.936508	C.GAAAVAAARKSISIK.D	CUFF.8586.9_1+	CUFF.8586.2_1+	CUFF.8586.4_3+	CUFF.8586.12_3+	CUFF.8586.13_3+	CUFF.8586.10_1+	CUFF.8586.11_1+
./crux_output/comet_7437_2_1	-1.006659	0.827862	0.936508	I.IIIMKIIILIIIIK.I	CUFF.16235.5_1+	CUFF.16235.4_2+	CUFF.16235.7_1+	CUFF.16235.6_2+	CUFF.16235.1_3+	CUFF.16235.3_2+	CUFF.16235.2_2+
./crux_output/comet_7741_2_3	-1.073804	0.828901	1.000000	R.WVLIRTHE.L	sp|P40309|KHA1_YEAST
./crux_output/comet_5804_2_5	-1.113528	0.830106	1.000000	R.CYVMVICE.Q	AGAP001700-PA	ACOM034550-PA	AGAP001700-RA_1+	CUFF.3448.1_1+
./crux_output/comet_4553_3_1	-1.132561	0.830106	1.000000	S.DDDDDDEEFDK.I	sp|Q05468|RQC1_YEAST
./crux_output/comet_5792_2_1	-1.133074	0.830106	1.000000	R.RLSLGVVS.F	AGAP001454-PA	ACOM034166-PA	AGAP001454-RA_3+
./crux_output/comet_7398_2_2	-1.134154	0.830106	1.000000	R.CCCCCCCGST.T	CUFF.15954.3_2+
./crux_output/comet_4700_3_1	-1.170568	0.830106	1.000000	N.GDQEKNGDADEAEDEEAAHR.T	ACOM040000-PA
./crux_output/comet_8212_3_3	-1.211763	0.830106	1.000000	N.MDDSEDYDDNAYESETEFER.Q	sp|Q99271|NAH1_YEAST
./crux_output/comet_9512_3_3	-1.253752	0.830106	1.000000	Q.QQADGDDDDDDSDR.N	ACOM036390-PA
./crux_output/comet_5974_2_1	-1.257628	0.830106	1.000000	K.ATDLGHGGTGT.V	CUFF.16611.1_3+	AGAP000671-RA_3+
./crux_output/comet_7328_2_5	-1.506982	0.834065	1.000000	K.AECMDQW.S	AGAP001244-PA	ACOM033849-PA	AGAP001244-RA_1+
./crux_output/comet_5848_2_3	-1.526276	0.834065	1.000000	K.TGTDFRTGI.R	TCONS_00004004_2+	TCONS_00004005_2+	TCONS_00004002_3+	TCONS_00004003_1+	TCONS_00033553_2+
./crux_output/comet_5870_2_1	-1.575701	0.834065	1.000000	K.KNSVFNPV.C	CUFF.9897.1_1+
./crux_output/comet_9322_2_2	-1.655825	0.834356	1.000000	Q.SPFVTRR.V	CUFF.1012.1_1+	AGAP002906-RA_2+
./crux_output/comet_5443_3_2	-1.716152	0.834356	1.000000	W.PKLRPEILPSLR.C	AGAP008883-RA_1+
./crux_output/comet_5014_3_5	-2.000197	0.834646	1.000000	R.DDGDNDDGEPHNADG.I	CUFF.11983.1_2+	CUFF.11983.2_2+	CUFF.13982.2_2+	CUFF.13982.1_2+
./crux_output/comet_8125_3_2	-2.004010	0.834646	1.000000	R.DDEEDDEEEEE.E	AGAP000727-PA	AGAP000727-RA_1+	CUFF.16747.9_3+	CUFF.16747.3_1+	CUFF.16747.2_3+	CUFF.16747.1_2+	CUFF.16747.7_3+	CUFF.16747.6_1+	CUFF.16747.5_1+	CUFF.16747.4_3+
